ticker,ts,side,price,pnl
KXBTC-26AUG0100-B62850,1785555760979,buy,0.22,-0.22
KXBTC-26AUG0100-B62850,1785555936137,buy,0.12,-0.12
KXBTC-26AUG0100-B62850,1785556041073,sell,0.1,0.1
KXBTC-26AUG0100-B62850,1785556076020,buy,0.11,-0.11
KXBTC-26AUG0100-B62850,1785556146213,sell,0.09,0.09
KXBTC-26AUG0100-B62850,1785556181139,sell,0.16,0.16
KXBTC-26AUG0100-B62850,1785556216378,buy,0.17,-0.17
KXBTC-26AUG0100-B62850,1785556425478,buy,0.03,-0.03
KXBTC-26AUG0100-B62850,1785556495625,sell,0.02,0.02
KXBTC-26AUG0100-B62950,1785554466287,sell,0.59,-0.41000000000000003
KXBTC-26AUG0100-B62950,1785554571033,buy,0.6,0.4
KXBTC-26AUG0100-B62950,1785554606001,buy,0.52,0.48
KXBTC-26AUG0100-B62950,1785554815986,sell,0.49,-0.51
KXBTC-26AUG0100-B62950,1785554851071,sell,0.56,-0.43999999999999995
KXBTC-26AUG0100-B62950,1785554886111,sell,0.6,-0.4
KXBTC-26AUG0100-B62950,1785555025782,buy,0.66,0.33999999999999997
KXBTC-26AUG0100-B62950,1785555305985,buy,0.64,0.36
KXBTC-26AUG0100-B62950,1785555375768,sell,0.63,-0.37
KXBTC-26AUG0100-B62950,1785555970046,sell,0.8,-0.19999999999999996
KXBTC-26AUG0100-B62950,1785556040042,buy,0.83,0.17000000000000004
KXBTC-26AUG0100-B62950,1785556109991,sell,0.83,-0.17000000000000004
KXBTC-26AUG0100-B62950,1785556145130,buy,0.84,0.16000000000000003
KXBTC-26AUG0100-B62950,1785556180077,buy,0.8,0.19999999999999996
KXBTC-26AUG0100-B62950,1785556215316,sell,0.77,-0.22999999999999998
KXBTC-26AUG0100-B62950,1785556250037,sell,0.85,-0.15000000000000002
KXBTC-26AUG0100-B62950,1785556354954,sell,0.9,-0.09999999999999998
KXBTC-26AUG0100-B62950,1785556600179,sell,0.96,-0.040000000000000036
KXBTC-26AUG0100-B63050,1785555026681,sell,0.18,0.18
KXBTC-26AUG0100-B63050,1785555306867,buy,0.18,-0.18
KXBTC-26AUG0100-B63050,1785555341642,sell,0.1,0.1
KXBTC-26AUG0100-B63050,1785555551678,sell,0.13,0.13
KXBTC-26AUG0100-B63050,1785556181007,buy,0.04,-0.04
KXBTC-26AUG0100-B63050,1785556216228,sell,0.03,0.03
KXBTC-26AUG0101-B62950,1785558002010,buy,0.62,-0.62
KXBTC-26AUG0101-B62950,1785558140842,buy,0.6,-0.6
KXBTC-26AUG0101-B62950,1785558421122,sell,0.54,0.54
KXBTC-26AUG0101-B62950,1785558666152,buy,0.56,-0.56
KXBTC-26AUG0101-B62950,1785558735776,sell,0.54,0.54
KXBTC-26AUG0101-B62950,1785558805782,buy,0.6,-0.6
KXBTC-26AUG0101-B62950,1785558875850,sell,0.59,0.59
KXBTC-26AUG0101-B62950,1785559225839,buy,0.61,-0.61
KXBTC-26AUG0101-B62950,1785559330967,buy,0.57,-0.57
KXBTC-26AUG0101-B62950,1785559400963,buy,0.46,-0.46
KXBTC-26AUG0101-B62950,1785559610727,buy,0.44,-0.44
KXBTC-26AUG0101-B62950,1785559715804,sell,0.41,0.41
KXBTC-26AUG0101-B62950,1785559750750,buy,0.52,-0.52
KXBTC-26AUG0101-B63050,1785559436149,sell,0.49,-0.51
KXBTC-26AUG0101-B63050,1785559471150,buy,0.53,0.47
KXBTC-26AUG0101-B63050,1785559611054,sell,0.52,-0.48
KXBTC-26AUG0101-B63050,1785559716100,buy,0.54,0.45999999999999996
KXBTC-26AUG0101-B63050,1785559751044,sell,0.41,-0.5900000000000001
KXBTC-26AUG0101-B63050,1785559786010,sell,0.6,-0.4
KXBTC-26AUG0101-B63050,1785559821660,buy,0.76,0.24
KXBTC-26AUG0101-B63050,1785559856107,sell,0.73,-0.27
KXBTC-26AUG0101-B63050,1785559925919,sell,0.79,-0.20999999999999996
KXBTC-26AUG0101-B63050,1785560029968,sell,0.9,-0.09999999999999998
KXBTC-26AUG0102-B62950,1785562166090,buy,0.24,0.76
KXBTC-26AUG0102-B62950,1785562411228,buy,0.13,0.87
KXBTC-26AUG0102-B62950,1785562690283,buy,0.15,0.85
KXBTC-26AUG0102-B62950,1785562795326,sell,0.18,-0.8200000000000001
KXBTC-26AUG0102-B62950,1785562830352,buy,0.67,0.32999999999999996
KXBTC-26AUG0102-B62950,1785562865616,sell,0.66,-0.33999999999999997
KXBTC-26AUG0102-B62950,1785563040534,sell,0.72,-0.28
KXBTC-26AUG0102-B62950,1785563250009,sell,0.8,-0.19999999999999996
KXBTC-26AUG0102-B62950,1785563530022,buy,0.87,0.13
KXBTC-26AUG0102-B62950,1785563879830,sell,0.92,-0.07999999999999996
KXBTC-26AUG0102-B62950,1785563949944,sell,0.97,-0.030000000000000027
KXBTC-26AUG0102-B63050,1785560696709,sell,0.48,0.48
KXBTC-26AUG0102-B63050,1785561256695,sell,0.52,0.52
KXBTC-26AUG0102-B63050,1785561465406,buy,0.57,-0.57
KXBTC-26AUG0102-B63050,1785561500533,sell,0.51,0.51
KXBTC-26AUG0102-B63050,1785561885576,sell,0.59,0.59
KXBTC-26AUG0102-B63050,1785562165059,sell,0.64,0.64
KXBTC-26AUG0102-B63050,1785562270166,sell,0.7,0.7
KXBTC-26AUG0102-B63050,1785562305103,buy,0.71,-0.71
KXBTC-26AUG0102-B63050,1785562794726,buy,0.69,-0.69
KXBTC-26AUG0102-B63050,1785562829783,sell,0.21,0.21
KXBTC-26AUG0102-B63050,1785562865031,buy,0.26,-0.26
KXBTC-26AUG0102-B63050,1785563879692,buy,0.06,-0.06
KXBTC-26AUG0102-B63150,1785562830494,buy,0.05,-0.05
KXBTC-26AUG0103-B62950,1785565211016,buy,0.58,-0.58
KXBTC-26AUG0103-B62950,1785565245985,buy,0.54,-0.54
KXBTC-26AUG0103-B62950,1785565350821,sell,0.37,0.37
KXBTC-26AUG0103-B62950,1785565385842,buy,0.38,-0.38
KXBTC-26AUG0103-B62950,1785565525908,buy,0.38,-0.38
KXBTC-26AUG0103-B62950,1785565588272,buy,0.33,-0.33
KXBTC-26AUG0103-B62950,1785565623226,sell,0.27,0.27
KXBTC-26AUG0103-B62950,1785565798160,sell,0.33,0.33
KXBTC-26AUG0103-B62950,1785565903198,sell,0.34,0.34
KXBTC-26AUG0103-B62950,1785565973264,buy,0.44,-0.44
KXBTC-26AUG0103-B62950,1785566121862,buy,0.43,-0.43
KXBTC-26AUG0103-B62950,1785566191633,buy,0.39,-0.39
KXBTC-26AUG0103-B62950,1785566471661,buy,0.28,-0.28
KXBTC-26AUG0103-B62950,1785566506495,sell,0.26,0.26
KXBTC-26AUG0103-B62950,1785566716825,sell,0.32,0.32
KXBTC-26AUG0103-B62950,1785566752529,buy,0.46,-0.46
KXBTC-26AUG0103-B62950,1785566926397,buy,0.26,-0.26
KXBTC-26AUG0103-B63050,1785565624101,buy,0.58,0.42000000000000004
KXBTC-26AUG0103-B63050,1785565799033,buy,0.55,0.44999999999999996
KXBTC-26AUG0103-B63050,1785565834239,sell,0.54,-0.45999999999999996
KXBTC-26AUG0103-B63050,1785565904065,buy,0.53,0.47
KXBTC-26AUG0103-B63050,1785566012213,buy,0.49,0.51
KXBTC-26AUG0103-B63050,1785566227146,sell,0.5,-0.5
KXBTC-26AUG0103-B63050,1785566472267,sell,0.61,-0.39
KXBTC-26AUG0103-B63050,1785566717436,buy,0.62,0.38
KXBTC-26AUG0103-B63050,1785566753155,sell,0.45,-0.55
KXBTC-26AUG0103-B63050,1785566926881,sell,0.66,-0.33999999999999997
KXBTC-26AUG0103-B63050,1785566996804,sell,0.72,-0.28
KXBTC-26AUG0103-B63050,1785567032004,sell,0.74,-0.26
KXBTC-26AUG0103-B63050,1785567486601,sell,0.94,-0.06000000000000005
KXBTC-26AUG0104-B62950,1785568678310,sell,0.18,-0.8200000000000001
KXBTC-26AUG0104-B62950,1785568713564,sell,0.29,-0.71
KXBTC-26AUG0104-B62950,1785570007867,sell,0.35,-0.65
KXBTC-26AUG0104-B62950,1785570042548,sell,0.65,-0.35
KXBTC-26AUG0104-B62950,1785570147551,buy,0.6,0.4
KXBTC-26AUG0104-B62950,1785570182514,sell,0.57,-0.43000000000000005
KXBTC-26AUG0104-B62950,1785570427559,buy,0.66,0.33999999999999997
KXBTC-26AUG0104-B62950,1785570497501,buy,0.63,0.37
KXBTC-26AUG0104-B62950,1785570532472,sell,0.59,-0.41000000000000003
KXBTC-26AUG0104-B62950,1785570707259,buy,0.7,0.30000000000000004
KXBTC-26AUG0104-B62950,1785570847280,buy,0.64,0.36
KXBTC-26AUG0104-B62950,1785570882108,sell,0.63,-0.37
KXBTC-26AUG0104-B62950,1785570917287,buy,0.65,0.35
KXBTC-26AUG0104-B62950,1785570952090,sell,0.54,-0.45999999999999996
KXBTC-26AUG0104-B62950,1785570987126,sell,0.69,-0.31000000000000005
KXBTC-26AUG0104-B62950,1785571057171,sell,0.8,-0.19999999999999996
KXBTC-26AUG0104-B62950,1785571127015,sell,0.87,-0.13
KXBTC-26AUG0104-B63050,1785568818001,sell,0.53,0.53
KXBTC-26AUG0104-B63050,1785568887773,sell,0.56,0.56
KXBTC-26AUG0104-B63050,1785569307797,buy,0.6,-0.6
KXBTC-26AUG0104-B63050,1785569343231,sell,0.54,0.54
KXBTC-26AUG0104-B63050,1785569447527,buy,0.58,-0.58
KXBTC-26AUG0104-B63050,1785569553611,buy,0.53,-0.53
KXBTC-26AUG0104-B63050,1785569587385,buy,0.31,-0.31
KXBTC-26AUG0104-B63050,1785569622225,sell,0.27,0.27
KXBTC-26AUG0104-B63050,1785569657430,buy,0.37,-0.37
KXBTC-26AUG0104-B63050,1785569972268,sell,0.26,0.26
KXBTC-26AUG0104-B63050,1785570076648,sell,0.27,0.27
KXBTC-26AUG0104-B63050,1785570146684,sell,0.36,0.36
KXBTC-26AUG0104-B63050,1785570426737,sell,0.31,0.31
KXBTC-26AUG0104-B63050,1785570531612,buy,0.37,-0.37
KXBTC-26AUG0104-B63050,1785570706817,sell,0.27,0.27
KXBTC-26AUG0104-B63050,1785570916859,sell,0.33,0.33
KXBTC-26AUG0104-B63050,1785570951643,buy,0.41,-0.41
KXBTC-26AUG0104-B63050,1785570986680,buy,0.32,-0.32
KXBTC-26AUG0104-B63050,1785571056737,buy,0.16,-0.16
KXBTC-26AUG0104-B63050,1785571091651,sell,0.12,0.12
KXBTC-26AUG0104-B63150,1785569307493,buy,0.06,-0.06
KXBTC-26AUG0104-B63150,1785569587250,buy,0.04,-0.04
KXBTC-26AUG0105-B62950,1785574172403,buy,0.05,-0.05
KXBTC-26AUG0105-B63050,1785571933155,sell,0.63,-0.37
KXBTC-26AUG0105-B63050,1785573122201,sell,0.75,-0.25
KXBTC-26AUG0105-B63050,1785573226768,buy,0.79,0.20999999999999996
KXBTC-26AUG0105-B63050,1785573611628,sell,0.8,-0.19999999999999996
KXBTC-26AUG0105-B63050,1785573681685,sell,0.82,-0.18000000000000005
KXBTC-26AUG0105-B63050,1785573786643,sell,0.85,-0.15000000000000002
KXBTC-26AUG0105-B63050,1785574171556,sell,0.9,-0.09999999999999998
KXBTC-26AUG0105-B63050,1785574346596,buy,0.96,0.040000000000000036
KXBTC-26AUG0105-B63050,1785574381726,buy,0.94,0.06000000000000005
KXBTC-26AUG0105-B63050,1785574451706,buy,0.92,0.07999999999999996
KXBTC-26AUG0105-B63050,1785574731703,sell,0.87,-0.13
KXBTC-26AUG0105-B63050,1785574766595,sell,0.95,-0.050000000000000044
KXBTC-26AUG0105-B63150,1785574348026,sell,0.03,0.03
KXBTC-26AUG0105-B63150,1785574732913,buy,0.14,-0.14
KXBTC-26AUG0106-B62950,1785575083106,buy,0.12,-0.12
KXBTC-26AUG0106-B62950,1785575888058,sell,0.09,0.09
KXBTC-26AUG0106-B62950,1785575993223,buy,0.11,-0.11
KXBTC-26AUG0106-B62950,1785576482863,buy,0.1,-0.1
KXBTC-26AUG0106-B62950,1785577706739,sell,0.04,0.04
KXBTC-26AUG0106-B62950,1785577776809,sell,0.07,0.07
KXBTC-26AUG0106-B62950,1785577881901,buy,0.15,-0.15
KXBTC-26AUG0106-B62950,1785577951741,sell,0.09,0.09
KXBTC-26AUG0106-B62950,1785578091782,sell,0.26,0.26
KXBTC-26AUG0106-B62950,1785578161854,buy,0.45,-0.45
KXBTC-26AUG0106-B62950,1785578231719,buy,0.39,-0.39
KXBTC-26AUG0106-B62950,1785578301739,buy,0.08,-0.08
KXBTC-26AUG0106-B62950,1785578336669,sell,0.06,0.06
KXBTC-26AUG0106-B62950,1785578371791,buy,0.36,-0.36
KXBTC-26AUG0106-B63050,1785576658098,sell,0.76,-0.24
KXBTC-26AUG0106-B63050,1785577006804,sell,0.8,-0.19999999999999996
KXBTC-26AUG0106-B63050,1785577076913,sell,0.82,-0.18000000000000005
KXBTC-26AUG0106-B63050,1785577252120,sell,0.85,-0.15000000000000002
KXBTC-26AUG0106-B63050,1785577776952,buy,0.92,0.07999999999999996
KXBTC-26AUG0106-B63050,1785577882048,sell,0.83,-0.17000000000000004
KXBTC-26AUG0106-B63050,1785577951886,buy,0.89,0.10999999999999999
KXBTC-26AUG0106-B63050,1785578022053,buy,0.76,0.24
KXBTC-26AUG0106-B63050,1785578091929,buy,0.71,0.29000000000000004
KXBTC-26AUG0106-B63050,1785578162007,sell,0.54,-0.45999999999999996
KXBTC-26AUG0106-B63050,1785578231573,sell,0.63,-0.37
KXBTC-26AUG0106-B63050,1785578336527,buy,0.92,0.07999999999999996
KXBTC-26AUG0107-B62950,1785579492448,buy,0.58,0.42000000000000004
KXBTC-26AUG0107-B62950,1785579527305,buy,0.43,0.5700000000000001
KXBTC-26AUG0107-B62950,1785579597374,buy,0.4,0.6
KXBTC-26AUG0107-B62950,1785579702316,buy,0.38,0.62
KXBTC-26AUG0107-B62950,1785579842572,buy,0.34,0.6599999999999999
KXBTC-26AUG0107-B62950,1785579877441,sell,0.33,-0.6699999999999999
KXBTC-26AUG0107-B62950,1785579912469,sell,0.5,-0.5
KXBTC-26AUG0107-B62950,1785580227021,buy,0.51,0.49
KXBTC-26AUG0107-B62950,1785580436848,sell,0.5,-0.5
KXBTC-26AUG0107-B62950,1785580507277,sell,0.62,-0.38
KXBTC-26AUG0107-B62950,1785580576828,sell,0.64,-0.36
KXBTC-26AUG0107-B62950,1785580646782,sell,0.67,-0.32999999999999996
KXBTC-26AUG0107-B62950,1785580786687,buy,0.71,0.29000000000000004
KXBTC-26AUG0107-B62950,1785580961610,buy,0.66,0.33999999999999997
KXBTC-26AUG0107-B62950,1785580996728,buy,0.47,0.53
KXBTC-26AUG0107-B62950,1785581031569,buy,0.43,0.5700000000000001
KXBTC-26AUG0107-B62950,1785581066589,sell,0.26,-0.74
KXBTC-26AUG0107-B62950,1785581171842,sell,0.36,-0.64
KXBTC-26AUG0107-B62950,1785581241638,sell,0.39,-0.61
KXBTC-26AUG0107-B62950,1785581276727,sell,0.52,-0.48
KXBTC-26AUG0107-B62950,1785581381515,buy,0.67,0.32999999999999996
KXBTC-26AUG0107-B62950,1785581416619,sell,0.44,-0.56
KXBTC-26AUG0107-B62950,1785581731639,buy,0.58,0.42000000000000004
KXBTC-26AUG0107-B62950,1785581801624,sell,0.51,-0.49
KXBTC-26AUG0107-B62950,1785581976539,sell,0.76,-0.24
KXBTC-26AUG0107-B63050,1785580226705,sell,0.35,0.35
KXBTC-26AUG0107-B63050,1785580436524,buy,0.4,-0.4
KXBTC-26AUG0107-B63050,1785580646498,buy,0.27,-0.27
KXBTC-26AUG0107-B63050,1785580786539,sell,0.16,0.16
KXBTC-26AUG0107-B63050,1785580961463,sell,0.23,0.23
KXBTC-26AUG0107-B63050,1785580996583,sell,0.46,0.46
KXBTC-26AUG0107-B63050,1785581031432,sell,0.51,0.51
KXBTC-26AUG0107-B63050,1785581066448,buy,0.65,-0.65
KXBTC-26AUG0107-B63050,1785581241487,buy,0.56,-0.56
KXBTC-26AUG0107-B63050,1785581276578,buy,0.48,-0.48
KXBTC-26AUG0107-B63050,1785581381373,sell,0.33,0.33
KXBTC-26AUG0107-B63050,1785581416467,buy,0.53,-0.53
KXBTC-26AUG0107-B63050,1785581731508,sell,0.41,0.41
KXBTC-26AUG0107-B63050,1785581801476,buy,0.55,-0.55
KXBTC-26AUG0107-B63050,1785581976392,buy,0.23,-0.23
KXBTC-26AUG0108-B62950,1785583273005,buy,0.3,-0.3
KXBTC-26AUG0108-B62950,1785583377905,sell,0.27,0.27
KXBTC-26AUG0108-B62950,1785583413184,buy,0.3,-0.3
KXBTC-26AUG0108-B62950,1785583833033,buy,0.26,-0.26
KXBTC-26AUG0108-B62950,1785583867686,sell,0.17,0.17
KXBTC-26AUG0108-B62950,1785584007738,buy,0.22,-0.22
KXBTC-26AUG0108-B62950,1785584112831,sell,0.2,0.2
KXBTC-26AUG0108-B62950,1785584217672,buy,0.28,-0.28
KXBTC-26AUG0108-B62950,1785584252695,buy,0.26,-0.26
KXBTC-26AUG0108-B62950,1785584427778,sell,0.23,0.23
KXBTC-26AUG0108-B62950,1785584496505,buy,0.27,-0.27
KXBTC-26AUG0108-B62950,1785584566636,sell,0.27,0.27
KXBTC-26AUG0108-B62950,1785584636463,buy,0.32,-0.32
KXBTC-26AUG0108-B62950,1785584706660,buy,0.26,-0.26
KXBTC-26AUG0108-B62950,1785584916619,buy,0.23,-0.23
KXBTC-26AUG0108-B62950,1785585056492,sell,0.11,0.11
KXBTC-26AUG0108-B62950,1785585336531,buy,0.04,-0.04
KXBTC-26AUG0108-B63050,1785584567049,buy,0.64,0.36
KXBTC-26AUG0108-B63050,1785584637000,sell,0.6,-0.4
KXBTC-26AUG0108-B63050,1785584707151,sell,0.63,-0.37
KXBTC-26AUG0108-B63050,1785585022118,sell,0.78,-0.21999999999999997
KXBTC-26AUG0108-B63050,1785585056955,buy,0.84,0.16000000000000003
KXBTC-26AUG0108-B63050,1785585196703,sell,0.88,-0.12
KXBTC-26AUG0108-B63050,1785585336672,sell,0.94,-0.06000000000000005
KXBTC-26AUG0109-B62950,1785587402757,sell,0.14,0.14
KXBTC-26AUG0109-B62950,1785587716970,sell,0.14,0.14
KXBTC-26AUG0109-B62950,1785587926685,sell,0.19,0.19
KXBTC-26AUG0109-B62950,1785588066784,buy,0.13,-0.13
KXBTC-26AUG0109-B63050,1785587087135,sell,0.71,-0.29000000000000004
KXBTC-26AUG0109-B63050,1785587926542,buy,0.8,0.19999999999999996
KXBTC-26AUG0109-B63050,1785587996552,sell,0.77,-0.22999999999999998
KXBTC-26AUG0109-B63050,1785588066652,sell,0.82,-0.18000000000000005
KXBTC-26AUG0109-B63050,1785588276806,sell,0.83,-0.17000000000000004
KXBTC-26AUG0109-B63050,1785588312016,sell,0.85,-0.15000000000000002
KXBTC-26AUG0109-B63050,1785588486945,sell,0.88,-0.12
KXBTC-26AUG0109-B63150,1785586493225,buy,0.21,-0.21
KXBTC-26AUG0109-B63150,1785587717864,buy,0.07,-0.07
KXBTC-26AUG0109-B63150,1785587927595,buy,0.04,-0.04
KXBTC-26AUG0109-B63150,1785588067643,sell,0.04,0.04
KXBTC-26AUG0110-B63050,1785590131714,buy,0.67,0.32999999999999996
KXBTC-26AUG0110-B63050,1785590166640,sell,0.64,-0.36
KXBTC-26AUG0110-B63050,1785590201685,buy,0.66,0.33999999999999997
KXBTC-26AUG0110-B63050,1785590691474,sell,0.7,-0.30000000000000004
KXBTC-26AUG0110-B63050,1785590796526,sell,0.71,-0.29000000000000004
KXBTC-26AUG0110-B63050,1785591181641,sell,0.75,-0.25
KXBTC-26AUG0110-B63050,1785592021481,buy,0.8,0.19999999999999996
KXBTC-26AUG0110-B63050,1785592056528,sell,0.61,-0.39
KXBTC-26AUG0110-B63050,1785592161739,buy,0.55,0.44999999999999996
KXBTC-26AUG0110-B63050,1785592231635,sell,0.5,-0.5
KXBTC-26AUG0110-B63050,1785592336625,sell,0.51,-0.49
KXBTC-26AUG0110-B63050,1785592476773,sell,0.82,-0.18000000000000005
KXBTC-26AUG0110-B63050,1785592546610,sell,0.83,-0.17000000000000004
KXBTC-26AUG0111-B62950,1785595313184,sell,0.14,0.14
KXBTC-26AUG0111-B62950,1785595523489,buy,0.1,-0.1
KXBTC-26AUG0111-B62950,1785595558413,sell,0.05,0.05
KXBTC-26AUG0111-B62950,1785595872195,buy,0.05,-0.05
KXBTC-26AUG0111-B62950,1785596117173,sell,0.02,0.02
KXBTC-26AUG0111-B62950,1785596152066,buy,0.04,-0.04
KXBTC-26AUG0111-B63050,1785593632314,sell,0.58,-0.42000000000000004
KXBTC-26AUG0111-B63050,1785593702345,buy,0.57,0.43000000000000005
KXBTC-26AUG0111-B63050,1785593877321,sell,0.58,-0.42000000000000004
KXBTC-26AUG0111-B63050,1785594156914,sell,0.64,-0.36
KXBTC-26AUG0111-B63050,1785594786766,buy,0.73,0.27
KXBTC-26AUG0111-B63050,1785595311642,buy,0.8,0.19999999999999996
KXBTC-26AUG0111-B63050,1785595346751,sell,0.79,-0.20999999999999996
KXBTC-26AUG0111-B63050,1785595766852,sell,0.88,-0.12
KXBTC-26AUG0111-B63050,1785596116702,buy,0.96,0.040000000000000036
KXBTC-26AUG0111-B63050,1785596151638,sell,0.95,-0.050000000000000044
KXBTC-26AUG0111-B63150,1785594718278,buy,0.15,-0.15
KXBTC-26AUG0111-B63150,1785595312897,buy,0.07,-0.07
KXBTC-26AUG0111-B63150,1785595523191,sell,0.04,0.04
KXBTC-26AUG0111-B63150,1785595558115,buy,0.08,-0.08
KXBTC-26AUG0112-B62950,1785599296378,sell,0.57,-0.43000000000000005
KXBTC-26AUG0112-B62950,1785599330566,sell,0.6,-0.4
KXBTC-26AUG0112-B62950,1785599365478,sell,0.62,-0.38
KXBTC-26AUG0112-B62950,1785599400644,sell,0.76,-0.24
KXBTC-26AUG0112-B62950,1785599435602,buy,0.82,0.18000000000000005
KXBTC-26AUG0112-B62950,1785599505432,sell,0.8,-0.19999999999999996
KXBTC-26AUG0112-B62950,1785599575445,sell,0.84,-0.16000000000000003
KXBTC-26AUG0112-B63050,1785597411863,buy,0.66,-0.66
KXBTC-26AUG0112-B63050,1785597586794,buy,0.57,-0.57
KXBTC-26AUG0112-B63050,1785597621817,sell,0.56,0.56
KXBTC-26AUG0112-B63050,1785597866711,buy,0.55,-0.55
KXBTC-26AUG0112-B63050,1785597901643,sell,0.53,0.53
KXBTC-26AUG0112-B63050,1785597936756,buy,0.54,-0.54
KXBTC-26AUG0112-B63050,1785598041615,sell,0.48,0.48
KXBTC-26AUG0112-B63050,1785598146647,buy,0.5,-0.5
KXBTC-26AUG0112-B63050,1785598257341,buy,0.49,-0.49
KXBTC-26AUG0112-B63050,1785598305358,sell,0.46,0.46
KXBTC-26AUG0112-B63050,1785598418785,buy,0.48,-0.48
KXBTC-26AUG0112-B63050,1785598453991,sell,0.47,0.47
KXBTC-26AUG0112-B63050,1785598559043,buy,0.5,-0.5
KXBTC-26AUG0112-B63050,1785598593969,sell,0.41,0.41
KXBTC-26AUG0112-B63050,1785598699499,sell,0.47,0.47
KXBTC-26AUG0112-B63050,1785598768939,sell,0.49,0.49
KXBTC-26AUG0112-B63050,1785598804214,sell,0.52,0.52
KXBTC-26AUG0112-B63050,1785598838996,sell,0.57,0.57
KXBTC-26AUG0112-B63050,1785598874135,buy,0.61,-0.61
KXBTC-26AUG0112-B63050,1785598908950,buy,0.51,-0.51
KXBTC-26AUG0112-B63050,1785598943975,buy,0.43,-0.43
KXBTC-26AUG0112-B63050,1785598978885,sell,0.4,0.4
KXBTC-26AUG0112-B63050,1785599294342,buy,0.4,-0.4
KXBTC-26AUG0112-B63050,1785599364014,buy,0.32,-0.32
KXBTC-26AUG0112-B63050,1785599399166,buy,0.18,-0.18
KXBTC-26AUG0112-B63050,1785599434104,sell,0.15,0.15
KXBTC-26AUG0112-B63050,1785599538921,buy,0.16,-0.16
KXBTC-26AUG0112-B63050,1785599608834,buy,0.12,-0.12
KXBTC-26AUG0112-B63050,1785599644135,buy,0.07,-0.07
KXBTC-26AUG0113-B62750,1785603354901,sell,0.02,0.02
KXBTC-26AUG0113-B62750,1785603389620,sell,0.04,0.04
KXBTC-26AUG0113-B62750,1785603425592,buy,0.05,-0.05
KXBTC-26AUG0113-B62850,1785601710672,sell,0.47,-0.53
KXBTC-26AUG0113-B62850,1785601815955,buy,0.49,0.51
KXBTC-26AUG0113-B62850,1785601885731,buy,0.47,0.53
KXBTC-26AUG0113-B62850,1785601920685,sell,0.45,-0.55
KXBTC-26AUG0113-B62850,1785601955995,sell,0.49,-0.51
KXBTC-26AUG0113-B62850,1785602060691,buy,0.52,0.48
KXBTC-26AUG0113-B62850,1785602095631,sell,0.35,-0.65
KXBTC-26AUG0113-B62850,1785602130834,buy,0.37,0.63
KXBTC-26AUG0113-B62850,1785602234987,buy,0.33,0.6699999999999999
KXBTC-26AUG0113-B62850,1785602269914,sell,0.12,-0.88
KXBTC-26AUG0113-B62850,1785602339770,sell,0.13,-0.87
KXBTC-26AUG0113-B62850,1785602481848,sell,0.17,-0.83
KXBTC-26AUG0113-B62850,1785602549776,sell,0.26,-0.74
KXBTC-26AUG0113-B62850,1785602622440,sell,0.47,-0.53
KXBTC-26AUG0113-B62850,1785602654708,buy,0.48,0.52
KXBTC-26AUG0113-B62850,1785602724788,sell,0.37,-0.63
KXBTC-26AUG0113-B62850,1785602759219,sell,0.46,-0.54
KXBTC-26AUG0113-B62850,1785603389148,buy,0.94,0.06000000000000005
KXBTC-26AUG0113-B62850,1785603424823,sell,0.93,-0.06999999999999995
KXBTC-26AUG0113-B62950,1785601535651,sell,0.34,0.34
KXBTC-26AUG0113-B62950,1785601605510,sell,0.42,0.42
KXBTC-26AUG0113-B62950,1785601710528,buy,0.41,-0.41
KXBTC-26AUG0113-B62950,1785601746177,buy,0.31,-0.31
KXBTC-26AUG0113-B62950,1785601780677,sell,0.29,0.29
KXBTC-26AUG0113-B62950,1785601815806,sell,0.36,0.36
KXBTC-26AUG0113-B62950,1785601955853,buy,0.39,-0.39
KXBTC-26AUG0113-B62950,1785601990721,sell,0.32,0.32
KXBTC-26AUG0113-B62950,1785602025590,sell,0.39,0.39
KXBTC-26AUG0113-B62950,1785602060552,sell,0.42,0.42
KXBTC-26AUG0113-B62950,1785602095490,buy,0.53,-0.53
KXBTC-26AUG0113-B62950,1785602130473,sell,0.52,0.52
KXBTC-26AUG0113-B62950,1785602234696,sell,0.57,0.57
KXBTC-26AUG0113-B62950,1785602481557,buy,0.7,-0.7
KXBTC-26AUG0113-B62950,1785602549491,buy,0.64,-0.64
KXBTC-26AUG0113-B62950,1785602621978,buy,0.45,-0.45
KXBTC-26AUG0113-B62950,1785602654444,sell,0.44,0.44
KXBTC-26AUG0113-B62950,1785602689501,sell,0.53,0.53
KXBTC-26AUG0113-B62950,1785602724480,buy,0.55,-0.55
KXBTC-26AUG0113-B62950,1785602759080,buy,0.53,-0.53
KXBTC-26AUG0113-B62950,1785602828951,buy,0.45,-0.45
KXBTC-26AUG0113-B62950,1785602968892,sell,0.43,0.43
KXBTC-26AUG0113-B62950,1785603004286,buy,0.45,-0.45
KXBTC-26AUG0113-B62950,1785603074098,buy,0.35,-0.35
KXBTC-26AUG0113-B62950,1785603143910,sell,0.28,0.28
KXBTC-26AUG0113-B62950,1785603179054,buy,0.3,-0.3
KXBTC-26AUG0113-B62950,1785603214094,buy,0.22,-0.22
KXBTC-26AUG0113-B62950,1785603248972,buy,0.18,-0.18
KXBTC-26AUG0113-B62950,1785603284100,buy,0.1,-0.1
KXBTC-26AUG0113-B62950,1785603354003,buy,0.05,-0.05
KXBTC-26AUG0114-B62650,1785605980164,sell,0.36,-0.64
KXBTC-26AUG0114-B62650,1785606015366,buy,0.39,0.61
KXBTC-26AUG0114-B62650,1785606050180,buy,0.3,0.7
KXBTC-26AUG0114-B62650,1785606085191,buy,0.22,0.78
KXBTC-26AUG0114-B62650,1785606120066,buy,0.19,0.81
KXBTC-26AUG0114-B62650,1785606400909,sell,0.14,-0.86
KXBTC-26AUG0114-B62650,1785606435568,sell,0.24,-0.76
KXBTC-26AUG0114-B62650,1785606470544,buy,0.29,0.71
KXBTC-26AUG0114-B62650,1785606540505,sell,0.29,-0.71
KXBTC-26AUG0114-B62650,1785606575462,buy,0.37,0.63
KXBTC-26AUG0114-B62650,1785606610660,buy,0.21,0.79
KXBTC-26AUG0114-B62650,1785606680437,sell,0.17,-0.83
KXBTC-26AUG0114-B62650,1785606715474,sell,0.59,-0.41000000000000003
KXBTC-26AUG0114-B62650,1785606750474,buy,0.63,0.37
KXBTC-26AUG0114-B62650,1785606785587,sell,0.58,-0.42000000000000004
KXBTC-26AUG0114-B62650,1785606820364,sell,0.73,-0.27
KXBTC-26AUG0114-B62650,1785606855478,sell,0.76,-0.24
KXBTC-26AUG0114-B62650,1785606890526,sell,0.79,-0.20999999999999996
KXBTC-26AUG0114-B62650,1785606925595,sell,0.84,-0.16000000000000003
KXBTC-26AUG0114-B62650,1785606960599,sell,0.87,-0.13
KXBTC-26AUG0114-B62650,1785606995659,sell,0.9,-0.09999999999999998
KXBTC-26AUG0114-B62750,1785605352192,buy,0.48,-0.48
KXBTC-26AUG0114-B62750,1785605455103,sell,0.47,0.47
KXBTC-26AUG0114-B62750,1785605700011,buy,0.52,-0.52
KXBTC-26AUG0114-B62750,1785605735204,sell,0.48,0.48
KXBTC-26AUG0114-B62750,1785605805026,buy,0.51,-0.51
KXBTC-26AUG0114-B62750,1785605875025,buy,0.38,-0.38
KXBTC-26AUG0114-B62750,1785605945535,sell,0.37,0.37
KXBTC-26AUG0114-B62750,1785606015226,sell,0.41,0.41
KXBTC-26AUG0114-B62750,1785606049998,sell,0.52,0.52
KXBTC-26AUG0114-B62750,1785606400751,buy,0.71,-0.71
KXBTC-26AUG0114-B62750,1785606435416,buy,0.63,-0.63
KXBTC-26AUG0114-B62750,1785606540359,buy,0.63,-0.63
KXBTC-26AUG0114-B62750,1785606575312,sell,0.57,0.57
KXBTC-26AUG0114-B62750,1785606680293,buy,0.76,-0.76
KXBTC-26AUG0114-B62750,1785606750322,buy,0.11,-0.11
KXBTC-26AUG0114-B62750,1785606925442,buy,0.13,-0.13
KXBTC-26AUG0114-B62850,1785604652241,buy,0.42,-0.42
KXBTC-26AUG0114-B62850,1785604687416,buy,0.38,-0.38
KXBTC-26AUG0114-B62850,1785604722208,sell,0.35,0.35
KXBTC-26AUG0114-B62850,1785604756850,sell,0.39,0.39
KXBTC-26AUG0114-B62850,1785604792591,buy,0.47,-0.47
KXBTC-26AUG0114-B62850,1785604827650,sell,0.45,0.45
KXBTC-26AUG0114-B62850,1785605142236,buy,0.51,-0.51
KXBTC-26AUG0114-B62850,1785605211674,sell,0.22,0.22
KXBTC-26AUG0114-B62850,1785605351788,sell,0.24,0.24
KXBTC-26AUG0114-B62850,1785605386689,sell,0.29,0.29
KXBTC-26AUG0114-B62850,1785605489783,buy,0.22,-0.22
KXBTC-26AUG0114-B62850,1785605524864,sell,0.2,0.2
KXBTC-26AUG0114-B62850,1785605594781,buy,0.19,-0.19
KXBTC-26AUG0114-B62850,1785605699715,buy,0.13,-0.13
KXBTC-26AUG0114-B62850,1785605734907,sell,0.12,0.12
KXBTC-26AUG0114-B62850,1785605804738,buy,0.2,-0.2
KXBTC-26AUG0114-B62850,1785606049711,sell,0.1,0.1
KXBTC-26AUG0114-B62850,1785606119642,sell,0.16,0.16
KXBTC-26AUG0114-B62850,1785606190013,sell,0.23,0.23
KXBTC-26AUG0114-B62850,1785606225039,buy,0.25,-0.25
KXBTC-26AUG0114-B62850,1785606365148,buy,0.18,-0.18
KXBTC-26AUG0114-B62850,1785606505039,buy,0.06,-0.06
KXBTC-26AUG0114-B62850,1785606680005,buy,0.05,-0.05
KXBTC-26AUG0114-B62950,1785605142912,buy,0.12,-0.12
KXBTC-26AUG0115-B62350,1785610321426,sell,0.55,0.55
KXBTC-26AUG0115-B62350,1785610391251,buy,0.57,-0.57
KXBTC-26AUG0115-B62350,1785610426239,buy,0.49,-0.49
KXBTC-26AUG0115-B62350,1785610461307,sell,0.4,0.4
KXBTC-26AUG0115-B62350,1785610531340,buy,0.39,-0.39
KXBTC-26AUG0115-B62350,1785610566392,buy,0.27,-0.27
KXBTC-26AUG0115-B62350,1785610601313,buy,0.14,-0.14
KXBTC-26AUG0115-B62350,1785610636225,buy,0.07,-0.07
KXBTC-26AUG0115-B62450,1785609095961,buy,0.25,-0.25
KXBTC-26AUG0115-B62450,1785609165945,sell,0.15,0.15
KXBTC-26AUG0115-B62450,1785609200974,buy,0.16,-0.16
KXBTC-26AUG0115-B62450,1785609307865,sell,0.19,0.19
KXBTC-26AUG0115-B62450,1785609410957,sell,0.26,0.26
KXBTC-26AUG0115-B62450,1785609480948,buy,0.3,-0.3
KXBTC-26AUG0115-B62450,1785609655347,sell,0.29,0.29
KXBTC-26AUG0115-B62450,1785609725442,sell,0.31,0.31
KXBTC-26AUG0115-B62450,1785609760405,buy,0.33,-0.33
KXBTC-26AUG0115-B62450,1785609795299,buy,0.29,-0.29
KXBTC-26AUG0115-B62450,1785609865347,sell,0.22,0.22
KXBTC-26AUG0115-B62450,1785609900523,buy,0.23,-0.23
KXBTC-26AUG0115-B62450,1785609935458,buy,0.15,-0.15
KXBTC-26AUG0115-B62450,1785610040387,sell,0.12,0.12
KXBTC-26AUG0115-B62450,1785610110419,sell,0.14,0.14
KXBTC-26AUG0115-B62450,1785610145419,buy,0.28,-0.28
KXBTC-26AUG0115-B62450,1785610215407,buy,0.23,-0.23
KXBTC-26AUG0115-B62450,1785610355445,sell,0.21,0.21
KXBTC-26AUG0115-B62450,1785610390203,sell,0.3,0.3
KXBTC-26AUG0115-B62450,1785610425221,sell,0.37,0.37
KXBTC-26AUG0115-B62450,1785610530262,sell,0.51,0.51
KXBTC-26AUG0115-B62450,1785610565324,sell,0.7,0.7
KXBTC-26AUG0115-B62450,1785610600248,sell,0.75,0.75
KXBTC-26AUG0115-B62450,1785610670316,buy,0.77,-0.77
KXBTC-26AUG0115-B62450,1785610705192,buy,0.53,-0.53
KXBTC-26AUG0115-B62450,1785610740217,buy,0.34,-0.34
KXBTC-26AUG0115-B62550,1785608465739,buy,0.33,0.6699999999999999
KXBTC-26AUG0115-B62550,1785608535501,sell,0.33,-0.6699999999999999
KXBTC-26AUG0115-B62550,1785608640477,buy,0.34,0.6599999999999999
KXBTC-26AUG0115-B62550,1785608780403,sell,0.31,-0.69
KXBTC-26AUG0115-B62550,1785608920467,buy,0.27,0.73
KXBTC-26AUG0115-B62550,1785608955421,sell,0.23,-0.77
KXBTC-26AUG0115-B62550,1785608990410,sell,0.27,-0.73
KXBTC-26AUG0115-B62550,1785609025537,sell,0.36,-0.64
KXBTC-26AUG0115-B62550,1785609060398,buy,0.38,0.62
KXBTC-26AUG0115-B62550,1785609095373,buy,0.17,0.83
KXBTC-26AUG0115-B62550,1785609480361,buy,0.13,0.87
KXBTC-26AUG0115-B62550,1785610670461,sell,0.14,-0.86
KXBTC-26AUG0115-B62550,1785610705340,sell,0.43,-0.5700000000000001
KXBTC-26AUG0115-B62650,1785608430937,buy,0.22,-0.22
KXBTC-26AUG0115-B62650,1785608466195,buy,0.19,-0.19
KXBTC-26AUG0115-B62650,1785608500978,sell,0.15,0.15
KXBTC-26AUG0115-B62650,1785608640926,buy,0.18,-0.18
KXBTC-26AUG0115-B62650,1785608780853,sell,0.17,0.17
KXBTC-26AUG0115-B62650,1785608920897,buy,0.15,-0.15
KXBTC-26AUG0115-B62650,1785609060257,buy,0.13,-0.13
KXBTC-26AUG0115-B62650,1785609095224,buy,0.05,-0.05
KXBTC-26AUG0116-B62450,1785614135912,sell,0.88,-0.12
KXBTC-26AUG0116-B62450,1785614170751,buy,0.9,0.09999999999999998
KXBTC-26AUG0116-B62450,1785614205645,sell,0.79,-0.20999999999999996
KXBTC-26AUG0116-B62450,1785614240592,sell,0.87,-0.13
KXBTC-26AUG0116-B62450,1785614310902,sell,0.92,-0.07999999999999996
KXBTC-26AUG0116-B62450,1785614380782,sell,0.97,-0.030000000000000027
KXBTC-26AUG0116-B62550,1785613575827,sell,0.16,0.16
KXBTC-26AUG0116-B62550,1785613786111,sell,0.16,0.16
KXBTC-26AUG0116-B62550,1785613820849,sell,0.19,0.19
KXBTC-26AUG0116-B62550,1785613890868,buy,0.34,-0.34
KXBTC-26AUG0116-B62550,1785613925968,buy,0.25,-0.25
KXBTC-26AUG0116-B62550,1785613960832,buy,0.16,-0.16
KXBTC-26AUG0116-B62550,1785613995777,sell,0.14,0.14
KXBTC-26AUG0116-B62550,1785614170607,sell,0.12,0.12
KXBTC-26AUG0116-B62550,1785614205511,buy,0.18,-0.18
KXBTC-26AUG0116-B62550,1785614310721,buy,0.07,-0.07
KXBTC-26AUG0117-B62125,1785610916722,sell,0.02,0.02
KXBTC-26AUG0117-B62125,1785612281295,buy,0.12,-0.12
KXBTC-26AUG0117-B62375,1785596889150,buy,0.04,-0.04
KXBTC-26AUG0117-B62375,1785598261929,sell,0.02,0.02
KXBTC-26AUG0117-B62375,1785607766853,sell,0.05,0.05
KXBTC-26AUG0117-B62375,1785608326562,sell,0.25,0.25
KXBTC-26AUG0117-B62375,1785609061407,sell,0.36,0.36
KXBTC-26AUG0117-B62375,1785609096406,buy,0.41,-0.41
KXBTC-26AUG0117-B62375,1785609131358,sell,0.32,0.32
KXBTC-26AUG0117-B62375,1785609935899,buy,0.39,-0.39
KXBTC-26AUG0117-B62375,1785610881251,sell,0.34,0.34
KXBTC-26AUG0117-B62375,1785610950456,buy,0.36,-0.36
KXBTC-26AUG0117-B62375,1785612140431,sell,0.36,0.36
KXBTC-26AUG0117-B62375,1785612630371,buy,0.38,-0.38
KXBTC-26AUG0117-B62375,1785612735319,sell,0.35,0.35
KXBTC-26AUG0117-B62375,1785612770255,sell,0.37,0.37
KXBTC-26AUG0117-B62375,1785613820256,buy,0.48,-0.48
KXBTC-26AUG0117-B62375,1785614170333,buy,0.5,-0.5
KXBTC-26AUG0117-B62375,1785614590264,buy,0.53,-0.53
KXBTC-26AUG0117-B62375,1785614625272,buy,0.45,-0.45
KXBTC-26AUG0117-B62375,1785614695339,sell,0.44,0.44
KXBTC-26AUG0117-B62375,1785614765264,buy,0.47,-0.47
KXBTC-26AUG0117-B62375,1785614835330,buy,0.41,-0.41
KXBTC-26AUG0117-B62375,1785614905289,sell,0.41,0.41
KXBTC-26AUG0117-B62375,1785614975233,sell,0.49,0.49
KXBTC-26AUG0117-B62375,1785615045336,buy,0.48,-0.48
KXBTC-26AUG0117-B62375,1785615255265,sell,0.4,0.4
KXBTC-26AUG0117-B62375,1785615395256,buy,0.38,-0.38
KXBTC-26AUG0117-B62375,1785615606169,buy,0.33,-0.33
KXBTC-26AUG0117-B62375,1785615640385,buy,0.28,-0.28
KXBTC-26AUG0117-B62375,1785615710202,buy,0.24,-0.24
KXBTC-26AUG0117-B62375,1785615745383,sell,0.15,0.15
KXBTC-26AUG0117-B62375,1785615850523,buy,0.24,-0.24
KXBTC-26AUG0117-B62375,1785616025318,sell,0.28,0.28
KXBTC-26AUG0117-B62375,1785616060066,buy,0.29,-0.29
KXBTC-26AUG0117-B62375,1785616340334,sell,0.29,0.29
KXBTC-26AUG0117-B62375,1785616410437,buy,0.31,-0.31
KXBTC-26AUG0117-B62375,1785616550121,buy,0.26,-0.26
KXBTC-26AUG0117-B62375,1785616655137,sell,0.19,0.19
KXBTC-26AUG0117-B62375,1785616690144,sell,0.23,0.23
KXBTC-26AUG0117-B62375,1785616725228,sell,0.27,0.27
KXBTC-26AUG0117-B62375,1785616760220,buy,0.45,-0.45
KXBTC-26AUG0117-B62375,1785616830448,buy,0.38,-0.38
KXBTC-26AUG0117-B62375,1785616900326,sell,0.25,0.25
KXBTC-26AUG0117-B62375,1785617040187,buy,0.33,-0.33
KXBTC-26AUG0117-B62375,1785617075294,buy,0.26,-0.26
KXBTC-26AUG0117-B62375,1785617250351,buy,0.23,-0.23
KXBTC-26AUG0117-B62625,1785535225571,sell,0.16,-0.84
KXBTC-26AUG0117-B62625,1785541925573,buy,0.18,0.8200000000000001
KXBTC-26AUG0117-B62625,1785596397527,buy,0.12,0.88
KXBTC-26AUG0117-B62625,1785602234216,buy,0.15,0.85
KXBTC-26AUG0117-B62625,1785602481137,sell,0.14,-0.86
KXBTC-26AUG0117-B62625,1785602549022,sell,0.16,-0.84
KXBTC-26AUG0117-B62625,1785604476574,sell,0.22,-0.78
KXBTC-26AUG0117-B62625,1785604546630,sell,0.26,-0.74
KXBTC-26AUG0117-B62625,1785605141775,sell,0.3,-0.7
KXBTC-26AUG0117-B62625,1785605176970,sell,0.35,-0.65
KXBTC-26AUG0117-B62625,1785605594927,sell,0.37,-0.63
KXBTC-26AUG0117-B62625,1785605629941,buy,0.39,0.61
KXBTC-26AUG0117-B62625,1785605699864,sell,0.41,-0.5900000000000001
KXBTC-26AUG0117-B62625,1785605735052,buy,0.44,0.56
KXBTC-26AUG0117-B62625,1785605804884,sell,0.39,-0.61
KXBTC-26AUG0117-B62625,1785606049859,buy,0.42,0.5800000000000001
KXBTC-26AUG0117-B62625,1785606119777,buy,0.38,0.62
KXBTC-26AUG0117-B62625,1785606365298,sell,0.37,-0.63
KXBTC-26AUG0117-B62625,1785606400604,sell,0.39,-0.61
KXBTC-26AUG0117-B62625,1785608465443,buy,0.42,0.5800000000000001
KXBTC-26AUG0117-B62625,1785608920179,buy,0.35,0.65
KXBTC-26AUG0117-B62625,1785609025241,sell,0.37,-0.63
KXBTC-26AUG0117-B62625,1785609060114,buy,0.39,0.61
KXBTC-26AUG0117-B62625,1785609095089,buy,0.25,0.75
KXBTC-26AUG0117-B62625,1785609306664,sell,0.2,-0.8
KXBTC-26AUG0117-B62625,1785609410089,sell,0.25,-0.75
KXBTC-26AUG0117-B62625,1785609480068,buy,0.25,0.75
KXBTC-26AUG0117-B62625,1785609725142,sell,0.26,-0.74
KXBTC-26AUG0117-B62625,1785609760109,buy,0.27,0.73
KXBTC-26AUG0117-B62625,1785609935161,buy,0.22,0.78
KXBTC-26AUG0117-B62625,1785610005068,buy,0.16,0.84
KXBTC-26AUG0117-B62625,1785610040103,sell,0.15,-0.85
KXBTC-26AUG0117-B62625,1785610110127,sell,0.19,-0.81
KXBTC-26AUG0117-B62625,1785610215118,buy,0.22,0.78
KXBTC-26AUG0117-B62625,1785610530122,sell,0.26,-0.74
KXBTC-26AUG0117-B62625,1785610880344,buy,0.39,0.61
KXBTC-26AUG0117-B62625,1785610950162,sell,0.37,-0.63
KXBTC-26AUG0117-B62625,1785611720254,buy,0.41,0.5900000000000001
KXBTC-26AUG0117-B62625,1785611930048,sell,0.42,-0.5800000000000001
KXBTC-26AUG0117-B62625,1785612140135,buy,0.4,0.6
KXBTC-26AUG0117-B62625,1785612665135,sell,0.43,-0.5700000000000001
KXBTC-26AUG0117-B62625,1785612735170,buy,0.45,0.55
KXBTC-26AUG0117-B62625,1785612840092,buy,0.39,0.61
KXBTC-26AUG0117-B62625,1785613050152,buy,0.33,0.6699999999999999
KXBTC-26AUG0117-B62625,1785614170200,sell,0.39,-0.61
KXBTC-26AUG0117-B62625,1785614415483,buy,0.36,0.64
KXBTC-26AUG0117-B62625,1785614590133,sell,0.33,-0.6699999999999999
KXBTC-26AUG0117-B62625,1785614625126,sell,0.44,-0.56
KXBTC-26AUG0117-B62625,1785614695177,buy,0.46,0.54
KXBTC-26AUG0117-B62625,1785614730223,sell,0.41,-0.5900000000000001
KXBTC-26AUG0117-B62625,1785614835184,sell,0.48,-0.52
KXBTC-26AUG0117-B62625,1785614905147,buy,0.48,0.52
KXBTC-26AUG0117-B62625,1785615045194,sell,0.41,-0.5900000000000001
KXBTC-26AUG0117-B62625,1785615115171,sell,0.44,-0.56
KXBTC-26AUG0117-B62625,1785615150110,buy,0.46,0.54
KXBTC-26AUG0117-B62625,1785615185363,sell,0.45,-0.55
KXBTC-26AUG0117-B62625,1785615360238,sell,0.49,-0.51
KXBTC-26AUG0117-B62625,1785615745228,buy,0.72,0.28
KXBTC-26AUG0117-B62625,1785615850367,sell,0.67,-0.32999999999999996
KXBTC-26AUG0117-B62625,1785616095111,buy,0.71,0.29000000000000004
KXBTC-26AUG0117-B62625,1785616165205,sell,0.67,-0.32999999999999996
KXBTC-26AUG0117-B62625,1785616340188,buy,0.64,0.36
KXBTC-26AUG0117-B62625,1785616410298,sell,0.63,-0.37
KXBTC-26AUG0117-B62625,1785616654993,buy,0.77,0.22999999999999998
KXBTC-26AUG0117-B62625,1785616690000,buy,0.73,0.27
KXBTC-26AUG0117-B62625,1785616725083,buy,0.68,0.31999999999999995
KXBTC-26AUG0117-B62625,1785616760077,sell,0.51,-0.49
KXBTC-26AUG0117-B62625,1785616830293,sell,0.59,-0.41000000000000003
KXBTC-26AUG0117-B62625,1785616900174,buy,0.72,0.28
KXBTC-26AUG0117-B62625,1785617075145,sell,0.71,-0.29000000000000004
KXBTC-26AUG0117-B62625,1785617145121,buy,0.77,0.22999999999999998
KXBTC-26AUG0117-B62625,1785617250196,sell,0.76,-0.24
KXBTC-26AUG0117-B62625,1785617320133,sell,0.84,-0.16000000000000003
KXBTC-26AUG0117-B62875,1785550859778,buy,0.23,-0.23
KXBTC-26AUG0117-B62875,1785552539866,buy,0.21,-0.21
KXBTC-26AUG0117-B62875,1785555304850,sell,0.23,0.23
KXBTC-26AUG0117-B62875,1785555934765,buy,0.24,-0.24
KXBTC-26AUG0117-B62875,1785560274874,buy,0.24,-0.24
KXBTC-26AUG0117-B62875,1785560415113,buy,0.22,-0.22
KXBTC-26AUG0117-B62875,1785562794867,sell,0.22,0.22
KXBTC-26AUG0117-B62875,1785567696270,sell,0.23,0.23
KXBTC-26AUG0117-B62875,1785571196195,sell,0.25,0.25
KXBTC-26AUG0117-B62875,1785571231301,buy,0.26,-0.26
KXBTC-26AUG0117-B62875,1785574451221,buy,0.25,-0.25
KXBTC-26AUG0117-B62875,1785574976162,sell,0.23,0.23
KXBTC-26AUG0117-B62875,1785581031151,buy,0.28,-0.28
KXBTC-26AUG0117-B62875,1785582011834,buy,0.28,-0.28
KXBTC-26AUG0117-B62875,1785583271299,buy,0.28,-0.28
KXBTC-26AUG0117-B62875,1785584426281,sell,0.26,0.26
KXBTC-26AUG0117-B62875,1785586526413,sell,0.24,0.24
KXBTC-26AUG0117-B62875,1785589571226,sell,0.25,0.25
KXBTC-26AUG0117-B62875,1785592021335,sell,0.29,0.29
KXBTC-26AUG0117-B62875,1785593036621,buy,0.29,-0.29
KXBTC-26AUG0117-B62875,1785596116552,sell,0.29,0.29
KXBTC-26AUG0117-B62875,1785597516530,sell,0.29,0.29
KXBTC-26AUG0117-B62875,1785597551567,sell,0.31,0.31
KXBTC-26AUG0117-B62875,1785599399022,sell,0.36,0.36
KXBTC-26AUG0117-B62875,1785600133814,sell,0.43,0.43
KXBTC-26AUG0117-B62875,1785602303951,buy,0.47,-0.47
KXBTC-26AUG0117-B62875,1785605141554,buy,0.47,-0.47
KXBTC-26AUG0117-B62875,1785605176744,buy,0.44,-0.44
KXBTC-26AUG0117-B62875,1785605211010,sell,0.38,0.38
KXBTC-26AUG0117-B62875,1785605524722,sell,0.38,0.38
KXBTC-26AUG0117-B62875,1785605699571,buy,0.38,-0.38
KXBTC-26AUG0117-B62875,1785605734754,sell,0.34,0.34
KXBTC-26AUG0117-B62875,1785605804592,buy,0.37,-0.37
KXBTC-26AUG0117-B62875,1785606014760,sell,0.31,0.31
KXBTC-26AUG0117-B62875,1785606049559,sell,0.34,0.34
KXBTC-26AUG0117-B62875,1785606084596,sell,0.36,0.36
KXBTC-26AUG0117-B62875,1785606679859,buy,0.36,-0.36
KXBTC-26AUG0117-B62875,1785607309977,buy,0.24,-0.24
KXBTC-26AUG0117-B62875,1785607484910,sell,0.21,0.21
KXBTC-26AUG0117-B62875,1785608080000,buy,0.29,-0.29
KXBTC-26AUG0117-B62875,1785608150008,buy,0.25,-0.25
KXBTC-26AUG0117-B62875,1785608255012,buy,0.17,-0.17
KXBTC-26AUG0117-B62875,1785608430065,buy,0.15,-0.15
KXBTC-26AUG0117-B62875,1785608465290,buy,0.1,-0.1
KXBTC-26AUG0117-B62875,1785609059966,buy,0.1,-0.1
KXBTC-26AUG0117-B62875,1785609794866,buy,0.06,-0.06
KXBTC-26AUG0117-B63125,1785535225429,buy,0.17,-0.17
KXBTC-26AUG0117-B63125,1785541645476,buy,0.17,-0.17
KXBTC-26AUG0117-B63125,1785541925426,sell,0.15,0.15
KXBTC-26AUG0117-B63125,1785542525651,sell,0.15,0.15
KXBTC-26AUG0117-B63125,1785545432297,sell,0.21,0.21
KXBTC-26AUG0117-B63125,1785545502149,buy,0.22,-0.22
KXBTC-26AUG0117-B63125,1785546344957,sell,0.19,0.19
KXBTC-26AUG0117-B63125,1785547779942,buy,0.19,-0.19
KXBTC-26AUG0117-B63125,1785553905080,buy,0.24,-0.24
KXBTC-26AUG0117-B63125,1785558140105,sell,0.22,0.22
KXBTC-26AUG0117-B63125,1785560415612,sell,0.27,0.27
KXBTC-26AUG0117-B63125,1785560590352,buy,0.27,-0.27
KXBTC-26AUG0117-B63125,1785562795023,buy,0.25,-0.25
KXBTC-26AUG0117-B63125,1785564300096,buy,0.24,-0.24
KXBTC-26AUG0117-B63125,1785569586336,buy,0.27,-0.27
KXBTC-26AUG0117-B63125,1785572876185,buy,0.31,-0.31
KXBTC-26AUG0117-B63125,1785577951312,buy,0.32,-0.32
KXBTC-26AUG0117-B63125,1785585651382,sell,0.3,0.3
KXBTC-26AUG0117-B63125,1785588346448,buy,0.34,-0.34
KXBTC-26AUG0117-B63125,1785594016483,sell,0.37,0.37
KXBTC-26AUG0117-B63125,1785599678802,buy,0.36,-0.36
KXBTC-26AUG0117-B63125,1785600203645,sell,0.23,0.23
KXBTC-26AUG0117-B63125,1785600904211,buy,0.23,-0.23
KXBTC-26AUG0117-B63125,1785600973750,sell,0.22,0.22
KXBTC-26AUG0117-B63125,1785601043768,buy,0.23,-0.23
KXBTC-26AUG0117-B63125,1785602233929,sell,0.26,0.26
KXBTC-26AUG0117-B63125,1785602338673,buy,0.31,-0.31
KXBTC-26AUG0117-B63625,1785614696865,sell,0.02,0.02
KXBTC-26AUG0118-B62650,1785619771256,buy,0.31,-0.31
KXBTC-26AUG0118-B62650,1785620051230,buy,0.23,-0.23
KXBTC-26AUG0118-B62650,1785620541143,sell,0.29,0.29
KXBTC-26AUG0118-B62650,1785620576273,buy,0.36,-0.36
KXBTC-26AUG0118-B62650,1785620611132,buy,0.26,-0.26
KXBTC-26AUG0118-B62650,1785620646411,sell,0.25,0.25
KXBTC-26AUG0118-B62650,1785620681286,buy,0.29,-0.29
KXBTC-26AUG0118-B62650,1785620856106,buy,0.11,-0.11
KXBTC-26AUG0118-B62650,1785621205938,sell,0.03,0.03
KXBTC-26AUG0118-B62750,1785619631798,sell,0.38,-0.62
KXBTC-26AUG0118-B62750,1785620120979,buy,0.47,0.53
KXBTC-26AUG0118-B62750,1785620156091,sell,0.4,-0.6
KXBTC-26AUG0118-B62750,1785620540712,buy,0.51,0.49
KXBTC-26AUG0118-B62750,1785620575832,sell,0.49,-0.51
KXBTC-26AUG0118-B62750,1785620995041,sell,0.7,-0.30000000000000004
KXBTC-26AUG0118-B62750,1785621205048,sell,0.77,-0.22999999999999998
KXBTC-26AUG0118-B62850,1785619771554,sell,0.14,0.14
KXBTC-26AUG0118-B62850,1785619841666,buy,0.19,-0.19
KXBTC-26AUG0118-B62850,1785620051524,sell,0.2,0.2
KXBTC-26AUG0118-B62850,1785620121566,sell,0.24,0.24
KXBTC-26AUG0118-B62850,1785620226595,buy,0.23,-0.23
KXBTC-26AUG0118-B62850,1785620681699,sell,0.14,0.14
KXBTC-26AUG0118-B62850,1785621206386,buy,0.19,-0.19
KXBTC-26AUG0119-B62650,1785622292043,buy,0.16,-0.16
KXBTC-26AUG0119-B62650,1785624146922,buy,0.09,-0.09
KXBTC-26AUG0119-B62750,1785622641348,sell,0.38,-0.62
KXBTC-26AUG0119-B62750,1785622955881,sell,0.41,-0.5900000000000001
KXBTC-26AUG0119-B62750,1785623271101,buy,0.48,0.52
KXBTC-26AUG0119-B62750,1785623341065,sell,0.41,-0.5900000000000001
KXBTC-26AUG0119-B62750,1785623376042,buy,0.42,0.5800000000000001
KXBTC-26AUG0119-B62750,1785623726030,sell,0.45,-0.55
KXBTC-26AUG0119-B62750,1785624215727,sell,0.45,-0.55
KXBTC-26AUG0119-B62750,1785624390896,buy,0.51,0.49
KXBTC-26AUG0119-B62750,1785624425924,sell,0.5,-0.5
KXBTC-26AUG0119-B62750,1785624495692,buy,0.58,0.42000000000000004
KXBTC-26AUG0119-B62750,1785624565745,sell,0.49,-0.51
KXBTC-26AUG0119-B62750,1785624600773,sell,0.52,-0.48
KXBTC-26AUG0119-B62750,1785624635984,buy,0.63,0.37
KXBTC-26AUG0119-B62750,1785624670832,sell,0.6,-0.4
KXBTC-26AUG0119-B62750,1785624740859,sell,0.69,-0.31000000000000005
KXBTC-26AUG0119-B62850,1785623237005,sell,0.33,0.33
KXBTC-26AUG0119-B62850,1785623271991,sell,0.38,0.38
KXBTC-26AUG0119-B62850,1785623342116,buy,0.41,-0.41
KXBTC-26AUG0119-B62850,1785623376908,sell,0.39,0.39
KXBTC-26AUG0119-B62850,1785623726735,buy,0.4,-0.4
KXBTC-26AUG0119-B62850,1785623761534,sell,0.3,0.3
KXBTC-26AUG0119-B62850,1785623796395,sell,0.34,0.34
KXBTC-26AUG0119-B62850,1785623866415,sell,0.39,0.39
KXBTC-26AUG0119-B62850,1785624041513,sell,0.42,0.42
KXBTC-26AUG0119-B62850,1785624216333,buy,0.45,-0.45
KXBTC-26AUG0119-B62850,1785624391478,sell,0.42,0.42
KXBTC-26AUG0119-B62850,1785624426520,buy,0.43,-0.43
KXBTC-26AUG0119-B62850,1785624496274,sell,0.35,0.35
KXBTC-26AUG0119-B62850,1785624601360,buy,0.38,-0.38
KXBTC-26AUG0119-B62850,1785624636576,sell,0.27,0.27
KXBTC-26AUG0119-B62850,1785624671425,buy,0.36,-0.36
KXBTC-26AUG0119-B62850,1785624706339,sell,0.25,0.25
KXBTC-26AUG0119-B62850,1785624810997,buy,0.23,-0.23
KXBTC-26AUG0119-B62850,1785624845987,buy,0.2,-0.2
KXBTC-26AUG0119-B62850,1785624881004,buy,0.17,-0.17
KXBTC-26AUG0119-B62850,1785624915948,buy,0.09,-0.09
KXBTC-26AUG0119-B62850,1785624950821,sell,0.06,0.06
KXBTC-26AUG0120-B62650,1785627331622,buy,0.24,-0.24
KXBTC-26AUG0120-B62650,1785627366850,buy,0.21,-0.21
KXBTC-26AUG0120-B62650,1785627436653,buy,0.14,-0.14
KXBTC-26AUG0120-B62650,1785627716351,sell,0.08,0.08
KXBTC-26AUG0120-B62650,1785627856543,sell,0.1,0.1
KXBTC-26AUG0120-B62650,1785627891576,buy,0.13,-0.13
KXBTC-26AUG0120-B62650,1785627925637,buy,0.06,-0.06
KXBTC-26AUG0120-B62750,1785626141497,sell,0.56,-0.43999999999999995
KXBTC-26AUG0120-B62750,1785626176658,buy,0.57,0.43000000000000005
KXBTC-26AUG0120-B62750,1785626561274,sell,0.57,-0.43000000000000005
KXBTC-26AUG0120-B62750,1785627330176,sell,0.67,-0.32999999999999996
KXBTC-26AUG0120-B62750,1785627400197,sell,0.69,-0.31000000000000005
KXBTC-26AUG0120-B62750,1785627435190,buy,0.71,0.29000000000000004
KXBTC-26AUG0120-B62750,1785627505227,sell,0.64,-0.36
KXBTC-26AUG0120-B62750,1785627714915,sell,0.73,-0.27
KXBTC-26AUG0120-B62750,1785627925199,buy,0.7,0.30000000000000004
KXBTC-26AUG0120-B62750,1785627960148,sell,0.61,-0.39
KXBTC-26AUG0120-B62750,1785627995030,sell,0.7,-0.30000000000000004
KXBTC-26AUG0120-B62750,1785628065127,buy,0.78,0.21999999999999997
KXBTC-26AUG0120-B62750,1785628100107,buy,0.71,0.29000000000000004
KXBTC-26AUG0120-B62750,1785628205526,sell,0.74,-0.26
KXBTC-26AUG0120-B62750,1785628275242,sell,0.87,-0.13
KXBTC-26AUG0120-B62850,1785626211020,buy,0.19,-0.19
KXBTC-26AUG0120-B62850,1785626421207,buy,0.12,-0.12
KXBTC-26AUG0120-B62850,1785627436221,sell,0.12,0.12
KXBTC-26AUG0120-B62850,1785627506284,buy,0.24,-0.24
KXBTC-26AUG0120-B62850,1785627715913,buy,0.18,-0.18
KXBTC-26AUG0120-B62850,1785627786308,buy,0.13,-0.13
KXBTC-26AUG0120-B62850,1785627926234,sell,0.06,0.06
KXBTC-26AUG0120-B62850,1785627961236,buy,0.29,-0.29
KXBTC-26AUG0120-B62850,1785628031067,buy,0.17,-0.17
KXBTC-26AUG0120-B62850,1785628066120,sell,0.16,0.16
KXBTC-26AUG0120-B62850,1785628206631,buy,0.22,-0.22
KXBTC-26AUG0121-B62750,1785631217071,buy,0.45,0.55
KXBTC-26AUG0121-B62750,1785631356919,buy,0.44,0.56
KXBTC-26AUG0121-B62750,1785631426925,buy,0.39,0.61
KXBTC-26AUG0121-B62750,1785631497107,sell,0.32,-0.6799999999999999
KXBTC-26AUG0121-B62750,1785631532227,buy,0.48,0.52
KXBTC-26AUG0121-B62750,1785631706496,sell,0.34,-0.6599999999999999
KXBTC-26AUG0121-B62750,1785631741565,sell,0.4,-0.6
KXBTC-26AUG0121-B62750,1785631776500,sell,0.5,-0.5
KXBTC-26AUG0121-B62750,1785631811606,sell,0.62,-0.38
KXBTC-26AUG0121-B62750,1785631846441,sell,0.67,-0.32999999999999996
KXBTC-26AUG0121-B62750,1785631881357,sell,0.7,-0.30000000000000004
KXBTC-26AUG0121-B62750,1785631951574,sell,0.79,-0.20999999999999996
KXBTC-26AUG0121-B62750,1785632231377,buy,0.96,0.040000000000000036
KXBTC-26AUG0121-B62750,1785632266458,sell,0.94,-0.06000000000000005
KXBTC-26AUG0121-B62850,1785630376279,sell,0.53,0.53
KXBTC-26AUG0121-B62850,1785630585926,sell,0.56,0.56
KXBTC-26AUG0121-B62850,1785630900841,buy,0.66,-0.66
KXBTC-26AUG0121-B62850,1785630936026,buy,0.57,-0.57
KXBTC-26AUG0121-B62850,1785631215578,sell,0.46,0.46
KXBTC-26AUG0121-B62850,1785631425481,sell,0.53,0.53
KXBTC-26AUG0121-B62850,1785631460463,sell,0.59,0.59
KXBTC-26AUG0121-B62850,1785631495663,buy,0.6,-0.6
KXBTC-26AUG0121-B62850,1785631530673,sell,0.44,0.44
KXBTC-26AUG0121-B62850,1785631740196,buy,0.53,-0.53
KXBTC-26AUG0121-B62850,1785631775191,buy,0.43,-0.43
KXBTC-26AUG0121-B62850,1785631880044,buy,0.25,-0.25
KXBTC-26AUG0121-B62850,1785631950231,buy,0.16,-0.16
KXBTC-26AUG0121-B62850,1785631985202,buy,0.08,-0.08
KXBTC-26AUG0121-B62850,1785632230039,sell,0.02,0.02
KXBTC-26AUG0121-B62950,1785629466340,sell,0.24,0.24
KXBTC-26AUG0121-B62950,1785629501278,sell,0.32,0.32
KXBTC-26AUG0121-B62950,1785629676319,buy,0.35,-0.35
KXBTC-26AUG0121-B62950,1785630131387,buy,0.26,-0.26
KXBTC-26AUG0121-B62950,1785630411342,buy,0.2,-0.2
KXBTC-26AUG0121-B62950,1785630901414,buy,0.12,-0.12
KXBTC-26AUG0122-B62850,1785633701377,sell,0.27,0.27
KXBTC-26AUG0122-B62850,1785633736419,sell,0.3,0.3
KXBTC-26AUG0122-B62850,1785633771337,buy,0.35,-0.35
KXBTC-26AUG0122-B62850,1785633806341,sell,0.33,0.33
KXBTC-26AUG0122-B62850,1785633981363,buy,0.34,-0.34
KXBTC-26AUG0122-B62850,1785634156311,sell,0.3,0.3
KXBTC-26AUG0122-B62850,1785634296378,buy,0.31,-0.31
KXBTC-26AUG0122-B62850,1785634366311,buy,0.27,-0.27
KXBTC-26AUG0122-B62850,1785634401932,buy,0.23,-0.23
KXBTC-26AUG0122-B62850,1785634471375,sell,0.21,0.21
KXBTC-26AUG0122-B62850,1785634506960,buy,0.25,-0.25
KXBTC-26AUG0122-B62850,1785634961188,buy,0.11,-0.11
KXBTC-26AUG0122-B62850,1785635136197,sell,0.09,0.09
KXBTC-26AUG0122-B62850,1785635171059,buy,0.12,-0.12
KXBTC-26AUG0122-B62850,1785635310916,buy,0.1,-0.1
KXBTC-26AUG0122-B62850,1785635381145,sell,0.09,0.09
KXBTC-26AUG0122-B62850,1785635640300,buy,0.1,-0.1
KXBTC-26AUG0122-B62950,1785633071396,sell,0.27,-0.73
KXBTC-26AUG0122-B62950,1785633211352,sell,0.32,-0.6799999999999999
KXBTC-26AUG0122-B62950,1785633246396,sell,0.35,-0.65
KXBTC-26AUG0122-B62950,1785633281429,sell,0.4,-0.6
KXBTC-26AUG0122-B62950,1785633316468,buy,0.43,0.5700000000000001
KXBTC-26AUG0122-B62950,1785633596390,sell,0.39,-0.61
KXBTC-26AUG0122-B62950,1785633735849,buy,0.46,0.54
KXBTC-26AUG0122-B62950,1785634400787,sell,0.59,-0.41000000000000003
KXBTC-26AUG0122-B62950,1785634435197,sell,0.62,-0.38
KXBTC-26AUG0122-B62950,1785634470210,buy,0.63,0.37
KXBTC-26AUG0122-B62950,1785634505739,sell,0.62,-0.38
KXBTC-26AUG0122-B62950,1785635380244,buy,0.87,0.13
KXBTC-26AUG0122-B62950,1785635640013,sell,0.87,-0.13
KXBTC-26AUG0122-B62950,1785635690345,buy,0.94,0.06000000000000005
KXBTC-26AUG0122-B62950,1785635740281,sell,0.93,-0.06999999999999995
KXBTC-26AUG0122-B63050,1785633737027,buy,0.13,-0.13
KXBTC-26AUG0122-B63050,1785634507608,sell,0.11,0.11
KXBTC-26AUG0122-B63050,1785634542392,sell,0.16,0.16
KXBTC-26AUG0122-B63050,1785635136926,buy,0.11,-0.11
KXBTC-26AUG0123-B63150,1785636553110,sell,0.08,0.08
KXBTC-26AUG0123-B63150,1785637064187,sell,0.08,0.08
KXBTC-26AUG0123-B63150,1785637113055,buy,0.09,-0.09
KXBTC-26AUG0123-B63150,1785638492515,sell,0.08,0.08
KXBTC-26AUG0123-B63250,1785636554601,sell,0.12,0.12
KXBTC-26AUG0123-B63250,1785637065656,sell,0.16,0.16
KXBTC-26AUG0123-B63250,1785637114748,buy,0.18,-0.18
KXBTC-26AUG0123-B63250,1785637215145,buy,0.12,-0.12
KXBTC-26AUG0123-B63250,1785637364872,sell,0.14,0.14
KXBTC-26AUG0123-B63250,1785637464685,buy,0.12,-0.12
KXBTC-26AUG0123-B63250,1785637565286,sell,0.12,0.12
KXBTC-26AUG0123-B63250,1785637944111,sell,0.18,0.18
KXBTC-26AUG0123-B63250,1785637993633,buy,0.19,-0.19
KXBTC-26AUG0123-B63250,1785638293635,sell,0.25,0.25
KXBTC-26AUG0123-B63250,1785638492821,sell,0.33,0.33
KXBTC-26AUG0123-B63250,1785638642893,buy,0.38,-0.38
KXBTC-26AUG0123-B63250,1785638792874,sell,0.36,0.36
KXBTC-26AUG0123-B63250,1785638893007,buy,0.42,-0.42
KXBTC-26AUG0123-B63250,1785638943047,buy,0.3,-0.3
KXBTC-26AUG0123-B63250,1785639042507,sell,0.09,0.09
KXBTC-26AUG0123-B63250,1785639192473,buy,0.1,-0.1
KXBTC-26AUG0123-B63350,1785636554450,sell,0.17,-0.83
KXBTC-26AUG0123-B63350,1785637214998,buy,0.22,0.78
KXBTC-26AUG0123-B63350,1785637464541,buy,0.25,0.75
KXBTC-26AUG0123-B63350,1785638393991,sell,0.4,-0.6
KXBTC-26AUG0123-B63350,1785638493976,buy,0.41,0.5900000000000001
KXBTC-26AUG0123-B63350,1785638644144,sell,0.36,-0.64
KXBTC-26AUG0123-B63350,1785638794057,buy,0.43,0.5700000000000001
KXBTC-26AUG0123-B63350,1785638894208,sell,0.38,-0.62
KXBTC-26AUG0123-B63350,1785638994166,sell,0.51,-0.49
KXBTC-26AUG0123-B63350,1785639042648,sell,0.58,-0.42000000000000004
KXBTC-26AUG0123-B63350,1785639092545,sell,0.68,-0.31999999999999995
KXBTC-26AUG0123-B63350,1785639292440,buy,0.67,0.32999999999999996
KXBTC-26AUG0123-B63350,1785639342862,sell,0.41,-0.5900000000000001
KXBTC-26AUG0123-B63350,1785639392660,sell,0.63,-0.37
KXBTC-26AUG0123-B63350,1785639442486,sell,0.73,-0.27
KXBTC-26AUG0123-B63450,1785638493835,buy,0.11,-0.11
KXBTC-26AUG0123-B63450,1785638643983,sell,0.08,0.08
KXBTC-26AUG0123-B63450,1785638744117,buy,0.12,-0.12
KXBTC-26AUG0123-B63450,1785638793912,buy,0.08,-0.08
KXBTC-26AUG0123-B63450,1785638944127,sell,0.12,0.12
KXBTC-26AUG0123-B63450,1785639043003,buy,0.26,-0.26
KXBTC-26AUG0123-B63450,1785639092843,buy,0.13,-0.13
KXBTC-26AUG0123-B63450,1785639192919,sell,0.1,0.1
KXBTC-26AUG0123-B63450,1785639292728,sell,0.28,0.28
KXBTC-26AUG0123-B63450,1785639343172,buy,0.56,-0.56
KXBTC-26AUG0123-B63550,1785637944879,buy,0.1,-0.1
KXBTC-26AUG0123-B63550,1785637994365,sell,0.09,0.09
KXBTC-26AUG0200-B63350,1785640884562,buy,0.35,0.65
KXBTC-26AUG0200-B63350,1785641084590,sell,0.23,-0.77
KXBTC-26AUG0200-B63350,1785641234500,sell,0.29,-0.71
KXBTC-26AUG0200-B63350,1785641284896,sell,0.35,-0.65
KXBTC-26AUG0200-B63350,1785641334348,sell,0.39,-0.61
KXBTC-26AUG0200-B63350,1785641384479,sell,0.43,-0.5700000000000001
KXBTC-26AUG0200-B63350,1785641434772,buy,0.44,0.56
KXBTC-26AUG0200-B63350,1785641683447,sell,0.4,-0.6
KXBTC-26AUG0200-B63350,1785641733542,buy,0.44,0.56
KXBTC-26AUG0200-B63350,1785641783593,buy,0.4,0.6
KXBTC-26AUG0200-B63350,1785641833640,sell,0.32,-0.6799999999999999
KXBTC-26AUG0200-B63350,1785641883441,buy,0.36,0.64
KXBTC-26AUG0200-B63350,1785641983751,sell,0.34,-0.6599999999999999
KXBTC-26AUG0200-B63350,1785642033749,buy,0.36,0.64
KXBTC-26AUG0200-B63350,1785642183606,buy,0.32,0.6799999999999999
KXBTC-26AUG0200-B63350,1785642233551,buy,0.3,0.7
KXBTC-26AUG0200-B63350,1785642383715,buy,0.22,0.78
KXBTC-26AUG0200-B63350,1785642483586,buy,0.17,0.83
KXBTC-26AUG0200-B63350,1785642533504,buy,0.15,0.85
KXBTC-26AUG0200-B63350,1785642583636,sell,0.14,-0.86
KXBTC-26AUG0200-B63350,1785642633693,sell,0.34,-0.6599999999999999
KXBTC-26AUG0200-B63350,1785642683819,buy,0.5,0.5
KXBTC-26AUG0200-B63350,1785642733764,sell,0.46,-0.54
KXBTC-26AUG0200-B63350,1785642833547,sell,0.67,-0.32999999999999996
KXBTC-26AUG0200-B63350,1785642883442,buy,0.78,0.21999999999999997
KXBTC-26AUG0200-B63350,1785642983504,sell,0.79,-0.20999999999999996
KXBTC-26AUG0200-B63350,1785643033639,sell,0.87,-0.13
KXBTC-26AUG0200-B63450,1785640353049,buy,0.19,-0.19
KXBTC-26AUG0200-B63450,1785640781376,sell,0.18,0.18
KXBTC-26AUG0200-B63450,1785641535556,sell,0.29,0.29
KXBTC-26AUG0200-B63450,1785641685175,buy,0.38,-0.38
KXBTC-26AUG0200-B63450,1785641735317,sell,0.37,0.37
KXBTC-26AUG0200-B63450,1785641785355,sell,0.42,0.42
KXBTC-26AUG0200-B63450,1785641985538,buy,0.51,-0.51
KXBTC-26AUG0200-B63450,1785642234733,sell,0.57,0.57
KXBTC-26AUG0200-B63450,1785642284760,sell,0.62,0.62
KXBTC-26AUG0200-B63450,1785642584790,buy,0.74,-0.74
KXBTC-26AUG0200-B63450,1785642634903,buy,0.59,-0.59
KXBTC-26AUG0200-B63450,1785642684958,sell,0.42,0.42
KXBTC-26AUG0200-B63450,1785642734947,buy,0.45,-0.45
KXBTC-26AUG0200-B63450,1785642784967,buy,0.31,-0.31
KXBTC-26AUG0200-B63450,1785642833850,buy,0.27,-0.27
KXBTC-26AUG0200-B63450,1785642883763,sell,0.14,0.14
KXBTC-26AUG0200-B63450,1785642933901,buy,0.21,-0.21
KXBTC-26AUG0200-B63450,1785642983798,buy,0.18,-0.18
KXBTC-26AUG0200-B63450,1785643033939,buy,0.11,-0.11
KXBTC-26AUG0200-B63450,1785643133646,buy,0.06,-0.06
KXBTC-26AUG0200-B63550,1785640781521,sell,0.05,0.05
KXBTC-26AUG0200-B63550,1785642585232,buy,0.04,-0.04
KXBTC-26AUG0201-B63350,1785643849321,buy,0.2,-0.2
KXBTC-26AUG0201-B63350,1785644002492,buy,0.17,-0.17
KXBTC-26AUG0201-B63350,1785644455946,buy,0.14,-0.14
KXBTC-26AUG0201-B63350,1785644607341,sell,0.1,0.1
KXBTC-26AUG0201-B63350,1785645505617,buy,0.09,-0.09
KXBTC-26AUG0201-B63450,1785644001479,buy,0.38,-0.38
KXBTC-26AUG0201-B63450,1785644455219,buy,0.46,-0.46
KXBTC-26AUG0201-B63450,1785644606621,sell,0.42,0.42
KXBTC-26AUG0201-B63450,1785644755204,buy,0.45,-0.45
KXBTC-26AUG0201-B63450,1785645104875,sell,0.51,0.51
KXBTC-26AUG0201-B63450,1785645155109,buy,0.52,-0.52
KXBTC-26AUG0201-B63450,1785645454909,sell,0.56,0.56
KXBTC-26AUG0201-B63450,1785645655000,sell,0.66,0.66
KXBTC-26AUG0201-B63450,1785645704873,sell,0.68,0.68
KXBTC-26AUG0201-B63450,1785646066274,sell,0.74,0.74
KXBTC-26AUG0201-B63450,1785646166227,sell,0.78,0.78
KXBTC-26AUG0201-B63450,1785646216454,buy,0.81,-0.81
KXBTC-26AUG0201-B63450,1785646267410,buy,0.71,-0.71
KXBTC-26AUG0201-B63450,1785646316321,buy,0.62,-0.62
KXBTC-26AUG0201-B63450,1785646466319,sell,0.58,0.58
KXBTC-26AUG0201-B63450,1785646516613,buy,0.64,-0.64
KXBTC-26AUG0201-B63450,1785646616366,buy,0.47,-0.47
KXBTC-26AUG0201-B63450,1785646666191,buy,0.05,-0.05
KXBTC-26AUG0201-B63550,1785644153458,buy,0.31,0.69
KXBTC-26AUG0201-B63550,1785644253640,buy,0.27,0.73
KXBTC-26AUG0201-B63550,1785644455801,sell,0.29,-0.71
KXBTC-26AUG0201-B63550,1785644607194,buy,0.38,0.62
KXBTC-26AUG0201-B63550,1785644906181,buy,0.38,0.62
KXBTC-26AUG0201-B63550,1785645105903,buy,0.31,0.69
KXBTC-26AUG0201-B63550,1785645156103,sell,0.28,-0.72
KXBTC-26AUG0201-B63550,1785645306528,buy,0.37,0.63
KXBTC-26AUG0201-B63550,1785645455785,buy,0.33,0.6699999999999999
KXBTC-26AUG0201-B63550,1785645556037,sell,0.18,-0.8200000000000001
KXBTC-26AUG0201-B63550,1785646067808,buy,0.19,0.81
KXBTC-26AUG0201-B63550,1785646217980,sell,0.14,-0.86
KXBTC-26AUG0201-B63550,1785646268971,sell,0.32,-0.6799999999999999
KXBTC-26AUG0201-B63550,1785646467723,buy,0.39,0.61
KXBTC-26AUG0201-B63550,1785646518197,sell,0.34,-0.6599999999999999
KXBTC-26AUG0201-B63550,1785646567939,sell,0.43,-0.5700000000000001
KXBTC-26AUG0201-B63550,1785646617800,sell,0.52,-0.48
KXBTC-26AUG0202-B63250,1785647736636,sell,0.09,0.09
KXBTC-26AUG0202-B63250,1785649889012,buy,0.05,-0.05
KXBTC-26AUG0202-B63350,1785648738375,sell,0.31,-0.69
KXBTC-26AUG0202-B63350,1785648838201,buy,0.36,0.64
KXBTC-26AUG0202-B63350,1785648888126,sell,0.24,-0.76
KXBTC-26AUG0202-B63350,1785648938130,sell,0.31,-0.69
KXBTC-26AUG0202-B63350,1785649038102,buy,0.49,0.51
KXBTC-26AUG0202-B63350,1785649088230,sell,0.46,-0.54
KXBTC-26AUG0202-B63350,1785649138236,sell,0.51,-0.49
KXBTC-26AUG0202-B63350,1785649237556,buy,0.51,0.49
KXBTC-26AUG0202-B63350,1785649337220,sell,0.56,-0.43999999999999995
KXBTC-26AUG0202-B63350,1785649537690,sell,0.65,-0.35
KXBTC-26AUG0202-B63350,1785649887375,buy,0.75,0.25
KXBTC-26AUG0202-B63350,1785649936757,buy,0.7,0.30000000000000004
KXBTC-26AUG0202-B63350,1785650336647,sell,0.88,-0.12
KXBTC-26AUG0202-B63450,1785647734719,buy,0.38,-0.38
KXBTC-26AUG0202-B63450,1785647888359,sell,0.39,0.39
KXBTC-26AUG0202-B63450,1785648087431,sell,0.47,0.47
KXBTC-26AUG0202-B63450,1785648137264,buy,0.48,-0.48
KXBTC-26AUG0202-B63450,1785648586791,buy,0.48,-0.48
KXBTC-26AUG0202-B63450,1785648636911,sell,0.45,0.45
KXBTC-26AUG0202-B63450,1785648736841,buy,0.5,-0.5
KXBTC-26AUG0202-B63450,1785648836695,sell,0.45,0.45
KXBTC-26AUG0202-B63450,1785648886680,buy,0.55,-0.55
KXBTC-26AUG0202-B63450,1785648936657,buy,0.51,-0.51
KXBTC-26AUG0202-B63450,1785648986813,buy,0.31,-0.31
KXBTC-26AUG0202-B63450,1785649036673,sell,0.3,0.3
KXBTC-26AUG0202-B63450,1785649086751,buy,0.39,-0.39
KXBTC-26AUG0202-B63450,1785649136837,buy,0.33,-0.33
KXBTC-26AUG0202-B63450,1785649236943,sell,0.33,0.33
KXBTC-26AUG0202-B63450,1785649286866,buy,0.37,-0.37
KXBTC-26AUG0202-B63450,1785649336656,buy,0.32,-0.32
KXBTC-26AUG0202-B63450,1785649587096,sell,0.19,0.19
KXBTC-26AUG0202-B63450,1785649736719,buy,0.18,-0.18
KXBTC-26AUG0202-B63450,1785649887225,sell,0.18,0.18
KXBTC-26AUG0202-B63450,1785649936612,sell,0.24,0.24
KXBTC-26AUG0202-B63550,1785647736028,buy,0.12,-0.12
KXBTC-26AUG0202-B63550,1785648338163,sell,0.12,0.12
KXBTC-26AUG0202-B63550,1785648387931,buy,0.13,-0.13
KXBTC-26AUG0203-B63350,1785650597209,buy,0.42,-0.42
KXBTC-26AUG0203-B63350,1785650752360,buy,0.38,-0.38
KXBTC-26AUG0203-B63350,1785650803160,sell,0.3,0.3
KXBTC-26AUG0203-B63350,1785650854119,sell,0.33,0.33
KXBTC-26AUG0203-B63350,1785650957292,sell,0.41,0.41
KXBTC-26AUG0203-B63350,1785651009697,sell,0.44,0.44
KXBTC-26AUG0203-B63350,1785651063022,sell,0.46,0.46
KXBTC-26AUG0203-B63350,1785651434552,sell,0.5,0.5
KXBTC-26AUG0203-B63350,1785651641388,buy,0.53,-0.53
KXBTC-26AUG0203-B63350,1785651693130,buy,0.5,-0.5
KXBTC-26AUG0203-B63350,1785651742863,sell,0.47,0.47
KXBTC-26AUG0203-B63350,1785651842892,buy,0.49,-0.49
KXBTC-26AUG0203-B63350,1785651943025,buy,0.45,-0.45
KXBTC-26AUG0203-B63350,1785652092942,buy,0.33,-0.33
KXBTC-26AUG0203-B63350,1785652243366,buy,0.26,-0.26
KXBTC-26AUG0203-B63350,1785652342931,sell,0.23,0.23
KXBTC-26AUG0203-B63350,1785652442610,buy,0.39,-0.39
KXBTC-26AUG0203-B63350,1785652543028,buy,0.32,-0.32
KXBTC-26AUG0203-B63350,1785652792656,sell,0.3,0.3
KXBTC-26AUG0203-B63350,1785652842933,buy,0.44,-0.44
KXBTC-26AUG0203-B63350,1785652893094,buy,0.42,-0.42
KXBTC-26AUG0203-B63350,1785653091441,buy,0.21,-0.21
KXBTC-26AUG0203-B63350,1785653141937,sell,0.13,0.13
KXBTC-26AUG0203-B63350,1785653191877,buy,0.16,-0.16
KXBTC-26AUG0203-B63350,1785653291837,buy,0.15,-0.15
KXBTC-26AUG0203-B63450,1785651329808,buy,0.31,0.69
KXBTC-26AUG0203-B63450,1785651382213,sell,0.3,-0.7
KXBTC-26AUG0203-B63450,1785651434707,buy,0.32,0.6799999999999999
KXBTC-26AUG0203-B63450,1785651641530,sell,0.29,-0.71
KXBTC-26AUG0203-B63450,1785651693281,sell,0.37,-0.63
KXBTC-26AUG0203-B63450,1785651743007,buy,0.39,0.61
KXBTC-26AUG0203-B63450,1785651943182,sell,0.38,-0.62
KXBTC-26AUG0203-B63450,1785651993225,sell,0.53,-0.47
KXBTC-26AUG0203-B63450,1785652093087,sell,0.57,-0.43000000000000005
KXBTC-26AUG0203-B63450,1785652343076,buy,0.61,0.39
KXBTC-26AUG0203-B63450,1785652392950,buy,0.48,0.52
KXBTC-26AUG0203-B63450,1785652443054,sell,0.47,-0.53
KXBTC-26AUG0203-B63450,1785652543679,sell,0.55,-0.44999999999999996
KXBTC-26AUG0203-B63450,1785652793086,buy,0.6,0.4
KXBTC-26AUG0203-B63450,1785652893547,sell,0.5,-0.5
KXBTC-26AUG0203-B63450,1785652992877,buy,0.71,0.29000000000000004
KXBTC-26AUG0203-B63450,1785653041830,sell,0.68,-0.31999999999999995
KXBTC-26AUG0203-B63450,1785653091586,sell,0.7,-0.30000000000000004
KXBTC-26AUG0203-B63450,1785653142122,buy,0.78,0.21999999999999997
KXBTC-26AUG0203-B63450,1785653691527,sell,0.94,-0.06000000000000005
KXBTC-26AUG0204-B63350,1785655520633,sell,0.25,0.25
KXBTC-26AUG0204-B63350,1785656270409,buy,0.2,-0.2
KXBTC-26AUG0204-B63350,1785656770453,sell,0.07,0.07
KXBTC-26AUG0204-B63350,1785656870290,buy,0.17,-0.17
KXBTC-26AUG0204-B63450,1785654449976,buy,0.51,0.49
KXBTC-26AUG0204-B63450,1785655520483,buy,0.64,0.36
KXBTC-26AUG0204-B63450,1785655770284,sell,0.64,-0.36
KXBTC-26AUG0204-B63450,1785656270117,sell,0.73,-0.27
KXBTC-26AUG0204-B63450,1785656869139,sell,0.76,-0.24
KXBTC-26AUG0204-B63550,1785656819029,buy,0.07,-0.07
KXBTC-26AUG0205-B63150,1785660696330,sell,0.76,-0.24
KXBTC-26AUG0205-B63150,1785660846548,sell,0.84,-0.16000000000000003
KXBTC-26AUG0205-B63150,1785660896788,sell,0.87,-0.13
KXBTC-26AUG0205-B63150,1785660946600,sell,0.92,-0.07999999999999996
KXBTC-26AUG0205-B63250,1785659996008,sell,0.06,0.06
KXBTC-26AUG0205-B63250,1785660046365,sell,0.34,0.34
KXBTC-26AUG0205-B63250,1785660145925,sell,0.36,0.36
KXBTC-26AUG0205-B63250,1785660246027,buy,0.48,-0.48
KXBTC-26AUG0205-B63250,1785660296242,buy,0.4,-0.4
KXBTC-26AUG0205-B63250,1785660396178,sell,0.3,0.3
KXBTC-26AUG0205-B63250,1785660446057,buy,0.33,-0.33
KXBTC-26AUG0205-B63250,1785660495995,buy,0.28,-0.28
KXBTC-26AUG0205-B63250,1785660695242,buy,0.15,-0.15
KXBTC-26AUG0205-B63350,1785658177014,buy,0.18,-0.18
KXBTC-26AUG0205-B63350,1785658282480,buy,0.14,-0.14
KXBTC-26AUG0205-B63350,1785658385221,sell,0.14,0.14
KXBTC-26AUG0205-B63350,1785658436344,sell,0.19,0.19
KXBTC-26AUG0205-B63350,1785658646717,sell,0.25,0.25
KXBTC-26AUG0205-B63350,1785659345677,sell,0.28,0.28
KXBTC-26AUG0205-B63350,1785659595535,buy,0.6,-0.6
KXBTC-26AUG0205-B63350,1785659745584,buy,0.42,-0.42
KXBTC-26AUG0205-B63350,1785659895500,buy,0.35,-0.35
KXBTC-26AUG0205-B63350,1785659945897,buy,0.3,-0.3
KXBTC-26AUG0205-B63350,1785659995231,buy,0.12,-0.12
KXBTC-26AUG0205-B63450,1785659345829,buy,0.58,-0.58
KXBTC-26AUG0205-B63450,1785659595677,buy,0.11,-0.11
KXBTC-26AUG0205-B63550,1785658281569,sell,0.19,0.19
KXBTC-26AUG0205-B63550,1785658333186,buy,0.22,-0.22
KXBTC-26AUG0205-B63550,1785658487654,buy,0.13,-0.13
KXBTC-26AUG0205-B63550,1785658696019,buy,0.11,-0.11
KXBTC-26AUG0205-B63550,1785659245655,buy,0.04,-0.04
KXBTC-26AUG0206-B63050,1785662584114,buy,0.09,-0.09
KXBTC-26AUG0206-B63050,1785663083969,buy,0.08,-0.08
KXBTC-26AUG0206-B63150,1785661902218,buy,0.37,-0.37
KXBTC-26AUG0206-B63150,1785662271789,buy,0.37,-0.37
KXBTC-26AUG0206-B63150,1785662324750,sell,0.33,0.33
KXBTC-26AUG0206-B63150,1785662432436,sell,0.39,0.39
KXBTC-26AUG0206-B63150,1785663133503,buy,0.41,-0.41
KXBTC-26AUG0206-B63150,1785663233347,buy,0.19,-0.19
KXBTC-26AUG0206-B63150,1785663333780,sell,0.18,0.18
KXBTC-26AUG0206-B63150,1785663583428,sell,0.22,0.22
KXBTC-26AUG0206-B63150,1785663683428,sell,0.32,0.32
KXBTC-26AUG0206-B63150,1785663733349,buy,0.36,-0.36
KXBTC-26AUG0206-B63150,1785663882504,sell,0.3,0.3
KXBTC-26AUG0206-B63150,1785663933122,buy,0.4,-0.4
KXBTC-26AUG0206-B63150,1785663982911,buy,0.38,-0.38
KXBTC-26AUG0206-B63150,1785664032997,buy,0.31,-0.31
KXBTC-26AUG0206-B63150,1785664083010,sell,0.28,0.28
KXBTC-26AUG0206-B63150,1785664132604,buy,0.38,-0.38
KXBTC-26AUG0206-B63150,1785664182724,sell,0.29,0.29
KXBTC-26AUG0206-B63150,1785664232976,sell,0.33,0.33
KXBTC-26AUG0206-B63150,1785664332964,sell,0.43,0.43
KXBTC-26AUG0206-B63150,1785664432279,buy,0.46,-0.46
KXBTC-26AUG0206-B63150,1785664482215,buy,0.36,-0.36
KXBTC-26AUG0206-B63150,1785664732249,buy,0.09,-0.09
KXBTC-26AUG0206-B63250,1785661902358,sell,0.35,-0.65
KXBTC-26AUG0206-B63250,1785662271937,sell,0.4,-0.6
KXBTC-26AUG0206-B63250,1785662324924,buy,0.41,0.5900000000000001
KXBTC-26AUG0206-B63250,1785663784068,sell,0.36,-0.64
KXBTC-26AUG0206-B63250,1785663883832,buy,0.57,0.43000000000000005
KXBTC-26AUG0206-B63250,1785663984252,sell,0.53,-0.47
KXBTC-26AUG0206-B63250,1785664034292,sell,0.6,-0.4
KXBTC-26AUG0206-B63250,1785664084412,buy,0.61,0.39
KXBTC-26AUG0206-B63250,1785664133965,sell,0.55,-0.44999999999999996
KXBTC-26AUG0206-B63250,1785664234336,buy,0.57,0.43000000000000005
KXBTC-26AUG0206-B63250,1785664284169,sell,0.51,-0.49
KXBTC-26AUG0206-B63250,1785664334341,buy,0.52,0.48
KXBTC-26AUG0206-B63250,1785664433456,sell,0.48,-0.52
KXBTC-26AUG0206-B63250,1785664483424,sell,0.58,-0.42000000000000004
KXBTC-26AUG0206-B63250,1785664633555,sell,0.79,-0.20999999999999996
KXBTC-26AUG0207-B63050,1785665785035,buy,0.21,-0.21
KXBTC-26AUG0207-B63050,1785666054708,sell,0.08,0.08
KXBTC-26AUG0207-B63050,1785666216418,sell,0.18,0.18
KXBTC-26AUG0207-B63050,1785666270685,sell,0.33,0.33
KXBTC-26AUG0207-B63050,1785666323372,buy,0.4,-0.4
KXBTC-26AUG0207-B63050,1785666372891,sell,0.39,0.39
KXBTC-26AUG0207-B63050,1785666772738,buy,0.41,-0.41
KXBTC-26AUG0207-B63050,1785666873023,buy,0.28,-0.28
KXBTC-26AUG0207-B63050,1785666922971,sell,0.24,0.24
KXBTC-26AUG0207-B63050,1785666972702,buy,0.26,-0.26
KXBTC-26AUG0207-B63050,1785667022844,sell,0.18,0.18
KXBTC-26AUG0207-B63050,1785667072616,buy,0.2,-0.2
KXBTC-26AUG0207-B63050,1785667172516,buy,0.13,-0.13
KXBTC-26AUG0207-B63150,1785665142031,buy,0.42,0.5800000000000001
KXBTC-26AUG0207-B63150,1785665249067,sell,0.4,-0.6
KXBTC-26AUG0207-B63150,1785665464101,sell,0.47,-0.53
KXBTC-26AUG0207-B63150,1785665786376,buy,0.51,0.49
KXBTC-26AUG0207-B63150,1785665946363,buy,0.39,0.61
KXBTC-26AUG0207-B63150,1785666055974,sell,0.36,-0.64
KXBTC-26AUG0207-B63150,1785666217694,buy,0.49,0.51
KXBTC-26AUG0207-B63150,1785666271926,buy,0.43,0.5700000000000001
KXBTC-26AUG0207-B63150,1785666374395,buy,0.34,0.6599999999999999
KXBTC-26AUG0207-B63150,1785666624329,sell,0.35,-0.65
KXBTC-26AUG0207-B63150,1785666774096,sell,0.4,-0.6
KXBTC-26AUG0207-B63150,1785666824251,sell,0.49,-0.51
KXBTC-26AUG0207-B63150,1785666874380,sell,0.53,-0.47
KXBTC-26AUG0207-B63150,1785666974019,sell,0.56,-0.43999999999999995
KXBTC-26AUG0207-B63150,1785667423939,sell,0.72,-0.28
KXBTC-26AUG0207-B63250,1785665141883,sell,0.31,0.31
KXBTC-26AUG0207-B63250,1785665248898,buy,0.36,-0.36
KXBTC-26AUG0207-B63250,1785665463964,buy,0.3,-0.3
KXBTC-26AUG0207-B63250,1785665786219,sell,0.18,0.18
KXBTC-26AUG0207-B63250,1785665839869,sell,0.38,0.38
KXBTC-26AUG0207-B63250,1785665946200,sell,0.4,0.4
KXBTC-26AUG0207-B63250,1785666055826,buy,0.43,-0.43
KXBTC-26AUG0207-B63250,1785666163814,buy,0.27,-0.27
KXBTC-26AUG0207-B63250,1785666217556,buy,0.23,-0.23
KXBTC-26AUG0207-B63250,1785666271786,buy,0.11,-0.11
KXBTC-26AUG0207-B63250,1785666924260,buy,0.12,-0.12
KXBTC-26AUG0207-B63250,1785666974543,sell,0.1,0.1
KXBTC-26AUG0207-B63250,1785667174351,sell,0.13,0.13
KXBTC-26AUG0208-B62950,1785671458747,buy,0.08,0.92
KXBTC-26AUG0208-B62950,1785671608591,sell,0.05,-0.95
KXBTC-26AUG0208-B62950,1785671658774,sell,0.18,-0.8200000000000001
KXBTC-26AUG0208-B62950,1785671758341,sell,0.4,-0.6
KXBTC-26AUG0208-B62950,1785671808766,sell,0.44,-0.56
KXBTC-26AUG0208-B62950,1785671858583,sell,0.79,-0.20999999999999996
KXBTC-26AUG0208-B62950,1785671908531,sell,0.91,-0.08999999999999997
KXBTC-26AUG0208-B63050,1785670808511,buy,0.4,-0.4
KXBTC-26AUG0208-B63050,1785670858267,sell,0.35,0.35
KXBTC-26AUG0208-B63050,1785670908120,buy,0.4,-0.4
KXBTC-26AUG0208-B63050,1785670958289,sell,0.39,0.39
KXBTC-26AUG0208-B63050,1785671008132,sell,0.46,0.46
KXBTC-26AUG0208-B63050,1785671058375,sell,0.6,0.6
KXBTC-26AUG0208-B63050,1785671109256,buy,0.61,-0.61
KXBTC-26AUG0208-B63050,1785671158169,buy,0.53,-0.53
KXBTC-26AUG0208-B63050,1785671208085,buy,0.45,-0.45
KXBTC-26AUG0208-B63050,1785671258213,sell,0.41,0.41
KXBTC-26AUG0208-B63050,1785671308140,buy,0.42,-0.42
KXBTC-26AUG0208-B63050,1785671358346,sell,0.35,0.35
KXBTC-26AUG0208-B63050,1785671407873,sell,0.67,0.67
KXBTC-26AUG0208-B63050,1785671457071,buy,0.71,-0.71
KXBTC-26AUG0208-B63050,1785671506897,sell,0.59,0.59
KXBTC-26AUG0208-B63050,1785671557043,buy,0.68,-0.68
KXBTC-26AUG0208-B63050,1785671606938,sell,0.61,0.61
KXBTC-26AUG0208-B63050,1785671657068,buy,0.78,-0.78
KXBTC-26AUG0208-B63050,1785671756742,buy,0.53,-0.53
KXBTC-26AUG0208-B63050,1785671807111,buy,0.46,-0.46
KXBTC-26AUG0208-B63050,1785671856976,buy,0.15,-0.15
KXBTC-26AUG0208-B63150,1785668982002,buy,0.47,-0.47
KXBTC-26AUG0208-B63150,1785669141866,buy,0.4,-0.4
KXBTC-26AUG0208-B63150,1785669299391,sell,0.37,0.37
KXBTC-26AUG0208-B63150,1785669458635,sell,0.48,0.48
KXBTC-26AUG0208-B63150,1785670208805,buy,0.51,-0.51
KXBTC-26AUG0208-B63150,1785670258139,buy,0.46,-0.46
KXBTC-26AUG0208-B63150,1785670408589,sell,0.27,0.27
KXBTC-26AUG0208-B63150,1785670508622,sell,0.33,0.33
KXBTC-26AUG0208-B63150,1785670608192,sell,0.39,0.39
KXBTC-26AUG0208-B63150,1785670658327,buy,0.4,-0.4
KXBTC-26AUG0208-B63150,1785670709274,sell,0.38,0.38
KXBTC-26AUG0208-B63150,1785670757922,buy,0.5,-0.5
KXBTC-26AUG0208-B63150,1785670808205,sell,0.47,0.47
KXBTC-26AUG0208-B63150,1785670857969,buy,0.53,-0.53
KXBTC-26AUG0208-B63150,1785670957980,buy,0.49,-0.49
KXBTC-26AUG0208-B63150,1785671007833,buy,0.42,-0.42
KXBTC-26AUG0208-B63150,1785671058071,buy,0.26,-0.26
KXBTC-26AUG0208-B63150,1785671108922,sell,0.18,0.18
KXBTC-26AUG0208-B63150,1785671157867,sell,0.34,0.34
KXBTC-26AUG0208-B63150,1785671207785,sell,0.44,0.44
KXBTC-26AUG0208-B63150,1785671307849,sell,0.51,0.51
KXBTC-26AUG0208-B63150,1785671358063,buy,0.57,-0.57
KXBTC-26AUG0208-B63150,1785671407716,buy,0.22,-0.22
KXBTC-26AUG0208-B63150,1785671456926,sell,0.15,0.15
KXBTC-26AUG0208-B63150,1785671506758,buy,0.36,-0.36
KXBTC-26AUG0208-B63150,1785671556892,sell,0.28,0.28
KXBTC-26AUG0208-B63150,1785671606789,buy,0.37,-0.37
KXBTC-26AUG0208-B63250,1785668982294,buy,0.12,-0.12
KXBTC-26AUG0208-B63250,1785669458926,sell,0.08,0.08
KXBTC-26AUG0209-B63050,1785673035365,buy,0.31,0.69
KXBTC-26AUG0209-B63050,1785673347680,buy,0.24,0.76
KXBTC-26AUG0209-B63050,1785673497722,sell,0.2,-0.8
KXBTC-26AUG0209-B63050,1785673547886,buy,0.23,0.77
KXBTC-26AUG0209-B63050,1785673597623,sell,0.21,-0.79
KXBTC-26AUG0209-B63050,1785674047330,sell,0.25,-0.75
KXBTC-26AUG0209-B63050,1785674097346,sell,0.29,-0.71
KXBTC-26AUG0209-B63050,1785674147736,buy,0.34,0.6599999999999999
KXBTC-26AUG0209-B63050,1785674197334,buy,0.32,0.6799999999999999
KXBTC-26AUG0209-B63050,1785674297369,sell,0.28,-0.72
KXBTC-26AUG0209-B63050,1785674797565,sell,0.53,-0.47
KXBTC-26AUG0209-B63050,1785674897630,buy,0.52,0.48
KXBTC-26AUG0209-B63050,1785675047809,sell,0.52,-0.48
KXBTC-26AUG0209-B63050,1785675098056,sell,0.64,-0.36
KXBTC-26AUG0209-B63050,1785675147767,sell,0.73,-0.27
KXBTC-26AUG0209-B63050,1785675197118,sell,0.82,-0.18000000000000005
KXBTC-26AUG0209-B63050,1785675296831,buy,0.82,0.18000000000000005
KXBTC-26AUG0209-B63050,1785675347088,sell,0.6,-0.4
KXBTC-26AUG0209-B63050,1785675396947,sell,0.91,-0.08999999999999997
KXBTC-26AUG0209-B63150,1785672717082,sell,0.26,0.26
KXBTC-26AUG0209-B63150,1785672873962,sell,0.29,0.29
KXBTC-26AUG0209-B63150,1785672981700,sell,0.33,0.33
KXBTC-26AUG0209-B63150,1785673087922,buy,0.37,-0.37
KXBTC-26AUG0209-B63150,1785673348136,sell,0.4,0.4
KXBTC-26AUG0209-B63150,1785674097638,buy,0.47,-0.47
KXBTC-26AUG0209-B63150,1785674297681,buy,0.5,-0.5
KXBTC-26AUG0209-B63150,1785674397728,sell,0.29,0.29
KXBTC-26AUG0209-B63150,1785674796921,buy,0.37,-0.37
KXBTC-26AUG0209-B63150,1785674847106,sell,0.34,0.34
KXBTC-26AUG0209-B63150,1785674897051,sell,0.39,0.39
KXBTC-26AUG0209-B63150,1785675047189,buy,0.4,-0.4
KXBTC-26AUG0209-B63150,1785675097472,buy,0.27,-0.27
KXBTC-26AUG0209-B63150,1785675147144,buy,0.2,-0.2
KXBTC-26AUG0209-B63150,1785675196532,buy,0.12,-0.12
KXBTC-26AUG0209-B63150,1785675296264,sell,0.13,0.13
KXBTC-26AUG0209-B63150,1785675346488,buy,0.36,-0.36
KXBTC-26AUG0209-B63250,1785672981855,sell,0.11,0.11
KXBTC-26AUG0209-B63250,1785673088079,sell,0.14,0.14
KXBTC-26AUG0210-B63050,1785677628552,buy,0.55,0.44999999999999996
KXBTC-26AUG0210-B63050,1785677778674,buy,0.5,0.5
KXBTC-26AUG0210-B63050,1785677829101,sell,0.42,-0.5800000000000001
KXBTC-26AUG0210-B63050,1785677878691,buy,0.48,0.52
KXBTC-26AUG0210-B63050,1785677928699,buy,0.41,0.5900000000000001
KXBTC-26AUG0210-B63050,1785677978710,buy,0.3,0.7
KXBTC-26AUG0210-B63050,1785678078876,sell,0.24,-0.76
KXBTC-26AUG0210-B63050,1785678278676,sell,0.55,-0.44999999999999996
KXBTC-26AUG0210-B63050,1785678328836,sell,0.59,-0.41000000000000003
KXBTC-26AUG0210-B63050,1785678378625,sell,0.67,-0.32999999999999996
KXBTC-26AUG0210-B63050,1785678678401,sell,0.79,-0.20999999999999996
KXBTC-26AUG0210-B63050,1785678728688,sell,0.85,-0.15000000000000002
KXBTC-26AUG0210-B63050,1785678928908,sell,0.91,-0.08999999999999997
KXBTC-26AUG0210-B63150,1785676551765,buy,0.23,-0.23
KXBTC-26AUG0210-B63150,1785676605673,buy,0.18,-0.18
KXBTC-26AUG0210-B63150,1785678979092,buy,0.13,-0.13
KXBTC-26AUG0211-B62850,1785680213329,buy,0.08,-0.08
KXBTC-26AUG0211-B62950,1785679735188,sell,0.31,0.31
KXBTC-26AUG0211-B62950,1785680161285,buy,0.24,-0.24
KXBTC-26AUG0211-B63050,1785679683104,sell,0.37,-0.63
KXBTC-26AUG0211-B63050,1785680161107,sell,0.4,-0.6
KXBTC-26AUG0211-B63050,1785680912525,sell,0.47,-0.53
KXBTC-26AUG0211-B63050,1785681412346,buy,0.51,0.49
KXBTC-26AUG0211-B63050,1785681561700,sell,0.5,-0.5
KXBTC-26AUG0211-B63050,1785681861884,buy,0.59,0.41000000000000003
KXBTC-26AUG0211-B63050,1785682012038,sell,0.58,-0.42000000000000004
KXBTC-26AUG0211-B63050,1785682112165,sell,0.68,-0.31999999999999995
KXBTC-26AUG0211-B63050,1785682162010,sell,0.7,-0.30000000000000004
KXBTC-26AUG0211-B63050,1785682412300,buy,0.88,0.12
KXBTC-26AUG0211-B63050,1785682512590,buy,0.73,0.27
KXBTC-26AUG0211-B63050,1785682562345,buy,0.63,0.37
KXBTC-26AUG0211-B63050,1785682611965,sell,0.62,-0.38
KXBTC-26AUG0211-B63050,1785682661950,sell,0.7,-0.30000000000000004
KXBTC-26AUG0211-B63050,1785682711960,sell,0.85,-0.15000000000000002
KXBTC-26AUG0211-B63150,1785680161760,sell,0.15,0.15
KXBTC-26AUG0212-B62950,1785683577066,buy,0.23,-0.23
KXBTC-26AUG0212-B62950,1785683630070,buy,0.19,-0.19
KXBTC-26AUG0212-B62950,1785683736588,sell,0.17,0.17
KXBTC-26AUG0212-B62950,1785683789865,buy,0.23,-0.23
KXBTC-26AUG0212-B62950,1785683842385,sell,0.17,0.17
KXBTC-26AUG0212-B62950,1785683946930,buy,0.22,-0.22
KXBTC-26AUG0212-B63050,1785684700587,sell,0.53,-0.47
KXBTC-26AUG0212-B63050,1785684850622,buy,0.57,0.43000000000000005
KXBTC-26AUG0212-B63050,1785684900408,buy,0.51,0.49
KXBTC-26AUG0212-B63050,1785684950382,sell,0.43,-0.5700000000000001
KXBTC-26AUG0212-B63050,1785685000345,sell,0.53,-0.47
KXBTC-26AUG0212-B63050,1785685250585,sell,0.64,-0.36
KXBTC-26AUG0212-B63050,1785685349721,buy,0.65,0.35
KXBTC-26AUG0212-B63050,1785685499369,sell,0.61,-0.39
KXBTC-26AUG0212-B63050,1785685549770,buy,0.62,0.38
KXBTC-26AUG0212-B63050,1785685699605,sell,0.68,-0.31999999999999995
KXBTC-26AUG0212-B63050,1785685749895,sell,0.71,-0.29000000000000004
KXBTC-26AUG0212-B63050,1785685799499,sell,0.76,-0.24
KXBTC-26AUG0212-B63050,1785685948596,sell,0.85,-0.15000000000000002
KXBTC-26AUG0212-B63150,1785683630227,sell,0.2,0.2
KXBTC-26AUG0212-B63150,1785683736723,buy,0.23,-0.23
KXBTC-26AUG0212-B63150,1785683790004,sell,0.19,0.19
KXBTC-26AUG0212-B63150,1785683842516,buy,0.25,-0.25
KXBTC-26AUG0212-B63150,1785684700296,sell,0.23,0.23
KXBTC-26AUG0212-B63150,1785684800029,sell,0.29,0.29
KXBTC-26AUG0212-B63150,1785684900109,sell,0.42,0.42
KXBTC-26AUG0212-B63150,1785684950086,buy,0.47,-0.47
KXBTC-26AUG0212-B63150,1785685000061,buy,0.38,-0.38
KXBTC-26AUG0212-B63150,1785685250259,buy,0.28,-0.28
KXBTC-26AUG0212-B63150,1785685350233,sell,0.24,0.24
KXBTC-26AUG0212-B63150,1785685499917,buy,0.34,-0.34
KXBTC-26AUG0212-B63150,1785685700173,buy,0.33,-0.33
KXBTC-26AUG0212-B63150,1785685750415,buy,0.23,-0.23
KXBTC-26AUG0212-B63150,1785685799965,buy,0.15,-0.15
KXBTC-26AUG0212-B63150,1785685850007,buy,0.13,-0.13
KXBTC-26AUG0212-B63150,1785685900041,sell,0.1,0.1
KXBTC-26AUG0212-B63150,1785685948907,buy,0.12,-0.12
KXBTC-26AUG0213-B62950,1785686661828,buy,0.31,-0.31
KXBTC-26AUG0213-B62950,1785686720541,sell,0.27,0.27
KXBTC-26AUG0213-B62950,1785686831221,buy,0.25,-0.25
KXBTC-26AUG0213-B62950,1785687325596,sell,0.19,0.19
KXBTC-26AUG0213-B62950,1785687587934,sell,0.26,0.26
KXBTC-26AUG0213-B62950,1785687695291,buy,0.27,-0.27
KXBTC-26AUG0213-B62950,1785687747033,buy,0.18,-0.18
KXBTC-26AUG0213-B63050,1785686661357,sell,0.43,0.43
KXBTC-26AUG0213-B63050,1785686776143,sell,0.45,0.45
KXBTC-26AUG0213-B63050,1785688352103,buy,0.61,-0.61
KXBTC-26AUG0213-B63050,1785688402084,buy,0.44,-0.44
KXBTC-26AUG0213-B63050,1785688452059,sell,0.35,0.35
KXBTC-26AUG0213-B63050,1785688501692,buy,0.4,-0.4
KXBTC-26AUG0213-B63050,1785688752804,buy,0.32,-0.32
KXBTC-26AUG0213-B63050,1785688801921,buy,0.26,-0.26
KXBTC-26AUG0213-B63050,1785688901940,buy,0.2,-0.2
KXBTC-26AUG0213-B63050,1785688951888,buy,0.11,-0.11
KXBTC-26AUG0213-B63050,1785689101266,sell,0.08,0.08
KXBTC-26AUG0213-B63050,1785689201323,sell,0.11,0.11
KXBTC-26AUG0213-B63050,1785689250984,buy,0.13,-0.13
KXBTC-26AUG0213-B63050,1785689301285,sell,0.09,0.09
KXBTC-26AUG0213-B63050,1785689451272,sell,0.12,0.12
KXBTC-26AUG0213-B63050,1785689551348,buy,0.19,-0.19
KXBTC-26AUG0213-B63050,1785689601309,buy,0.16,-0.16
KXBTC-26AUG0213-B63050,1785689750922,buy,0.09,-0.09
KXBTC-26AUG0213-B63150,1785686661594,sell,0.14,-0.86
KXBTC-26AUG0213-B63150,1785686831069,sell,0.18,-0.8200000000000001
KXBTC-26AUG0213-B63150,1785687325741,buy,0.19,0.81
KXBTC-26AUG0213-B63150,1785687431083,buy,0.13,0.87
KXBTC-26AUG0213-B63150,1785687695427,sell,0.12,-0.88
KXBTC-26AUG0213-B63150,1785687801254,sell,0.19,-0.81
KXBTC-26AUG0213-B63150,1785687952871,buy,0.22,0.78
KXBTC-26AUG0213-B63150,1785688002680,buy,0.16,0.84
KXBTC-26AUG0213-B63150,1785688352568,sell,0.23,-0.77
KXBTC-26AUG0213-B63150,1785688402518,sell,0.44,-0.56
KXBTC-26AUG0213-B63150,1785688452514,buy,0.5,0.5
KXBTC-26AUG0213-B63150,1785688502359,sell,0.49,-0.51
KXBTC-26AUG0213-B63150,1785688702589,sell,0.52,-0.48
KXBTC-26AUG0213-B63150,1785688753408,sell,0.56,-0.43999999999999995
KXBTC-26AUG0213-B63150,1785688802677,sell,0.64,-0.36
KXBTC-26AUG0213-B63150,1785688952567,buy,0.65,0.35
KXBTC-26AUG0213-B63150,1785689102280,sell,0.57,-0.43000000000000005
KXBTC-26AUG0213-B63150,1785689452019,buy,0.79,0.20999999999999996
KXBTC-26AUG0213-B63150,1785689701737,sell,0.85,-0.15000000000000002
KXBTC-26AUG0214-B63050,1785690669186,buy,0.41,-0.41
KXBTC-26AUG0214-B63050,1785690721641,buy,0.29,-0.29
KXBTC-26AUG0214-B63150,1785690670435,sell,0.38,0.38
KXBTC-26AUG0214-B63150,1785690775304,buy,0.47,-0.47
KXBTC-26AUG0214-B63150,1785691299027,sell,0.52,0.52
KXBTC-26AUG0214-B63150,1785691506114,buy,0.51,-0.51
KXBTC-26AUG0214-B63150,1785691559349,sell,0.35,0.35
KXBTC-26AUG0214-B63150,1785691611794,buy,0.38,-0.38
KXBTC-26AUG0214-B63150,1785691818824,buy,0.29,-0.29
KXBTC-26AUG0214-B63150,1785692185573,buy,0.27,-0.27
KXBTC-26AUG0214-B63150,1785692500293,buy,0.16,-0.16
KXBTC-26AUG0214-B63150,1785692551988,sell,0.15,0.15
KXBTC-26AUG0214-B63150,1785692683477,buy,0.21,-0.21
KXBTC-26AUG0214-B63150,1785692959573,sell,0.08,0.08
KXBTC-26AUG0214-B63150,1785693012854,buy,0.09,-0.09
KXBTC-26AUG0214-B63250,1785690670129,sell,0.09,-0.91
KXBTC-26AUG0214-B63250,1785690722730,sell,0.14,-0.86
KXBTC-26AUG0214-B63250,1785691664925,sell,0.16,-0.84
KXBTC-26AUG0214-B63250,1785691820593,sell,0.43,-0.5700000000000001
KXBTC-26AUG0214-B63250,1785692187257,sell,0.54,-0.45999999999999996
KXBTC-26AUG0214-B63350,1785692908793,sell,0.03,0.03
KXBTC-26AUG0214-B63350,1785692961345,buy,0.1,-0.1
KXBTC-26AUG0214-B63350,1785693014801,sell,0.07,0.07
KXBTC-26AUG0214-B63350,1785693068011,buy,0.09,-0.09
KXBTC-26AUG0215-B63150,1785694544858,sell,0.23,0.23
KXBTC-26AUG0215-B63150,1785694752615,buy,0.27,-0.27
KXBTC-26AUG0215-B63250,1785695538300,sell,0.6,0.6
KXBTC-26AUG0215-B63250,1785695746174,buy,0.67,-0.67
KXBTC-26AUG0215-B63250,1785695798376,buy,0.52,-0.52
KXBTC-26AUG0215-B63250,1785695850216,sell,0.38,0.38
KXBTC-26AUG0215-B63250,1785695901498,buy,0.49,-0.49
KXBTC-26AUG0215-B63250,1785696007831,buy,0.29,-0.29
KXBTC-26AUG0215-B63250,1785696060704,buy,0.19,-0.19
KXBTC-26AUG0215-B63250,1785696113822,buy,0.1,-0.1
KXBTC-26AUG0215-B63250,1785696217551,sell,0.04,0.04
KXBTC-26AUG0215-B63250,1785696377340,sell,0.11,0.11
KXBTC-26AUG0215-B63250,1785696480377,sell,0.17,0.17
KXBTC-26AUG0215-B63250,1785696532208,buy,0.19,-0.19
KXBTC-26AUG0215-B63250,1785696635768,sell,0.18,0.18
KXBTC-26AUG0215-B63250,1785696687448,buy,0.34,-0.34
KXBTC-26AUG0215-B63250,1785696738746,buy,0.2,-0.2
KXBTC-26AUG0215-B63250,1785696892751,sell,0.12,0.12
KXBTC-26AUG0215-B63250,1785696945455,buy,0.23,-0.23
KXBTC-26AUG0215-B63350,1785694545824,buy,0.18,0.8200000000000001
KXBTC-26AUG0215-B63350,1785694753513,sell,0.13,-0.87
KXBTC-26AUG0215-B63350,1785696061312,sell,0.17,-0.83
KXBTC-26AUG0215-B63350,1785696114426,buy,0.42,0.5800000000000001
KXBTC-26AUG0215-B63350,1785696166733,sell,0.11,-0.89
KXBTC-26AUG0215-B63350,1785696218149,sell,0.14,-0.86
KXBTC-26AUG0215-B63350,1785696270477,sell,0.34,-0.6599999999999999
KXBTC-26AUG0215-B63350,1785696377938,sell,0.37,-0.63
KXBTC-26AUG0215-B63350,1785696480965,sell,0.5,-0.5
KXBTC-26AUG0215-B63350,1785696636361,buy,0.58,0.42000000000000004
KXBTC-26AUG0215-B63350,1785696687603,sell,0.53,-0.47
KXBTC-26AUG0215-B63350,1785696892893,buy,0.82,0.18000000000000005
KXBTC-26AUG0215-B63350,1785696945610,sell,0.77,-0.22999999999999998
KXBTC-26AUG0215-B63450,1785696687881,sell,0.04,0.04
KXBTC-26AUG0216-B63150,1785697998586,sell,0.09,0.09
KXBTC-26AUG0216-B63150,1785698308219,buy,0.09,-0.09
KXBTC-26AUG0216-B63250,1785697995198,sell,0.35,0.35
KXBTC-26AUG0216-B63250,1785698046178,buy,0.36,-0.36
KXBTC-26AUG0216-B63250,1785698096528,sell,0.35,0.35
KXBTC-26AUG0216-B63250,1785698253407,sell,0.38,0.38
KXBTC-26AUG0216-B63250,1785698304702,buy,0.39,-0.39
KXBTC-26AUG0216-B63250,1785698406552,sell,0.4,0.4
KXBTC-26AUG0216-B63250,1785699781866,buy,0.41,-0.41
KXBTC-26AUG0216-B63250,1785699881850,buy,0.3,-0.3
KXBTC-26AUG0216-B63250,1785699933408,buy,0.26,-0.26
KXBTC-26AUG0216-B63250,1785699984158,buy,0.09,-0.09
KXBTC-26AUG0216-B63350,1785697420737,buy,0.33,0.6699999999999999
KXBTC-26AUG0216-B63350,1785697995059,buy,0.36,0.64
KXBTC-26AUG0216-B63350,1785698046038,sell,0.34,-0.6599999999999999
KXBTC-26AUG0216-B63350,1785698096384,buy,0.36,0.64
KXBTC-26AUG0216-B63350,1785698304553,sell,0.32,-0.6799999999999999
KXBTC-26AUG0216-B63350,1785698355457,buy,0.39,0.61
KXBTC-26AUG0216-B63350,1785699781569,sell,0.37,-0.63
KXBTC-26AUG0216-B63350,1785699881558,sell,0.6,-0.4
KXBTC-26AUG0216-B63350,1785699933115,sell,0.64,-0.36
KXBTC-26AUG0216-B63350,1785700085035,sell,0.75,-0.25
KXBTC-26AUG0216-B63350,1785700135166,buy,0.76,0.24
KXBTC-26AUG0216-B63350,1785700185607,buy,0.69,0.31000000000000005
KXBTC-26AUG0216-B63350,1785700237114,buy,0.53,0.47
KXBTC-26AUG0216-B63350,1785700338116,sell,0.46,-0.54
KXBTC-26AUG0216-B63350,1785700387639,buy,0.7,0.30000000000000004
KXBTC-26AUG0216-B63350,1785700437565,sell,0.64,-0.36
KXBTC-26AUG0216-B63350,1785700539696,sell,0.72,-0.28
KXBTC-26AUG0216-B63350,1785700589919,sell,0.84,-0.16000000000000003
KXBTC-26AUG0216-B63350,1785700640037,sell,0.91,-0.08999999999999997
KXBTC-26AUG0216-B63450,1785700388035,sell,0.09,0.09
KXBTC-26AUG0216-B63450,1785700437987,buy,0.34,-0.34
KXBTC-26AUG0216-B63450,1785700540135,buy,0.27,-0.27
KXBTC-26AUG0217-B62375,1785636453091,buy,0.1,-0.1
KXBTC-26AUG0217-B62375,1785695066348,buy,0.04,-0.04
KXBTC-26AUG0217-B62625,1785636451197,buy,0.14,-0.14
KXBTC-26AUG0217-B62625,1785682812634,sell,0.1,0.1
KXBTC-26AUG0217-B62625,1785684798790,buy,0.11,-0.11
KXBTC-26AUG0217-B62625,1785688950624,buy,0.1,-0.1
KXBTC-26AUG0217-B62875,1785636502931,buy,0.16,-0.16
KXBTC-26AUG0217-B62875,1785687533729,sell,0.22,0.22
KXBTC-26AUG0217-B62875,1785689001260,buy,0.25,-0.25
KXBTC-26AUG0217-B62875,1785691504866,buy,0.15,-0.15
KXBTC-26AUG0217-B63125,1785689000821,buy,0.33,-0.33
KXBTC-26AUG0217-B63125,1785690051734,sell,0.32,0.32
KXBTC-26AUG0217-B63125,1785691504352,buy,0.36,-0.36
KXBTC-26AUG0217-B63125,1785692552153,sell,0.34,0.34
KXBTC-26AUG0217-B63125,1785692798859,buy,0.35,-0.35
KXBTC-26AUG0217-B63125,1785692907234,sell,0.3,0.3
KXBTC-26AUG0217-B63125,1785694855793,sell,0.39,0.39
KXBTC-26AUG0217-B63125,1785695064684,buy,0.4,-0.4
KXBTC-26AUG0217-B63125,1785695797150,buy,0.42,-0.42
KXBTC-26AUG0217-B63125,1785695900340,buy,0.27,-0.27
KXBTC-26AUG0217-B63125,1785696060088,buy,0.25,-0.25
KXBTC-26AUG0217-B63125,1785696113199,buy,0.2,-0.2
KXBTC-26AUG0217-B63125,1785696376726,sell,0.16,0.16
KXBTC-26AUG0217-B63125,1785697312621,buy,0.32,-0.32
KXBTC-26AUG0217-B63125,1785697416751,sell,0.31,0.31
KXBTC-26AUG0217-B63125,1785698403801,buy,0.35,-0.35
KXBTC-26AUG0217-B63125,1785699469826,sell,0.35,0.35
KXBTC-26AUG0217-B63125,1785699627743,buy,0.34,-0.34
KXBTC-26AUG0217-B63125,1785699982092,buy,0.26,-0.26
KXBTC-26AUG0217-B63125,1785700993959,sell,0.08,0.08
KXBTC-26AUG0217-B63125,1785701406135,buy,0.14,-0.14
KXBTC-26AUG0217-B63125,1785701510531,sell,0.09,0.09
KXBTC-26AUG0217-B63125,1785701870259,buy,0.11,-0.11
KXBTC-26AUG0217-B63125,1785702328686,sell,0.07,0.07
KXBTC-26AUG0217-B63125,1785702878804,buy,0.1,-0.1
KXBTC-26AUG0217-B63375,1785682612812,buy,0.17,0.83
KXBTC-26AUG0217-B63375,1785684700900,sell,0.14,-0.86
KXBTC-26AUG0217-B63375,1785690825948,sell,0.24,-0.76
KXBTC-26AUG0217-B63375,1785691506265,sell,0.28,-0.72
KXBTC-26AUG0217-B63375,1785691559496,buy,0.33,0.6699999999999999
KXBTC-26AUG0217-B63375,1785692343308,sell,0.3,-0.7
KXBTC-26AUG0217-B63375,1785692687046,sell,0.34,-0.6599999999999999
KXBTC-26AUG0217-B63375,1785692746428,buy,0.35,0.65
KXBTC-26AUG0217-B63375,1785695798067,sell,0.4,-0.6
KXBTC-26AUG0217-B63375,1785695901205,buy,0.46,0.54
KXBTC-26AUG0217-B63375,1785696165989,buy,0.44,0.56
KXBTC-26AUG0217-B63375,1785697417052,buy,0.44,0.56
KXBTC-26AUG0217-B63375,1785699880136,sell,0.57,-0.43000000000000005
KXBTC-26AUG0217-B63375,1785699931678,sell,0.6,-0.4
KXBTC-26AUG0217-B63375,1785700539106,sell,0.62,-0.38
KXBTC-26AUG0217-B63375,1785700842483,sell,0.66,-0.33999999999999997
KXBTC-26AUG0217-B63375,1785700994109,sell,0.73,-0.27
KXBTC-26AUG0217-B63375,1785703628577,buy,0.95,0.050000000000000044
KXBTC-26AUG0217-B63375,1785703878524,sell,0.94,-0.06000000000000005
KXBTC-26AUG0217-B63625,1785636452813,sell,0.11,0.11
KXBTC-26AUG0217-B63625,1785691505330,sell,0.08,0.08
KXBTC-26AUG0217-B63625,1785695901644,sell,0.12,0.12
KXBTC-26AUG0217-B63625,1785696061790,sell,0.2,0.2
KXBTC-26AUG0217-B63625,1785696114901,sell,0.24,0.24
KXBTC-26AUG0217-B63625,1785696218588,buy,0.35,-0.35
KXBTC-26AUG0217-B63625,1785697417952,buy,0.2,-0.2
KXBTC-26AUG0217-B63625,1785700084256,sell,0.11,0.11
KXBTC-26AUG0217-B63625,1785700236392,sell,0.14,0.14
KXBTC-26AUG0217-B63625,1785700843371,buy,0.17,-0.17
KXBTC-26AUG0217-B63625,1785701096928,buy,0.17,-0.17
KXBTC-26AUG0217-B63625,1785701820632,sell,0.15,0.15
KXBTC-26AUG0217-B63625,1785702077346,buy,0.2,-0.2
KXBTC-26AUG0217-B63625,1785702329412,buy,0.1,-0.1
KXBTC-26AUG0217-B63625,1785702829268,sell,0.08,0.08
KXBTC-26AUG0217-B63625,1785703479277,buy,0.08,-0.08
KXBTC-26AUG0217-B63625,1785703579070,buy,0.04,-0.04
KXBTC-26AUG0217-B63625,1785703629152,sell,0.03,0.03
KXBTC-26AUG0217-B63875,1785636452201,sell,0.05,0.05
KXBTC-26AUG0217-B63875,1785696115512,sell,0.02,0.02
KXBTC-26AUG0218-B63350,1785704883176,sell,0.18,0.18
KXBTC-26AUG0218-B63350,1785705339184,buy,0.21,-0.21
KXBTC-26AUG0218-B63350,1785705437718,sell,0.2,0.2
KXBTC-26AUG0218-B63350,1785705687828,buy,0.22,-0.22
KXBTC-26AUG0218-B63350,1785706037758,buy,0.2,-0.2
KXBTC-26AUG0218-B63350,1785706238021,buy,0.16,-0.16
KXBTC-26AUG0218-B63350,1785706287968,sell,0.11,0.11
KXBTC-26AUG0218-B63350,1785706337779,sell,0.15,0.15
KXBTC-26AUG0218-B63350,1785706487821,buy,0.18,-0.18
KXBTC-26AUG0218-B63350,1785706587874,buy,0.16,-0.16
KXBTC-26AUG0218-B63350,1785706687932,sell,0.12,0.12
KXBTC-26AUG0218-B63350,1785706886879,buy,0.19,-0.19
KXBTC-26AUG0218-B63350,1785706986966,buy,0.11,-0.11
KXBTC-26AUG0218-B63450,1785705338040,buy,0.32,-0.32
KXBTC-26AUG0218-B63450,1785705436427,sell,0.33,0.33
KXBTC-26AUG0218-B63450,1785706236538,buy,0.37,-0.37
KXBTC-26AUG0218-B63450,1785706836534,sell,0.45,0.45
KXBTC-26AUG0218-B63450,1785706886448,buy,0.47,-0.47
KXBTC-26AUG0218-B63450,1785706936298,buy,0.41,-0.41
KXBTC-26AUG0218-B63450,1785707436694,sell,0.06,0.06
KXBTC-26AUG0218-B63450,1785707636343,sell,0.11,0.11
KXBTC-26AUG0218-B63450,1785707786562,buy,0.2,-0.2
KXBTC-26AUG0218-B63450,1785707836498,sell,0.16,0.16
KXBTC-26AUG0218-B63550,1785704883637,buy,0.26,0.74
KXBTC-26AUG0218-B63550,1785705339615,sell,0.25,-0.75
KXBTC-26AUG0218-B63550,1785706737575,buy,0.25,0.75
KXBTC-26AUG0218-B63550,1785706887757,sell,0.19,-0.81
KXBTC-26AUG0218-B63550,1785706937639,buy,0.29,0.71
KXBTC-26AUG0218-B63550,1785707037527,sell,0.2,-0.8
KXBTC-26AUG0218-B63550,1785707287963,sell,0.27,-0.73
KXBTC-26AUG0218-B63550,1785707387405,buy,0.32,0.6799999999999999
KXBTC-26AUG0218-B63550,1785707437579,sell,0.3,-0.7
KXBTC-26AUG0218-B63550,1785707537363,sell,0.43,-0.5700000000000001
KXBTC-26AUG0218-B63550,1785707637199,sell,0.6,-0.4
KXBTC-26AUG0218-B63550,1785707837378,buy,0.76,0.24
KXBTC-26AUG0218-B63550,1785707887324,sell,0.71,-0.29000000000000004
KXBTC-26AUG0218-B63550,1785707937198,buy,0.74,0.26
KXBTC-26AUG0218-B63650,1785707337770,sell,0.12,0.12
KXBTC-26AUG0218-B63650,1785707537908,buy,0.42,-0.42
KXBTC-26AUG0218-B63650,1785707637769,buy,0.25,-0.25
KXBTC-26AUG0218-B63750,1785707337918,sell,0.06,0.06
KXBTC-26AUG0218-B63750,1785707538041,buy,0.08,-0.08
KXBTC-26AUG0219-B63350,1785711194705,sell,0.56,-0.43999999999999995
KXBTC-26AUG0219-B63350,1785711294092,sell,0.67,-0.32999999999999996
KXBTC-26AUG0219-B63350,1785711344492,sell,0.8,-0.19999999999999996
KXBTC-26AUG0219-B63350,1785711394415,sell,0.87,-0.13
KXBTC-26AUG0219-B63350,1785711494363,sell,0.96,-0.040000000000000036
KXBTC-26AUG0219-B63450,1785708996007,buy,0.12,-0.12
KXBTC-26AUG0219-B63450,1785709844123,sell,0.16,0.16
KXBTC-26AUG0219-B63450,1785709893862,sell,0.25,0.25
KXBTC-26AUG0219-B63450,1785709993921,sell,0.29,0.29
KXBTC-26AUG0219-B63450,1785710244233,sell,0.28,0.28
KXBTC-26AUG0219-B63450,1785710393912,buy,0.25,-0.25
KXBTC-26AUG0219-B63450,1785710643481,sell,0.28,0.28
KXBTC-26AUG0219-B63450,1785710693359,sell,0.34,0.34
KXBTC-26AUG0219-B63450,1785710943486,sell,0.42,0.42
KXBTC-26AUG0219-B63450,1785710993388,buy,0.43,-0.43
KXBTC-26AUG0219-B63450,1785711243034,buy,0.36,-0.36
KXBTC-26AUG0219-B63450,1785711292654,buy,0.27,-0.27
KXBTC-26AUG0219-B63450,1785711342957,buy,0.13,-0.13
KXBTC-26AUG0219-B63550,1785708643075,buy,0.21,-0.21
KXBTC-26AUG0219-B63550,1785708994954,buy,0.21,-0.21
KXBTC-26AUG0219-B63550,1785709145485,sell,0.21,0.21
KXBTC-26AUG0219-B63550,1785709493770,sell,0.25,0.25
KXBTC-26AUG0219-B63550,1785710043272,buy,0.21,-0.21
KXBTC-26AUG0219-B63550,1785710093285,buy,0.16,-0.16
KXBTC-26AUG0219-B63550,1785710693211,sell,0.09,0.09
KXBTC-26AUG0219-B63550,1785710743281,sell,0.23,0.23
KXBTC-26AUG0219-B63550,1785710793264,sell,0.25,0.25
KXBTC-26AUG0219-B63550,1785710843552,buy,0.27,-0.27
KXBTC-26AUG0219-B63550,1785710893399,buy,0.15,-0.15
KXBTC-26AUG0219-B63550,1785710993241,buy,0.09,-0.09
KXBTC-26AUG0219-B63650,1785709643498,buy,0.21,-0.21
KXBTC-26AUG0219-B63650,1785709892835,buy,0.19,-0.19
KXBTC-26AUG0219-B63650,1785710842826,buy,0.06,-0.06
KXBTC-26AUG0219-B63750,1785709643949,buy,0.12,-0.12
KXBTC-26AUG0220-B63150,1785712616412,buy,0.16,-0.16
KXBTC-26AUG0220-B63150,1785712768574,buy,0.09,-0.09
KXBTC-26AUG0220-B63250,1785712768131,buy,0.22,-0.22
KXBTC-26AUG0220-B63350,1785712767989,buy,0.29,-0.29
KXBTC-26AUG0220-B63350,1785713668903,buy,0.13,-0.13
KXBTC-26AUG0220-B63350,1785713968953,sell,0.12,0.12
KXBTC-26AUG0220-B63350,1785714018952,sell,0.2,0.2
KXBTC-26AUG0220-B63350,1785714218892,buy,0.24,-0.24
KXBTC-26AUG0220-B63350,1785714318922,sell,0.18,0.18
KXBTC-26AUG0220-B63350,1785714418513,buy,0.29,-0.29
KXBTC-26AUG0220-B63350,1785714468467,buy,0.22,-0.22
KXBTC-26AUG0220-B63350,1785714618926,sell,0.17,0.17
KXBTC-26AUG0220-B63350,1785714668758,buy,0.22,-0.22
KXBTC-26AUG0220-B63350,1785714718497,buy,0.11,-0.11
KXBTC-26AUG0220-B63350,1785714968349,buy,0.04,-0.04
KXBTC-26AUG0220-B63450,1785712616568,sell,0.14,-0.86
KXBTC-26AUG0220-B63450,1785712768722,sell,0.2,-0.8
KXBTC-26AUG0220-B63450,1785714319276,sell,0.28,-0.72
KXBTC-26AUG0220-B63450,1785714669041,sell,0.69,-0.31000000000000005
KXBTC-26AUG0220-B63450,1785714818973,buy,0.75,0.25
KXBTC-26AUG0220-B63450,1785714868731,sell,0.72,-0.28
KXBTC-26AUG0220-B63450,1785714919305,sell,0.82,-0.18000000000000005
KXBTC-26AUG0220-B63450,1785715167567,buy,0.94,0.06000000000000005
KXBTC-26AUG0220-B63550,1785714468924,sell,0.15,0.15
KXBTC-26AUG0220-B63550,1785714619405,buy,0.17,-0.17
KXBTC-26AUG0220-B63550,1785714669195,sell,0.1,0.1
KXBTC-26AUG0220-B63550,1785714718921,sell,0.16,0.16
KXBTC-26AUG0220-B63550,1785714819120,sell,0.19,0.19
KXBTC-26AUG0220-B63550,1785714868914,buy,0.25,-0.25
KXBTC-26AUG0220-B63550,1785714919454,buy,0.12,-0.12
KXBTC-26AUG0220-B63550,1785715068597,buy,0.03,-0.03
KXBTC-26AUG0220-B63550,1785715168403,sell,0.06,0.06
KXBTC-26AUG0220-B63650,1785712768431,sell,0.04,0.04
KXBTC-26AUG0221-B63250,1785717589680,buy,0.33,0.6699999999999999
KXBTC-26AUG0221-B63250,1785717640166,buy,0.29,0.71
KXBTC-26AUG0221-B63250,1785717739717,sell,0.28,-0.72
KXBTC-26AUG0221-B63250,1785717839935,sell,0.39,-0.61
KXBTC-26AUG0221-B63250,1785718040011,buy,0.5,0.5
KXBTC-26AUG0221-B63250,1785718139230,sell,0.5,-0.5
KXBTC-26AUG0221-B63250,1785718339229,sell,0.65,-0.35
KXBTC-26AUG0221-B63250,1785718389403,sell,0.69,-0.31000000000000005
KXBTC-26AUG0221-B63250,1785718439217,sell,0.72,-0.28
KXBTC-26AUG0221-B63250,1785718489311,sell,0.76,-0.24
KXBTC-26AUG0221-B63250,1785718539791,sell,0.82,-0.18000000000000005
KXBTC-26AUG0221-B63350,1785716939774,buy,0.32,-0.32
KXBTC-26AUG0221-B63350,1785717039797,buy,0.18,-0.18
KXBTC-26AUG0221-B63350,1785717289600,sell,0.24,0.24
KXBTC-26AUG0221-B63350,1785717639861,sell,0.42,0.42
KXBTC-26AUG0221-B63350,1785717739425,buy,0.43,-0.43
KXBTC-26AUG0221-B63350,1785717839644,buy,0.37,-0.37
KXBTC-26AUG0221-B63350,1785718039692,buy,0.24,-0.24
KXBTC-26AUG0221-B63350,1785718139374,sell,0.14,0.14
KXBTC-26AUG0221-B63350,1785718239575,sell,0.18,0.18
KXBTC-26AUG0221-B63350,1785718289482,sell,0.25,0.25
KXBTC-26AUG0221-B63350,1785718339367,buy,0.28,-0.28
KXBTC-26AUG0221-B63350,1785718389552,buy,0.16,-0.16
KXBTC-26AUG0221-B63350,1785718539948,buy,0.1,-0.1
KXBTC-26AUG0221-B63450,1785715832436,buy,0.21,-0.21
KXBTC-26AUG0221-B63450,1785716389661,buy,0.22,-0.22
KXBTC-26AUG0221-B63450,1785716539051,sell,0.19,0.19
KXBTC-26AUG0221-B63450,1785716589034,buy,0.23,-0.23
KXBTC-26AUG0221-B63450,1785716739001,buy,0.17,-0.17
KXBTC-26AUG0221-B63450,1785716888777,buy,0.14,-0.14
KXBTC-26AUG0221-B63450,1785716938763,buy,0.12,-0.12
KXBTC-26AUG0221-B63450,1785717588405,sell,0.12,0.12
KXBTC-26AUG0221-B63450,1785717638790,sell,0.14,0.14
KXBTC-26AUG0221-B63450,1785717738409,buy,0.17,-0.17
KXBTC-26AUG0221-B63450,1785717788467,buy,0.1,-0.1
KXBTC-26AUG0222-B63050,1785719657735,sell,0.14,0.14
KXBTC-26AUG0222-B63050,1785719817720,buy,0.19,-0.19
KXBTC-26AUG0222-B63050,1785719921214,sell,0.19,0.19
KXBTC-26AUG0222-B63050,1785721973813,sell,0.24,0.24
KXBTC-26AUG0222-B63050,1785722023921,buy,0.29,-0.29
KXBTC-26AUG0222-B63050,1785722074328,sell,0.27,0.27
KXBTC-26AUG0222-B63050,1785722224237,buy,0.44,-0.44
KXBTC-26AUG0222-B63050,1785722273913,buy,0.26,-0.26
KXBTC-26AUG0222-B63150,1785720423828,buy,0.3,0.7
KXBTC-26AUG0222-B63150,1785720473715,buy,0.25,0.75
KXBTC-26AUG0222-B63150,1785720673528,sell,0.25,-0.75
KXBTC-26AUG0222-B63150,1785720723510,sell,0.29,-0.71
KXBTC-26AUG0222-B63150,1785720973262,sell,0.35,-0.65
KXBTC-26AUG0222-B63150,1785721173329,sell,0.42,-0.5800000000000001
KXBTC-26AUG0222-B63150,1785721473311,sell,0.49,-0.51
KXBTC-26AUG0222-B63150,1785721573074,sell,0.54,-0.45999999999999996
KXBTC-26AUG0222-B63150,1785721873188,sell,0.6,-0.4
KXBTC-26AUG0222-B63150,1785721923266,buy,0.63,0.37
KXBTC-26AUG0222-B63150,1785721972481,sell,0.58,-0.42000000000000004
KXBTC-26AUG0222-B63150,1785722072934,buy,0.68,0.31999999999999995
KXBTC-26AUG0222-B63150,1785722123034,buy,0.43,0.5700000000000001
KXBTC-26AUG0222-B63150,1785722173243,sell,0.42,-0.5800000000000001
KXBTC-26AUG0222-B63150,1785722222914,sell,0.56,-0.43999999999999995
KXBTC-26AUG0222-B63250,1785719657426,buy,0.26,-0.26
KXBTC-26AUG0222-B63250,1785719817404,sell,0.21,0.21
KXBTC-26AUG0222-B63250,1785719920893,buy,0.21,-0.21
KXBTC-26AUG0222-B63250,1785720374438,sell,0.19,0.19
KXBTC-26AUG0222-B63250,1785720424122,buy,0.23,-0.23
KXBTC-26AUG0222-B63250,1785720674162,sell,0.21,0.21
KXBTC-26AUG0222-B63250,1785720973828,buy,0.23,-0.23
KXBTC-26AUG0222-B63250,1785721073799,buy,0.18,-0.18
KXBTC-26AUG0222-B63250,1785721324328,sell,0.21,0.21
KXBTC-26AUG0222-B63250,1785721423838,sell,0.26,0.26
KXBTC-26AUG0222-B63250,1785721474052,buy,0.27,-0.27
KXBTC-26AUG0222-B63250,1785721623943,buy,0.19,-0.19
KXBTC-26AUG0222-B63250,1785721723840,sell,0.15,0.15
KXBTC-26AUG0222-B63250,1785721774022,buy,0.16,-0.16
KXBTC-26AUG0222-B63250,1785721823812,buy,0.1,-0.1
KXBTC-26AUG0222-B63350,1785719658040,buy,0.15,-0.15
KXBTC-26AUG0222-B63350,1785719921515,buy,0.1,-0.1
KXBTC-26AUG0222-B63450,1785719657586,buy,0.06,-0.06
KXBTC-26AUG0223-B63050,1785723305319,buy,0.28,0.72
KXBTC-26AUG0223-B63050,1785723616977,buy,0.21,0.79
KXBTC-26AUG0223-B63050,1785723670225,buy,0.17,0.83
KXBTC-26AUG0223-B63050,1785723722920,sell,0.16,-0.84
KXBTC-26AUG0223-B63050,1785723828483,sell,0.19,-0.81
KXBTC-26AUG0223-B63050,1785723979408,sell,0.24,-0.76
KXBTC-26AUG0223-B63050,1785724078550,sell,0.29,-0.71
KXBTC-26AUG0223-B63050,1785724528539,buy,0.39,0.61
KXBTC-26AUG0223-B63050,1785724578737,sell,0.36,-0.64
KXBTC-26AUG0223-B63050,1785724678423,buy,0.38,0.62
KXBTC-26AUG0223-B63050,1785724728529,buy,0.32,0.6799999999999999
KXBTC-26AUG0223-B63050,1785724828613,buy,0.28,0.72
KXBTC-26AUG0223-B63050,1785724928959,sell,0.26,-0.74
KXBTC-26AUG0223-B63050,1785725128690,sell,0.36,-0.64
KXBTC-26AUG0223-B63050,1785725178421,buy,0.42,0.5800000000000001
KXBTC-26AUG0223-B63050,1785725228528,sell,0.37,-0.63
KXBTC-26AUG0223-B63050,1785725278372,sell,0.43,-0.5700000000000001
KXBTC-26AUG0223-B63050,1785725328265,buy,0.49,0.51
KXBTC-26AUG0223-B63050,1785725428339,buy,0.44,0.56
KXBTC-26AUG0223-B63050,1785725478220,sell,0.34,-0.6599999999999999
KXBTC-26AUG0223-B63050,1785725528561,sell,0.43,-0.5700000000000001
KXBTC-26AUG0223-B63050,1785725628206,sell,0.54,-0.45999999999999996
KXBTC-26AUG0223-B63050,1785725678177,sell,0.67,-0.32999999999999996
KXBTC-26AUG0223-B63050,1785725728134,sell,0.73,-0.27
KXBTC-26AUG0223-B63050,1785725778321,sell,0.8,-0.19999999999999996
KXBTC-26AUG0223-B63150,1785724079147,buy,0.35,-0.35
KXBTC-26AUG0223-B63150,1785724129581,buy,0.24,-0.24
KXBTC-26AUG0223-B63150,1785724179557,sell,0.2,0.2
KXBTC-26AUG0223-B63150,1785724280281,buy,0.23,-0.23
KXBTC-26AUG0223-B63150,1785724429210,sell,0.24,0.24
KXBTC-26AUG0223-B63150,1785724528686,sell,0.32,0.32
KXBTC-26AUG0223-B63150,1785724578881,buy,0.37,-0.37
KXBTC-26AUG0223-B63150,1785724678579,sell,0.37,0.37
KXBTC-26AUG0223-B63150,1785724828775,sell,0.46,0.46
KXBTC-26AUG0223-B63150,1785725128853,buy,0.49,-0.49
KXBTC-26AUG0223-B63150,1785725178568,sell,0.45,0.45
KXBTC-26AUG0223-B63150,1785725228682,buy,0.49,-0.49
KXBTC-26AUG0223-B63150,1785725278522,buy,0.44,-0.44
KXBTC-26AUG0223-B63150,1785725328412,sell,0.41,0.41
KXBTC-26AUG0223-B63150,1785725428509,sell,0.51,0.51
KXBTC-26AUG0223-B63150,1785725478374,buy,0.59,-0.59
KXBTC-26AUG0223-B63150,1785725528718,buy,0.51,-0.51
KXBTC-26AUG0223-B63150,1785725628357,buy,0.41,-0.41
KXBTC-26AUG0223-B63150,1785725678323,buy,0.28,-0.28
KXBTC-26AUG0223-B63150,1785725778469,buy,0.18,-0.18
KXBTC-26AUG0223-B63250,1785723513233,sell,0.19,0.19
KXBTC-26AUG0223-B63250,1785723617520,sell,0.24,0.24
KXBTC-26AUG0223-B63250,1785723828942,buy,0.26,-0.26
KXBTC-26AUG0300-B62750,1785729086730,buy,0.15,-0.15
KXBTC-26AUG0300-B62750,1785729136979,sell,0.11,0.11
KXBTC-26AUG0300-B62750,1785729186759,buy,0.13,-0.13
KXBTC-26AUG0300-B62750,1785729286730,buy,0.07,-0.07
KXBTC-26AUG0300-B62850,1785727221584,sell,0.08,-0.92
KXBTC-26AUG0300-B62850,1785728028617,sell,0.1,-0.9
KXBTC-26AUG0300-B62850,1785728089023,buy,0.12,0.88
KXBTC-26AUG0300-B62850,1785728786664,sell,0.08,-0.92
KXBTC-26AUG0300-B62850,1785728886631,sell,0.31,-0.69
KXBTC-26AUG0300-B62850,1785728936483,sell,0.41,-0.5900000000000001
KXBTC-26AUG0300-B62850,1785728986434,sell,0.48,-0.52
KXBTC-26AUG0300-B62950,1785726794976,sell,0.22,0.22
KXBTC-26AUG0300-B62950,1785726846528,sell,0.24,0.24
KXBTC-26AUG0300-B62950,1785727055759,buy,0.27,-0.27
KXBTC-26AUG0300-B62950,1785727771631,sell,0.26,0.26
KXBTC-26AUG0300-B62950,1785727822172,sell,0.38,0.38
KXBTC-26AUG0300-B62950,1785727921511,sell,0.43,0.43
KXBTC-26AUG0300-B62950,1785728089177,buy,0.47,-0.47
KXBTC-26AUG0300-B62950,1785728286584,sell,0.47,0.47
KXBTC-26AUG0300-B62950,1785728336369,sell,0.51,0.51
KXBTC-26AUG0300-B62950,1785728786518,buy,0.62,-0.62
KXBTC-26AUG0300-B62950,1785728836618,buy,0.6,-0.6
KXBTC-26AUG0300-B62950,1785729085397,sell,0.23,0.23
KXBTC-26AUG0300-B62950,1785729135655,buy,0.25,-0.25
KXBTC-26AUG0300-B62950,1785729285385,sell,0.15,0.15
KXBTC-26AUG0300-B62950,1785729385425,buy,0.13,-0.13
KXBTC-26AUG0300-B62950,1785729435556,buy,0.07,-0.07
KXBTC-26AUG0300-B63050,1785727421185,buy,0.36,-0.36
KXBTC-26AUG0300-B63050,1785727571434,buy,0.34,-0.34
KXBTC-26AUG0300-B63050,1785727671244,sell,0.36,0.36
KXBTC-26AUG0300-B63050,1785727920931,buy,0.35,-0.35
KXBTC-26AUG0300-B63050,1785728088591,sell,0.31,0.31
KXBTC-26AUG0300-B63050,1785728285991,buy,0.37,-0.37
KXBTC-26AUG0300-B63050,1785728335778,buy,0.31,-0.31
KXBTC-26AUG0300-B63050,1785728385822,sell,0.29,0.29
KXBTC-26AUG0300-B63050,1785728435862,buy,0.32,-0.32
KXBTC-26AUG0300-B63050,1785728535881,buy,0.29,-0.29
KXBTC-26AUG0300-B63050,1785728585734,sell,0.22,0.22
KXBTC-26AUG0300-B63050,1785728685919,buy,0.28,-0.28
KXBTC-26AUG0300-B63050,1785728785917,buy,0.19,-0.19
KXBTC-26AUG0300-B63150,1785726794821,buy,0.23,-0.23
KXBTC-26AUG0300-B63150,1785727771930,buy,0.2,-0.2
KXBTC-26AUG0301-B62750,1785730555114,buy,0.28,0.72
KXBTC-26AUG0301-B62750,1785730875489,buy,0.2,0.8
KXBTC-26AUG0301-B62750,1785732874923,sell,0.18,-0.8200000000000001
KXBTC-26AUG0301-B62750,1785732924510,sell,0.69,-0.31000000000000005
KXBTC-26AUG0301-B62750,1785733024333,sell,0.87,-0.13
KXBTC-26AUG0301-B62850,1785730393759,sell,0.26,0.26
KXBTC-26AUG0301-B62850,1785730447362,buy,0.27,-0.27
KXBTC-26AUG0301-B62850,1785730499264,sell,0.26,0.26
KXBTC-26AUG0301-B62850,1785730554809,sell,0.29,0.29
KXBTC-26AUG0301-B62850,1785731424606,buy,0.37,-0.37
KXBTC-26AUG0301-B62850,1785731624422,buy,0.35,-0.35
KXBTC-26AUG0301-B62850,1785731674496,sell,0.32,0.32
KXBTC-26AUG0301-B62850,1785731824287,sell,0.37,0.37
KXBTC-26AUG0301-B62850,1785732024448,buy,0.38,-0.38
KXBTC-26AUG0301-B62850,1785732124474,sell,0.33,0.33
KXBTC-26AUG0301-B62850,1785732224280,sell,0.45,0.45
KXBTC-26AUG0301-B62850,1785732324306,sell,0.55,0.55
KXBTC-26AUG0301-B62850,1785732474057,buy,0.65,-0.65
KXBTC-26AUG0301-B62850,1785732524199,sell,0.64,0.64
KXBTC-26AUG0301-B62850,1785732573947,sell,0.71,0.71
KXBTC-26AUG0301-B62850,1785732724264,buy,0.78,-0.78
KXBTC-26AUG0301-B62850,1785732774055,buy,0.72,-0.72
KXBTC-26AUG0301-B62850,1785732874183,buy,0.68,-0.68
KXBTC-26AUG0301-B62850,1785732923762,buy,0.3,-0.3
KXBTC-26AUG0301-B62850,1785732973886,buy,0.19,-0.19
KXBTC-26AUG0301-B62850,1785733023587,buy,0.14,-0.14
KXBTC-26AUG0301-B62950,1785730447211,buy,0.13,-0.13
KXBTC-26AUG0301-B62950,1785730554656,sell,0.15,0.15
KXBTC-26AUG0301-B62950,1785731574912,sell,0.24,0.24
KXBTC-26AUG0301-B62950,1785732025207,sell,0.48,0.48
KXBTC-26AUG0301-B62950,1785732224716,buy,0.44,-0.44
KXBTC-26AUG0301-B62950,1785732324769,buy,0.33,-0.33
KXBTC-26AUG0301-B62950,1785732524652,buy,0.25,-0.25
KXBTC-26AUG0301-B62950,1785732574350,buy,0.18,-0.18
KXBTC-26AUG0301-B62950,1785732624499,buy,0.1,-0.1
KXBTC-26AUG0301-B62950,1785732724719,buy,0.05,-0.05
KXBTC-26AUG0302-B62550,1785734100452,buy,0.09,-0.09
KXBTC-26AUG0302-B62550,1785734512900,sell,0.06,0.06
KXBTC-26AUG0302-B62650,1785734152790,sell,0.17,0.17
KXBTC-26AUG0302-B62650,1785734411031,buy,0.2,-0.2
KXBTC-26AUG0302-B62650,1785734512750,sell,0.17,0.17
KXBTC-26AUG0302-B62650,1785734763625,buy,0.24,-0.24
KXBTC-26AUG0302-B62650,1785734813432,buy,0.19,-0.19
KXBTC-26AUG0302-B62650,1785735013883,sell,0.17,0.17
KXBTC-26AUG0302-B62650,1785735063655,buy,0.27,-0.27
KXBTC-26AUG0302-B62650,1785735163274,buy,0.22,-0.22
KXBTC-26AUG0302-B62650,1785735213518,sell,0.21,0.21
KXBTC-26AUG0302-B62650,1785735313514,sell,0.3,0.3
KXBTC-26AUG0302-B62650,1785735963344,buy,0.34,-0.34
KXBTC-26AUG0302-B62650,1785736013342,buy,0.2,-0.2
KXBTC-26AUG0302-B62650,1785736063187,buy,0.15,-0.15
KXBTC-26AUG0302-B62650,1785736263269,sell,0.06,0.06
KXBTC-26AUG0302-B62650,1785736313215,buy,0.09,-0.09
KXBTC-26AUG0302-B62650,1785736413116,sell,0.04,0.04
KXBTC-26AUG0302-B62650,1785736513666,buy,0.11,-0.11
KXBTC-26AUG0302-B62750,1785733586727,buy,0.32,0.6799999999999999
KXBTC-26AUG0302-B62750,1785734410884,buy,0.36,0.64
KXBTC-26AUG0302-B62750,1785734462130,sell,0.33,-0.6699999999999999
KXBTC-26AUG0302-B62750,1785735063152,sell,0.39,-0.61
KXBTC-26AUG0302-B62750,1785735812773,buy,0.56,0.43999999999999995
KXBTC-26AUG0302-B62750,1785735962910,sell,0.6,-0.4
KXBTC-26AUG0302-B62750,1785736162689,buy,0.66,0.33999999999999997
KXBTC-26AUG0302-B62750,1785736213105,sell,0.6,-0.4
KXBTC-26AUG0302-B62750,1785736262820,sell,0.66,-0.33999999999999997
KXBTC-26AUG0302-B62750,1785736362919,buy,0.68,0.31999999999999995
KXBTC-26AUG0302-B62750,1785736412689,sell,0.64,-0.36
KXBTC-26AUG0302-B62750,1785736612572,sell,0.88,-0.12
KXBTC-26AUG0302-B62750,1785736662354,sell,0.95,-0.050000000000000044
KXBTC-26AUG0303-B62650,1785739890519,sell,0.38,0.38
KXBTC-26AUG0303-B62650,1785739940947,buy,0.45,-0.45
KXBTC-26AUG0303-B62650,1785739989888,sell,0.44,0.44
KXBTC-26AUG0303-B62650,1785740092265,buy,0.54,-0.54
KXBTC-26AUG0303-B62750,1785738857415,buy,0.5,-0.5
KXBTC-26AUG0303-B62750,1785738956006,buy,0.41,-0.41
KXBTC-26AUG0303-B62750,1785739112317,buy,0.32,-0.32
KXBTC-26AUG0303-B62750,1785739215073,buy,0.18,-0.18
KXBTC-26AUG0303-B62850,1785737571503,buy,0.26,-0.26
KXBTC-26AUG0303-B62850,1785737622341,sell,0.25,0.25
KXBTC-26AUG0303-B62850,1785737723657,buy,0.28,-0.28
KXBTC-26AUG0303-B62850,1785737774867,sell,0.23,0.23
KXBTC-26AUG0303-B62850,1785738523331,buy,0.24,-0.24
KXBTC-26AUG0303-B62850,1785738691157,sell,0.14,0.14
KXBTC-26AUG0303-B62850,1785738857121,buy,0.17,-0.17
KXBTC-26AUG0304-B62350,1785741312673,sell,0.08,0.08
KXBTC-26AUG0304-B62350,1785741421792,buy,0.11,-0.11
KXBTC-26AUG0304-B62350,1785741473757,sell,0.1,0.1
KXBTC-26AUG0304-B62450,1785741306628,sell,0.2,0.2
KXBTC-26AUG0304-B62450,1785741415924,buy,0.26,-0.26
KXBTC-26AUG0304-B62450,1785741792100,buy,0.24,-0.24
KXBTC-26AUG0304-B62450,1785743791006,buy,0.2,-0.2
KXBTC-26AUG0304-B62450,1785743840164,sell,0.06,0.06
KXBTC-26AUG0304-B62450,1785743890283,sell,0.27,0.27
KXBTC-26AUG0304-B62450,1785743940130,buy,0.47,-0.47
KXBTC-26AUG0304-B62550,1785741686679,sell,0.3,-0.7
KXBTC-26AUG0304-B62550,1785741791952,sell,0.32,-0.6799999999999999
KXBTC-26AUG0304-B62550,1785742492188,buy,0.36,0.64
KXBTC-26AUG0304-B62550,1785742542271,sell,0.34,-0.6599999999999999
KXBTC-26AUG0304-B62550,1785742593601,sell,0.4,-0.6
KXBTC-26AUG0304-B62550,1785742942466,sell,0.55,-0.44999999999999996
KXBTC-26AUG0304-B62550,1785743142006,sell,0.59,-0.41000000000000003
KXBTC-26AUG0304-B62550,1785743391883,buy,0.58,0.42000000000000004
KXBTC-26AUG0304-B62550,1785743442199,sell,0.52,-0.48
KXBTC-26AUG0304-B62550,1785743840588,buy,0.92,0.07999999999999996
KXBTC-26AUG0304-B62550,1785743890721,buy,0.75,0.25
KXBTC-26AUG0304-B62550,1785743940582,sell,0.51,-0.49
KXBTC-26AUG0304-B62650,1785741306778,buy,0.24,-0.24
KXBTC-26AUG0305-B62350,1785745803788,buy,0.26,-0.26
KXBTC-26AUG0305-B62350,1785745853714,sell,0.21,0.21
KXBTC-26AUG0305-B62350,1785745953389,buy,0.26,-0.26
KXBTC-26AUG0305-B62350,1785746103715,sell,0.22,0.22
KXBTC-26AUG0305-B62350,1785746203314,sell,0.27,0.27
KXBTC-26AUG0305-B62350,1785746253673,sell,0.36,0.36
KXBTC-26AUG0305-B62350,1785746503330,sell,0.46,0.46
KXBTC-26AUG0305-B62350,1785746903147,buy,0.59,-0.59
KXBTC-26AUG0305-B62350,1785746953187,sell,0.58,0.58
KXBTC-26AUG0305-B62350,1785747153039,buy,0.63,-0.63
KXBTC-26AUG0305-B62350,1785747203122,buy,0.52,-0.52
KXBTC-26AUG0305-B62350,1785747253170,buy,0.41,-0.41
KXBTC-26AUG0305-B62350,1785747303141,sell,0.32,0.32
KXBTC-26AUG0305-B62350,1785747353230,buy,0.37,-0.37
KXBTC-26AUG0305-B62350,1785747403072,buy,0.27,-0.27
KXBTC-26AUG0305-B62350,1785747453212,buy,0.05,-0.05
KXBTC-26AUG0305-B62450,1785744495995,sell,0.26,-0.74
KXBTC-26AUG0305-B62450,1785746353561,buy,0.34,0.6599999999999999
KXBTC-26AUG0305-B62450,1785746503637,sell,0.18,-0.8200000000000001
KXBTC-26AUG0305-B62450,1785746753591,sell,0.23,-0.77
KXBTC-26AUG0305-B62450,1785746903410,sell,0.3,-0.7
KXBTC-26AUG0305-B62450,1785746953478,buy,0.31,0.69
KXBTC-26AUG0305-B62450,1785747153329,sell,0.29,-0.71
KXBTC-26AUG0305-B62450,1785747203419,sell,0.44,-0.56
KXBTC-26AUG0305-B62450,1785747253461,sell,0.54,-0.45999999999999996
KXBTC-26AUG0305-B62450,1785747303436,buy,0.65,0.35
KXBTC-26AUG0305-B62450,1785747353517,sell,0.59,-0.41000000000000003
KXBTC-26AUG0305-B62550,1785744547942,buy,0.31,-0.31
KXBTC-26AUG0305-B62550,1785744750002,sell,0.23,0.23
KXBTC-26AUG0305-B62650,1785744496427,buy,0.21,-0.21
KXBTC-26AUG0305-B62750,1785744548377,buy,0.06,-0.06
KXBTC-26AUG0306-B62350,1785748663869,buy,0.14,-0.14
KXBTC-26AUG0306-B62450,1785749512966,buy,0.25,-0.25
KXBTC-26AUG0306-B62450,1785749563086,buy,0.21,-0.21
KXBTC-26AUG0306-B62450,1785749613218,buy,0.15,-0.15
KXBTC-26AUG0306-B62450,1785749663109,buy,0.12,-0.12
KXBTC-26AUG0306-B62450,1785749713424,sell,0.11,0.11
KXBTC-26AUG0306-B62550,1785750813045,buy,0.39,-0.39
KXBTC-26AUG0307-B62650,1785752273152,sell,0.3,-0.7
KXBTC-26AUG0307-B62650,1785752573662,buy,0.26,0.74
KXBTC-26AUG0307-B62750,1785752372857,buy,0.37,-0.37
KXBTC-26AUG0307-B62750,1785752423140,sell,0.34,0.34
KXBTC-26AUG0307-B62750,1785753970766,buy,0.39,-0.39
KXBTC-26AUG0307-B62750,1785754020689,buy,0.06,-0.06
KXBTC-26AUG0307-B62750,1785754670345,sell,0.05,0.05
KXBTC-26AUG0307-B62850,1785752623736,sell,0.19,0.19
KXBTC-26AUG0308-B62350,1785755323675,sell,0.09,0.09
KXBTC-26AUG0308-B62450,1785755323536,sell,0.2,-0.8
KXBTC-26AUG0308-B62550,1785757821960,sell,0.33,0.33
KXBTC-26AUG0308-B62550,1785757921777,sell,0.6,0.6
KXBTC-26AUG0308-B62550,1785757971911,buy,0.7,-0.7
KXBTC-26AUG0308-B62550,1785758021976,sell,0.63,0.63
KXBTC-26AUG0308-B62550,1785758071904,buy,0.77,-0.77
KXBTC-26AUG0308-B62550,1785758122012,sell,0.66,0.66
KXBTC-26AUG0308-B62550,1785758172352,buy,0.84,-0.84
KXBTC-26AUG0308-B62550,1785758222228,buy,0.74,-0.74
KXBTC-26AUG0308-B62550,1785758272017,sell,0.43,0.43
KXBTC-26AUG0308-B62550,1785758321982,buy,0.75,-0.75
KXBTC-26AUG0308-B62550,1785758371915,buy,0.34,-0.34
KXBTC-26AUG0308-B62650,1785755323400,buy,0.22,-0.22
KXBTC-26AUG0308-B62650,1785755624569,sell,0.19,0.19
KXBTC-26AUG0309-B62350,1785759576909,buy,0.13,-0.13
KXBTC-26AUG0309-B62450,1785759276580,sell,0.21,0.21
KXBTC-26AUG0309-B62450,1785759576499,buy,0.22,-0.22
KXBTC-26AUG0309-B62450,1785760675274,buy,0.2,-0.2
KXBTC-26AUG0309-B62450,1785760724959,sell,0.19,0.19
KXBTC-26AUG0309-B62450,1785760825364,buy,0.22,-0.22
KXBTC-26AUG0309-B62450,1785761075051,buy,0.1,-0.1
KXBTC-26AUG0309-B62550,1785759176605,sell,0.19,0.19
KXBTC-26AUG0309-B62550,1785759327186,sell,0.22,0.22
KXBTC-26AUG0309-B62550,1785759476616,sell,0.23,0.23
KXBTC-26AUG0309-B62550,1785761574493,buy,0.24,-0.24
KXBTC-26AUG0309-B62550,1785761624439,sell,0.2,0.2
KXBTC-26AUG0309-B62550,1785761674653,buy,0.24,-0.24
KXBTC-26AUG0309-B62650,1785759627148,sell,0.19,-0.81
KXBTC-26AUG0309-B62650,1785761574350,sell,0.24,-0.76
KXBTC-26AUG0309-B62650,1785761674505,sell,0.69,-0.31000000000000005
KXBTC-26AUG0309-B62650,1785761724534,sell,0.74,-0.26
KXBTC-26AUG0309-B62650,1785761774720,sell,0.82,-0.18000000000000005
KXBTC-26AUG0309-B62750,1785759577195,sell,0.09,0.09
KXBTC-26AUG0309-B62750,1785761575074,buy,0.11,-0.11
KXBTC-26AUG0309-B62750,1785761625079,buy,0.09,-0.09
KXBTC-26AUG0309-B62750,1785761675204,sell,0.08,0.08
KXBTC-26AUG0309-B62750,1785761725271,buy,0.09,-0.09
KXBTC-26AUG0310-B62550,1785762779752,buy,0.18,-0.18
KXBTC-26AUG0310-B62550,1785763180786,buy,0.06,-0.06
KXBTC-26AUG0310-B62650,1785763130416,buy,0.15,-0.15
KXBTC-26AUG0310-B62650,1785763180491,buy,0.12,-0.12
KXBTC-26AUG0310-B62650,1785764028361,sell,0.17,0.17
KXBTC-26AUG0310-B62650,1785764178338,buy,0.19,-0.19
KXBTC-26AUG0310-B62650,1785764228615,buy,0.15,-0.15
KXBTC-26AUG0310-B62650,1785764278288,sell,0.14,0.14
KXBTC-26AUG0310-B62650,1785764378390,buy,0.19,-0.19
KXBTC-26AUG0310-B62650,1785764428529,buy,0.15,-0.15
KXBTC-26AUG0310-B62650,1785764928327,buy,0.12,-0.12
KXBTC-26AUG0310-B62750,1785762780028,sell,0.17,0.17
KXBTC-26AUG0310-B62750,1785762829964,buy,0.19,-0.19
KXBTC-26AUG0310-B62750,1785763428280,sell,0.16,0.16
KXBTC-26AUG0310-B62750,1785763929056,buy,0.16,-0.16
KXBTC-26AUG0310-B62750,1785764028221,sell,0.11,0.11
KXBTC-26AUG0310-B62750,1785764128074,sell,0.18,0.18
KXBTC-26AUG0310-B62750,1785764577830,sell,0.2,0.2
KXBTC-26AUG0310-B62750,1785764927904,buy,0.26,-0.26
KXBTC-26AUG0310-B62750,1785765028039,buy,0.19,-0.19
KXBTC-26AUG0310-B62750,1785765127837,buy,0.09,-0.09
KXBTC-26AUG0310-B62850,1785763031081,sell,0.13,0.13
KXBTC-26AUG0310-B62850,1785763130988,sell,0.17,0.17
KXBTC-26AUG0310-B62950,1785763130843,sell,0.11,0.11
KXBTC-26AUG0311-B62850,1785766234273,buy,0.09,-0.09
KXBTC-26AUG0311-B63150,1785766284385,buy,0.14,-0.14
KXBTC-26AUG0312-B63850,1785770303408,buy,0.14,-0.14
KXBTC-26AUG0312-B63850,1785770353671,sell,0.11,0.11
KXBTC-26AUG0312-B63850,1785771056290,buy,0.14,-0.14
KXBTC-26AUG0312-B63850,1785771206323,buy,0.13,-0.13
KXBTC-26AUG0312-B63850,1785771256044,sell,0.12,0.12
KXBTC-26AUG0312-B63850,1785771306781,buy,0.15,-0.15
KXBTC-26AUG0312-B63850,1785771556042,sell,0.19,0.19
KXBTC-26AUG0312-B63850,1785771656143,sell,0.24,0.24
KXBTC-26AUG0312-B63850,1785771756082,buy,0.24,-0.24
KXBTC-26AUG0312-B63850,1785771856096,sell,0.17,0.17
KXBTC-26AUG0312-B63850,1785772005865,sell,0.24,0.24
KXBTC-26AUG0312-B63850,1785772055849,buy,0.25,-0.25
KXBTC-26AUG0312-B63850,1785772405257,buy,0.11,-0.11
KXBTC-26AUG0313-B63550,1785776176543,buy,0.06,-0.06
KXBTC-26AUG0313-B63650,1785776127056,sell,0.16,0.16
KXBTC-26AUG0313-B63650,1785776176826,sell,0.41,0.41
KXBTC-26AUG0313-B63650,1785776226951,buy,0.59,-0.59
KXBTC-26AUG0313-B63650,1785776277027,buy,0.42,-0.42
KXBTC-26AUG0313-B63650,1785776326993,buy,0.28,-0.28
KXBTC-26AUG0313-B63750,1785776126012,sell,0.23,-0.77
KXBTC-26AUG0313-B63750,1785776175780,buy,0.53,0.47
KXBTC-26AUG0313-B63750,1785776225954,sell,0.35,-0.65
KXBTC-26AUG0313-B63750,1785776276004,sell,0.55,-0.44999999999999996
KXBTC-26AUG0313-B63750,1785776325917,sell,0.73,-0.27
KXBTC-26AUG0313-B63950,1785773318600,buy,0.11,-0.11
KXBTC-26AUG0313-B63950,1785773821572,sell,0.14,0.14
KXBTC-26AUG0313-B64050,1785773016113,sell,0.07,0.07
KXBTC-26AUG0313-B64050,1785773821281,sell,0.07,0.07
KXBTC-26AUG0314-B63750,1785778550797,sell,0.26,0.26
KXBTC-26AUG0314-B63750,1785778602276,buy,0.27,-0.27
KXBTC-26AUG0314-B63750,1785778702648,sell,0.27,0.27
KXBTC-26AUG0314-B63750,1785778955283,buy,0.31,-0.31
KXBTC-26AUG0314-B63750,1785779005682,buy,0.22,-0.22
KXBTC-26AUG0314-B63750,1785779056190,sell,0.2,0.2
KXBTC-26AUG0314-B63750,1785779157170,buy,0.23,-0.23
KXBTC-26AUG0314-B63750,1785779208303,buy,0.16,-0.16
KXBTC-26AUG0314-B63750,1785779258411,sell,0.14,0.14
KXBTC-26AUG0314-B63750,1785779358083,buy,0.17,-0.17
KXBTC-26AUG0314-B63750,1785779408850,buy,0.11,-0.11
KXBTC-26AUG0314-B63750,1785779509288,sell,0.1,0.1
KXBTC-26AUG0314-B63750,1785779609420,sell,0.17,0.17
KXBTC-26AUG0314-B63750,1785779912560,buy,0.04,-0.04
KXBTC-26AUG0314-B63850,1785779157588,sell,0.24,-0.76
KXBTC-26AUG0314-B63850,1785779258841,sell,0.43,-0.5700000000000001
KXBTC-26AUG0314-B63850,1785779308798,sell,0.47,-0.53
KXBTC-26AUG0314-B63850,1785779459662,sell,0.48,-0.52
KXBTC-26AUG0314-B63850,1785779509739,sell,0.53,-0.47
KXBTC-26AUG0314-B63950,1785779811043,buy,0.07,-0.07
KXBTC-26AUG0315-B63650,1785780816955,buy,0.08,-0.08
KXBTC-26AUG0315-B63750,1785780616525,buy,0.22,-0.22
KXBTC-26AUG0315-B63750,1785780765960,buy,0.23,-0.23
KXBTC-26AUG0315-B63750,1785780815636,buy,0.19,-0.19
KXBTC-26AUG0315-B63750,1785783567115,buy,0.11,-0.11
KXBTC-26AUG0315-B63850,1785780815496,buy,0.28,0.72
KXBTC-26AUG0315-B63850,1785782917528,sell,0.27,-0.73
KXBTC-26AUG0315-B63850,1785782967410,buy,0.33,0.6699999999999999
KXBTC-26AUG0315-B63850,1785783067799,buy,0.27,0.73
KXBTC-26AUG0315-B63850,1785783117391,sell,0.24,-0.76
KXBTC-26AUG0315-B63850,1785783167413,sell,0.32,-0.6799999999999999
KXBTC-26AUG0315-B63850,1785783217590,sell,0.55,-0.44999999999999996
KXBTC-26AUG0315-B63850,1785783267724,sell,0.64,-0.36
KXBTC-26AUG0315-B63850,1785783318029,sell,0.73,-0.27
KXBTC-26AUG0315-B63850,1785783367843,sell,0.78,-0.21999999999999997
KXBTC-26AUG0315-B63850,1785783418139,sell,0.85,-0.15000000000000002
KXBTC-26AUG0315-B63950,1785783267569,sell,0.07,0.07
KXBTC-26AUG0315-B63950,1785783367711,buy,0.12,-0.12
KXBTC-26AUG0315-B64050,1785780566467,sell,0.09,0.09
KXBTC-26AUG0315-B64050,1785780816671,sell,0.12,0.12
KXBTC-26AUG0315-B64150,1785780815924,sell,0.05,0.05
KXBTC-26AUG0316-B63650,1785784321854,buy,0.1,-0.1
KXBTC-26AUG0316-B63750,1785784320651,buy,0.21,-0.21
KXBTC-26AUG0316-B63750,1785784670564,buy,0.14,-0.14
KXBTC-26AUG0316-B63750,1785786669731,buy,0.12,-0.12
KXBTC-26AUG0316-B63750,1785786919755,sell,0.02,0.02
KXBTC-26AUG0316-B63850,1785784621395,buy,0.32,0.6799999999999999
KXBTC-26AUG0316-B63850,1785786670964,sell,0.32,-0.6799999999999999
KXBTC-26AUG0316-B63850,1785786720614,buy,0.39,0.61
KXBTC-26AUG0316-B63850,1785786820379,buy,0.38,0.62
KXBTC-26AUG0316-B63850,1785786870519,sell,0.3,-0.7
KXBTC-26AUG0316-B63850,1785786920930,sell,0.48,-0.52
KXBTC-26AUG0316-B63850,1785786970819,sell,0.81,-0.18999999999999995
KXBTC-26AUG0316-B63850,1785787020873,sell,0.87,-0.13
KXBTC-26AUG0316-B63850,1785787070472,sell,0.92,-0.07999999999999996
KXBTC-26AUG0316-B63950,1785784219952,sell,0.16,0.16
KXBTC-26AUG0316-B63950,1785784320795,sell,0.21,0.21
KXBTC-26AUG0316-B63950,1785784670712,sell,0.27,0.27
KXBTC-26AUG0316-B63950,1785786670521,sell,0.32,0.32
KXBTC-26AUG0316-B63950,1785786819963,sell,0.54,0.54
KXBTC-26AUG0316-B63950,1785786870084,buy,0.65,-0.65
KXBTC-26AUG0316-B63950,1785786920520,buy,0.49,-0.49
KXBTC-26AUG0316-B63950,1785786970388,buy,0.18,-0.18
KXBTC-26AUG0316-B63950,1785787070043,buy,0.06,-0.06
KXBTC-26AUG0316-B64050,1785784320939,sell,0.09,0.09
KXBTC-26AUG0316-B64050,1785784570961,sell,0.12,0.12
KXBTC-26AUG0317-B61875,1785765027441,buy,0.06,-0.06
KXBTC-26AUG0317-B62125,1785764728696,buy,0.1,-0.1
KXBTC-26AUG0317-B62375,1785763233266,buy,0.12,-0.12
KXBTC-26AUG0317-B62375,1785763829172,sell,0.11,0.11
KXBTC-26AUG0317-B62375,1785765129449,buy,0.12,-0.12
KXBTC-26AUG0317-B62625,1785765077250,buy,0.15,-0.15
KXBTC-26AUG0317-B62625,1785765677338,sell,0.09,0.09
KXBTC-26AUG0317-B62625,1785766631689,buy,0.1,-0.1
KXBTC-26AUG0317-B62875,1785762980178,sell,0.14,0.14
KXBTC-26AUG0317-B62875,1785763779117,buy,0.17,-0.17
KXBTC-26AUG0317-B62875,1785766833751,sell,0.1,0.1
KXBTC-26AUG0317-B62875,1785774227617,buy,0.05,-0.05
KXBTC-26AUG0317-B63125,1785748057674,sell,0.08,0.08
KXBTC-26AUG0317-B63125,1785765628308,sell,0.15,0.15
KXBTC-26AUG0317-B63125,1785767332144,buy,0.14,-0.14
KXBTC-26AUG0317-B63125,1785768982286,buy,0.1,-0.1
KXBTC-26AUG0317-B63125,1785773058934,buy,0.1,-0.1
KXBTC-26AUG0317-B63125,1785773389492,sell,0.09,0.09
KXBTC-26AUG0317-B63125,1785773870689,buy,0.1,-0.1
KXBTC-26AUG0317-B63125,1785775826282,buy,0.08,-0.08
KXBTC-26AUG0317-B63125,1785777891644,buy,0.06,-0.06
KXBTC-26AUG0317-B63375,1785733425607,buy,0.1,-0.1
KXBTC-26AUG0317-B63375,1785763927445,buy,0.09,-0.09
KXBTC-26AUG0317-B63375,1785764176756,sell,0.07,0.07
KXBTC-26AUG0317-B63375,1785765576821,sell,0.14,0.14
KXBTC-26AUG0317-B63375,1785765776752,buy,0.16,-0.16
KXBTC-26AUG0317-B63375,1785766332270,sell,0.15,0.15
KXBTC-26AUG0317-B63375,1785768081450,buy,0.14,-0.14
KXBTC-26AUG0317-B63375,1785772904552,sell,0.15,0.15
KXBTC-26AUG0317-B63375,1785773869812,buy,0.16,-0.16
KXBTC-26AUG0317-B63375,1785776830546,buy,0.16,-0.16
KXBTC-26AUG0317-B63375,1785777890611,buy,0.13,-0.13
KXBTC-26AUG0317-B63375,1785777992900,sell,0.08,0.08
KXBTC-26AUG0317-B63375,1785779004009,buy,0.13,-0.13
KXBTC-26AUG0317-B63375,1785780813000,buy,0.1,-0.1
KXBTC-26AUG0317-B63375,1785782816103,sell,0.1,0.1
KXBTC-26AUG0317-B63375,1785783266097,buy,0.11,-0.11
KXBTC-26AUG0317-B63375,1785784618355,buy,0.07,-0.07
KXBTC-26AUG0317-B63375,1785785968374,sell,0.03,0.03
KXBTC-26AUG0317-B63625,1785744191734,buy,0.08,0.92
KXBTC-26AUG0317-B63625,1785763777333,buy,0.07,0.9299999999999999
KXBTC-26AUG0317-B63625,1785765326959,sell,0.09,-0.91
KXBTC-26AUG0317-B63625,1785767232090,sell,0.13,-0.87
KXBTC-26AUG0317-B63625,1785768932307,buy,0.18,0.8200000000000001
KXBTC-26AUG0317-B63625,1785773008825,buy,0.21,0.79
KXBTC-26AUG0317-B63625,1785773449410,sell,0.2,-0.8
KXBTC-26AUG0317-B63625,1785777943095,buy,0.22,0.78
KXBTC-26AUG0317-B63625,1785778043385,sell,0.19,-0.81
KXBTC-26AUG0317-B63625,1785780813571,buy,0.23,0.77
KXBTC-26AUG0317-B63625,1785781466295,sell,0.2,-0.8
KXBTC-26AUG0317-B63625,1785781666063,sell,0.25,-0.75
KXBTC-26AUG0317-B63625,1785782766270,sell,0.29,-0.71
KXBTC-26AUG0317-B63625,1785783166171,buy,0.32,0.6799999999999999
KXBTC-26AUG0317-B63625,1785783266274,buy,0.28,0.72
KXBTC-26AUG0317-B63625,1785783566826,sell,0.26,-0.74
KXBTC-26AUG0317-B63625,1785784217707,buy,0.27,0.73
KXBTC-26AUG0317-B63625,1785784318658,buy,0.26,0.74
KXBTC-26AUG0317-B63625,1785784568590,buy,0.24,0.76
KXBTC-26AUG0317-B63625,1785784818861,sell,0.2,-0.8
KXBTC-26AUG0317-B63625,1785785068383,buy,0.2,0.8
KXBTC-26AUG0317-B63625,1785785118843,sell,0.18,-0.8200000000000001
KXBTC-26AUG0317-B63625,1785785468913,buy,0.16,0.84
KXBTC-26AUG0317-B63625,1785785768839,sell,0.09,-0.91
KXBTC-26AUG0317-B63625,1785785818407,sell,0.11,-0.89
KXBTC-26AUG0317-B63625,1785785968524,sell,0.23,-0.77
KXBTC-26AUG0317-B63625,1785786018910,sell,0.27,-0.73
KXBTC-26AUG0317-B63625,1785786068989,buy,0.29,0.71
KXBTC-26AUG0317-B63625,1785786168589,buy,0.23,0.77
KXBTC-26AUG0317-B63625,1785786568601,sell,0.21,-0.79
KXBTC-26AUG0317-B63625,1785786669427,buy,0.22,0.78
KXBTC-26AUG0317-B63625,1785786919477,sell,0.18,-0.8200000000000001
KXBTC-26AUG0317-B63625,1785787219540,sell,0.27,-0.73
KXBTC-26AUG0317-B63625,1785787269322,sell,0.33,-0.6699999999999999
KXBTC-26AUG0317-B63625,1785787319004,buy,0.39,0.61
KXBTC-26AUG0317-B63625,1785787369053,sell,0.38,-0.62
KXBTC-26AUG0317-B63625,1785787419103,buy,0.39,0.61
KXBTC-26AUG0317-B63625,1785787569406,buy,0.33,0.6699999999999999
KXBTC-26AUG0317-B63625,1785787669016,sell,0.31,-0.69
KXBTC-26AUG0317-B63625,1785787769418,buy,0.32,0.6799999999999999
KXBTC-26AUG0317-B63625,1785787819397,buy,0.23,0.77
KXBTC-26AUG0317-B63625,1785787969139,buy,0.16,0.84
KXBTC-26AUG0317-B63625,1785788019166,sell,0.15,-0.85
KXBTC-26AUG0317-B63625,1785788269090,buy,0.21,0.79
KXBTC-26AUG0317-B63625,1785788419641,buy,0.1,0.9
KXBTC-26AUG0317-B63625,1785788717690,sell,0.08,-0.92
KXBTC-26AUG0317-B63625,1785788817438,sell,0.11,-0.89
KXBTC-26AUG0317-B63625,1785788867438,buy,0.13,0.87
KXBTC-26AUG0317-B63625,1785790167486,sell,0.06,-0.94
KXBTC-26AUG0317-B63625,1785790217793,sell,0.3,-0.7
KXBTC-26AUG0317-B63625,1785790267412,sell,0.43,-0.5700000000000001
KXBTC-26AUG0317-B63625,1785790317534,sell,0.59,-0.41000000000000003
KXBTC-26AUG0317-B63625,1785790367519,sell,0.62,-0.38
KXBTC-26AUG0317-B63625,1785790417287,buy,0.69,0.31000000000000005
KXBTC-26AUG0317-B63625,1785790467125,buy,0.63,0.37
KXBTC-26AUG0317-B63625,1785790567299,buy,0.6,0.4
KXBTC-26AUG0317-B63625,1785790617058,sell,0.4,-0.6
KXBTC-26AUG0317-B63625,1785790717124,sell,0.63,-0.37
KXBTC-26AUG0317-B63625,1785790767206,sell,0.74,-0.26
KXBTC-26AUG0317-B63875,1785763878786,buy,0.04,-0.04
KXBTC-26AUG0317-B63875,1785764578674,sell,0.03,0.03
KXBTC-26AUG0317-B63875,1785765729398,buy,0.09,-0.09
KXBTC-26AUG0317-B63875,1785766332947,sell,0.08,0.08
KXBTC-26AUG0317-B63875,1785766882099,buy,0.1,-0.1
KXBTC-26AUG0317-B63875,1785767132469,sell,0.08,0.08
KXBTC-26AUG0317-B63875,1785767332286,sell,0.12,0.12
KXBTC-26AUG0317-B63875,1785773389720,buy,0.2,-0.2
KXBTC-26AUG0317-B63875,1785773767389,sell,0.19,0.19
KXBTC-26AUG0317-B63875,1785775375911,buy,0.22,-0.22
KXBTC-26AUG0317-B63875,1785775526123,sell,0.21,0.21
KXBTC-26AUG0317-B63875,1785775776100,sell,0.24,0.24
KXBTC-26AUG0317-B63875,1785782816381,buy,0.37,-0.37
KXBTC-26AUG0317-B63875,1785784968583,buy,0.46,-0.46
KXBTC-26AUG0317-B63875,1785785468617,buy,0.44,-0.44
KXBTC-26AUG0317-B63875,1785785618398,buy,0.42,-0.42
KXBTC-26AUG0317-B63875,1785785718404,buy,0.38,-0.38
KXBTC-26AUG0317-B63875,1785785768550,sell,0.36,0.36
KXBTC-26AUG0317-B63875,1785785818080,sell,0.43,0.43
KXBTC-26AUG0317-B63875,1785786618627,sell,0.49,0.49
KXBTC-26AUG0317-B63875,1785786919171,sell,0.52,0.52
KXBTC-26AUG0317-B63875,1785787269014,buy,0.53,-0.53
KXBTC-26AUG0317-B63875,1785787418810,sell,0.48,0.48
KXBTC-26AUG0317-B63875,1785787668725,buy,0.58,-0.58
KXBTC-26AUG0317-B63875,1785787769142,sell,0.59,0.59
KXBTC-26AUG0317-B63875,1785788169015,sell,0.63,0.63
KXBTC-26AUG0317-B63875,1785788419192,buy,0.65,-0.65
KXBTC-26AUG0317-B63875,1785788469304,sell,0.56,0.56
KXBTC-26AUG0317-B63875,1785788567122,sell,0.59,0.59
KXBTC-26AUG0317-B63875,1785788767054,sell,0.68,0.68
KXBTC-26AUG0317-B63875,1785788817006,sell,0.7,0.7
KXBTC-26AUG0317-B63875,1785790167203,buy,0.92,-0.92
KXBTC-26AUG0317-B63875,1785790217464,buy,0.74,-0.74
KXBTC-26AUG0317-B63875,1785790267123,buy,0.58,-0.58
KXBTC-26AUG0317-B63875,1785790367223,buy,0.4,-0.4
KXBTC-26AUG0317-B63875,1785790417006,sell,0.32,0.32
KXBTC-26AUG0317-B63875,1785790466843,sell,0.37,0.37
KXBTC-26AUG0317-B63875,1785790567157,sell,0.39,0.39
KXBTC-26AUG0317-B63875,1785790616920,buy,0.53,-0.53
KXBTC-26AUG0317-B63875,1785790716980,buy,0.38,-0.38
KXBTC-26AUG0317-B63875,1785790767077,buy,0.27,-0.27
KXBTC-26AUG0317-B64125,1785770306212,buy,0.14,-0.14
KXBTC-26AUG0317-B64125,1785771756896,buy,0.16,-0.16
KXBTC-26AUG0317-B64125,1785773315111,buy,0.15,-0.15
KXBTC-26AUG0317-B64125,1785773771417,sell,0.12,0.12
KXBTC-26AUG0317-B64125,1785775327715,buy,0.15,-0.15
KXBTC-26AUG0317-B64125,1785777892767,sell,0.19,0.19
KXBTC-26AUG0317-B64125,1785778146012,buy,0.21,-0.21
KXBTC-26AUG0317-B64125,1785780815203,sell,0.22,0.22
KXBTC-26AUG0317-B64125,1785781318200,buy,0.24,-0.24
KXBTC-26AUG0317-B64125,1785781818719,sell,0.15,0.15
KXBTC-26AUG0317-B64125,1785782918093,sell,0.13,0.13
KXBTC-26AUG0317-B64125,1785783167940,sell,0.15,0.15
KXBTC-26AUG0317-B64125,1785783268384,sell,0.18,0.18
KXBTC-26AUG0317-B64125,1785783568572,buy,0.2,-0.2
KXBTC-26AUG0317-B64125,1785783918950,sell,0.18,0.18
KXBTC-26AUG0317-B64125,1785785269771,sell,0.26,0.26
KXBTC-26AUG0317-B64125,1785785319531,sell,0.3,0.3
KXBTC-26AUG0317-B64125,1785785369581,buy,0.31,-0.31
KXBTC-26AUG0317-B64125,1785785470134,sell,0.28,0.28
KXBTC-26AUG0317-B64125,1785785619840,sell,0.34,0.34
KXBTC-26AUG0317-B64125,1785785719911,sell,0.4,0.4
KXBTC-26AUG0317-B64125,1785785770008,buy,0.41,-0.41
KXBTC-26AUG0317-B64125,1785785819539,buy,0.36,-0.36
KXBTC-26AUG0317-B64125,1785785919629,buy,0.27,-0.27
KXBTC-26AUG0317-B64125,1785785969787,buy,0.23,-0.23
KXBTC-26AUG0317-B64125,1785786020167,buy,0.19,-0.19
KXBTC-26AUG0317-B64125,1785786169792,sell,0.17,0.17
KXBTC-26AUG0317-B64125,1785786720750,sell,0.2,0.2
KXBTC-26AUG0317-B64125,1785786820520,sell,0.26,0.26
KXBTC-26AUG0317-B64125,1785786870663,buy,0.28,-0.28
KXBTC-26AUG0317-B64125,1785786921078,buy,0.22,-0.22
KXBTC-26AUG0317-B64125,1785787221135,buy,0.15,-0.15
KXBTC-26AUG0317-B64125,1785787370198,buy,0.08,-0.08
KXBTC-26AUG0317-B64125,1785787620409,sell,0.09,0.09
KXBTC-26AUG0317-B64125,1785787820548,sell,0.14,0.14
KXBTC-26AUG0317-B64125,1785787970176,sell,0.16,0.16
KXBTC-26AUG0317-B64125,1785788020203,buy,0.2,-0.2
KXBTC-26AUG0317-B64125,1785788070220,buy,0.15,-0.15
KXBTC-26AUG0317-B64125,1785788270068,sell,0.14,0.14
KXBTC-26AUG0317-B64125,1785788320096,sell,0.2,0.2
KXBTC-26AUG0317-B64125,1785788420684,sell,0.24,0.24
KXBTC-26AUG0317-B64125,1785788470794,buy,0.38,-0.38
KXBTC-26AUG0317-B64125,1785788520315,sell,0.28,0.28
KXBTC-26AUG0317-B64125,1785788568419,buy,0.3,-0.3
KXBTC-26AUG0317-B64125,1785788618371,buy,0.24,-0.24
KXBTC-26AUG0317-B64125,1785788818371,buy,0.17,-0.17
KXBTC-26AUG0317-B64125,1785788868341,sell,0.15,0.15
KXBTC-26AUG0317-B64125,1785789068611,buy,0.16,-0.16
KXBTC-26AUG0317-B64125,1785789118348,buy,0.13,-0.13
KXBTC-26AUG0317-B64375,1785728788966,buy,0.05,-0.05
KXBTC-26AUG0317-B64375,1785767335012,sell,0.05,0.05
KXBTC-26AUG0317-B64375,1785768933394,sell,0.08,0.08
KXBTC-26AUG0317-B64375,1785772605692,buy,0.09,-0.09
KXBTC-26AUG0317-B64375,1785775326555,buy,0.08,-0.08
KXBTC-26AUG0317-B64375,1785777892061,sell,0.08,0.08
KXBTC-26AUG0317-B64375,1785778145268,buy,0.11,-0.11
KXBTC-26AUG0317-B64375,1785781667009,buy,0.1,-0.1
KXBTC-26AUG0318-B63550,1785791672159,sell,0.15,-0.85
KXBTC-26AUG0318-B63550,1785791819086,buy,0.17,0.83
KXBTC-26AUG0318-B63550,1785791869120,sell,0.12,-0.88
KXBTC-26AUG0318-B63550,1785791919101,sell,0.16,-0.84
KXBTC-26AUG0318-B63550,1785792069456,buy,0.18,0.8200000000000001
KXBTC-26AUG0318-B63550,1785792369253,buy,0.19,0.81
KXBTC-26AUG0318-B63550,1785792619467,buy,0.16,0.84
KXBTC-26AUG0318-B63550,1785792819192,sell,0.14,-0.86
KXBTC-26AUG0318-B63550,1785792869332,buy,0.18,0.8200000000000001
KXBTC-26AUG0318-B63550,1785792919404,sell,0.17,-0.83
KXBTC-26AUG0318-B63550,1785792969320,sell,0.21,-0.79
KXBTC-26AUG0318-B63550,1785793018977,sell,0.26,-0.74
KXBTC-26AUG0318-B63550,1785793068868,buy,0.32,0.6799999999999999
KXBTC-26AUG0318-B63550,1785793118874,buy,0.28,0.72
KXBTC-26AUG0318-B63550,1785793168950,sell,0.18,-0.8200000000000001
KXBTC-26AUG0318-B63550,1785793369040,buy,0.26,0.74
KXBTC-26AUG0318-B63550,1785793418955,sell,0.25,-0.75
KXBTC-26AUG0318-B63550,1785793768572,sell,0.37,-0.63
KXBTC-26AUG0318-B63550,1785793818901,buy,0.47,0.53
KXBTC-26AUG0318-B63550,1785793968635,sell,0.43,-0.5700000000000001
KXBTC-26AUG0318-B63550,1785794018720,sell,0.59,-0.41000000000000003
KXBTC-26AUG0318-B63550,1785794068580,sell,0.68,-0.31999999999999995
KXBTC-26AUG0318-B63550,1785794118862,sell,0.8,-0.19999999999999996
KXBTC-26AUG0318-B63550,1785794168635,buy,0.85,0.15000000000000002
KXBTC-26AUG0318-B63550,1785794218361,sell,0.83,-0.17000000000000004
KXBTC-26AUG0318-B63650,1785791472099,sell,0.35,0.35
KXBTC-26AUG0318-B63650,1785791521648,buy,0.36,-0.36
KXBTC-26AUG0318-B63650,1785791818800,buy,0.31,-0.31
KXBTC-26AUG0318-B63650,1785791868842,sell,0.24,0.24
KXBTC-26AUG0318-B63650,1785791918822,sell,0.29,0.29
KXBTC-26AUG0318-B63650,1785792768815,sell,0.4,0.4
KXBTC-26AUG0318-B63650,1785792918983,buy,0.45,-0.45
KXBTC-26AUG0318-B63650,1785793218745,sell,0.46,0.46
KXBTC-26AUG0318-B63650,1785793718409,sell,0.5,0.5
KXBTC-26AUG0318-B63650,1785793768140,buy,0.53,-0.53
KXBTC-26AUG0318-B63650,1785793818461,sell,0.46,0.46
KXBTC-26AUG0318-B63650,1785793968212,buy,0.52,-0.52
KXBTC-26AUG0318-B63650,1785794018285,buy,0.35,-0.35
KXBTC-26AUG0318-B63650,1785794068172,buy,0.3,-0.3
KXBTC-26AUG0318-B63650,1785794118422,buy,0.1,-0.1
KXBTC-26AUG0318-B63650,1785794168163,buy,0.06,-0.06
KXBTC-26AUG0318-B63750,1785791171290,sell,0.28,0.28
KXBTC-26AUG0318-B63750,1785791521502,sell,0.28,0.28
KXBTC-26AUG0318-B63750,1785791818941,buy,0.29,-0.29
KXBTC-26AUG0318-B63750,1785791868981,sell,0.22,0.22
KXBTC-26AUG0318-B63750,1785792369112,sell,0.26,0.26
KXBTC-26AUG0318-B63750,1785792819047,buy,0.29,-0.29
KXBTC-26AUG0318-B63750,1785792919267,buy,0.23,-0.23
KXBTC-26AUG0318-B63750,1785793019128,buy,0.17,-0.17
KXBTC-26AUG0318-B63750,1785793169123,sell,0.14,0.14
KXBTC-26AUG0318-B63750,1785793219488,sell,0.2,0.2
KXBTC-26AUG0318-B63750,1785793269571,buy,0.22,-0.22
KXBTC-26AUG0318-B63750,1785793569071,buy,0.12,-0.12
KXBTC-26AUG0318-B63950,1785791472234,buy,0.06,-0.06
KXBTC-26AUG0319-B63250,1785795022434,buy,0.15,-0.15
KXBTC-26AUG0319-B63250,1785795072460,buy,0.12,-0.12
KXBTC-26AUG0319-B63250,1785795372516,buy,0.08,-0.08
KXBTC-26AUG0319-B63350,1785794971758,sell,0.2,0.2
KXBTC-26AUG0319-B63350,1785795072028,buy,0.2,-0.2
KXBTC-26AUG0319-B63350,1785795122326,sell,0.18,0.18
KXBTC-26AUG0319-B63350,1785795372077,buy,0.18,-0.18
KXBTC-26AUG0319-B63350,1785796170290,sell,0.12,0.12
KXBTC-26AUG0319-B63350,1785796319986,buy,0.16,-0.16
KXBTC-26AUG0319-B63350,1785796370194,sell,0.13,0.13
KXBTC-26AUG0319-B63350,1785796520614,sell,0.17,0.17
KXBTC-26AUG0319-B63350,1785797420436,buy,0.2,-0.2
KXBTC-26AUG0319-B63450,1785795372368,buy,0.3,-0.3
KXBTC-26AUG0319-B63450,1785795422375,sell,0.28,0.28
KXBTC-26AUG0319-B63450,1785795520426,buy,0.28,-0.28
KXBTC-26AUG0319-B63450,1785795620570,sell,0.18,0.18
KXBTC-26AUG0319-B63450,1785795670276,sell,0.22,0.22
KXBTC-26AUG0319-B63450,1785795720685,sell,0.27,0.27
KXBTC-26AUG0319-B63450,1785795770296,buy,0.31,-0.31
KXBTC-26AUG0319-B63450,1785795820213,sell,0.28,0.28
KXBTC-26AUG0319-B63450,1785795870399,sell,0.3,0.3
KXBTC-26AUG0319-B63450,1785796219437,sell,0.37,0.37
KXBTC-26AUG0319-B63450,1785796319040,sell,0.4,0.4
KXBTC-26AUG0319-B63450,1785797268676,buy,0.62,-0.62
KXBTC-26AUG0319-B63450,1785797318927,buy,0.54,-0.54
KXBTC-26AUG0319-B63450,1785797368824,sell,0.32,0.32
KXBTC-26AUG0319-B63450,1785797419120,buy,0.38,-0.38
KXBTC-26AUG0319-B63450,1785797469140,sell,0.3,0.3
KXBTC-26AUG0319-B63450,1785797568717,buy,0.35,-0.35
KXBTC-26AUG0319-B63450,1785797618793,buy,0.19,-0.19
KXBTC-26AUG0319-B63550,1785795072179,sell,0.21,-0.79
KXBTC-26AUG0319-B63550,1785795372225,sell,0.25,-0.75
KXBTC-26AUG0319-B63550,1785795472159,sell,0.31,-0.69
KXBTC-26AUG0319-B63550,1785795519982,buy,0.32,0.6799999999999999
KXBTC-26AUG0319-B63550,1785795620132,sell,0.3,-0.7
KXBTC-26AUG0319-B63550,1785795720137,buy,0.33,0.6699999999999999
KXBTC-26AUG0319-B63550,1785795920101,sell,0.3,-0.7
KXBTC-26AUG0319-B63550,1785796319712,sell,0.27,-0.73
KXBTC-26AUG0319-B63550,1785796369905,buy,0.34,0.6599999999999999
KXBTC-26AUG0319-B63550,1785796520326,buy,0.28,0.72
KXBTC-26AUG0319-B63550,1785796570176,sell,0.25,-0.75
KXBTC-26AUG0319-B63550,1785796670030,buy,0.25,0.75
KXBTC-26AUG0319-B63550,1785796719990,buy,0.2,0.8
KXBTC-26AUG0319-B63550,1785796870081,sell,0.18,-0.8200000000000001
KXBTC-26AUG0319-B63550,1785797220102,sell,0.18,-0.8200000000000001
KXBTC-26AUG0319-B63550,1785797269958,sell,0.26,-0.74
KXBTC-26AUG0319-B63550,1785797320187,sell,0.37,-0.63
KXBTC-26AUG0319-B63550,1785797370055,buy,0.57,0.43000000000000005
KXBTC-26AUG0319-B63550,1785797420294,sell,0.5,-0.5
KXBTC-26AUG0319-B63550,1785797470244,buy,0.61,0.39
KXBTC-26AUG0319-B63550,1785797569848,sell,0.61,-0.39
KXBTC-26AUG0319-B63650,1785795372658,sell,0.1,0.1
KXBTC-26AUG0319-B63650,1785795472589,sell,0.15,0.15
KXBTC-26AUG0319-B63650,1785796169665,buy,0.16,-0.16
KXBTC-26AUG0319-B63650,1785796419864,buy,0.08,-0.08
KXBTC-26AUG0319-B63650,1785797319909,sell,0.03,0.03
KXBTC-26AUG0319-B63650,1785797470099,buy,0.05,-0.05
KXBTC-26AUG0319-B63650,1785797619781,sell,0.05,0.05
KXBTC-26AUG0319-B63650,1785797669656,sell,0.2,0.2
KXBTC-26AUG0319-B63650,1785797719970,buy,0.24,-0.24
KXBTC-26AUG0319-B63650,1785797769992,buy,0.14,-0.14
KXBTC-26AUG0320-B63350,1785799023227,buy,0.13,-0.13
KXBTC-26AUG0320-B63350,1785799073125,buy,0.11,-0.11
KXBTC-26AUG0320-B63350,1785799172883,buy,0.09,-0.09
KXBTC-26AUG0320-B63350,1785799223345,sell,0.07,0.07
KXBTC-26AUG0320-B63350,1785801270642,buy,0.12,-0.12
KXBTC-26AUG0320-B63450,1785799022953,buy,0.3,0.7
KXBTC-26AUG0320-B63450,1785799223065,sell,0.21,-0.79
KXBTC-26AUG0320-B63450,1785799720526,buy,0.29,0.71
KXBTC-26AUG0320-B63450,1785799770299,sell,0.27,-0.73
KXBTC-26AUG0320-B63450,1785799870577,sell,0.36,-0.64
KXBTC-26AUG0320-B63450,1785800120176,sell,0.51,-0.49
KXBTC-26AUG0320-B63450,1785800370080,sell,0.51,-0.49
KXBTC-26AUG0320-B63450,1785800420319,buy,0.53,0.47
KXBTC-26AUG0320-B63450,1785800619960,sell,0.55,-0.44999999999999996
KXBTC-26AUG0320-B63450,1785800919786,sell,0.69,-0.31000000000000005
KXBTC-26AUG0320-B63450,1785801219993,sell,0.82,-0.18000000000000005
KXBTC-26AUG0320-B63550,1785798422670,buy,0.3,-0.3
KXBTC-26AUG0320-B63550,1785799222925,buy,0.35,-0.35
KXBTC-26AUG0320-B63550,1785800120309,buy,0.28,-0.28
KXBTC-26AUG0320-B63550,1785800170256,buy,0.25,-0.25
KXBTC-26AUG0320-B63550,1785800220196,sell,0.24,0.24
KXBTC-26AUG0320-B63550,1785800269933,buy,0.28,-0.28
KXBTC-26AUG0320-B63550,1785800320231,buy,0.15,-0.15
KXBTC-26AUG0320-B63550,1785800570249,sell,0.1,0.1
KXBTC-26AUG0320-B63550,1785800620396,sell,0.13,0.13
KXBTC-26AUG0320-B63550,1785800720420,buy,0.15,-0.15
KXBTC-26AUG0320-B63550,1785800770327,sell,0.13,0.13
KXBTC-26AUG0320-B63550,1785801070414,buy,0.08,-0.08
KXBTC-26AUG0320-B63650,1785799023097,sell,0.15,0.15
KXBTC-26AUG0320-B63650,1785799223202,buy,0.24,-0.24
KXBTC-26AUG0320-B63750,1785799223493,buy,0.07,-0.07
KXBTC-26AUG0321-B63250,1785805069940,sell,0.13,-0.87
KXBTC-26AUG0321-B63250,1785805119912,sell,0.32,-0.6799999999999999
KXBTC-26AUG0321-B63250,1785805169904,sell,0.73,-0.27
KXBTC-26AUG0321-B63350,1785801973834,sell,0.11,0.11
KXBTC-26AUG0321-B63350,1785804420632,sell,0.27,0.27
KXBTC-26AUG0321-B63350,1785804470507,buy,0.5,-0.5
KXBTC-26AUG0321-B63350,1785804520680,sell,0.47,0.47
KXBTC-26AUG0321-B63350,1785804570811,sell,0.57,0.57
KXBTC-26AUG0321-B63350,1785804620884,buy,0.59,-0.59
KXBTC-26AUG0321-B63350,1785804670708,sell,0.4,0.4
KXBTC-26AUG0321-B63350,1785804720400,sell,0.6,0.6
KXBTC-26AUG0321-B63350,1785804770819,sell,0.67,0.67
KXBTC-26AUG0321-B63350,1785804970634,buy,0.82,-0.82
KXBTC-26AUG0321-B63350,1785805020785,sell,0.44,0.44
KXBTC-26AUG0321-B63350,1785805119770,buy,0.69,-0.69
KXBTC-26AUG0321-B63350,1785805169765,buy,0.26,-0.26
KXBTC-26AUG0321-B63450,1785802821221,sell,0.24,0.24
KXBTC-26AUG0321-B63450,1785802971411,buy,0.32,-0.32
KXBTC-26AUG0321-B63450,1785803270799,buy,0.3,-0.3
KXBTC-26AUG0321-B63450,1785803320875,buy,0.25,-0.25
KXBTC-26AUG0321-B63450,1785803371063,sell,0.23,0.23
KXBTC-26AUG0321-B63450,1785803471612,sell,0.26,0.26
KXBTC-26AUG0321-B63450,1785803521203,buy,0.28,-0.28
KXBTC-26AUG0321-B63450,1785803721142,buy,0.2,-0.2
KXBTC-26AUG0321-B63450,1785803771308,sell,0.16,0.16
KXBTC-26AUG0321-B63450,1785803820710,sell,0.2,0.2
KXBTC-26AUG0321-B63450,1785803920915,buy,0.19,-0.19
KXBTC-26AUG0321-B63450,1785803971093,sell,0.14,0.14
KXBTC-26AUG0321-B63450,1785804071099,buy,0.17,-0.17
KXBTC-26AUG0321-B63450,1785804370940,buy,0.19,-0.19
KXBTC-26AUG0321-B63450,1785804470784,buy,0.1,-0.1
KXBTC-26AUG0321-B63450,1785804571097,sell,0.09,0.09
KXBTC-26AUG0321-B63450,1785804621172,sell,0.25,0.25
KXBTC-26AUG0321-B63450,1785804670992,buy,0.48,-0.48
KXBTC-26AUG0321-B63450,1785804820821,buy,0.22,-0.22
KXBTC-26AUG0321-B63450,1785804870866,buy,0.09,-0.09
KXBTC-26AUG0321-B63550,1785801973976,buy,0.31,-0.31
KXBTC-26AUG0321-B63550,1785802073804,sell,0.25,0.25
KXBTC-26AUG0321-B63550,1785802323826,buy,0.27,-0.27
KXBTC-26AUG0321-B63550,1785802373774,buy,0.22,-0.22
KXBTC-26AUG0322-B63250,1785806224249,sell,0.17,0.17
KXBTC-26AUG0322-B63350,1785805973628,sell,0.23,0.23
KXBTC-26AUG0322-B63350,1785806971547,buy,0.27,-0.27
KXBTC-26AUG0322-B63350,1785807071573,buy,0.18,-0.18
KXBTC-26AUG0322-B63350,1785807271521,buy,0.07,-0.07
KXBTC-26AUG0322-B63450,1785806224096,buy,0.26,-0.26
KXBTC-26AUG0322-B63450,1785806971402,sell,0.26,0.26
KXBTC-26AUG0322-B63450,1785807071439,buy,0.34,-0.34
KXBTC-26AUG0322-B63450,1785807121136,buy,0.26,-0.26
KXBTC-26AUG0322-B63450,1785807271359,buy,0.24,-0.24
KXBTC-26AUG0322-B63450,1785807621247,buy,0.11,-0.11
KXBTC-26AUG0322-B63550,1785806224526,buy,0.15,-0.15
KXBTC-26AUG0323-B63450,1785810037209,sell,0.04,0.04
KXBTC-26AUG0323-B63550,1785810037070,sell,0.1,0.1
KXBTC-26AUG0323-B63650,1785810036638,sell,0.25,0.25
KXBTC-26AUG0323-B63650,1785811935388,buy,0.28,-0.28
KXBTC-26AUG0323-B63650,1785812135214,buy,0.05,-0.05
KXBTC-26AUG0323-B63750,1785810036492,buy,0.3,0.7
KXBTC-26AUG0323-B63750,1785810135538,buy,0.24,0.76
KXBTC-26AUG0323-B63750,1785810535630,sell,0.24,-0.76
KXBTC-26AUG0323-B63750,1785810585677,buy,0.27,0.73
KXBTC-26AUG0323-B63750,1785811035819,buy,0.33,0.6699999999999999
KXBTC-26AUG0323-B63750,1785811185573,sell,0.3,-0.7
KXBTC-26AUG0323-B63750,1785811235645,sell,0.32,-0.6799999999999999
KXBTC-26AUG0323-B63750,1785811285702,buy,0.35,0.65
KXBTC-26AUG0323-B63750,1785811335389,sell,0.33,-0.6699999999999999
KXBTC-26AUG0323-B63750,1785811485145,buy,0.3,0.7
KXBTC-26AUG0323-B63750,1785811635889,sell,0.29,-0.71
KXBTC-26AUG0323-B63750,1785811735050,sell,0.37,-0.63
KXBTC-26AUG0323-B63750,1785811785162,sell,0.42,-0.5800000000000001
KXBTC-26AUG0323-B63750,1785811835434,sell,0.48,-0.52
KXBTC-26AUG0323-B63750,1785811984665,sell,0.62,-0.38
KXBTC-26AUG0323-B63750,1785812034801,sell,0.72,-0.28
KXBTC-26AUG0323-B63750,1785812084804,sell,0.75,-0.25
KXBTC-26AUG0323-B63850,1785810036779,buy,0.19,-0.19
KXBTC-26AUG0323-B63850,1785811335956,sell,0.13,0.13
KXBTC-26AUG0323-B63850,1785811536767,sell,0.43,0.43
KXBTC-26AUG0323-B63850,1785811785725,buy,0.45,-0.45
KXBTC-26AUG0323-B63850,1785811836043,buy,0.41,-0.41
KXBTC-26AUG0323-B63850,1785811985521,buy,0.33,-0.33
KXBTC-26AUG0323-B63850,1785812035652,buy,0.24,-0.24
KXBTC-26AUG0323-B63850,1785812085632,buy,0.16,-0.16
KXBTC-26AUG0323-B63850,1785812185542,buy,0.1,-0.1
KXBTC-26AUG0323-B63950,1785810036926,buy,0.06,-0.06
KXBTC-26AUG0400-B63550,1785813145248,sell,0.13,0.13
KXBTC-26AUG0400-B63550,1785813239656,sell,0.22,0.22
KXBTC-26AUG0400-B63550,1785813390058,buy,0.25,-0.25
KXBTC-26AUG0400-B63550,1785813561389,sell,0.21,0.21
KXBTC-26AUG0400-B63650,1785812788066,sell,0.25,0.25
KXBTC-26AUG0400-B63650,1785813139366,sell,0.29,0.29
KXBTC-26AUG0400-B63650,1785813809331,sell,0.35,0.35
KXBTC-26AUG0400-B63650,1785814059221,buy,0.39,-0.39
KXBTC-26AUG0400-B63650,1785814210168,buy,0.33,-0.33
KXBTC-26AUG0400-B63650,1785814259444,buy,0.26,-0.26
KXBTC-26AUG0400-B63650,1785814309441,sell,0.16,0.16
KXBTC-26AUG0400-B63650,1785814708942,buy,0.2,-0.2
KXBTC-26AUG0400-B63650,1785815008961,buy,0.13,-0.13
KXBTC-26AUG0400-B63650,1785815158507,sell,0.1,0.1
KXBTC-26AUG0400-B63650,1785815208382,buy,0.11,-0.11
KXBTC-26AUG0400-B63650,1785815358392,buy,0.1,-0.1
KXBTC-26AUG0400-B63650,1785815757871,buy,0.04,-0.04
KXBTC-26AUG0400-B63750,1785812738524,sell,0.31,-0.69
KXBTC-26AUG0400-B63750,1785813139509,buy,0.33,0.6699999999999999
KXBTC-26AUG0400-B63750,1785813239229,buy,0.23,0.77
KXBTC-26AUG0400-B63750,1785813389586,sell,0.21,-0.79
KXBTC-26AUG0400-B63750,1785813560974,buy,0.26,0.74
KXBTC-26AUG0400-B63750,1785813612156,buy,0.21,0.79
KXBTC-26AUG0400-B63750,1785813662057,sell,0.2,-0.8
KXBTC-26AUG0400-B63750,1785815059515,sell,0.2,-0.8
KXBTC-26AUG0400-B63750,1785815110266,sell,0.62,-0.38
KXBTC-26AUG0400-B63750,1785815159337,sell,0.68,-0.31999999999999995
KXBTC-26AUG0400-B63750,1785815209246,buy,0.69,0.31000000000000005
KXBTC-26AUG0400-B63750,1785815259616,sell,0.67,-0.32999999999999996
KXBTC-26AUG0400-B63750,1785815459624,sell,0.75,-0.25
KXBTC-26AUG0400-B63750,1785815609578,sell,0.81,-0.18999999999999995
KXBTC-26AUG0400-B63750,1785815708695,sell,0.89,-0.10999999999999999
KXBTC-26AUG0400-B63850,1785813139647,buy,0.15,-0.15
KXBTC-26AUG0400-B63850,1785815659307,sell,0.05,0.05
KXBTC-26AUG0400-B63850,1785815709692,buy,0.06,-0.06
KXBTC-26AUG0400-B63850,1785815809336,buy,0.04,-0.04
KXBTC-26AUG0400-B63950,1785813139789,buy,0.04,-0.04
KXBTC-26AUG0401-B63650,1785816361852,sell,0.24,0.24
KXBTC-26AUG0401-B63650,1785816612587,buy,0.31,-0.31
KXBTC-26AUG0401-B63750,1785817559500,sell,0.41,0.41
KXBTC-26AUG0401-B63750,1785817659461,buy,0.47,-0.47
KXBTC-26AUG0401-B63750,1785817859395,buy,0.46,-0.46
KXBTC-26AUG0401-B63750,1785817909212,sell,0.4,0.4
KXBTC-26AUG0401-B63750,1785817959207,buy,0.42,-0.42
KXBTC-26AUG0401-B63750,1785818059348,buy,0.37,-0.37
KXBTC-26AUG0401-B63750,1785818109684,sell,0.31,0.31
KXBTC-26AUG0401-B63750,1785818208274,buy,0.34,-0.34
KXBTC-26AUG0401-B63750,1785818308332,buy,0.26,-0.26
KXBTC-26AUG0401-B63750,1785818358288,buy,0.19,-0.19
KXBTC-26AUG0401-B63750,1785818408955,buy,0.07,-0.07
KXBTC-26AUG0401-B63850,1785816362061,buy,0.18,-0.18
KXBTC-26AUG0401-B63850,1785816612736,sell,0.14,0.14
KXBTC-26AUG0401-B63850,1785818209680,sell,0.23,0.23
KXBTC-26AUG0401-B63850,1785818359704,buy,0.51,-0.51
KXBTC-26AUG0401-B63850,1785818410360,buy,0.35,-0.35
KXBTC-26AUG0401-B63850,1785818459797,sell,0.21,0.21
KXBTC-26AUG0401-B63850,1785818509633,buy,0.24,-0.24
KXBTC-26AUG0401-B63850,1785818559692,sell,0.19,0.19
KXBTC-26AUG0401-B63850,1785818609948,buy,0.22,-0.22
KXBTC-26AUG0401-B63850,1785818659892,buy,0.19,-0.19
KXBTC-26AUG0401-B63850,1785818809499,buy,0.07,-0.07
KXBTC-26AUG0401-B63950,1785819108614,sell,0.08,-0.92
KXBTC-26AUG0401-B63950,1785819258627,buy,0.1,0.9
KXBTC-26AUG0401-B63950,1785819458530,sell,0.04,-0.96
KXBTC-26AUG0401-B63950,1785819508691,sell,0.07,-0.9299999999999999
KXBTC-26AUG0401-B63950,1785819558474,sell,0.28,-0.72
KXBTC-26AUG0401-B64050,1785819458384,sell,0.03,0.03
KXBTC-26AUG0401-B64050,1785819508552,buy,0.88,-0.88
KXBTC-26AUG0401-B64150,1785818908722,buy,0.37,-0.37
KXBTC-26AUG0401-B64150,1785819010035,sell,0.37,0.37
KXBTC-26AUG0401-B64150,1785819058926,sell,0.39,0.39
KXBTC-26AUG0401-B64150,1785819108755,buy,0.41,-0.41
KXBTC-26AUG0401-B64150,1785819208906,buy,0.29,-0.29
KXBTC-26AUG0401-B64150,1785819258770,sell,0.22,0.22
KXBTC-26AUG0401-B64150,1785819358995,buy,0.25,-0.25
KXBTC-26AUG0402-B63550,1785820514201,sell,0.06,0.06
KXBTC-26AUG0402-B63650,1785820462931,sell,0.09,0.09
KXBTC-26AUG0402-B63750,1785820213149,sell,0.13,-0.87
KXBTC-26AUG0402-B63750,1785820312167,sell,0.16,-0.84
KXBTC-26AUG0402-B63750,1785820412204,sell,0.18,-0.8200000000000001
KXBTC-26AUG0402-B63750,1785820462091,sell,0.21,-0.79
KXBTC-26AUG0402-B63850,1785820213296,sell,0.24,0.24
KXBTC-26AUG0402-B63850,1785820462234,buy,0.27,-0.27
KXBTC-26AUG0402-B63850,1785820562486,sell,0.25,0.25
KXBTC-26AUG0402-B63850,1785820612184,sell,0.27,0.27
KXBTC-26AUG0402-B63950,1785820312870,buy,0.21,-0.21
KXBTC-26AUG0402-B63950,1785820412914,buy,0.18,-0.18
KXBTC-26AUG0402-B63950,1785820462789,buy,0.16,-0.16
KXBTC-26AUG0402-B64050,1785820214291,buy,0.11,-0.11
KXBTC-26AUG0402-B64150,1785820362407,buy,0.06,-0.06
KXBTC-26AUG0403-B63550,1785823962462,sell,0.08,0.08
KXBTC-26AUG0403-B63650,1785823962187,sell,0.12,-0.88
KXBTC-26AUG0403-B63650,1785824012386,buy,0.22,0.78
KXBTC-26AUG0403-B63650,1785824062337,sell,0.15,-0.85
KXBTC-26AUG0403-B63650,1785824113151,buy,0.21,0.79
KXBTC-26AUG0403-B63650,1785824162649,sell,0.17,-0.83
KXBTC-26AUG0403-B63650,1785824212483,buy,0.18,0.8200000000000001
KXBTC-26AUG0403-B63650,1785824312768,buy,0.16,0.84
KXBTC-26AUG0403-B63650,1785826359875,sell,0.11,-0.89
KXBTC-26AUG0403-B63650,1785826459678,sell,0.69,-0.31000000000000005
KXBTC-26AUG0403-B63650,1785826509918,sell,0.75,-0.25
KXBTC-26AUG0403-B63650,1785826559975,sell,0.82,-0.18000000000000005
KXBTC-26AUG0403-B63650,1785826609691,buy,0.84,0.16000000000000003
KXBTC-26AUG0403-B63650,1785826659707,sell,0.7,-0.30000000000000004
KXBTC-26AUG0403-B63750,1785823912296,sell,0.32,0.32
KXBTC-26AUG0403-B63750,1785824262616,buy,0.33,-0.33
KXBTC-26AUG0403-B63750,1785825760236,buy,0.31,-0.31
KXBTC-26AUG0403-B63750,1785825859950,buy,0.22,-0.22
KXBTC-26AUG0403-B63750,1785826060093,buy,0.17,-0.17
KXBTC-26AUG0403-B63750,1785826110233,buy,0.14,-0.14
KXBTC-26AUG0403-B63750,1785826160004,buy,0.09,-0.09
KXBTC-26AUG0403-B63850,1785823912573,buy,0.27,-0.27
KXBTC-26AUG0403-B63850,1785823962324,buy,0.25,-0.25
KXBTC-26AUG0403-B63850,1785824012515,sell,0.15,0.15
KXBTC-26AUG0403-B63850,1785824062476,buy,0.2,-0.2
KXBTC-26AUG0403-B63850,1785824113311,sell,0.18,0.18
KXBTC-26AUG0403-B63850,1785824212629,sell,0.2,0.2
KXBTC-26AUG0403-B63850,1785824312914,sell,0.22,0.22
KXBTC-26AUG0403-B63850,1785824362583,buy,0.3,-0.3
KXBTC-26AUG0403-B63950,1785824363293,sell,0.1,0.1
KXBTC-26AUG0403-B63950,1785825110265,buy,0.11,-0.11
KXBTC-26AUG0404-B63350,1785828168354,sell,0.14,0.14
KXBTC-26AUG0404-B63450,1785827413220,sell,0.11,0.11
KXBTC-26AUG0404-B63450,1785827462652,sell,0.14,0.14
KXBTC-26AUG0404-B63450,1785827512487,sell,0.17,0.17
KXBTC-26AUG0404-B63450,1785827562345,sell,0.19,0.19
KXBTC-26AUG0404-B63450,1785827612333,sell,0.21,0.21
KXBTC-26AUG0404-B63450,1785827662775,buy,0.25,-0.25
KXBTC-26AUG0404-B63450,1785827713240,sell,0.22,0.22
KXBTC-26AUG0404-B63450,1785827812513,buy,0.25,-0.25
KXBTC-26AUG0404-B63450,1785827912360,sell,0.24,0.24
KXBTC-26AUG0404-B63550,1785827713528,buy,0.34,-0.34
KXBTC-26AUG0404-B63550,1785827812794,sell,0.33,0.33
KXBTC-26AUG0404-B63550,1785827912634,buy,0.38,-0.38
KXBTC-26AUG0404-B63550,1785827962749,buy,0.32,-0.32
KXBTC-26AUG0404-B63550,1785828860156,buy,0.27,-0.27
KXBTC-26AUG0404-B63550,1785828910931,sell,0.2,0.2
KXBTC-26AUG0404-B63550,1785829060237,sell,0.25,0.25
KXBTC-26AUG0404-B63550,1785829110208,sell,0.27,0.27
KXBTC-26AUG0404-B63550,1785829210863,buy,0.29,-0.29
KXBTC-26AUG0404-B63550,1785829260398,sell,0.27,0.27
KXBTC-26AUG0404-B63550,1785829310069,buy,0.31,-0.31
KXBTC-26AUG0404-B63550,1785829360488,sell,0.24,0.24
KXBTC-26AUG0404-B63550,1785829560202,buy,0.28,-0.28
KXBTC-26AUG0404-B63550,1785829660369,buy,0.19,-0.19
KXBTC-26AUG0404-B63550,1785829760117,buy,0.14,-0.14
KXBTC-26AUG0404-B63550,1785829860252,sell,0.08,0.08
KXBTC-26AUG0404-B63550,1785829910145,buy,0.09,-0.09
KXBTC-26AUG0404-B63550,1785829960109,sell,0.08,0.08
KXBTC-26AUG0404-B63550,1785830060228,buy,0.13,-0.13
KXBTC-26AUG0404-B63550,1785830110503,buy,0.1,-0.1
KXBTC-26AUG0404-B63550,1785830210054,buy,0.05,-0.05
KXBTC-26AUG0404-B63650,1785827912772,buy,0.16,0.84
KXBTC-26AUG0404-B63650,1785827962884,buy,0.14,0.86
KXBTC-26AUG0404-B63650,1785828310663,sell,0.1,-0.9
KXBTC-26AUG0404-B63650,1785828410206,sell,0.14,-0.86
KXBTC-26AUG0404-B63650,1785828459982,sell,0.16,-0.84
KXBTC-26AUG0404-B63650,1785828509960,sell,0.23,-0.77
KXBTC-26AUG0404-B63650,1785828660139,sell,0.27,-0.73
KXBTC-26AUG0404-B63650,1785828760588,sell,0.34,-0.6599999999999999
KXBTC-26AUG0404-B63650,1785828810386,buy,0.43,0.5700000000000001
KXBTC-26AUG0404-B63650,1785828860013,sell,0.4,-0.6
KXBTC-26AUG0404-B63650,1785829010116,sell,0.42,-0.5800000000000001
KXBTC-26AUG0404-B63650,1785829510799,buy,0.53,0.47
KXBTC-26AUG0404-B63650,1785829559921,sell,0.52,-0.48
KXBTC-26AUG0404-B63750,1785827662918,buy,0.09,-0.09
KXBTC-26AUG0404-B63750,1785827912488,buy,0.06,-0.06
KXBTC-26AUG0405-B63350,1785830913098,sell,0.05,0.05
KXBTC-26AUG0405-B63350,1785831112750,sell,0.08,0.08
KXBTC-26AUG0405-B63450,1785831112608,sell,0.11,0.11
KXBTC-26AUG0405-B63450,1785831363085,sell,0.15,0.15
KXBTC-26AUG0405-B63550,1785830863022,buy,0.21,0.79
KXBTC-26AUG0405-B63550,1785830913363,sell,0.18,-0.8200000000000001
KXBTC-26AUG0405-B63550,1785830963495,sell,0.24,-0.76
KXBTC-26AUG0405-B63550,1785831113029,sell,0.28,-0.72
KXBTC-26AUG0405-B63550,1785832710212,sell,0.32,-0.6799999999999999
KXBTC-26AUG0405-B63550,1785833010095,buy,0.53,0.47
KXBTC-26AUG0405-B63550,1785833060134,sell,0.51,-0.49
KXBTC-26AUG0405-B63550,1785833310322,sell,0.63,-0.37
KXBTC-26AUG0405-B63550,1785833410373,sell,0.73,-0.27
KXBTC-26AUG0405-B63650,1785830912536,buy,0.3,-0.3
KXBTC-26AUG0405-B63650,1785831062579,sell,0.28,0.28
KXBTC-26AUG0405-B63650,1785831112192,buy,0.29,-0.29
KXBTC-26AUG0405-B63650,1785831362658,buy,0.25,-0.25
KXBTC-26AUG0405-B63750,1785830862890,sell,0.18,0.18
KXBTC-26AUG0405-B63750,1785830913234,buy,0.21,-0.21
KXBTC-26AUG0405-B63850,1785831112476,buy,0.07,-0.07
KXBTC-26AUG0406-B63250,1785834713103,buy,0.07,-0.07
KXBTC-26AUG0406-B63350,1785835112583,sell,0.11,0.11
KXBTC-26AUG0406-B63350,1785835213174,sell,0.15,0.15
KXBTC-26AUG0406-B63450,1785834762830,buy,0.34,-0.34
KXBTC-26AUG0406-B63450,1785834962689,buy,0.32,-0.32
KXBTC-26AUG0406-B63450,1785835012930,sell,0.3,0.3
KXBTC-26AUG0406-B63450,1785835112864,sell,0.35,0.35
KXBTC-26AUG0406-B63450,1785835213463,sell,0.38,0.38
KXBTC-26AUG0406-B63550,1785834762401,sell,0.33,-0.6699999999999999
KXBTC-26AUG0406-B63550,1785835012510,buy,0.36,0.64
KXBTC-26AUG0406-B63550,1785835112439,buy,0.29,0.71
KXBTC-26AUG0406-B63550,1785835260253,sell,0.25,-0.75
KXBTC-26AUG0406-B63550,1785835360269,sell,0.35,-0.65
KXBTC-26AUG0406-B63550,1785835860552,sell,0.44,-0.56
KXBTC-26AUG0406-B63550,1785835910161,buy,0.48,0.52
KXBTC-26AUG0406-B63550,1785835960345,buy,0.36,0.64
KXBTC-26AUG0406-B63550,1785836010500,sell,0.31,-0.69
KXBTC-26AUG0406-B63550,1785836110780,sell,0.41,-0.5900000000000001
KXBTC-26AUG0406-B63550,1785836159994,buy,0.45,0.55
KXBTC-26AUG0406-B63550,1785836260329,buy,0.41,0.5900000000000001
KXBTC-26AUG0406-B63550,1785836310145,sell,0.27,-0.73
KXBTC-26AUG0406-B63550,1785836411171,sell,0.34,-0.6599999999999999
KXBTC-26AUG0406-B63550,1785836460357,sell,0.37,-0.63
KXBTC-26AUG0406-B63550,1785836510113,sell,0.43,-0.5700000000000001
KXBTC-26AUG0406-B63550,1785836560034,sell,0.47,-0.53
KXBTC-26AUG0406-B63550,1785836710409,buy,0.5,0.5
KXBTC-26AUG0406-B63550,1785836809871,buy,0.45,0.55
KXBTC-26AUG0406-B63550,1785836860218,sell,0.4,-0.6
KXBTC-26AUG0406-B63550,1785837010962,sell,0.45,-0.55
KXBTC-26AUG0406-B63650,1785834962550,buy,0.13,-0.13
KXBTC-26AUG0406-B63650,1785835213317,buy,0.1,-0.1
KXBTC-26AUG0407-B63250,1785838514069,sell,0.08,0.08
KXBTC-26AUG0407-B63250,1785838563599,sell,0.1,0.1
KXBTC-26AUG0407-B63250,1785838663175,buy,0.11,-0.11
KXBTC-26AUG0407-B63250,1785838963011,buy,0.08,-0.08
KXBTC-26AUG0407-B63350,1785837863080,sell,0.15,0.15
KXBTC-26AUG0407-B63350,1785838012971,buy,0.16,-0.16
KXBTC-26AUG0407-B63350,1785838213736,sell,0.13,0.13
KXBTC-26AUG0407-B63350,1785838363180,buy,0.17,-0.17
KXBTC-26AUG0407-B63350,1785838412684,sell,0.16,0.16
KXBTC-26AUG0407-B63350,1785838463115,buy,0.18,-0.18
KXBTC-26AUG0407-B63350,1785838513486,sell,0.16,0.16
KXBTC-26AUG0407-B63350,1785838662634,buy,0.28,-0.28
KXBTC-26AUG0407-B63350,1785838762863,buy,0.26,-0.26
KXBTC-26AUG0407-B63350,1785838812914,buy,0.22,-0.22
KXBTC-26AUG0407-B63350,1785838912722,buy,0.17,-0.17
KXBTC-26AUG0407-B63350,1785838962460,buy,0.14,-0.14
KXBTC-26AUG0407-B63350,1785839012550,sell,0.12,0.12
KXBTC-26AUG0407-B63450,1785837913454,sell,0.36,0.36
KXBTC-26AUG0407-B63450,1785838563176,buy,0.38,-0.38
KXBTC-26AUG0407-B63450,1785838662763,sell,0.38,0.38
KXBTC-26AUG0407-B63450,1785838962596,buy,0.42,-0.42
KXBTC-26AUG0407-B63450,1785839012684,sell,0.39,0.39
KXBTC-26AUG0407-B63450,1785840359849,buy,0.4,-0.4
KXBTC-26AUG0407-B63450,1785840460090,buy,0.07,-0.07
KXBTC-26AUG0407-B63450,1785840710083,buy,0.03,-0.03
KXBTC-26AUG0407-B63550,1785838012445,sell,0.24,0.24
KXBTC-26AUG0407-B63550,1785838112527,sell,0.26,0.26
KXBTC-26AUG0407-B63550,1785838412549,buy,0.25,-0.25
KXBTC-26AUG0407-B63550,1785838513347,buy,0.22,-0.22
KXBTC-26AUG0407-B63550,1785838762724,sell,0.18,0.18
KXBTC-26AUG0407-B63550,1785838812775,sell,0.23,0.23
KXBTC-26AUG0407-B63550,1785838962320,sell,0.29,0.29
KXBTC-26AUG0407-B63550,1785839012413,buy,0.37,-0.37
KXBTC-26AUG0407-B63550,1785839060780,buy,0.21,-0.21
KXBTC-26AUG0407-B63550,1785839411140,sell,0.13,0.13
KXBTC-26AUG0407-B63550,1785839460330,sell,0.15,0.15
KXBTC-26AUG0407-B63550,1785839510345,buy,0.16,-0.16
KXBTC-26AUG0407-B63550,1785839560431,buy,0.14,-0.14
KXBTC-26AUG0407-B63550,1785839610360,sell,0.13,0.13
KXBTC-26AUG0407-B63550,1785839760275,buy,0.16,-0.16
KXBTC-26AUG0407-B63550,1785839810194,buy,0.13,-0.13
KXBTC-26AUG0407-B63550,1785839860300,sell,0.1,0.1
KXBTC-26AUG0407-B63550,1785839910184,buy,0.14,-0.14
KXBTC-26AUG0407-B63550,1785839960035,sell,0.11,0.11
KXBTC-26AUG0407-B63550,1785840060331,sell,0.16,0.16
KXBTC-26AUG0407-B63550,1785840110029,sell,0.22,0.22
KXBTC-26AUG0407-B63550,1785840160326,sell,0.27,0.27
KXBTC-26AUG0407-B63550,1785840210089,sell,0.37,0.37
KXBTC-26AUG0407-B63550,1785840310792,buy,0.43,-0.43
KXBTC-26AUG0407-B63550,1785840360135,buy,0.28,-0.28
KXBTC-26AUG0407-B63550,1785840460379,buy,0.18,-0.18
KXBTC-26AUG0407-B63550,1785840510442,sell,0.08,0.08
KXBTC-26AUG0407-B63550,1785840560382,sell,0.12,0.12
KXBTC-26AUG0407-B63550,1785840660054,sell,0.13,0.13
KXBTC-26AUG0407-B63550,1785840710375,buy,0.14,-0.14
KXBTC-26AUG0407-B63550,1785840760188,buy,0.11,-0.11
KXBTC-26AUG0407-B63550,1785840810389,buy,0.05,-0.05
KXBTC-26AUG0407-B63550,1785840860024,sell,0.04,0.04
KXBTC-26AUG0407-B63550,1785840910421,buy,0.11,-0.11
KXBTC-26AUG0407-B63550,1785840960264,buy,0.09,-0.09
KXBTC-26AUG0407-B63550,1785841009897,buy,0.04,-0.04
KXBTC-26AUG0407-B63650,1785838412958,buy,0.08,0.92
KXBTC-26AUG0407-B63650,1785838513772,buy,0.07,0.9299999999999999
KXBTC-26AUG0407-B63650,1785838813197,sell,0.05,-0.95
KXBTC-26AUG0407-B63650,1785838863272,buy,0.07,0.9299999999999999
KXBTC-26AUG0407-B63650,1785838962730,sell,0.07,-0.9299999999999999
KXBTC-26AUG0407-B63650,1785839012817,buy,0.09,0.91
KXBTC-26AUG0407-B63650,1785841009620,sell,0.08,-0.92
KXBTC-26AUG0407-B63650,1785841059779,sell,0.47,-0.53
KXBTC-26AUG0407-B63650,1785841109866,buy,0.58,0.42000000000000004
KXBTC-26AUG0407-B63650,1785841159545,sell,0.5,-0.5
KXBTC-26AUG0407-B63750,1785841010327,sell,0.04,0.04
KXBTC-26AUG0407-B63750,1785841060491,buy,0.48,-0.48
KXBTC-26AUG0407-B63750,1785841110575,sell,0.39,0.39
KXBTC-26AUG0407-B63750,1785841160248,buy,0.5,-0.5
KXBTC-26AUG0408-B63550,1785842113353,sell,0.16,0.16
KXBTC-26AUG0408-B63550,1785842162930,sell,0.18,0.18
KXBTC-26AUG0408-B63650,1785841862648,sell,0.24,0.24
KXBTC-26AUG0408-B63650,1785843510027,sell,0.28,0.28
KXBTC-26AUG0408-B63650,1785843560275,sell,0.42,0.42
KXBTC-26AUG0408-B63650,1785843660377,sell,0.47,0.47
KXBTC-26AUG0408-B63650,1785843860184,buy,0.41,-0.41
KXBTC-26AUG0408-B63650,1785843910989,buy,0.19,-0.19
KXBTC-26AUG0408-B63650,1785843960417,buy,0.14,-0.14
KXBTC-26AUG0408-B63650,1785844010707,sell,0.11,0.11
KXBTC-26AUG0408-B63650,1785844110072,buy,0.13,-0.13
KXBTC-26AUG0408-B63650,1785844160060,buy,0.09,-0.09
KXBTC-26AUG0408-B63650,1785844210388,buy,0.06,-0.06
KXBTC-26AUG0408-B63750,1785841812777,sell,0.19,0.19
KXBTC-26AUG0408-B63750,1785842162515,buy,0.22,-0.22
KXBTC-26AUG0408-B63750,1785844110217,sell,0.21,0.21
KXBTC-26AUG0408-B63750,1785844160205,buy,0.31,-0.31
KXBTC-26AUG0408-B63750,1785844210523,buy,0.24,-0.24
KXBTC-26AUG0408-B63750,1785844260257,buy,0.18,-0.18
KXBTC-26AUG0408-B63750,1785844360208,sell,0.14,0.14
KXBTC-26AUG0408-B63750,1785844410401,buy,0.15,-0.15
KXBTC-26AUG0408-B63750,1785844460412,buy,0.12,-0.12
KXBTC-26AUG0408-B63750,1785844510465,buy,0.08,-0.08
KXBTC-26AUG0408-B63750,1785844560443,buy,0.06,-0.06
KXBTC-26AUG0408-B63850,1785842162788,buy,0.12,0.88
KXBTC-26AUG0408-B63850,1785844759716,sell,0.11,-0.89
KXBTC-26AUG0409-B63550,1785845613770,buy,0.1,-0.1
KXBTC-26AUG0409-B63550,1785845663888,sell,0.09,0.09
KXBTC-26AUG0409-B63550,1785845967645,sell,0.11,0.11
KXBTC-26AUG0409-B63650,1785845612945,buy,0.17,-0.17
KXBTC-26AUG0409-B63650,1785845663040,sell,0.16,0.16
KXBTC-26AUG0409-B63650,1785845966828,sell,0.19,0.19
KXBTC-26AUG0409-B63750,1785845463838,sell,0.24,0.24
KXBTC-26AUG0409-B63750,1785845613223,buy,0.26,-0.26
KXBTC-26AUG0409-B63750,1785847314320,buy,0.24,-0.24
KXBTC-26AUG0409-B63750,1785847364407,sell,0.09,0.09
KXBTC-26AUG0409-B63750,1785847414280,buy,0.13,-0.13
KXBTC-26AUG0409-B63750,1785847464380,buy,0.11,-0.11
KXBTC-26AUG0409-B63750,1785847514464,buy,0.09,-0.09
KXBTC-26AUG0409-B63750,1785847564308,sell,0.08,0.08
KXBTC-26AUG0409-B63750,1785847664167,buy,0.17,-0.17
KXBTC-26AUG0409-B63750,1785847714253,buy,0.15,-0.15
KXBTC-26AUG0409-B63750,1785847764126,sell,0.14,0.14
KXBTC-26AUG0409-B63750,1785847864756,buy,0.15,-0.15
KXBTC-26AUG0409-B63750,1785847913974,buy,0.1,-0.1
KXBTC-26AUG0409-B63850,1785845612390,sell,0.22,-0.78
KXBTC-26AUG0409-B63850,1785845662448,buy,0.23,0.77
KXBTC-26AUG0409-B63850,1785846263693,buy,0.22,0.78
KXBTC-26AUG0409-B63850,1785846363651,sell,0.21,-0.79
KXBTC-26AUG0409-B63850,1785846413666,sell,0.23,-0.77
KXBTC-26AUG0409-B63850,1785846614418,sell,0.26,-0.74
KXBTC-26AUG0409-B63850,1785846713860,buy,0.26,0.74
KXBTC-26AUG0409-B63850,1785846813839,sell,0.25,-0.75
KXBTC-26AUG0409-B63850,1785846863889,sell,0.28,-0.72
KXBTC-26AUG0409-B63850,1785846914155,sell,0.32,-0.6799999999999999
KXBTC-26AUG0409-B63850,1785846964014,buy,0.35,0.65
KXBTC-26AUG0409-B63850,1785847013634,sell,0.33,-0.6699999999999999
KXBTC-26AUG0409-B63850,1785847113816,buy,0.35,0.65
KXBTC-26AUG0409-B63850,1785847163956,sell,0.25,-0.75
KXBTC-26AUG0409-B63850,1785847214491,sell,0.27,-0.73
KXBTC-26AUG0409-B63850,1785847264035,buy,0.3,0.7
KXBTC-26AUG0409-B63850,1785847363691,sell,0.27,-0.73
KXBTC-26AUG0409-B63850,1785847513723,buy,0.37,0.63
KXBTC-26AUG0409-B63850,1785847563597,sell,0.36,-0.64
KXBTC-26AUG0409-B63850,1785847913422,buy,0.56,0.43999999999999995
KXBTC-26AUG0409-B63850,1785847963391,buy,0.51,0.49
KXBTC-26AUG0409-B63850,1785848013494,sell,0.44,-0.56
KXBTC-26AUG0409-B63850,1785848063433,sell,0.59,-0.41000000000000003
KXBTC-26AUG0409-B63950,1785845613088,sell,0.13,0.13
KXBTC-26AUG0409-B63950,1785845663193,buy,0.14,-0.14
KXBTC-26AUG0410-B63550,1785848817075,buy,0.04,-0.04
KXBTC-26AUG0410-B63550,1785849567441,sell,0.06,0.06
KXBTC-26AUG0410-B63550,1785849667503,buy,0.07,-0.07
KXBTC-26AUG0410-B63650,1785848617459,buy,0.12,0.88
KXBTC-26AUG0410-B63650,1785848666652,sell,0.08,-0.92
KXBTC-26AUG0410-B63650,1785848816778,buy,0.09,0.91
KXBTC-26AUG0410-B63650,1785848917147,buy,0.06,0.94
KXBTC-26AUG0410-B63650,1785849567294,sell,0.1,-0.9
KXBTC-26AUG0410-B63650,1785849667372,buy,0.13,0.87
KXBTC-26AUG0410-B63750,1785848617317,buy,0.18,-0.18
KXBTC-26AUG0410-B63750,1785848816642,buy,0.15,-0.15
KXBTC-26AUG0410-B63750,1785849016934,sell,0.13,0.13
KXBTC-26AUG0410-B63750,1785849667094,buy,0.19,-0.19
KXBTC-26AUG0410-B63750,1785849716860,sell,0.13,0.13
KXBTC-26AUG0410-B63750,1785849766800,sell,0.15,0.15
KXBTC-26AUG0410-B63750,1785850464485,buy,0.16,-0.16
KXBTC-26AUG0410-B63750,1785850614180,buy,0.12,-0.12
KXBTC-26AUG0410-B63750,1785850664380,sell,0.11,0.11
KXBTC-26AUG0410-B63750,1785850764485,buy,0.12,-0.12
KXBTC-26AUG0410-B63750,1785850864644,buy,0.1,-0.1
KXBTC-26AUG0410-B63750,1785850914520,sell,0.07,0.07
KXBTC-26AUG0410-B63750,1785851014383,buy,0.07,-0.07
KXBTC-26AUG0410-B63750,1785851064326,sell,0.06,0.06
KXBTC-26AUG0410-B63750,1785851763649,sell,0.09,0.09
KXBTC-26AUG0410-B63750,1785851813760,buy,0.43,-0.43
KXBTC-26AUG0410-B63750,1785851863684,buy,0.11,-0.11
KXBTC-26AUG0410-B63750,1785851913789,sell,0.05,0.05
KXBTC-26AUG0410-B63850,1785848715971,sell,0.17,0.17
KXBTC-26AUG0410-B63850,1785849265554,sell,0.17,0.17
KXBTC-26AUG0410-B63850,1785849665658,buy,0.19,-0.19
KXBTC-26AUG0410-B63850,1785849715476,sell,0.18,0.18
KXBTC-26AUG0410-B63850,1785850612788,buy,0.17,-0.17
KXBTC-26AUG0410-B63850,1785850662953,sell,0.13,0.13
KXBTC-26AUG0410-B63850,1785850813427,buy,0.18,-0.18
KXBTC-26AUG0410-B63850,1785850913104,sell,0.13,0.13
KXBTC-26AUG0410-B63850,1785851062923,sell,0.13,0.13
KXBTC-26AUG0410-B63850,1785851113457,sell,0.19,0.19
KXBTC-26AUG0410-B63850,1785851163009,sell,0.24,0.24
KXBTC-26AUG0410-B63850,1785851212906,buy,0.28,-0.28
KXBTC-26AUG0410-B63850,1785851262812,buy,0.26,-0.26
KXBTC-26AUG0410-B63850,1785851312872,buy,0.2,-0.2
KXBTC-26AUG0410-B63850,1785851413305,sell,0.18,0.18
KXBTC-26AUG0410-B63850,1785851562933,buy,0.26,-0.26
KXBTC-26AUG0410-B63850,1785851762878,buy,0.16,-0.16
KXBTC-26AUG0410-B63850,1785851813068,buy,0.06,-0.06
KXBTC-26AUG0410-B63950,1785849266790,buy,0.23,-0.23
KXBTC-26AUG0410-B63950,1785849516480,buy,0.2,-0.2
KXBTC-26AUG0410-B63950,1785849566785,buy,0.18,-0.18
KXBTC-26AUG0410-B63950,1785849666951,sell,0.16,0.16
KXBTC-26AUG0410-B63950,1785851115094,sell,0.2,0.2
KXBTC-26AUG0410-B63950,1785851164596,buy,0.27,-0.27
KXBTC-26AUG0410-B63950,1785851214480,buy,0.21,-0.21
KXBTC-26AUG0410-B63950,1785851264375,buy,0.14,-0.14
KXBTC-26AUG0410-B63950,1785851314425,buy,0.09,-0.09
KXBTC-26AUG0410-B63950,1785851414936,sell,0.07,0.07
KXBTC-26AUG0410-B63950,1785851464755,buy,0.19,-0.19
KXBTC-26AUG0410-B64050,1785848617607,sell,0.09,0.09
KXBTC-26AUG0410-B64050,1785848917289,sell,0.14,0.14
KXBTC-26AUG0410-B64050,1785848967336,buy,0.21,-0.21
KXBTC-26AUG0410-B64050,1785849017224,buy,0.18,-0.18
KXBTC-26AUG0410-B64050,1785849267061,buy,0.16,-0.16
KXBTC-26AUG0410-B64050,1785849567151,buy,0.1,-0.1
KXBTC-26AUG0410-B64050,1785849667240,sell,0.08,0.08
KXBTC-26AUG0410-B64050,1785849716990,buy,0.16,-0.16
KXBTC-26AUG0410-B64050,1785849766941,buy,0.14,-0.14
KXBTC-26AUG0410-B64150,1785848622802,sell,0.05,0.05
KXBTC-26AUG0410-B64150,1785849667986,sell,0.05,0.05
KXBTC-26AUG0410-B64250,1785848622649,sell,0.03,0.03
KXBTC-26AUG0410-B64250,1785849667843,sell,0.03,0.03
KXBTC-26AUG0411-B63350,1785852417862,sell,0.04,0.04
KXBTC-26AUG0411-B63450,1785852418532,sell,0.06,0.06
KXBTC-26AUG0411-B63450,1785852568532,sell,0.08,0.08
KXBTC-26AUG0411-B63450,1785852819858,buy,0.08,-0.08
KXBTC-26AUG0411-B63550,1785852418677,sell,0.1,0.1
KXBTC-26AUG0411-B63550,1785852819998,buy,0.14,-0.14
KXBTC-26AUG0411-B63650,1785853764900,buy,0.13,-0.13
KXBTC-26AUG0411-B63650,1785854065039,buy,0.11,-0.11
KXBTC-26AUG0411-B63650,1785854514846,buy,0.05,-0.05
KXBTC-26AUG0411-B63850,1785852418253,buy,0.15,-0.15
KXBTC-26AUG0411-B63850,1785852568270,buy,0.12,-0.12
KXBTC-26AUG0411-B63850,1785852819582,sell,0.12,0.12
KXBTC-26AUG0411-B63950,1785852417736,buy,0.12,-0.12
KXBTC-26AUG0411-B63950,1785852517544,buy,0.08,-0.08
KXBTC-26AUG0411-B63950,1785852819048,sell,0.07,0.07
KXBTC-26AUG0412-B63550,1785856269332,sell,0.04,0.04
KXBTC-26AUG0412-B63750,1785856270340,sell,0.08,0.08
KXBTC-26AUG0412-B63750,1785856319900,buy,0.1,-0.1
KXBTC-26AUG0412-B63750,1785856570221,buy,0.08,-0.08
KXBTC-26AUG0412-B63750,1785856720163,sell,0.08,0.08
KXBTC-26AUG0412-B63950,1785856319752,sell,0.16,0.16
KXBTC-26AUG0412-B63950,1785856719980,sell,0.18,0.18
KXBTC-26AUG0412-B63950,1785857466843,sell,0.2,0.2
KXBTC-26AUG0412-B63950,1785857566405,buy,0.25,-0.25
KXBTC-26AUG0412-B63950,1785857616449,buy,0.21,-0.21
KXBTC-26AUG0412-B63950,1785857716644,buy,0.14,-0.14
KXBTC-26AUG0412-B63950,1785857766374,buy,0.11,-0.11
KXBTC-26AUG0412-B63950,1785857916572,sell,0.11,0.11
KXBTC-26AUG0412-B63950,1785858016847,sell,0.23,0.23
KXBTC-26AUG0412-B63950,1785858116287,sell,0.24,0.24
KXBTC-26AUG0412-B63950,1785858166319,sell,0.29,0.29
KXBTC-26AUG0412-B63950,1785858316477,buy,0.33,-0.33
KXBTC-26AUG0412-B63950,1785858366125,buy,0.19,-0.19
KXBTC-26AUG0412-B63950,1785858516021,buy,0.11,-0.11
KXBTC-26AUG0412-B63950,1785858566506,sell,0.09,0.09
KXBTC-26AUG0412-B63950,1785858716201,buy,0.13,-0.13
KXBTC-26AUG0412-B63950,1785858765170,buy,0.08,-0.08
KXBTC-26AUG0412-B63950,1785858815126,sell,0.05,0.05
KXBTC-26AUG0412-B63950,1785858915354,buy,0.07,-0.07
KXBTC-26AUG0412-B63950,1785858965349,buy,0.05,-0.05
KXBTC-26AUG0412-B64050,1785856518839,sell,0.17,-0.83
KXBTC-26AUG0412-B64050,1785858816005,sell,0.2,-0.8
KXBTC-26AUG0412-B64050,1785858866424,sell,0.34,-0.6599999999999999
KXBTC-26AUG0412-B64050,1785858966213,buy,0.35,0.65
KXBTC-26AUG0412-B64050,1785859016186,sell,0.34,-0.6599999999999999
KXBTC-26AUG0412-B64050,1785859066040,buy,0.36,0.64
KXBTC-26AUG0412-B64050,1785859116084,sell,0.14,-0.86
KXBTC-26AUG0412-B64050,1785859166120,sell,0.4,-0.6
KXBTC-26AUG0412-B64150,1785856269029,buy,0.12,-0.12
KXBTC-26AUG0412-B64150,1785856518694,buy,0.13,-0.13
KXBTC-26AUG0412-B64150,1785856568937,sell,0.12,0.12
KXBTC-26AUG0412-B64150,1785856718810,buy,0.13,-0.13
KXBTC-26AUG0412-B64150,1785858766205,sell,0.1,0.1
KXBTC-26AUG0412-B64150,1785858816162,buy,0.42,-0.42
KXBTC-26AUG0412-B64150,1785858866564,sell,0.39,0.39
KXBTC-26AUG0412-B64150,1785858916362,sell,0.44,0.44
KXBTC-26AUG0412-B64150,1785858966369,sell,0.48,0.48
KXBTC-26AUG0412-B64150,1785859016327,buy,0.54,-0.54
KXBTC-26AUG0412-B64150,1785859066207,sell,0.53,0.53
KXBTC-26AUG0412-B64150,1785859116226,buy,0.79,-0.79
KXBTC-26AUG0412-B64150,1785859166261,buy,0.58,-0.58
KXBTC-26AUG0412-B64450,1785856270049,buy,0.04,-0.04
KXBTC-26AUG0412-B64450,1785856369573,sell,0.03,0.03
KXBTC-26AUG0413-B63650,1785860169648,buy,0.06,-0.06
KXBTC-26AUG0413-B63750,1785859620100,sell,0.08,0.08
KXBTC-26AUG0413-B63750,1785859670479,buy,0.1,-0.1
KXBTC-26AUG0413-B63750,1785860170082,buy,0.08,-0.08
KXBTC-26AUG0413-B63850,1785859469960,sell,0.11,0.11
KXBTC-26AUG0413-B63850,1785859619807,sell,0.14,0.14
KXBTC-26AUG0413-B63850,1785859670188,buy,0.18,-0.18
KXBTC-26AUG0413-B63850,1785859820645,buy,0.15,-0.15
KXBTC-26AUG0413-B63850,1785860069878,sell,0.14,0.14
KXBTC-26AUG0413-B63850,1785860120403,buy,0.15,-0.15
KXBTC-26AUG0413-B63850,1785860169941,buy,0.13,-0.13
KXBTC-26AUG0413-B63850,1785860520013,sell,0.13,0.13
KXBTC-26AUG0413-B63850,1785862615715,sell,0.14,0.14
KXBTC-26AUG0413-B63850,1785862665901,buy,0.58,-0.58
KXBTC-26AUG0413-B63850,1785862715863,buy,0.37,-0.37
KXBTC-26AUG0413-B63950,1785859469668,sell,0.16,-0.84
KXBTC-26AUG0413-B63950,1785859569650,sell,0.19,-0.81
KXBTC-26AUG0413-B63950,1785859619516,sell,0.21,-0.79
KXBTC-26AUG0413-B63950,1785860168794,buy,0.2,0.8
KXBTC-26AUG0413-B63950,1785860318856,buy,0.2,0.8
KXBTC-26AUG0413-B63950,1785860368907,sell,0.19,-0.81
KXBTC-26AUG0413-B63950,1785860518876,sell,0.2,-0.8
KXBTC-26AUG0413-B63950,1785860666402,buy,0.21,0.79
KXBTC-26AUG0413-B63950,1785860716888,sell,0.18,-0.8200000000000001
KXBTC-26AUG0413-B63950,1785860816410,buy,0.22,0.78
KXBTC-26AUG0413-B63950,1785860916662,sell,0.21,-0.79
KXBTC-26AUG0413-B63950,1785861017120,sell,0.24,-0.76
KXBTC-26AUG0413-B63950,1785861066792,sell,0.28,-0.72
KXBTC-26AUG0413-B63950,1785861116603,buy,0.3,0.7
KXBTC-26AUG0413-B63950,1785861266789,sell,0.29,-0.71
KXBTC-26AUG0413-B63950,1785861565462,buy,0.36,0.64
KXBTC-26AUG0413-B63950,1785861615672,sell,0.34,-0.6599999999999999
KXBTC-26AUG0413-B63950,1785861765383,buy,0.35,0.65
KXBTC-26AUG0413-B63950,1785861865447,sell,0.31,-0.69
KXBTC-26AUG0413-B63950,1785862265594,buy,0.57,0.43000000000000005
KXBTC-26AUG0413-B63950,1785862365167,buy,0.41,0.5900000000000001
KXBTC-26AUG0413-B63950,1785862415410,buy,0.39,0.61
KXBTC-26AUG0413-B63950,1785862465428,sell,0.35,-0.65
KXBTC-26AUG0413-B63950,1785862515473,buy,0.4,0.6
KXBTC-26AUG0413-B63950,1785862565564,buy,0.27,0.73
KXBTC-26AUG0413-B63950,1785862614850,sell,0.26,-0.74
KXBTC-26AUG0413-B63950,1785862665058,sell,0.4,-0.6
KXBTC-26AUG0413-B63950,1785862715004,sell,0.64,-0.36
KXBTC-26AUG0413-B63950,1785862764842,sell,0.79,-0.20999999999999996
KXBTC-26AUG0413-B64050,1785859768945,sell,0.18,0.18
KXBTC-26AUG0413-B64050,1785859819600,sell,0.2,0.2
KXBTC-26AUG0413-B64050,1785859918976,sell,0.22,0.22
KXBTC-26AUG0413-B64050,1785860018964,buy,0.22,-0.22
KXBTC-26AUG0413-B64050,1785860168939,sell,0.2,0.2
KXBTC-26AUG0413-B64050,1785861316569,sell,0.23,0.23
KXBTC-26AUG0413-B64050,1785861415986,buy,0.29,-0.29
KXBTC-26AUG0413-B64050,1785861516040,buy,0.22,-0.22
KXBTC-26AUG0413-B64050,1785861566177,buy,0.17,-0.17
KXBTC-26AUG0413-B64050,1785861716136,buy,0.16,-0.16
KXBTC-26AUG0413-B64050,1785861766102,buy,0.14,-0.14
KXBTC-26AUG0413-B64050,1785861866221,sell,0.1,0.1
KXBTC-26AUG0413-B64050,1785862065859,buy,0.13,-0.13
KXBTC-26AUG0413-B64050,1785862115940,sell,0.12,0.12
KXBTC-26AUG0413-B64050,1785862166345,sell,0.14,0.14
KXBTC-26AUG0413-B64050,1785862266309,buy,0.22,-0.22
KXBTC-26AUG0413-B64050,1785862416196,buy,0.05,-0.05
KXBTC-26AUG0413-B64150,1785859569084,buy,0.15,-0.15
KXBTC-26AUG0413-B64150,1785859618957,buy,0.11,-0.11
KXBTC-26AUG0413-B64150,1785859669319,sell,0.09,0.09
KXBTC-26AUG0413-B64150,1785859719120,buy,0.11,-0.11
KXBTC-26AUG0413-B64150,1785859819749,sell,0.11,0.11
KXBTC-26AUG0413-B64150,1785859919120,sell,0.13,0.13
KXBTC-26AUG0413-B64150,1785859969150,buy,0.14,-0.14
KXBTC-26AUG0413-B64150,1785860169081,sell,0.12,0.12
KXBTC-26AUG0413-B64150,1785860319127,sell,0.14,0.14
KXBTC-26AUG0413-B64250,1785859469815,buy,0.1,-0.1
KXBTC-26AUG0413-B64250,1785860519869,buy,0.08,-0.08
KXBTC-26AUG0413-B64250,1785860569986,sell,0.07,0.07
KXBTC-26AUG0414-B63850,1785863319902,buy,0.11,-0.11
KXBTC-26AUG0414-B63850,1785863420116,sell,0.09,0.09
KXBTC-26AUG0414-B63850,1785863469985,sell,0.12,0.12
KXBTC-26AUG0414-B63950,1785863319609,buy,0.17,0.83
KXBTC-26AUG0414-B63950,1785863419819,sell,0.14,-0.86
KXBTC-26AUG0414-B63950,1785865168810,buy,0.2,0.8
KXBTC-26AUG0414-B63950,1785865219133,buy,0.17,0.83
KXBTC-26AUG0414-B63950,1785865269151,sell,0.14,-0.86
KXBTC-26AUG0414-B63950,1785865319059,buy,0.17,0.83
KXBTC-26AUG0414-B63950,1785865418588,buy,0.13,0.87
KXBTC-26AUG0414-B63950,1785865468597,sell,0.12,-0.88
KXBTC-26AUG0414-B63950,1785865668413,sell,0.19,-0.81
KXBTC-26AUG0414-B63950,1785865718510,sell,0.25,-0.75
KXBTC-26AUG0414-B63950,1785865769191,sell,0.36,-0.64
KXBTC-26AUG0414-B63950,1785865818425,sell,0.49,-0.51
KXBTC-26AUG0414-B63950,1785865868356,sell,0.56,-0.43999999999999995
KXBTC-26AUG0414-B63950,1785865918144,buy,0.58,0.42000000000000004
KXBTC-26AUG0414-B63950,1785865968189,buy,0.31,0.69
KXBTC-26AUG0414-B63950,1785866018128,sell,0.3,-0.7
KXBTC-26AUG0414-B63950,1785866067912,sell,0.62,-0.38
KXBTC-26AUG0414-B63950,1785866168243,sell,0.69,-0.31000000000000005
KXBTC-26AUG0414-B63950,1785866217778,sell,0.8,-0.19999999999999996
KXBTC-26AUG0414-B64050,1785863321040,buy,0.23,-0.23
KXBTC-26AUG0414-B64050,1785863370896,sell,0.18,0.18
KXBTC-26AUG0414-B64050,1785863421351,sell,0.2,0.2
KXBTC-26AUG0414-B64050,1785863521101,sell,0.24,0.24
KXBTC-26AUG0414-B64050,1785863571355,buy,0.25,-0.25
KXBTC-26AUG0414-B64150,1785863319168,sell,0.18,0.18
KXBTC-26AUG0414-B64150,1785863419385,buy,0.21,-0.21
KXBTC-26AUG0414-B64250,1785863319028,sell,0.13,0.13
KXBTC-26AUG0414-B64250,1785863419240,buy,0.14,-0.14
KXBTC-26AUG0414-B64250,1785865817854,buy,0.09,-0.09
KXBTC-26AUG0414-B64350,1785863324205,sell,0.08,0.08
KXBTC-26AUG0414-B64350,1785863424575,buy,0.09,-0.09
KXBTC-26AUG0414-B64450,1785863324065,sell,0.04,0.04
KXBTC-26AUG0415-B63750,1785866522429,buy,0.08,-0.08
KXBTC-26AUG0415-B63750,1785867022732,sell,0.04,0.04
KXBTC-26AUG0415-B63850,1785867172163,buy,0.08,-0.08
KXBTC-26AUG0415-B63850,1785867323322,buy,0.06,-0.06
KXBTC-26AUG0415-B63850,1785867623078,buy,0.04,-0.04
KXBTC-26AUG0415-B63950,1785867168591,buy,0.18,-0.18
KXBTC-26AUG0415-B63950,1785867219057,sell,0.16,0.16
KXBTC-26AUG0415-B63950,1785867269165,buy,0.18,-0.18
KXBTC-26AUG0415-B63950,1785867319478,buy,0.09,-0.09
KXBTC-26AUG0415-B63950,1785867418835,sell,0.07,0.07
KXBTC-26AUG0415-B63950,1785867619288,buy,0.06,-0.06
KXBTC-26AUG0415-B64050,1785866570587,sell,0.21,0.21
KXBTC-26AUG0415-B64050,1785866870440,buy,0.25,-0.25
KXBTC-26AUG0415-B64050,1785867270326,buy,0.25,-0.25
KXBTC-26AUG0415-B64050,1785867320660,buy,0.22,-0.22
KXBTC-26AUG0415-B64050,1785867419945,sell,0.13,0.13
KXBTC-26AUG0415-B64050,1785867470192,buy,0.15,-0.15
KXBTC-26AUG0415-B64050,1785867570147,buy,0.12,-0.12
KXBTC-26AUG0415-B64150,1785866520615,sell,0.12,0.12
KXBTC-26AUG0415-B64150,1785866620986,sell,0.13,0.13
KXBTC-26AUG0415-B64150,1785866670955,sell,0.15,0.15
KXBTC-26AUG0415-B64150,1785866771026,sell,0.17,0.17
KXBTC-26AUG0415-B64150,1785867170277,sell,0.22,0.22
KXBTC-26AUG0415-B64150,1785867321229,buy,0.27,-0.27
KXBTC-26AUG0415-B64150,1785867420547,sell,0.22,0.22
KXBTC-26AUG0415-B64150,1785867470773,buy,0.23,-0.23
KXBTC-26AUG0415-B64150,1785867621077,buy,0.18,-0.18
KXBTC-26AUG0415-B64250,1785866672964,sell,0.07,-0.9299999999999999
KXBTC-26AUG0415-B64250,1785866723920,sell,0.09,-0.91
KXBTC-26AUG0415-B64250,1785866822692,sell,0.11,-0.89
KXBTC-26AUG0415-B64250,1785866872533,buy,0.13,0.87
KXBTC-26AUG0415-B64250,1785866973025,sell,0.1,-0.9
KXBTC-26AUG0415-B64250,1785867268427,sell,0.11,-0.89
KXBTC-26AUG0415-B64250,1785867318749,sell,0.17,-0.83
KXBTC-26AUG0415-B64250,1785867418134,buy,0.24,0.76
KXBTC-26AUG0415-B64250,1785867468311,sell,0.18,-0.8200000000000001
KXBTC-26AUG0415-B64250,1785867867346,buy,0.26,0.74
KXBTC-26AUG0415-B64250,1785868017493,sell,0.22,-0.78
KXBTC-26AUG0415-B64250,1785868067550,buy,0.25,0.75
KXBTC-26AUG0415-B64250,1785868218066,sell,0.21,-0.79
KXBTC-26AUG0415-B64250,1785868317386,buy,0.25,0.75
KXBTC-26AUG0415-B64250,1785868367710,buy,0.23,0.77
KXBTC-26AUG0415-B64250,1785868417329,sell,0.21,-0.79
KXBTC-26AUG0415-B64250,1785868466986,buy,0.27,0.73
KXBTC-26AUG0415-B64250,1785868517495,sell,0.26,-0.74
KXBTC-26AUG0415-B64250,1785868567443,buy,0.28,0.72
KXBTC-26AUG0415-B64250,1785868617353,sell,0.27,-0.73
KXBTC-26AUG0415-B64250,1785868917539,sell,0.34,-0.6599999999999999
KXBTC-26AUG0415-B64250,1785868967336,buy,0.4,0.6
KXBTC-26AUG0415-B64250,1785869067363,sell,0.36,-0.64
KXBTC-26AUG0415-B64350,1785867323477,sell,0.07,0.07
KXBTC-26AUG0415-B64350,1785867422694,buy,0.13,-0.13
KXBTC-26AUG0415-B64350,1785867472889,sell,0.11,0.11
KXBTC-26AUG0415-B64350,1785867572836,sell,0.14,0.14
KXBTC-26AUG0415-B64350,1785867623273,sell,0.18,0.18
KXBTC-26AUG0415-B64350,1785869769020,buy,0.24,-0.24
KXBTC-26AUG0415-B64350,1785869818617,sell,0.13,0.13
KXBTC-26AUG0415-B64350,1785869868701,buy,0.14,-0.14
KXBTC-26AUG0415-B64350,1785869918347,buy,0.07,-0.07
KXBTC-26AUG0415-B64450,1785867323179,sell,0.03,0.03
KXBTC-26AUG0415-B64450,1785867572554,sell,0.07,0.07
KXBTC-26AUG0415-B64450,1785867622935,sell,0.11,0.11
KXBTC-26AUG0416-B64050,1785870623236,buy,0.08,-0.08
KXBTC-26AUG0416-B64050,1785870880846,buy,0.08,-0.08
KXBTC-26AUG0416-B64150,1785870672077,sell,0.14,0.14
KXBTC-26AUG0416-B64250,1785870520227,sell,0.27,-0.73
KXBTC-26AUG0416-B64250,1785870620861,buy,0.29,0.71
KXBTC-26AUG0416-B64250,1785870828473,sell,0.28,-0.72
KXBTC-26AUG0416-B64250,1785870878628,buy,0.29,0.71
KXBTC-26AUG0416-B64250,1785870928728,buy,0.26,0.74
KXBTC-26AUG0416-B64250,1785872826860,sell,0.24,-0.76
KXBTC-26AUG0416-B64250,1785872876858,sell,0.44,-0.56
KXBTC-26AUG0416-B64250,1785872926645,sell,0.5,-0.5
KXBTC-26AUG0416-B64250,1785873027437,buy,0.52,0.48
KXBTC-26AUG0416-B64250,1785873077562,sell,0.51,-0.49
KXBTC-26AUG0416-B64250,1785873177508,sell,0.61,-0.39
KXBTC-26AUG0416-B64250,1785873227383,sell,0.67,-0.32999999999999996
KXBTC-26AUG0416-B64250,1785873277407,sell,0.72,-0.28
KXBTC-26AUG0416-B64350,1785872877006,buy,0.37,-0.37
KXBTC-26AUG0416-B64350,1785872926789,buy,0.31,-0.31
KXBTC-26AUG0416-B64350,1785872977069,sell,0.3,0.3
KXBTC-26AUG0416-B64350,1785873027600,sell,0.34,0.34
KXBTC-26AUG0416-B64350,1785873077730,buy,0.38,-0.38
KXBTC-26AUG0416-B64350,1785873127765,sell,0.33,0.33
KXBTC-26AUG0416-B64350,1785873177654,buy,0.34,-0.34
KXBTC-26AUG0416-B64350,1785873227529,buy,0.28,-0.28
KXBTC-26AUG0416-B64350,1785873277550,buy,0.24,-0.24
KXBTC-26AUG0416-B64350,1785873377578,buy,0.17,-0.17
KXBTC-26AUG0416-B64350,1785873426646,buy,0.07,-0.07
KXBTC-26AUG0416-B64450,1785870422495,sell,0.09,0.09
KXBTC-26AUG0416-B64450,1785870623538,sell,0.12,0.12
KXBTC-26AUG0416-B64450,1785870674087,buy,0.14,-0.14
KXBTC-26AUG0416-B64450,1785870773113,buy,0.12,-0.12
KXBTC-26AUG0416-B64450,1785870881117,sell,0.1,0.1
KXBTC-26AUG0416-B64450,1785870931338,sell,0.12,0.12
KXBTC-26AUG0417-B62125,1785827566014,buy,0.03,-0.03
KXBTC-26AUG0417-B62375,1785820712163,sell,0.02,0.02
KXBTC-26AUG0417-B62625,1785852066430,sell,0.02,0.02
KXBTC-26AUG0417-B62875,1785820360695,sell,0.05,0.05
KXBTC-26AUG0417-B62875,1785854065322,buy,0.05,-0.05
KXBTC-26AUG0417-B63125,1785849670200,buy,0.07,-0.07
KXBTC-26AUG0417-B63125,1785850265670,buy,0.07,-0.07
KXBTC-26AUG0417-B63125,1785851265683,sell,0.07,0.07
KXBTC-26AUG0417-B63125,1785851816037,sell,0.1,0.1
KXBTC-26AUG0417-B63125,1785852066142,sell,0.1,0.1
KXBTC-26AUG0417-B63125,1785852265717,buy,0.1,-0.1
KXBTC-26AUG0417-B63125,1785853117356,sell,0.09,0.09
KXBTC-26AUG0417-B63125,1785853267238,buy,0.12,-0.12
KXBTC-26AUG0417-B63125,1785857617911,sell,0.05,0.05
KXBTC-26AUG0417-B63125,1785858318027,buy,0.05,-0.05
KXBTC-26AUG0417-B63375,1785820461671,sell,0.08,0.08
KXBTC-26AUG0417-B63375,1785838961912,sell,0.14,0.14
KXBTC-26AUG0417-B63375,1785840310648,buy,0.16,-0.16
KXBTC-26AUG0417-B63375,1785843859909,buy,0.15,-0.15
KXBTC-26AUG0417-B63375,1785849666664,buy,0.13,-0.13
KXBTC-26AUG0417-B63375,1785850214693,sell,0.12,0.12
KXBTC-26AUG0417-B63375,1785850264359,buy,0.13,-0.13
KXBTC-26AUG0417-B63375,1785850314219,sell,0.09,0.09
KXBTC-26AUG0417-B63375,1785851213750,sell,0.11,0.11
KXBTC-26AUG0417-B63375,1785851263681,sell,0.13,0.13
KXBTC-26AUG0417-B63375,1785852014357,sell,0.14,0.14
KXBTC-26AUG0417-B63375,1785852314275,buy,0.16,-0.16
KXBTC-26AUG0417-B63375,1785852515991,sell,0.13,0.13
KXBTC-26AUG0417-B63375,1785853065410,buy,0.15,-0.15
KXBTC-26AUG0417-B63375,1785853215619,sell,0.14,0.14
KXBTC-26AUG0417-B63375,1785853415236,buy,0.17,-0.17
KXBTC-26AUG0417-B63375,1785853865573,buy,0.15,-0.15
KXBTC-26AUG0417-B63375,1785853965612,sell,0.09,0.09
KXBTC-26AUG0417-B63375,1785855565164,buy,0.08,-0.08
KXBTC-26AUG0417-B63375,1785855615758,sell,0.07,0.07
KXBTC-26AUG0417-B63375,1785857315467,sell,0.09,0.09
KXBTC-26AUG0417-B63375,1785858315587,buy,0.09,-0.09
KXBTC-26AUG0417-B63375,1785858415458,buy,0.07,-0.07
KXBTC-26AUG0417-B63375,1785859467581,sell,0.06,0.06
KXBTC-26AUG0417-B63375,1785861565610,sell,0.08,0.08
KXBTC-26AUG0417-B63375,1785865867912,sell,0.07,0.07
KXBTC-26AUG0417-B63375,1785866467509,buy,0.08,-0.08
KXBTC-26AUG0417-B63625,1785848212673,sell,0.16,0.16
KXBTC-26AUG0417-B63625,1785848313040,buy,0.18,-0.18
KXBTC-26AUG0417-B63625,1785854414907,buy,0.15,-0.15
KXBTC-26AUG0417-B63625,1785863317291,buy,0.13,-0.13
KXBTC-26AUG0417-B63625,1785864067228,buy,0.15,-0.15
KXBTC-26AUG0417-B63625,1785864317524,sell,0.14,0.14
KXBTC-26AUG0417-B63625,1785864566909,buy,0.13,-0.13
KXBTC-26AUG0417-B63625,1785865917143,sell,0.19,0.19
KXBTC-26AUG0417-B63625,1785867417139,sell,0.08,0.08
KXBTC-26AUG0417-B63625,1785867967166,buy,0.05,-0.05
KXBTC-26AUG0417-B63625,1785868867390,sell,0.05,0.05
KXBTC-26AUG0417-B63875,1785852215318,buy,0.17,-0.17
KXBTC-26AUG0417-B63875,1785852265280,sell,0.16,0.16
KXBTC-26AUG0417-B63875,1785853116804,buy,0.18,-0.18
KXBTC-26AUG0417-B63875,1785854467103,buy,0.17,-0.17
KXBTC-26AUG0417-B63875,1785862966293,buy,0.26,-0.26
KXBTC-26AUG0417-B63875,1785863318462,buy,0.22,-0.22
KXBTC-26AUG0417-B63875,1785865068028,sell,0.21,0.21
KXBTC-26AUG0417-B63875,1785865717979,sell,0.23,0.23
KXBTC-26AUG0417-B63875,1785866768205,buy,0.26,-0.26
KXBTC-26AUG0417-B63875,1785867268570,buy,0.23,-0.23
KXBTC-26AUG0417-B63875,1785867568457,buy,0.15,-0.15
KXBTC-26AUG0417-B63875,1785868718412,sell,0.12,0.12
KXBTC-26AUG0417-B63875,1785869118488,buy,0.14,-0.14
KXBTC-26AUG0417-B63875,1785873628073,sell,0.05,0.05
KXBTC-26AUG0417-B63875,1785873677429,buy,0.15,-0.15
KXBTC-26AUG0417-B63875,1785873727570,sell,0.12,0.12
KXBTC-26AUG0417-B63875,1785873777490,sell,0.22,0.22
KXBTC-26AUG0417-B63875,1785873827363,buy,0.27,-0.27
KXBTC-26AUG0417-B63875,1785873877480,buy,0.24,-0.24
KXBTC-26AUG0417-B63875,1785873927965,sell,0.21,0.21
KXBTC-26AUG0417-B63875,1785873977526,buy,0.22,-0.22
KXBTC-26AUG0417-B63875,1785874527594,sell,0.14,0.14
KXBTC-26AUG0417-B63875,1785874577377,sell,0.23,0.23
KXBTC-26AUG0417-B63875,1785874624856,sell,0.26,0.26
KXBTC-26AUG0417-B63875,1785874724790,buy,0.4,-0.4
KXBTC-26AUG0417-B63875,1785874774755,sell,0.35,0.35
KXBTC-26AUG0417-B63875,1785874825018,buy,0.44,-0.44
KXBTC-26AUG0417-B63875,1785874924842,buy,0.38,-0.38
KXBTC-26AUG0417-B63875,1785875024400,buy,0.34,-0.34
KXBTC-26AUG0417-B63875,1785875324720,sell,0.2,0.2
KXBTC-26AUG0417-B63875,1785875374856,buy,0.22,-0.22
KXBTC-26AUG0417-B64125,1785847464669,sell,0.17,0.17
KXBTC-26AUG0417-B64125,1785847514759,buy,0.18,-0.18
KXBTC-26AUG0417-B64125,1785847764405,sell,0.17,0.17
KXBTC-26AUG0417-B64125,1785848314696,buy,0.18,-0.18
KXBTC-26AUG0417-B64125,1785848414939,sell,0.16,0.16
KXBTC-26AUG0417-B64125,1785848464702,buy,0.18,-0.18
KXBTC-26AUG0417-B64125,1785848818773,sell,0.17,0.17
KXBTC-26AUG0417-B64125,1785849268828,buy,0.19,-0.19
KXBTC-26AUG0417-B64125,1785849669205,sell,0.16,0.16
KXBTC-26AUG0417-B64125,1785849814564,buy,0.18,-0.18
KXBTC-26AUG0417-B64125,1785850214983,buy,0.16,-0.16
KXBTC-26AUG0417-B64125,1785850264649,sell,0.15,0.15
KXBTC-26AUG0417-B64125,1785850314564,buy,0.19,-0.19
KXBTC-26AUG0417-B64125,1785850764786,sell,0.18,0.18
KXBTC-26AUG0417-B64125,1785851064619,buy,0.2,-0.2
KXBTC-26AUG0417-B64125,1785851164888,buy,0.18,-0.18
KXBTC-26AUG0417-B64125,1785851264668,buy,0.16,-0.16
KXBTC-26AUG0417-B64125,1785851415236,sell,0.15,0.15
KXBTC-26AUG0417-B64125,1785852015485,buy,0.12,-0.12
KXBTC-26AUG0417-B64125,1785852264695,sell,0.12,0.12
KXBTC-26AUG0417-B64125,1785852366962,sell,0.14,0.14
KXBTC-26AUG0417-B64125,1785852516842,buy,0.14,-0.14
KXBTC-26AUG0417-B64125,1785852818358,sell,0.13,0.13
KXBTC-26AUG0417-B64125,1785853116380,buy,0.13,-0.13
KXBTC-26AUG0417-B64125,1785853466327,sell,0.12,0.12
KXBTC-26AUG0417-B64125,1785853616380,sell,0.13,0.13
KXBTC-26AUG0417-B64125,1785854316229,sell,0.15,0.15
KXBTC-26AUG0417-B64125,1785855916978,sell,0.18,0.18
KXBTC-26AUG0417-B64125,1785857615305,buy,0.17,-0.17
KXBTC-26AUG0417-B64125,1785857965275,sell,0.15,0.15
KXBTC-26AUG0417-B64125,1785858165329,sell,0.17,0.17
KXBTC-26AUG0417-B64125,1785858315440,sell,0.19,0.19
KXBTC-26AUG0417-B64125,1785861565318,buy,0.21,-0.21
KXBTC-26AUG0417-B64125,1785862965224,sell,0.22,0.22
KXBTC-26AUG0417-B64125,1785863115500,sell,0.24,0.24
KXBTC-26AUG0417-B64125,1785865817713,buy,0.26,-0.26
KXBTC-26AUG0417-B64125,1785865917432,buy,0.24,-0.24
KXBTC-26AUG0417-B64125,1785865967473,buy,0.2,-0.2
KXBTC-26AUG0417-B64125,1785866017441,sell,0.19,0.19
KXBTC-26AUG0417-B64125,1785866167468,sell,0.22,0.22
KXBTC-26AUG0417-B64125,1785867817386,sell,0.26,0.26
KXBTC-26AUG0417-B64125,1785867867201,buy,0.28,-0.28
KXBTC-26AUG0417-B64125,1785868017347,sell,0.26,0.26
KXBTC-26AUG0417-B64125,1785868067408,buy,0.27,-0.27
KXBTC-26AUG0417-B64125,1785868417460,sell,0.26,0.26
KXBTC-26AUG0417-B64125,1785870925826,buy,0.31,-0.31
KXBTC-26AUG0417-B64125,1785870975778,sell,0.3,0.3
KXBTC-26AUG0417-B64125,1785871876445,buy,0.42,-0.42
KXBTC-26AUG0417-B64125,1785871926466,sell,0.39,0.39
KXBTC-26AUG0417-B64125,1785871977056,buy,0.42,-0.42
KXBTC-26AUG0417-B64125,1785872076524,sell,0.39,0.39
KXBTC-26AUG0417-B64125,1785872326381,buy,0.44,-0.44
KXBTC-26AUG0417-B64125,1785872376345,sell,0.37,0.37
KXBTC-26AUG0417-B64125,1785872476643,buy,0.4,-0.4
KXBTC-26AUG0417-B64125,1785872576265,buy,0.35,-0.35
KXBTC-26AUG0417-B64125,1785872626636,buy,0.29,-0.29
KXBTC-26AUG0417-B64125,1785872676431,sell,0.26,0.26
KXBTC-26AUG0417-B64125,1785872825990,sell,0.33,0.33
KXBTC-26AUG0417-B64125,1785873326539,buy,0.43,-0.43
KXBTC-26AUG0417-B64125,1785873376570,sell,0.42,0.42
KXBTC-26AUG0417-B64125,1785873576603,sell,0.43,0.43
KXBTC-26AUG0417-B64125,1785873726673,buy,0.53,-0.53
KXBTC-26AUG0417-B64125,1785873776612,buy,0.51,-0.51
KXBTC-26AUG0417-B64125,1785873876625,sell,0.48,0.48
KXBTC-26AUG0417-B64125,1785874326492,sell,0.6,0.6
KXBTC-26AUG0417-B64125,1785874624410,buy,0.6,-0.6
KXBTC-26AUG0417-B64125,1785874724344,sell,0.47,0.47
KXBTC-26AUG0417-B64125,1785874774275,buy,0.51,-0.51
KXBTC-26AUG0417-B64125,1785874874297,sell,0.45,0.45
KXBTC-26AUG0417-B64125,1785875524660,buy,0.76,-0.76
KXBTC-26AUG0417-B64125,1785875674314,sell,0.75,0.75
KXBTC-26AUG0417-B64125,1785875824380,buy,0.77,-0.77
KXBTC-26AUG0417-B64125,1785876024508,buy,0.72,-0.72
KXBTC-26AUG0417-B64125,1785876074252,buy,0.32,-0.32
KXBTC-26AUG0417-B64125,1785876174399,buy,0.29,-0.29
KXBTC-26AUG0417-B64125,1785876224309,buy,0.26,-0.26
KXBTC-26AUG0417-B64125,1785876274267,sell,0.18,0.18
KXBTC-26AUG0417-B64125,1785876374409,buy,0.23,-0.23
KXBTC-26AUG0417-B64125,1785876424564,sell,0.22,0.22
KXBTC-26AUG0417-B64125,1785876474361,buy,0.26,-0.26
KXBTC-26AUG0417-B64125,1785876624494,sell,0.23,0.23
KXBTC-26AUG0417-B64125,1785876724358,sell,0.3,0.3
KXBTC-26AUG0417-B64125,1785876774029,buy,0.35,-0.35
KXBTC-26AUG0417-B64125,1785876874132,sell,0.22,0.22
KXBTC-26AUG0417-B64125,1785876924299,buy,0.23,-0.23
KXBTC-26AUG0417-B64125,1785877024429,buy,0.1,-0.1
KXBTC-26AUG0417-B64375,1785819613230,buy,0.09,0.91
KXBTC-26AUG0417-B64375,1785840362411,sell,0.07,-0.9299999999999999
KXBTC-26AUG0417-B64375,1785849670928,sell,0.11,-0.89
KXBTC-26AUG0417-B64375,1785849916960,buy,0.11,0.89
KXBTC-26AUG0417-B64375,1785850216965,buy,0.1,0.9
KXBTC-26AUG0417-B64375,1785850266505,sell,0.09,-0.91
KXBTC-26AUG0417-B64375,1785851766655,buy,0.13,0.87
KXBTC-26AUG0417-B64375,1785852317087,sell,0.07,-0.9299999999999999
KXBTC-26AUG0417-B64375,1785852420887,buy,0.09,0.91
KXBTC-26AUG0417-B64375,1785854068281,sell,0.09,-0.91
KXBTC-26AUG0417-B64375,1785858318699,sell,0.15,-0.85
KXBTC-26AUG0417-B64375,1785860022216,buy,0.18,0.8200000000000001
KXBTC-26AUG0417-B64375,1785861968486,buy,0.15,0.85
KXBTC-26AUG0417-B64375,1785862918162,sell,0.13,-0.87
KXBTC-26AUG0417-B64375,1785863420564,buy,0.18,0.8200000000000001
KXBTC-26AUG0417-B64375,1785864319518,buy,0.17,0.83
KXBTC-26AUG0417-B64375,1785865668835,buy,0.16,0.84
KXBTC-26AUG0417-B64375,1785865769668,buy,0.13,0.87
KXBTC-26AUG0417-B64375,1785865819454,buy,0.11,0.89
KXBTC-26AUG0417-B64375,1785866518918,sell,0.11,-0.89
KXBTC-26AUG0417-B64375,1785866669158,sell,0.13,-0.87
KXBTC-26AUG0417-B64375,1785866769196,sell,0.15,-0.85
KXBTC-26AUG0417-B64375,1785867269600,sell,0.17,-0.83
KXBTC-26AUG0417-B64375,1785867369281,sell,0.25,-0.75
KXBTC-26AUG0417-B64375,1785867868915,sell,0.3,-0.7
KXBTC-26AUG0417-B64375,1785870268822,sell,0.37,-0.63
KXBTC-26AUG0417-B64375,1785871877833,sell,0.41,-0.5900000000000001
KXBTC-26AUG0417-B64375,1785871927881,buy,0.43,0.5700000000000001
KXBTC-26AUG0417-B64375,1785872178070,buy,0.37,0.63
KXBTC-26AUG0417-B64375,1785872277985,sell,0.39,-0.61
KXBTC-26AUG0417-B64375,1785872327957,sell,0.44,-0.56
KXBTC-26AUG0417-B64375,1785872377861,buy,0.48,0.52
KXBTC-26AUG0417-B64375,1785873578432,buy,0.47,0.53
KXBTC-26AUG0417-B64375,1785873629142,buy,0.43,0.5700000000000001
KXBTC-26AUG0417-B64375,1785873728628,buy,0.29,0.71
KXBTC-26AUG0417-B64375,1785873778545,buy,0.25,0.75
KXBTC-26AUG0417-B64375,1785873828400,sell,0.18,-0.8200000000000001
KXBTC-26AUG0417-B64375,1785873878477,sell,0.22,-0.78
KXBTC-26AUG0417-B64375,1785873929077,buy,0.25,0.75
KXBTC-26AUG0417-B64375,1785873978521,sell,0.24,-0.76
KXBTC-26AUG0417-B64375,1785874027358,buy,0.26,0.74
KXBTC-26AUG0417-B64375,1785874127326,sell,0.26,-0.74
KXBTC-26AUG0417-B64375,1785874177201,buy,0.27,0.73
KXBTC-26AUG0417-B64375,1785874277533,buy,0.24,0.76
KXBTC-26AUG0417-B64375,1785874327351,buy,0.21,0.79
KXBTC-26AUG0417-B64375,1785874377267,sell,0.19,-0.81
KXBTC-26AUG0417-B64375,1785874477128,buy,0.23,0.77
KXBTC-26AUG0417-B64375,1785874527747,buy,0.2,0.8
KXBTC-26AUG0417-B64375,1785874577512,buy,0.15,0.85
KXBTC-26AUG0417-B64375,1785875525733,sell,0.14,-0.86
KXBTC-26AUG0417-B64375,1785875675352,buy,0.17,0.83
KXBTC-26AUG0417-B64375,1785875825401,sell,0.17,-0.83
KXBTC-26AUG0417-B64375,1785875875260,buy,0.3,0.7
KXBTC-26AUG0417-B64375,1785876025532,sell,0.25,-0.75
KXBTC-26AUG0417-B64375,1785876075224,sell,0.58,-0.42000000000000004
KXBTC-26AUG0417-B64375,1785876225324,sell,0.64,-0.36
KXBTC-26AUG0417-B64375,1785876475423,sell,0.7,-0.30000000000000004
KXBTC-26AUG0417-B64375,1785876574542,sell,0.74,-0.26
KXBTC-26AUG0417-B64375,1785876624929,sell,0.76,-0.24
KXBTC-26AUG0417-B64375,1785876674842,buy,0.78,0.21999999999999997
KXBTC-26AUG0417-B64375,1785876724793,buy,0.72,0.28
KXBTC-26AUG0417-B64375,1785876774453,sell,0.66,-0.33999999999999997
KXBTC-26AUG0417-B64375,1785876924740,sell,0.79,-0.20999999999999996
KXBTC-26AUG0417-B64375,1785877024845,sell,0.89,-0.10999999999999999
KXBTC-26AUG0417-B64375,1785877074709,sell,0.95,-0.050000000000000044
KXBTC-26AUG0417-B64625,1785851166509,buy,0.08,-0.08
KXBTC-26AUG0417-B64625,1785851416904,sell,0.04,0.04
KXBTC-26AUG0417-B64625,1785858168655,sell,0.06,0.06
KXBTC-26AUG0417-B64625,1785858318842,sell,0.08,0.08
KXBTC-26AUG0417-B64625,1785861518073,buy,0.08,-0.08
KXBTC-26AUG0417-B64625,1785863320184,sell,0.08,0.08
KXBTC-26AUG0417-B64625,1785864319844,buy,0.07,-0.07
KXBTC-26AUG0417-B64625,1785864569242,sell,0.08,0.08
KXBTC-26AUG0417-B64625,1785865919407,buy,0.06,-0.06
KXBTC-26AUG0417-B64625,1785866769552,sell,0.06,0.06
KXBTC-26AUG0417-B64625,1785867669503,sell,0.13,0.13
KXBTC-26AUG0417-B64625,1785867869045,sell,0.15,0.15
KXBTC-26AUG0417-B64625,1785868069349,sell,0.17,0.17
KXBTC-26AUG0417-B64625,1785868419105,buy,0.18,-0.18
KXBTC-26AUG0417-B64625,1785868919439,sell,0.1,0.1
KXBTC-26AUG0417-B64625,1785871428165,buy,0.11,-0.11
KXBTC-26AUG0417-B64625,1785872128938,buy,0.1,-0.1
KXBTC-26AUG0417-B64625,1785872328421,sell,0.08,0.08
KXBTC-26AUG0417-B64625,1785872578267,sell,0.11,0.11
KXBTC-26AUG0417-B64625,1785872828185,buy,0.16,-0.16
KXBTC-26AUG0417-B64625,1785873228679,buy,0.1,-0.1
KXBTC-26AUG0417-B64625,1785873578573,buy,0.07,-0.07
KXBTC-26AUG0417-B64625,1785873878619,sell,0.04,0.04
KXBTC-26AUG0417-B64625,1785874178316,buy,0.05,-0.05
KXBTC-26AUG0417-B64875,1785854418659,sell,0.04,0.04
KXBTC-26AUG0417-B64875,1785867818373,buy,0.06,-0.06
KXBTC-26AUG0417-B64875,1785868418281,buy,0.07,-0.07
KXBTC-26AUG0417-B64875,1785869468461,sell,0.05,0.05
KXBTC-26AUG0417-B64875,1785869818324,buy,0.06,-0.06
KXBTC-26AUG0417-B64875,1785870018788,sell,0.04,0.04
KXBTC-26AUG0417-B65125,1785854468168,sell,0.02,0.02
KXBTC-26AUG0418-B63950,1785878037530,sell,0.02,0.02
KXBTC-26AUG0418-B63950,1785878138055,buy,0.05,-0.05
KXBTC-26AUG0418-B64050,1785878032010,sell,0.08,0.08
KXBTC-26AUG0418-B64050,1785878082578,sell,0.18,0.18
KXBTC-26AUG0418-B64050,1785878132565,buy,0.2,-0.2
KXBTC-26AUG0418-B64050,1785878382433,sell,0.16,0.16
KXBTC-26AUG0418-B64050,1785880379891,buy,0.18,-0.18
KXBTC-26AUG0418-B64050,1785880579844,buy,0.07,-0.07
KXBTC-26AUG0418-B64150,1785878032157,sell,0.2,-0.8
KXBTC-26AUG0418-B64150,1785878082725,sell,0.29,-0.71
KXBTC-26AUG0418-B64150,1785878282524,sell,0.32,-0.6799999999999999
KXBTC-26AUG0418-B64150,1785878382574,sell,0.35,-0.65
KXBTC-26AUG0418-B64150,1785879130216,sell,0.38,-0.62
KXBTC-26AUG0418-B64150,1785879580452,buy,0.46,0.54
KXBTC-26AUG0418-B64150,1785879680231,sell,0.4,-0.6
KXBTC-26AUG0418-B64150,1785879729765,buy,0.46,0.54
KXBTC-26AUG0418-B64150,1785879779645,buy,0.37,0.63
KXBTC-26AUG0418-B64150,1785879829731,sell,0.28,-0.72
KXBTC-26AUG0418-B64150,1785879930033,sell,0.36,-0.64
KXBTC-26AUG0418-B64150,1785880029553,buy,0.52,0.48
KXBTC-26AUG0418-B64150,1785880079687,sell,0.48,-0.52
KXBTC-26AUG0418-B64250,1785878031862,buy,0.32,-0.32
KXBTC-26AUG0418-B64250,1785878132421,sell,0.27,0.27
KXBTC-26AUG0418-B64250,1785878382293,buy,0.32,-0.32
KXBTC-26AUG0418-B64250,1785878480008,sell,0.28,0.28
KXBTC-26AUG0418-B64250,1785878530105,buy,0.36,-0.36
KXBTC-26AUG0418-B64250,1785878629757,sell,0.33,0.33
KXBTC-26AUG0418-B64250,1785878980224,sell,0.41,0.41
KXBTC-26AUG0418-B64250,1785879179644,buy,0.39,-0.39
KXBTC-26AUG0418-B64250,1785879229665,buy,0.36,-0.36
KXBTC-26AUG0418-B64250,1785879279483,buy,0.33,-0.33
KXBTC-26AUG0418-B64250,1785879329840,sell,0.3,0.3
KXBTC-26AUG0418-B64250,1785879529802,buy,0.34,-0.34
KXBTC-26AUG0418-B64250,1785879580026,sell,0.33,0.33
KXBTC-26AUG0418-B64250,1785879629771,buy,0.37,-0.37
KXBTC-26AUG0418-B64250,1785879729621,sell,0.36,0.36
KXBTC-26AUG0418-B64250,1785879779502,sell,0.42,0.42
KXBTC-26AUG0418-B64250,1785879829587,buy,0.49,-0.49
KXBTC-26AUG0418-B64250,1785879879592,sell,0.44,0.44
KXBTC-26AUG0418-B64250,1785879929874,buy,0.45,-0.45
KXBTC-26AUG0418-B64250,1785879979772,buy,0.28,-0.28
KXBTC-26AUG0418-B64250,1785880029412,sell,0.25,0.25
KXBTC-26AUG0418-B64250,1785880129884,sell,0.34,0.34
KXBTC-26AUG0418-B64250,1785880179710,buy,0.43,-0.43
KXBTC-26AUG0418-B64250,1785880329702,buy,0.37,-0.37
KXBTC-26AUG0418-B64250,1785880429586,buy,0.23,-0.23
KXBTC-26AUG0418-B64250,1785880479537,buy,0.18,-0.18
KXBTC-26AUG0418-B64250,1785880529630,buy,0.12,-0.12
KXBTC-26AUG0418-B64250,1785880579578,sell,0.07,0.07
KXBTC-26AUG0418-B64250,1785880629650,buy,0.13,-0.13
KXBTC-26AUG0418-B64350,1785878032461,buy,0.26,-0.26
KXBTC-26AUG0418-B64350,1785878083021,buy,0.11,-0.11
KXBTC-26AUG0418-B64350,1785878132993,sell,0.1,0.1
KXBTC-26AUG0418-B64350,1785878382871,buy,0.12,-0.12
KXBTC-26AUG0418-B64450,1785878032605,buy,0.11,-0.11
KXBTC-26AUG0419-B63850,1785881133823,buy,0.06,-0.06
KXBTC-26AUG0419-B63850,1785881233173,buy,0.04,-0.04
KXBTC-26AUG0419-B63950,1785881083072,buy,0.11,-0.11
KXBTC-26AUG0419-B63950,1785881133680,buy,0.08,-0.08
KXBTC-26AUG0419-B63950,1785882034195,buy,0.06,-0.06
KXBTC-26AUG0419-B63950,1785882084024,sell,0.05,0.05
KXBTC-26AUG0419-B64050,1785881132936,buy,0.24,-0.24
KXBTC-26AUG0419-B64050,1785881382271,sell,0.17,0.17
KXBTC-26AUG0419-B64050,1785881883489,sell,0.19,0.19
KXBTC-26AUG0419-B64050,1785882033627,buy,0.17,-0.17
KXBTC-26AUG0419-B64050,1785882083482,sell,0.15,0.15
KXBTC-26AUG0419-B64050,1785882133583,sell,0.19,0.19
KXBTC-26AUG0419-B64050,1785882631677,buy,0.09,-0.09
KXBTC-26AUG0419-B64050,1785883131547,sell,0.08,0.08
KXBTC-26AUG0419-B64050,1785883331653,sell,0.1,0.1
KXBTC-26AUG0419-B64050,1785883381502,buy,0.12,-0.12
KXBTC-26AUG0419-B64150,1785884131722,sell,0.43,0.43
KXBTC-26AUG0419-B64150,1785884181367,buy,0.86,-0.86
KXBTC-26AUG0419-B64150,1785884231507,buy,0.44,-0.44
KXBTC-26AUG0419-B64150,1785884281466,buy,0.32,-0.32
KXBTC-26AUG0419-B64250,1785881082658,sell,0.15,-0.85
KXBTC-26AUG0419-B64250,1785881133228,sell,0.24,-0.76
KXBTC-26AUG0419-B64250,1785882084299,buy,0.3,0.7
KXBTC-26AUG0419-B64250,1785884131867,buy,0.16,0.84
KXBTC-26AUG0419-B64250,1785884181496,sell,0.13,-0.87
KXBTC-26AUG0419-B64250,1785884231645,sell,0.54,-0.45999999999999996
KXBTC-26AUG0419-B64250,1785884281613,sell,0.63,-0.37
KXBTC-26AUG0419-B64250,1785884331546,sell,0.81,-0.18999999999999995
KXBTC-26AUG0419-B64350,1785881133383,sell,0.09,0.09
KXBTC-26AUG0419-B64350,1785881382689,buy,0.1,-0.1
KXBTC-26AUG0419-B64350,1785881433084,sell,0.06,0.06
KXBTC-26AUG0419-B64350,1785881883786,buy,0.1,-0.1
KXBTC-26AUG0419-B64350,1785882531821,sell,0.08,0.08
KXBTC-26AUG0419-B64350,1785882581892,buy,0.11,-0.11
KXBTC-26AUG0419-B64350,1785882631957,sell,0.1,0.1
KXBTC-26AUG0419-B64350,1785882731862,buy,0.15,-0.15
KXBTC-26AUG0419-B64350,1785882781712,buy,0.12,-0.12
KXBTC-26AUG0419-B64350,1785883131702,buy,0.09,-0.09
KXBTC-26AUG0419-B64350,1785883181695,buy,0.07,-0.07
KXBTC-26AUG0419-B64350,1785883281655,sell,0.06,0.06
KXBTC-26AUG0419-B64350,1785883331792,buy,0.08,-0.08
KXBTC-26AUG0420-B64050,1785884934770,buy,0.05,0.95
KXBTC-26AUG0420-B64150,1785884834771,buy,0.28,-0.28
KXBTC-26AUG0420-B64150,1785884884428,buy,0.21,-0.21
KXBTC-26AUG0420-B64150,1785884934627,buy,0.13,-0.13
KXBTC-26AUG0420-B64150,1785886682186,sell,0.11,0.11
KXBTC-26AUG0420-B64150,1785886731739,buy,0.4,-0.4
KXBTC-26AUG0420-B64150,1785886782020,sell,0.38,0.38
KXBTC-26AUG0420-B64150,1785886982197,buy,0.4,-0.4
KXBTC-26AUG0420-B64150,1785887031961,sell,0.36,0.36
KXBTC-26AUG0420-B64150,1785887132346,sell,0.47,0.47
KXBTC-26AUG0420-B64150,1785887181661,sell,0.49,0.49
KXBTC-26AUG0420-B64150,1785887281610,sell,0.54,0.54
KXBTC-26AUG0420-B64150,1785887481627,buy,0.56,-0.56
KXBTC-26AUG0420-B64150,1785887631542,buy,0.47,-0.47
KXBTC-26AUG0420-B64150,1785887781984,buy,0.28,-0.28
KXBTC-26AUG0420-B64150,1785887831675,buy,0.14,-0.14
KXBTC-26AUG0420-B64150,1785887881801,buy,0.05,-0.05
KXBTC-26AUG0420-B64250,1785884934480,buy,0.27,-0.27
KXBTC-26AUG0420-B64250,1785887331800,buy,0.18,-0.18
KXBTC-26AUG0420-B64250,1785887481915,buy,0.07,-0.07
KXBTC-26AUG0420-B64350,1785884884715,sell,0.17,0.17
KXBTC-26AUG0420-B64350,1785885732055,buy,0.27,-0.27
KXBTC-26AUG0420-B64350,1785885782376,sell,0.25,0.25
KXBTC-26AUG0420-B64350,1785885832479,sell,0.29,0.29
KXBTC-26AUG0420-B64350,1785886081746,buy,0.22,-0.22
KXBTC-26AUG0420-B64350,1785886681851,buy,0.08,-0.08
KXBTC-26AUG0420-B64350,1785886981878,sell,0.1,0.1
KXBTC-26AUG0420-B64350,1785887031679,buy,0.12,-0.12
KXBTC-26AUG0420-B64450,1785884885026,sell,0.08,0.08
KXBTC-26AUG0420-B64450,1785884935209,sell,0.1,0.1
KXBTC-26AUG0420-B64450,1785885235136,sell,0.18,0.18
KXBTC-26AUG0420-B64450,1785885285110,sell,0.2,0.2
KXBTC-26AUG0420-B64550,1785884885175,sell,0.03,0.03
KXBTC-26AUG0420-B64550,1785884935357,sell,0.06,0.06
KXBTC-26AUG0420-B64550,1785884985512,buy,0.13,-0.13
KXBTC-26AUG0421-B63950,1785888784964,sell,0.26,-0.74
KXBTC-26AUG0421-B63950,1785889782456,sell,0.29,-0.71
KXBTC-26AUG0421-B63950,1785889832255,buy,0.41,0.5900000000000001
KXBTC-26AUG0421-B63950,1785889882330,sell,0.24,-0.76
KXBTC-26AUG0421-B63950,1785889932264,buy,0.28,0.72
KXBTC-26AUG0421-B63950,1785889982225,buy,0.2,0.8
KXBTC-26AUG0421-B63950,1785890031985,sell,0.17,-0.83
KXBTC-26AUG0421-B63950,1785890132456,buy,0.17,0.83
KXBTC-26AUG0421-B63950,1785890432042,sell,0.14,-0.86
KXBTC-26AUG0421-B63950,1785890481999,sell,0.23,-0.77
KXBTC-26AUG0421-B63950,1785890582076,sell,0.36,-0.64
KXBTC-26AUG0421-B63950,1785890631876,buy,0.39,0.61
KXBTC-26AUG0421-B63950,1785890732183,sell,0.29,-0.71
KXBTC-26AUG0421-B63950,1785890782195,sell,0.36,-0.64
KXBTC-26AUG0421-B63950,1785890831785,sell,0.38,-0.62
KXBTC-26AUG0421-B64050,1785888635161,sell,0.21,0.21
KXBTC-26AUG0421-B64050,1785888885289,sell,0.24,0.24
KXBTC-26AUG0421-B64050,1785890432584,sell,0.26,0.26
KXBTC-26AUG0421-B64050,1785890482569,buy,0.43,-0.43
KXBTC-26AUG0421-B64050,1785890632462,sell,0.41,0.41
KXBTC-26AUG0421-B64050,1785890782774,buy,0.47,-0.47
KXBTC-26AUG0421-B64050,1785890832347,buy,0.45,-0.45
KXBTC-26AUG0421-B64050,1785890882584,buy,0.37,-0.37
KXBTC-26AUG0421-B64050,1785890982565,buy,0.28,-0.28
KXBTC-26AUG0421-B64050,1785891032442,sell,0.23,0.23
KXBTC-26AUG0421-B64050,1785891132139,sell,0.25,0.25
KXBTC-26AUG0421-B64050,1785891182061,buy,0.38,-0.38
KXBTC-26AUG0421-B64050,1785891232039,buy,0.23,-0.23
KXBTC-26AUG0421-B64050,1785891282113,sell,0.13,0.13
KXBTC-26AUG0421-B64050,1785891382546,buy,0.13,-0.13
KXBTC-26AUG0421-B64150,1785888584256,buy,0.16,-0.16
KXBTC-26AUG0421-B64150,1785889832108,sell,0.1,0.1
KXBTC-26AUG0421-B64150,1785889932117,sell,0.2,0.2
KXBTC-26AUG0421-B64150,1785889982066,sell,0.25,0.25
KXBTC-26AUG0421-B64150,1785890081795,buy,0.28,-0.28
KXBTC-26AUG0421-B64150,1785890132318,sell,0.27,0.27
KXBTC-26AUG0421-B64150,1785890181928,sell,0.35,0.35
KXBTC-26AUG0421-B64150,1785890232066,buy,0.37,-0.37
KXBTC-26AUG0421-B64150,1785890381944,buy,0.32,-0.32
KXBTC-26AUG0421-B64150,1785890432187,buy,0.3,-0.3
KXBTC-26AUG0421-B64150,1785890482140,buy,0.23,-0.23
KXBTC-26AUG0421-B64150,1785890582234,buy,0.13,-0.13
KXBTC-26AUG0421-B64150,1785890632020,sell,0.12,0.12
KXBTC-26AUG0421-B64150,1785890831926,buy,0.08,-0.08
KXBTC-26AUG0421-B64250,1785889832701,sell,0.03,0.03
KXBTC-26AUG0421-B64250,1785890132898,sell,0.09,0.09
KXBTC-26AUG0421-B64250,1785890232614,buy,0.11,-0.11
KXBTC-26AUG0421-B64250,1785890432730,buy,0.08,-0.08
KXBTC-26AUG0422-B63650,1785892641880,sell,0.04,0.04
KXBTC-26AUG0422-B63750,1785892738419,buy,0.09,-0.09
KXBTC-26AUG0422-B63850,1785892586098,sell,0.21,0.21
KXBTC-26AUG0422-B63850,1785892636389,sell,0.23,0.23
KXBTC-26AUG0422-B63850,1785892738288,buy,0.27,-0.27
KXBTC-26AUG0422-B63850,1785892788321,buy,0.2,-0.2
KXBTC-26AUG0422-B63850,1785892839062,buy,0.18,-0.18
KXBTC-26AUG0422-B63950,1785892738003,sell,0.29,0.29
KXBTC-26AUG0422-B63950,1785892885564,buy,0.37,-0.37
KXBTC-26AUG0422-B63950,1785892935729,buy,0.25,-0.25
KXBTC-26AUG0422-B63950,1785893035593,sell,0.21,0.21
KXBTC-26AUG0422-B63950,1785893185574,sell,0.27,0.27
KXBTC-26AUG0422-B63950,1785893285493,buy,0.33,-0.33
KXBTC-26AUG0422-B63950,1785893385734,buy,0.24,-0.24
KXBTC-26AUG0422-B63950,1785893485636,buy,0.19,-0.19
KXBTC-26AUG0422-B63950,1785894035806,buy,0.06,-0.06
KXBTC-26AUG0422-B63950,1785894435879,buy,0.06,-0.06
KXBTC-26AUG0422-B64050,1785892336034,buy,0.27,-0.27
KXBTC-26AUG0422-B64050,1785892536171,buy,0.25,-0.25
KXBTC-26AUG0422-B64050,1785892636245,buy,0.23,-0.23
KXBTC-26AUG0422-B64050,1785892738142,sell,0.17,0.17
KXBTC-26AUG0422-B64050,1785892838915,sell,0.21,0.21
KXBTC-26AUG0422-B64050,1785893536081,sell,0.29,0.29
KXBTC-26AUG0422-B64050,1785893586213,buy,0.34,-0.34
KXBTC-26AUG0422-B64050,1785893636117,sell,0.3,0.3
KXBTC-26AUG0422-B64050,1785893936196,buy,0.31,-0.31
KXBTC-26AUG0422-B64050,1785893986182,buy,0.29,-0.29
KXBTC-26AUG0422-B64050,1785894136009,sell,0.17,0.17
KXBTC-26AUG0422-B64050,1785894335939,buy,0.21,-0.21
KXBTC-26AUG0422-B64050,1785894385885,buy,0.17,-0.17
KXBTC-26AUG0422-B64050,1785894536044,buy,0.11,-0.11
KXBTC-26AUG0422-B64050,1785894585869,buy,0.08,-0.08
KXBTC-26AUG0422-B64150,1785892844430,sell,0.08,0.08
KXBTC-26AUG0422-B64150,1785894186009,sell,0.1,0.1
KXBTC-26AUG0422-B64150,1785894236098,sell,0.47,0.47
KXBTC-26AUG0422-B64150,1785894336226,sell,0.5,0.5
KXBTC-26AUG0422-B64150,1785894536335,buy,0.56,-0.56
KXBTC-26AUG0422-B64150,1785894586156,buy,0.43,-0.43
KXBTC-26AUG0422-B64150,1785894686725,buy,0.33,-0.33
KXBTC-26AUG0422-B64150,1785894736531,buy,0.24,-0.24
KXBTC-26AUG0422-B64150,1785894785711,buy,0.19,-0.19
KXBTC-26AUG0422-B64150,1785894835199,buy,0.12,-0.12
KXBTC-26AUG0422-B64150,1785894885190,buy,0.09,-0.09
KXBTC-26AUG0422-B64150,1785894935296,buy,0.07,-0.07
KXBTC-26AUG0422-B64150,1785894985385,buy,0.05,-0.05
KXBTC-26AUG0422-B64250,1785894185862,sell,0.05,-0.95
KXBTC-26AUG0422-B64250,1785894235960,buy,0.25,0.75
KXBTC-26AUG0422-B64250,1785894285965,buy,0.22,0.78
KXBTC-26AUG0422-B64250,1785894336082,sell,0.19,-0.81
KXBTC-26AUG0422-B64250,1785894386031,sell,0.21,-0.79
KXBTC-26AUG0422-B64250,1785894436337,buy,0.3,0.7
KXBTC-26AUG0422-B64250,1785894536194,sell,0.24,-0.76
KXBTC-26AUG0422-B64250,1785894586018,sell,0.46,-0.54
KXBTC-26AUG0422-B64250,1785894635982,sell,0.51,-0.49
KXBTC-26AUG0422-B64250,1785894736381,sell,0.55,-0.44999999999999996
KXBTC-26AUG0422-B64250,1785894786438,sell,0.7,-0.30000000000000004
KXBTC-26AUG0422-B64250,1785895135982,buy,0.92,0.07999999999999996
KXBTC-26AUG0423-B64050,1785896298641,sell,0.05,0.05
KXBTC-26AUG0423-B64050,1785896601071,sell,0.04,0.04
KXBTC-26AUG0423-B64150,1785896298357,sell,0.09,0.09
KXBTC-26AUG0423-B64150,1785896450184,buy,0.12,-0.12
KXBTC-26AUG0423-B64150,1785896500528,buy,0.1,-0.1
KXBTC-26AUG0423-B64150,1785896600709,sell,0.08,0.08
KXBTC-26AUG0423-B64250,1785895540026,sell,0.14,0.14
KXBTC-26AUG0423-B64250,1785895590179,sell,0.19,0.19
KXBTC-26AUG0423-B64250,1785895640195,buy,0.2,-0.2
KXBTC-26AUG0423-B64250,1785895690388,sell,0.14,0.14
KXBTC-26AUG0423-B64250,1785895790751,buy,0.14,-0.14
KXBTC-26AUG0423-B64250,1785895843246,sell,0.13,0.13
KXBTC-26AUG0423-B64250,1785895894787,buy,0.15,-0.15
KXBTC-26AUG0423-B64250,1785896047153,sell,0.1,0.1
KXBTC-26AUG0423-B64250,1785896197080,sell,0.13,0.13
KXBTC-26AUG0423-B64250,1785896247407,sell,0.17,0.17
KXBTC-26AUG0423-B64250,1785896297311,sell,0.19,0.19
KXBTC-26AUG0423-B64250,1785896499526,buy,0.22,-0.22
KXBTC-26AUG0423-B64250,1785896599603,sell,0.19,0.19
KXBTC-26AUG0423-B64250,1785896648223,buy,0.25,-0.25
KXBTC-26AUG0423-B64250,1785896747821,buy,0.17,-0.17
KXBTC-26AUG0423-B64250,1785896897816,sell,0.14,0.14
KXBTC-26AUG0423-B64250,1785897397994,sell,0.1,0.1
KXBTC-26AUG0423-B64250,1785897897696,buy,0.12,-0.12
KXBTC-26AUG0423-B64250,1785897997654,sell,0.11,0.11
KXBTC-26AUG0423-B64250,1785898047745,buy,0.12,-0.12
KXBTC-26AUG0423-B64250,1785898148778,buy,0.11,-0.11
KXBTC-26AUG0423-B64250,1785898197821,buy,0.09,-0.09
KXBTC-26AUG0423-B64250,1785898247766,sell,0.08,0.08
KXBTC-26AUG0423-B64250,1785898347857,buy,0.1,-0.1
KXBTC-26AUG0423-B64350,1785895640761,buy,0.24,0.76
KXBTC-26AUG0423-B64350,1785895690989,sell,0.23,-0.77
KXBTC-26AUG0423-B64350,1785895895339,buy,0.25,0.75
KXBTC-26AUG0423-B64350,1785895945564,buy,0.21,0.79
KXBTC-26AUG0423-B64350,1785896047434,sell,0.2,-0.8
KXBTC-26AUG0423-B64350,1785896147653,sell,0.24,-0.76
KXBTC-26AUG0423-B64350,1785896897675,sell,0.27,-0.73
KXBTC-26AUG0423-B64350,1785897397561,sell,0.33,-0.6699999999999999
KXBTC-26AUG0423-B64350,1785897997512,sell,0.52,-0.48
KXBTC-26AUG0423-B64350,1785898097595,sell,0.58,-0.42000000000000004
KXBTC-26AUG0423-B64350,1785898247617,sell,0.59,-0.41000000000000003
KXBTC-26AUG0423-B64350,1785898397561,buy,0.67,0.32999999999999996
KXBTC-26AUG0423-B64350,1785898447673,sell,0.65,-0.35
KXBTC-26AUG0423-B64350,1785898497600,buy,0.68,0.31999999999999995
KXBTC-26AUG0423-B64350,1785898547736,sell,0.63,-0.37
KXBTC-26AUG0423-B64450,1785895540544,buy,0.22,-0.22
KXBTC-26AUG0423-B64450,1785895640614,sell,0.2,0.2
KXBTC-26AUG0423-B64450,1785895843681,buy,0.22,-0.22
KXBTC-26AUG0423-B64450,1785895895204,sell,0.21,0.21
KXBTC-26AUG0423-B64450,1785896047015,buy,0.21,-0.21
KXBTC-26AUG0423-B64450,1785896096840,sell,0.2,0.2
KXBTC-26AUG0423-B64450,1785896196936,buy,0.24,-0.24
KXBTC-26AUG0423-B64450,1785896297144,buy,0.21,-0.21
KXBTC-26AUG0423-B64450,1785896449000,sell,0.17,0.17
KXBTC-26AUG0423-B64450,1785896499368,sell,0.21,0.21
KXBTC-26AUG0423-B64450,1785896599447,buy,0.25,-0.25
KXBTC-26AUG0423-B64450,1785896647787,sell,0.16,0.16
KXBTC-26AUG0423-B64450,1785896747390,sell,0.26,0.26
KXBTC-26AUG0423-B64450,1785897147780,sell,0.29,0.29
KXBTC-26AUG0423-B64450,1785897347693,sell,0.41,0.41
KXBTC-26AUG0423-B64450,1785897397708,buy,0.42,-0.42
KXBTC-26AUG0423-B64450,1785897447439,sell,0.34,0.34
KXBTC-26AUG0423-B64450,1785897996678,buy,0.33,-0.33
KXBTC-26AUG0423-B64450,1785898246751,buy,0.31,-0.31
KXBTC-26AUG0423-B64450,1785898346858,sell,0.2,0.2
KXBTC-26AUG0423-B64450,1785898396726,sell,0.28,0.28
KXBTC-26AUG0423-B64450,1785898446822,buy,0.32,-0.32
KXBTC-26AUG0423-B64450,1785898496720,sell,0.28,0.28
KXBTC-26AUG0423-B64450,1785898546843,buy,0.38,-0.38
KXBTC-26AUG0423-B64450,1785898596612,sell,0.18,0.18
KXBTC-26AUG0423-B64450,1785898646594,buy,0.2,-0.2
KXBTC-26AUG0423-B64450,1785898696665,buy,0.07,-0.07
KXBTC-26AUG0423-B64550,1785895540874,buy,0.13,-0.13
KXBTC-26AUG0423-B64550,1785895640903,sell,0.1,0.1
KXBTC-26AUG0423-B64550,1785895691150,buy,0.15,-0.15
KXBTC-26AUG0423-B64550,1785895791471,sell,0.13,0.13
KXBTC-26AUG0423-B64550,1785895843979,buy,0.14,-0.14
KXBTC-26AUG0423-B64550,1785895895478,sell,0.11,0.11
KXBTC-26AUG0423-B64550,1785895945707,sell,0.16,0.16
KXBTC-26AUG0423-B64550,1785896047575,buy,0.16,-0.16
KXBTC-26AUG0423-B64550,1785896147783,buy,0.14,-0.14
KXBTC-26AUG0423-B64550,1785896197521,buy,0.12,-0.12
KXBTC-26AUG0423-B64550,1785896550005,sell,0.1,0.1
KXBTC-26AUG0423-B64550,1785896600076,buy,0.11,-0.11
KXBTC-26AUG0423-B64550,1785897298059,sell,0.08,0.08
KXBTC-26AUG0423-B64550,1785897398181,buy,0.14,-0.14
KXBTC-26AUG0423-B64550,1785897548283,buy,0.11,-0.11
KXBTC-26AUG0423-B64550,1785897997929,buy,0.06,-0.06
KXBTC-26AUG0423-B64650,1785895844576,buy,0.07,-0.07
KXBTC-26AUG0423-B64650,1785895896052,sell,0.06,0.06
KXBTC-26AUG0423-B64650,1785896147922,buy,0.08,-0.08
KXBTC-26AUG0423-B64650,1785896297924,buy,0.05,-0.05
KXBTC-26AUG0500-B64050,1785899301042,buy,0.04,-0.04
KXBTC-26AUG0500-B64050,1785899753433,sell,0.04,0.04
KXBTC-26AUG0500-B64050,1785901159202,sell,0.06,0.06
KXBTC-26AUG0500-B64050,1785901359115,sell,0.36,0.36
KXBTC-26AUG0500-B64050,1785901659035,buy,0.47,-0.47
KXBTC-26AUG0500-B64050,1785901708974,buy,0.39,-0.39
KXBTC-26AUG0500-B64050,1785901809059,buy,0.35,-0.35
KXBTC-26AUG0500-B64050,1785901858952,buy,0.32,-0.32
KXBTC-26AUG0500-B64050,1785901959031,sell,0.3,0.3
KXBTC-26AUG0500-B64050,1785902009098,buy,0.53,-0.53
KXBTC-26AUG0500-B64050,1785902059136,sell,0.2,0.2
KXBTC-26AUG0500-B64050,1785902109497,buy,0.22,-0.22
KXBTC-26AUG0500-B64050,1785902158891,sell,0.17,0.17
KXBTC-26AUG0500-B64050,1785902209245,buy,0.2,-0.2
KXBTC-26AUG0500-B64050,1785902258892,sell,0.08,0.08
KXBTC-26AUG0500-B64050,1785902308730,buy,0.12,-0.12
KXBTC-26AUG0500-B64150,1785899301181,buy,0.1,0.9
KXBTC-26AUG0500-B64150,1785899351989,sell,0.08,-0.92
KXBTC-26AUG0500-B64150,1785899653656,sell,0.09,-0.91
KXBTC-26AUG0500-B64150,1785899703662,sell,0.11,-0.89
KXBTC-26AUG0500-B64150,1785901809492,sell,0.14,-0.86
KXBTC-26AUG0500-B64150,1785901859380,sell,0.6,-0.4
KXBTC-26AUG0500-B64150,1785901909502,sell,0.64,-0.36
KXBTC-26AUG0500-B64150,1785901959450,buy,0.66,0.33999999999999997
KXBTC-26AUG0500-B64150,1785902009554,sell,0.42,-0.5800000000000001
KXBTC-26AUG0500-B64150,1785902159324,buy,0.8,0.19999999999999996
KXBTC-26AUG0500-B64150,1785902209684,sell,0.75,-0.25
KXBTC-26AUG0500-B64150,1785902259323,buy,0.91,0.08999999999999997
KXBTC-26AUG0500-B64150,1785902309185,sell,0.86,-0.14
KXBTC-26AUG0500-B64250,1785899300757,buy,0.19,-0.19
KXBTC-26AUG0500-B64250,1785899351563,sell,0.17,0.17
KXBTC-26AUG0500-B64250,1785899401716,sell,0.19,0.19
KXBTC-26AUG0500-B64250,1785899703209,sell,0.22,0.22
KXBTC-26AUG0500-B64250,1785900509356,buy,0.26,-0.26
KXBTC-26AUG0500-B64250,1785900559242,buy,0.08,-0.08
KXBTC-26AUG0500-B64250,1785900709434,sell,0.07,0.07
KXBTC-26AUG0500-B64250,1785900959277,sell,0.08,0.08
KXBTC-26AUG0500-B64250,1785901009202,buy,0.13,-0.13
KXBTC-26AUG0500-B64250,1785901209899,buy,0.1,-0.1
KXBTC-26AUG0500-B64250,1785901358966,buy,0.1,-0.1
KXBTC-26AUG0500-B64250,1785901959167,buy,0.04,-0.04
KXBTC-26AUG0500-B64250,1785902009243,sell,0.03,0.03
KXBTC-26AUG0500-B64350,1785899602954,sell,0.32,0.32
KXBTC-26AUG0500-B64350,1785899911520,buy,0.33,-0.33
KXBTC-26AUG0500-B64350,1785899963584,buy,0.31,-0.31
KXBTC-26AUG0500-B64350,1785900109210,buy,0.08,-0.08
KXBTC-26AUG0500-B64450,1785899300906,sell,0.21,0.21
KXBTC-26AUG0500-B64450,1785899351702,buy,0.24,-0.24
KXBTC-26AUG0500-B64450,1785899401892,buy,0.21,-0.21
KXBTC-26AUG0500-B64450,1785899703358,buy,0.21,-0.21
KXBTC-26AUG0501-B63850,1785903562727,buy,0.04,-0.04
KXBTC-26AUG0501-B63950,1785903313562,sell,0.12,0.12
KXBTC-26AUG0501-B63950,1785903363140,sell,0.16,0.16
KXBTC-26AUG0501-B63950,1785903563166,buy,0.18,-0.18
KXBTC-26AUG0501-B64050,1785903111394,buy,0.32,-0.32
KXBTC-26AUG0501-B64050,1785903161826,sell,0.31,0.31
KXBTC-26AUG0501-B64050,1785903361937,sell,0.36,0.36
KXBTC-26AUG0501-B64050,1785903411585,sell,0.38,0.38
KXBTC-26AUG0501-B64050,1785903561967,buy,0.4,-0.4
KXBTC-26AUG0501-B64050,1785903612216,buy,0.33,-0.33
KXBTC-26AUG0501-B64050,1785903658802,buy,0.29,-0.29
KXBTC-26AUG0501-B64050,1785903708969,sell,0.23,0.23
KXBTC-26AUG0501-B64050,1785903758828,sell,0.27,0.27
KXBTC-26AUG0501-B64050,1785903858966,sell,0.35,0.35
KXBTC-26AUG0501-B64050,1785903958905,sell,0.37,0.37
KXBTC-26AUG0501-B64050,1785904058878,sell,0.39,0.39
KXBTC-26AUG0501-B64050,1785904108914,buy,0.4,-0.4
KXBTC-26AUG0501-B64050,1785904209795,buy,0.37,-0.37
KXBTC-26AUG0501-B64050,1785904259009,sell,0.29,0.29
KXBTC-26AUG0501-B64050,1785904309018,buy,0.38,-0.38
KXBTC-26AUG0501-B64050,1785904359189,buy,0.27,-0.27
KXBTC-26AUG0501-B64050,1785904409078,buy,0.21,-0.21
KXBTC-26AUG0501-B64050,1785904459131,sell,0.17,0.17
KXBTC-26AUG0501-B64050,1785904509405,sell,0.2,0.2
KXBTC-26AUG0501-B64050,1785904608906,buy,0.22,-0.22
KXBTC-26AUG0501-B64050,1785904658823,sell,0.19,0.19
KXBTC-26AUG0501-B64050,1785904708920,buy,0.25,-0.25
KXBTC-26AUG0501-B64050,1785904758902,sell,0.23,0.23
KXBTC-26AUG0501-B64050,1785904908695,sell,0.22,0.22
KXBTC-26AUG0501-B64050,1785905158753,buy,0.22,-0.22
KXBTC-26AUG0501-B64050,1785905308673,buy,0.18,-0.18
KXBTC-26AUG0501-B64050,1785905358459,sell,0.15,0.15
KXBTC-26AUG0501-B64050,1785905408643,sell,0.18,0.18
KXBTC-26AUG0501-B64050,1785905458567,sell,0.2,0.2
KXBTC-26AUG0501-B64050,1785905508365,sell,0.29,0.29
KXBTC-26AUG0501-B64050,1785905608065,buy,0.76,-0.76
KXBTC-26AUG0501-B64050,1785905708282,sell,0.36,0.36
KXBTC-26AUG0501-B64050,1785905758213,buy,0.42,-0.42
KXBTC-26AUG0501-B64050,1785905858081,buy,0.34,-0.34
KXBTC-26AUG0501-B64050,1785905908227,buy,0.09,-0.09
KXBTC-26AUG0501-B64150,1785903111259,sell,0.29,-0.71
KXBTC-26AUG0501-B64150,1785903161689,buy,0.3,0.7
KXBTC-26AUG0501-B64150,1785903261730,buy,0.29,0.71
KXBTC-26AUG0501-B64150,1785903361783,buy,0.25,0.75
KXBTC-26AUG0501-B64150,1785903511710,buy,0.22,0.78
KXBTC-26AUG0501-B64150,1785903561819,sell,0.2,-0.8
KXBTC-26AUG0501-B64150,1785903659080,sell,0.33,-0.6699999999999999
KXBTC-26AUG0501-B64150,1785903759118,buy,0.39,0.61
KXBTC-26AUG0501-B64150,1785903809022,buy,0.31,0.69
KXBTC-26AUG0501-B64150,1785904109199,sell,0.31,-0.69
KXBTC-26AUG0501-B64150,1785904159003,sell,0.34,-0.6599999999999999
KXBTC-26AUG0501-B64150,1785904210103,sell,0.37,-0.63
KXBTC-26AUG0501-B64150,1785904309167,sell,0.43,-0.5700000000000001
KXBTC-26AUG0501-B64150,1785904359334,sell,0.48,-0.52
KXBTC-26AUG0501-B64150,1785904409226,buy,0.5,0.5
KXBTC-26AUG0501-B64150,1785904859191,sell,0.6,-0.4
KXBTC-26AUG0501-B64150,1785905158338,sell,0.68,-0.31999999999999995
KXBTC-26AUG0501-B64150,1785905458133,buy,0.75,0.25
KXBTC-26AUG0501-B64150,1785905507943,buy,0.6,0.4
KXBTC-26AUG0501-B64150,1785905557998,buy,0.49,0.51
KXBTC-26AUG0501-B64150,1785905607924,sell,0.22,-0.78
KXBTC-26AUG0501-B64150,1785905708130,buy,0.61,0.39
KXBTC-26AUG0501-B64150,1785905758065,sell,0.58,-0.42000000000000004
KXBTC-26AUG0501-B64150,1785905857928,sell,0.64,-0.36
KXBTC-26AUG0501-B64150,1785905908099,sell,0.92,-0.07999999999999996
KXBTC-26AUG0501-B64250,1785903562112,sell,0.08,0.08
KXBTC-26AUG0501-B64250,1785903612364,sell,0.12,0.12
KXBTC-26AUG0501-B64250,1785905609055,buy,0.14,-0.14
KXBTC-26AUG0502-B63950,1785906312503,buy,0.05,-0.05
KXBTC-26AUG0502-B64150,1785906411784,buy,0.25,-0.25
KXBTC-26AUG0502-B64150,1785906461649,buy,0.22,-0.22
KXBTC-26AUG0502-B64150,1785906511843,sell,0.21,0.21
KXBTC-26AUG0502-B64150,1785907062114,buy,0.23,-0.23
KXBTC-26AUG0502-B64150,1785907212963,buy,0.2,-0.2
KXBTC-26AUG0502-B64150,1785907362341,buy,0.13,-0.13
KXBTC-26AUG0502-B64150,1785907459797,buy,0.11,-0.11
KXBTC-26AUG0502-B64150,1785909010629,sell,0.03,0.03
KXBTC-26AUG0502-B64250,1785906412475,buy,0.3,-0.3
KXBTC-26AUG0502-B64250,1785906512573,sell,0.29,0.29
KXBTC-26AUG0502-B64250,1785907362194,buy,0.39,-0.39
KXBTC-26AUG0502-B64250,1785907460219,buy,0.29,-0.29
KXBTC-26AUG0502-B64250,1785907510339,sell,0.25,0.25
KXBTC-26AUG0502-B64250,1785907559810,buy,0.26,-0.26
KXBTC-26AUG0502-B64250,1785907609834,buy,0.13,-0.13
KXBTC-26AUG0502-B64250,1785907810449,sell,0.16,0.16
KXBTC-26AUG0502-B64250,1785907960013,sell,0.19,0.19
KXBTC-26AUG0502-B64250,1785908209840,sell,0.37,0.37
KXBTC-26AUG0502-B64250,1785908259620,buy,0.4,-0.4
KXBTC-26AUG0502-B64250,1785908359763,buy,0.3,-0.3
KXBTC-26AUG0502-B64250,1785908410285,sell,0.28,0.28
KXBTC-26AUG0502-B64250,1785908459498,sell,0.3,0.3
KXBTC-26AUG0502-B64250,1785908609594,sell,0.36,0.36
KXBTC-26AUG0502-B64250,1785908659391,sell,0.41,0.41
KXBTC-26AUG0502-B64250,1785908709721,buy,0.45,-0.45
KXBTC-26AUG0502-B64250,1785908859290,buy,0.33,-0.33
KXBTC-26AUG0502-B64250,1785908909212,sell,0.3,0.3
KXBTC-26AUG0502-B64250,1785908959015,buy,0.33,-0.33
KXBTC-26AUG0502-B64250,1785909009890,sell,0.3,0.3
KXBTC-26AUG0502-B64250,1785909159297,buy,0.65,-0.65
KXBTC-26AUG0502-B64250,1785909309404,sell,0.52,0.52
KXBTC-26AUG0502-B64250,1785909359090,buy,0.55,-0.55
KXBTC-26AUG0502-B64250,1785909408991,sell,0.32,0.32
KXBTC-26AUG0502-B64250,1785909459433,buy,0.36,-0.36
KXBTC-26AUG0502-B64250,1785909508934,sell,0.34,0.34
KXBTC-26AUG0502-B64350,1785906362619,sell,0.16,-0.84
KXBTC-26AUG0502-B64350,1785906562623,buy,0.18,0.8200000000000001
KXBTC-26AUG0502-B64350,1785906613401,sell,0.17,-0.83
KXBTC-26AUG0502-B64350,1785906762928,sell,0.2,-0.8
KXBTC-26AUG0502-B64350,1785906962651,buy,0.21,0.79
KXBTC-26AUG0502-B64350,1785907062550,sell,0.19,-0.81
KXBTC-26AUG0502-B64350,1785907162705,buy,0.22,0.78
KXBTC-26AUG0502-B64350,1785907213445,sell,0.19,-0.81
KXBTC-26AUG0502-B64350,1785907362800,sell,0.29,-0.71
KXBTC-26AUG0502-B64350,1785907412802,buy,0.35,0.65
KXBTC-26AUG0502-B64350,1785908110110,sell,0.34,-0.6599999999999999
KXBTC-26AUG0502-B64350,1785908160111,buy,0.41,0.5900000000000001
KXBTC-26AUG0502-B64350,1785908260097,sell,0.4,-0.6
KXBTC-26AUG0502-B64350,1785908410751,sell,0.44,-0.56
KXBTC-26AUG0502-B64350,1785908710161,sell,0.45,-0.55
KXBTC-26AUG0502-B64350,1785908909777,buy,0.58,0.42000000000000004
KXBTC-26AUG0502-B64350,1785908959590,sell,0.55,-0.44999999999999996
KXBTC-26AUG0502-B64350,1785909010487,buy,0.63,0.37
KXBTC-26AUG0502-B64350,1785909059786,buy,0.27,0.73
KXBTC-26AUG0502-B64350,1785909159864,sell,0.3,-0.7
KXBTC-26AUG0502-B64350,1785909359653,sell,0.45,-0.55
KXBTC-26AUG0502-B64350,1785909408850,buy,0.65,0.35
KXBTC-26AUG0502-B64350,1785909558939,sell,0.71,-0.29000000000000004
KXBTC-26AUG0502-B64450,1785907363084,sell,0.11,0.11
KXBTC-26AUG0502-B64450,1785908159960,buy,0.14,-0.14
KXBTC-26AUG0502-B64450,1785908259952,sell,0.09,0.09
KXBTC-26AUG0502-B64450,1785908710014,buy,0.08,-0.08
KXBTC-26AUG0502-B64450,1785909010782,buy,0.06,-0.06
KXBTC-26AUG0503-B64150,1785910062446,sell,0.15,0.15
KXBTC-26AUG0503-B64150,1785910213538,buy,0.16,-0.16
KXBTC-26AUG0503-B64150,1785910312737,buy,0.13,-0.13
KXBTC-26AUG0503-B64150,1785910513381,sell,0.13,0.13
KXBTC-26AUG0503-B64150,1785913159590,buy,0.16,-0.16
KXBTC-26AUG0503-B64250,1785910113181,sell,0.32,-0.6799999999999999
KXBTC-26AUG0503-B64250,1785910263052,buy,0.34,0.6599999999999999
KXBTC-26AUG0503-B64250,1785910363473,buy,0.31,0.69
KXBTC-26AUG0503-B64250,1785910513517,sell,0.29,-0.71
KXBTC-26AUG0503-B64250,1785910562857,sell,0.36,-0.64
KXBTC-26AUG0503-B64250,1785911259513,sell,0.39,-0.61
KXBTC-26AUG0503-B64250,1785911459746,buy,0.4,0.6
KXBTC-26AUG0503-B64250,1785911560065,sell,0.37,-0.63
KXBTC-26AUG0503-B64250,1785911609663,sell,0.39,-0.61
KXBTC-26AUG0503-B64250,1785911710487,buy,0.48,0.52
KXBTC-26AUG0503-B64250,1785911759965,buy,0.41,0.5900000000000001
KXBTC-26AUG0503-B64250,1785911809715,buy,0.37,0.63
KXBTC-26AUG0503-B64250,1785911859764,sell,0.33,-0.6699999999999999
KXBTC-26AUG0503-B64250,1785911909644,sell,0.37,-0.63
KXBTC-26AUG0503-B64250,1785911959614,sell,0.46,-0.54
KXBTC-26AUG0503-B64250,1785912059579,sell,0.57,-0.43000000000000005
KXBTC-26AUG0503-B64250,1785912359820,buy,0.66,0.33999999999999997
KXBTC-26AUG0503-B64250,1785912409751,buy,0.54,0.45999999999999996
KXBTC-26AUG0503-B64250,1785912509772,sell,0.48,-0.52
KXBTC-26AUG0503-B64250,1785912610088,buy,0.61,0.39
KXBTC-26AUG0503-B64250,1785912659752,buy,0.58,0.42000000000000004
KXBTC-26AUG0503-B64250,1785912759554,sell,0.37,-0.63
KXBTC-26AUG0503-B64250,1785912809727,sell,0.45,-0.55
KXBTC-26AUG0503-B64250,1785912909809,sell,0.53,-0.47
KXBTC-26AUG0503-B64250,1785913059710,sell,0.61,-0.39
KXBTC-26AUG0503-B64350,1785910213396,buy,0.23,-0.23
KXBTC-26AUG0503-B64350,1785910262772,sell,0.22,0.22
KXBTC-26AUG0503-B64350,1785910363186,sell,0.27,0.27
KXBTC-26AUG0503-B64350,1785910412400,buy,0.31,-0.31
KXBTC-26AUG0503-B64350,1785910513233,buy,0.29,-0.29
KXBTC-26AUG0503-B64350,1785911510177,sell,0.24,0.24
KXBTC-26AUG0503-B64350,1785911560645,buy,0.28,-0.28
KXBTC-26AUG0503-B64350,1785911711139,sell,0.25,0.25
KXBTC-26AUG0503-B64350,1785911760591,sell,0.32,0.32
KXBTC-26AUG0503-B64350,1785911810352,sell,0.38,0.38
KXBTC-26AUG0503-B64350,1785911860384,buy,0.45,-0.45
KXBTC-26AUG0503-B64350,1785911910213,buy,0.4,-0.4
KXBTC-26AUG0503-B64350,1785911960188,buy,0.35,-0.35
KXBTC-26AUG0503-B64350,1785912210449,buy,0.25,-0.25
KXBTC-26AUG0503-B64350,1785912260338,buy,0.22,-0.22
KXBTC-26AUG0503-B64350,1785912360459,buy,0.17,-0.17
KXBTC-26AUG0503-B64350,1785912410333,buy,0.12,-0.12
KXBTC-26AUG0503-B64350,1785912559626,sell,0.07,0.07
KXBTC-26AUG0503-B64350,1785912659606,buy,0.09,-0.09
KXBTC-26AUG0503-B64550,1785910417617,sell,0.06,0.06
KXBTC-26AUG0504-B63850,1785914367808,sell,0.05,0.05
KXBTC-26AUG0504-B63950,1785916359890,sell,0.14,0.14
KXBTC-26AUG0504-B63950,1785916410129,buy,0.37,-0.37
KXBTC-26AUG0504-B63950,1785916460014,sell,0.27,0.27
KXBTC-26AUG0504-B63950,1785916510247,sell,0.48,0.48
KXBTC-26AUG0504-B63950,1785916560135,buy,0.51,-0.51
KXBTC-26AUG0504-B63950,1785916610080,buy,0.27,-0.27
KXBTC-26AUG0504-B64050,1785913963492,sell,0.22,0.22
KXBTC-26AUG0504-B64050,1785914313197,sell,0.24,0.24
KXBTC-26AUG0504-B64050,1785914363535,sell,0.29,0.29
KXBTC-26AUG0504-B64050,1785916359749,sell,0.33,0.33
KXBTC-26AUG0504-B64050,1785916409993,sell,0.58,0.58
KXBTC-26AUG0504-B64050,1785916459885,buy,0.69,-0.69
KXBTC-26AUG0504-B64050,1785916510108,buy,0.49,-0.49
KXBTC-26AUG0504-B64050,1785916559999,sell,0.48,0.48
KXBTC-26AUG0504-B64050,1785916609937,sell,0.71,0.71
KXBTC-26AUG0504-B64050,1785916709987,buy,0.89,-0.89
KXBTC-26AUG0504-B64150,1785914162661,sell,0.29,-0.71
KXBTC-26AUG0504-B64150,1785914362793,buy,0.3,0.7
KXBTC-26AUG0504-B64250,1785914312342,buy,0.16,-0.16
KXBTC-26AUG0504-B64250,1785914362646,buy,0.14,-0.14
KXBTC-26AUG0504-B64250,1785915060386,buy,0.11,-0.11
KXBTC-26AUG0505-B64050,1785917662577,sell,0.17,-0.83
KXBTC-26AUG0505-B64050,1785917713707,sell,0.21,-0.79
KXBTC-26AUG0505-B64050,1785917913021,sell,0.26,-0.74
KXBTC-26AUG0505-B64050,1785918113110,sell,0.26,-0.74
KXBTC-26AUG0505-B64050,1785918163209,buy,0.29,0.71
KXBTC-26AUG0505-B64050,1785918860334,buy,0.26,0.74
KXBTC-26AUG0505-B64050,1785919110633,buy,0.12,0.88
KXBTC-26AUG0505-B64050,1785919211105,sell,0.09,-0.91
KXBTC-26AUG0505-B64050,1785919310668,sell,0.15,-0.85
KXBTC-26AUG0505-B64050,1785919410583,sell,0.37,-0.63
KXBTC-26AUG0505-B64050,1785919510712,sell,0.44,-0.56
KXBTC-26AUG0505-B64050,1785919610115,buy,0.54,0.45999999999999996
KXBTC-26AUG0505-B64050,1785919760257,buy,0.55,0.44999999999999996
KXBTC-26AUG0505-B64050,1785919860341,sell,0.5,-0.5
KXBTC-26AUG0505-B64050,1785919910380,buy,0.52,0.48
KXBTC-26AUG0505-B64050,1785919960327,sell,0.46,-0.54
KXBTC-26AUG0505-B64050,1785920010507,sell,0.58,-0.42000000000000004
KXBTC-26AUG0505-B64050,1785920110404,buy,0.72,0.28
KXBTC-26AUG0505-B64050,1785920160183,buy,0.5,0.5
KXBTC-26AUG0505-B64050,1785920260187,sell,0.34,-0.6599999999999999
KXBTC-26AUG0505-B64050,1785920310267,sell,0.6,-0.4
KXBTC-26AUG0505-B64150,1785917563466,buy,0.27,-0.27
KXBTC-26AUG0505-B64150,1785917613075,sell,0.26,0.26
KXBTC-26AUG0505-B64150,1785920111134,sell,0.36,0.36
KXBTC-26AUG0505-B64150,1785920160890,sell,0.5,0.5
KXBTC-26AUG0505-B64150,1785920260938,buy,0.68,-0.68
KXBTC-26AUG0505-B64150,1785920310988,buy,0.39,-0.39
KXBTC-26AUG0505-B64250,1785917714427,buy,0.22,-0.22
KXBTC-26AUG0505-B64250,1785917913720,buy,0.18,-0.18
KXBTC-26AUG0505-B64250,1785917963918,sell,0.16,0.16
KXBTC-26AUG0505-B64350,1785917714283,buy,0.09,-0.09
KXBTC-26AUG0505-B64450,1785917718815,buy,0.04,-0.04
KXBTC-26AUG0506-B63950,1785921314384,sell,0.17,0.17
KXBTC-26AUG0506-B64050,1785921314095,sell,0.36,0.36
KXBTC-26AUG0506-B64050,1785923310975,buy,0.39,-0.39
KXBTC-26AUG0506-B64050,1785923361056,sell,0.21,0.21
KXBTC-26AUG0506-B64050,1785923411324,buy,0.28,-0.28
KXBTC-26AUG0506-B64050,1785923461151,buy,0.21,-0.21
KXBTC-26AUG0506-B64050,1785923511214,buy,0.17,-0.17
KXBTC-26AUG0506-B64050,1785923611027,sell,0.15,0.15
KXBTC-26AUG0506-B64050,1785923661139,buy,0.21,-0.21
KXBTC-26AUG0506-B64050,1785923810903,buy,0.13,-0.13
KXBTC-26AUG0506-B64050,1785923861255,sell,0.11,0.11
KXBTC-26AUG0506-B64050,1785923910762,buy,0.26,-0.26
KXBTC-26AUG0506-B64050,1785923960600,sell,0.21,0.21
KXBTC-26AUG0506-B64150,1785921314243,buy,0.29,0.71
KXBTC-26AUG0506-B64150,1785923911502,sell,0.25,-0.75
KXBTC-26AUG0506-B64150,1785923961322,buy,0.78,0.21999999999999997
KXBTC-26AUG0506-B64250,1785921319289,buy,0.11,-0.11
KXBTC-26AUG0506-B64250,1785923311112,buy,0.09,-0.09
KXBTC-26AUG0506-B64250,1785923361243,buy,0.06,-0.06
KXBTC-26AUG0506-B64250,1785923661275,buy,0.03,-0.03
KXBTC-26AUG0506-B64350,1785921319149,buy,0.05,-0.05
KXBTC-26AUG0507-B63850,1785924664667,sell,0.05,0.05
KXBTC-26AUG0507-B63850,1785924764667,buy,0.08,-0.08
KXBTC-26AUG0507-B63850,1785924914906,sell,0.05,0.05
KXBTC-26AUG0507-B63850,1785925064577,buy,0.08,-0.08
KXBTC-26AUG0507-B63950,1785924664372,sell,0.14,0.14
KXBTC-26AUG0507-B63950,1785924814102,buy,0.15,-0.15
KXBTC-26AUG0507-B63950,1785924914553,sell,0.12,0.12
KXBTC-26AUG0507-B63950,1785924964442,sell,0.2,0.2
KXBTC-26AUG0507-B63950,1785925014316,buy,0.22,-0.22
KXBTC-26AUG0507-B63950,1785925064226,buy,0.19,-0.19
KXBTC-26AUG0507-B63950,1785927061450,sell,0.16,0.16
KXBTC-26AUG0507-B63950,1785927111352,sell,0.29,0.29
KXBTC-26AUG0507-B63950,1785927161343,sell,0.45,0.45
KXBTC-26AUG0507-B63950,1785927211338,buy,0.57,-0.57
KXBTC-26AUG0507-B63950,1785927261257,buy,0.5,-0.5
KXBTC-26AUG0507-B63950,1785927311399,sell,0.34,0.34
KXBTC-26AUG0507-B63950,1785927361340,buy,0.43,-0.43
KXBTC-26AUG0507-B64050,1785924664078,sell,0.33,-0.6699999999999999
KXBTC-26AUG0507-B64050,1785924813821,buy,0.37,0.63
KXBTC-26AUG0507-B64050,1785924864126,buy,0.27,0.73
KXBTC-26AUG0507-B64050,1785924914223,sell,0.26,-0.74
KXBTC-26AUG0507-B64050,1785926411750,buy,0.34,0.6599999999999999
KXBTC-26AUG0507-B64050,1785926511368,sell,0.13,-0.87
KXBTC-26AUG0507-B64050,1785926561388,sell,0.17,-0.83
KXBTC-26AUG0507-B64050,1785926661501,buy,0.21,0.79
KXBTC-26AUG0507-B64050,1785926711835,sell,0.2,-0.8
KXBTC-26AUG0507-B64050,1785926761575,sell,0.27,-0.73
KXBTC-26AUG0507-B64050,1785926861555,sell,0.29,-0.71
KXBTC-26AUG0507-B64050,1785926911605,buy,0.57,0.43000000000000005
KXBTC-26AUG0507-B64050,1785927012050,sell,0.37,-0.63
KXBTC-26AUG0507-B64050,1785927060824,sell,0.51,-0.49
KXBTC-26AUG0507-B64050,1785927110759,buy,0.56,0.43999999999999995
KXBTC-26AUG0507-B64050,1785927160767,buy,0.44,0.56
KXBTC-26AUG0507-B64050,1785927210760,sell,0.34,-0.6599999999999999
KXBTC-26AUG0507-B64050,1785927260642,sell,0.43,-0.5700000000000001
KXBTC-26AUG0507-B64050,1785927310813,buy,0.6,0.4
KXBTC-26AUG0507-B64050,1785927360766,sell,0.52,-0.48
KXBTC-26AUG0507-B64050,1785927410866,buy,0.73,0.27
KXBTC-26AUG0507-B64050,1785927460684,sell,0.71,-0.29000000000000004
KXBTC-26AUG0507-B64050,1785927510747,sell,0.77,-0.22999999999999998
KXBTC-26AUG0507-B64150,1785924614483,buy,0.38,-0.38
KXBTC-26AUG0507-B64150,1785924664226,buy,0.33,-0.33
KXBTC-26AUG0507-B64150,1785924764221,sell,0.25,0.25
KXBTC-26AUG0507-B64150,1785924813959,sell,0.28,0.28
KXBTC-26AUG0507-B64150,1785924914383,buy,0.34,-0.34
KXBTC-26AUG0507-B64150,1785924964307,buy,0.23,-0.23
KXBTC-26AUG0507-B64150,1785925014182,sell,0.21,0.21
KXBTC-26AUG0507-B64150,1785925064069,sell,0.23,0.23
KXBTC-26AUG0507-B64250,1785924564972,buy,0.16,-0.16
KXBTC-26AUG0507-B64250,1785924615082,buy,0.13,-0.13
KXBTC-26AUG0507-B64250,1785924764800,sell,0.1,0.1
KXBTC-26AUG0507-B64250,1785924814526,sell,0.12,0.12
KXBTC-26AUG0507-B64250,1785924915054,buy,0.14,-0.14
KXBTC-26AUG0507-B64250,1785924964892,buy,0.11,-0.11
KXBTC-26AUG0507-B64350,1785924664515,buy,0.05,-0.05
KXBTC-26AUG0507-B64350,1785924764518,sell,0.04,0.04
KXBTC-26AUG0508-B63850,1785928319167,buy,0.1,-0.1
KXBTC-26AUG0508-B63850,1785928569616,sell,0.1,0.1
KXBTC-26AUG0508-B63850,1785928619302,sell,0.12,0.12
KXBTC-26AUG0508-B63850,1785928869667,buy,0.12,-0.12
KXBTC-26AUG0508-B63950,1785928314173,buy,0.23,-0.23
KXBTC-26AUG0508-B63950,1785928414350,sell,0.22,0.22
KXBTC-26AUG0508-B63950,1785928564544,sell,0.24,0.24
KXBTC-26AUG0508-B63950,1785928664073,sell,0.27,0.27
KXBTC-26AUG0508-B63950,1785928714414,buy,0.31,-0.31
KXBTC-26AUG0508-B64050,1785928314598,sell,0.3,-0.7
KXBTC-26AUG0508-B64050,1785928464872,sell,0.32,-0.6799999999999999
KXBTC-26AUG0508-B64050,1785928614844,buy,0.34,0.6599999999999999
KXBTC-26AUG0508-B64150,1785928314033,sell,0.2,0.2
KXBTC-26AUG0508-B64150,1785928414204,buy,0.22,-0.22
KXBTC-26AUG0508-B64150,1785928564393,buy,0.2,-0.2
KXBTC-26AUG0508-B64150,1785930162002,sell,0.19,0.19
KXBTC-26AUG0508-B64150,1785930211983,buy,0.26,-0.26
KXBTC-26AUG0508-B64150,1785930312033,buy,0.17,-0.17
KXBTC-26AUG0508-B64150,1785930361798,buy,0.11,-0.11
KXBTC-26AUG0508-B64150,1785930662229,buy,0.09,-0.09
KXBTC-26AUG0508-B64150,1785930711749,sell,0.07,0.07
KXBTC-26AUG0508-B64250,1785927919828,sell,0.1,0.1
KXBTC-26AUG0508-B64250,1785927969268,buy,0.11,-0.11
KXBTC-26AUG0508-B64250,1785928018971,buy,0.09,-0.09
KXBTC-26AUG0508-B64250,1785928168767,sell,0.09,0.09
KXBTC-26AUG0508-B64250,1785928265026,buy,0.1,-0.1
KXBTC-26AUG0509-B63850,1785931816114,buy,0.04,-0.04
KXBTC-26AUG0509-B63950,1785931514967,sell,0.19,0.19
KXBTC-26AUG0509-B63950,1785931565038,sell,0.23,0.23
KXBTC-26AUG0509-B63950,1785931614998,buy,0.24,-0.24
KXBTC-26AUG0509-B63950,1785931665126,buy,0.2,-0.2
KXBTC-26AUG0509-B63950,1785931765193,buy,0.16,-0.16
KXBTC-26AUG0509-B63950,1785931816265,buy,0.13,-0.13
KXBTC-26AUG0509-B64050,1785931815960,buy,0.27,-0.27
KXBTC-26AUG0509-B64050,1785932015425,buy,0.2,-0.2
KXBTC-26AUG0509-B64050,1785932065572,sell,0.19,0.19
KXBTC-26AUG0509-B64050,1785932215621,buy,0.22,-0.22
KXBTC-26AUG0509-B64050,1785932265711,buy,0.17,-0.17
KXBTC-26AUG0509-B64050,1785932315799,buy,0.14,-0.14
KXBTC-26AUG0509-B64050,1785932365855,buy,0.08,-0.08
KXBTC-26AUG0509-B64150,1785932315946,buy,0.25,-0.25
KXBTC-26AUG0509-B64150,1785932365985,buy,0.18,-0.18
KXBTC-26AUG0509-B64250,1785931770080,sell,0.13,-0.87
KXBTC-26AUG0509-B64250,1785931821455,sell,0.18,-0.8200000000000001
KXBTC-26AUG0509-B64250,1785931921126,buy,0.21,0.79
KXBTC-26AUG0509-B64250,1785933964119,buy,0.18,0.8200000000000001
KXBTC-26AUG0509-B64250,1785934113867,buy,0.16,0.84
KXBTC-26AUG0509-B64250,1785934313754,sell,0.14,-0.86
KXBTC-26AUG0509-B64250,1785934363870,sell,0.2,-0.8
KXBTC-26AUG0509-B64250,1785934413878,sell,0.35,-0.65
KXBTC-26AUG0509-B64250,1785934463641,sell,0.4,-0.6
KXBTC-26AUG0509-B64250,1785934513953,sell,0.59,-0.41000000000000003
KXBTC-26AUG0509-B64250,1785934563957,sell,0.65,-0.35
KXBTC-26AUG0509-B64250,1785934612991,buy,0.67,0.32999999999999996
KXBTC-26AUG0509-B64250,1785934662752,buy,0.34,0.6599999999999999
KXBTC-26AUG0509-B64250,1785934712877,sell,0.15,-0.85
KXBTC-26AUG0509-B64250,1785934762747,buy,0.53,0.47
KXBTC-26AUG0509-B64350,1785931821315,sell,0.08,0.08
KXBTC-26AUG0509-B64350,1785932220859,sell,0.09,0.09
KXBTC-26AUG0509-B64350,1785932321075,sell,0.14,0.14
KXBTC-26AUG0509-B64350,1785932371036,sell,0.19,0.19
KXBTC-26AUG0509-B64350,1785934613945,sell,0.2,0.2
KXBTC-26AUG0509-B64350,1785934713795,buy,0.85,-0.85
KXBTC-26AUG0509-B64350,1785934763696,sell,0.43,0.43
KXBTC-26AUG0509-B64450,1785932370899,sell,0.1,0.1
KXBTC-26AUG0510-B63750,1785935472118,sell,0.03,0.03
KXBTC-26AUG0510-B63850,1785935422438,sell,0.04,0.04
KXBTC-26AUG0510-B63850,1785935621036,sell,0.08,0.08
KXBTC-26AUG0510-B63850,1785935771957,buy,0.08,-0.08
KXBTC-26AUG0510-B63950,1785935422290,sell,0.08,0.08
KXBTC-26AUG0510-B63950,1785935521679,sell,0.13,0.13
KXBTC-26AUG0510-B63950,1785935771818,buy,0.13,-0.13
KXBTC-26AUG0510-B64050,1785935616453,sell,0.16,0.16
KXBTC-26AUG0510-B64150,1785935366998,sell,0.17,0.17
KXBTC-26AUG0510-B64150,1785935667118,sell,0.16,0.16
KXBTC-26AUG0510-B64150,1785937064412,buy,0.18,-0.18
KXBTC-26AUG0510-B64150,1785937114173,sell,0.11,0.11
KXBTC-26AUG0510-B64150,1785937164029,sell,0.14,0.14
KXBTC-26AUG0510-B64150,1785937514114,sell,0.25,0.25
KXBTC-26AUG0510-B64150,1785937564055,buy,0.28,-0.28
KXBTC-26AUG0510-B64150,1785937613925,buy,0.23,-0.23
KXBTC-26AUG0510-B64150,1785937664277,sell,0.14,0.14
KXBTC-26AUG0510-B64150,1785937814571,sell,0.29,0.29
KXBTC-26AUG0510-B64150,1785937914159,sell,0.33,0.33
KXBTC-26AUG0510-B64150,1785938014241,buy,0.35,-0.35
KXBTC-26AUG0510-B64150,1785938064004,sell,0.11,0.11
KXBTC-26AUG0510-B64150,1785938164362,buy,0.28,-0.28
KXBTC-26AUG0510-B64150,1785938214177,buy,0.23,-0.23
KXBTC-26AUG0510-B64150,1785938264127,buy,0.1,-0.1
KXBTC-26AUG0510-B64250,1785935417064,buy,0.18,-0.18
KXBTC-26AUG0510-B64250,1785935516493,buy,0.14,-0.14
KXBTC-26AUG0510-B64250,1785935616055,buy,0.13,-0.13
KXBTC-26AUG0510-B64250,1785935666552,sell,0.12,0.12
KXBTC-26AUG0510-B64250,1785938363752,buy,0.15,-0.15
KXBTC-26AUG0510-B64450,1785935417213,buy,0.07,-0.07
KXBTC-26AUG0510-B64450,1785937714084,buy,0.04,-0.04
KXBTC-26AUG0510-B64450,1785938013788,sell,0.03,0.03
KXBTC-26AUG0510-B64450,1785938063580,buy,0.1,-0.1
KXBTC-26AUG0510-B64450,1785938263713,sell,0.05,0.05
KXBTC-26AUG0511-B64250,1785939367323,buy,0.1,-0.1
KXBTC-26AUG0511-B64250,1785941513994,sell,0.08,0.08
KXBTC-26AUG0511-B64250,1785941563771,sell,0.22,0.22
KXBTC-26AUG0511-B64250,1785941613805,buy,0.26,-0.26
KXBTC-26AUG0511-B64250,1785941663778,sell,0.18,0.18
KXBTC-26AUG0511-B64250,1785941713659,buy,0.23,-0.23
KXBTC-26AUG0511-B64250,1785941813607,buy,0.15,-0.15
KXBTC-26AUG0511-B64350,1785941513454,sell,0.13,0.13
KXBTC-26AUG0511-B64350,1785941613205,sell,0.42,0.42
KXBTC-26AUG0511-B64350,1785941763167,sell,0.53,0.53
KXBTC-26AUG0511-B64350,1785941813053,sell,0.56,0.56
KXBTC-26AUG0511-B64350,1785941863172,buy,0.66,-0.66
KXBTC-26AUG0511-B64450,1785939367176,sell,0.15,-0.85
KXBTC-26AUG0511-B64450,1785939416992,buy,0.16,0.84
KXBTC-26AUG0511-B64450,1785939466917,sell,0.15,-0.85
KXBTC-26AUG0511-B64550,1785939067417,sell,0.1,0.1
KXBTC-26AUG0511-B64550,1785939317703,sell,0.12,0.12
KXBTC-26AUG0511-B64550,1785939516962,buy,0.14,-0.14
KXBTC-26AUG0511-B64550,1785939567193,sell,0.13,0.13
KXBTC-26AUG0511-B64650,1785939117671,buy,0.09,-0.09
KXBTC-26AUG0511-B64650,1785939567656,sell,0.1,0.1
KXBTC-26AUG0512-B64050,1785942622208,buy,0.03,-0.03
KXBTC-26AUG0512-B64150,1785942622062,buy,0.04,-0.04
KXBTC-26AUG0512-B64150,1785942968038,sell,0.03,0.03
KXBTC-26AUG0512-B64250,1785942621922,buy,0.06,-0.06
KXBTC-26AUG0512-B64250,1785942968185,sell,0.08,0.08
KXBTC-26AUG0512-B64350,1785942266360,buy,0.13,0.87
KXBTC-26AUG0512-B64350,1785942367213,sell,0.11,-0.89
KXBTC-26AUG0512-B64350,1785942566697,buy,0.12,0.88
KXBTC-26AUG0512-B64350,1785942616825,buy,0.09,0.91
KXBTC-26AUG0512-B64350,1785942966990,sell,0.1,-0.9
KXBTC-26AUG0512-B64350,1785943017056,sell,0.13,-0.87
KXBTC-26AUG0512-B64350,1785943066908,buy,0.15,0.85
KXBTC-26AUG0512-B64350,1785943166943,buy,0.13,0.87
KXBTC-26AUG0512-B64350,1785943316615,sell,0.11,-0.89
KXBTC-26AUG0512-B64350,1785943366935,sell,0.14,-0.86
KXBTC-26AUG0512-B64450,1785942966852,sell,0.13,0.13
KXBTC-26AUG0512-B64450,1785943016913,sell,0.15,0.15
KXBTC-26AUG0512-B64450,1785943166799,buy,0.19,-0.19
KXBTC-26AUG0512-B64450,1785943316467,sell,0.17,0.17
KXBTC-26AUG0512-B64450,1785945363773,sell,0.2,0.2
KXBTC-26AUG0512-B64450,1785945413316,buy,0.35,-0.35
KXBTC-26AUG0512-B64450,1785945463596,buy,0.22,-0.22
KXBTC-26AUG0512-B64450,1785945513605,buy,0.06,-0.06
KXBTC-26AUG0512-B64550,1785942571839,sell,0.15,0.15
KXBTC-26AUG0512-B64550,1785942621779,buy,0.18,-0.18
KXBTC-26AUG0512-B64550,1785942672049,buy,0.13,-0.13
KXBTC-26AUG0512-B64550,1785942967329,sell,0.15,0.15
KXBTC-26AUG0512-B64550,1785943017347,buy,0.18,-0.18
KXBTC-26AUG0512-B64550,1785943217357,sell,0.16,0.16
KXBTC-26AUG0512-B64550,1785943316950,buy,0.19,-0.19
KXBTC-26AUG0512-B64650,1785942266219,sell,0.12,0.12
KXBTC-26AUG0512-B64650,1785942566547,sell,0.12,0.12
KXBTC-26AUG0512-B64650,1785942716439,sell,0.13,0.13
KXBTC-26AUG0512-B64650,1785942967612,buy,0.16,-0.16
KXBTC-26AUG0512-B64650,1785943017632,buy,0.13,-0.13
KXBTC-26AUG0512-B64650,1785943167583,sell,0.12,0.12
KXBTC-26AUG0512-B64650,1785943267484,sell,0.15,0.15
KXBTC-26AUG0512-B64650,1785943317251,buy,0.16,-0.16
KXBTC-26AUG0512-B64750,1785942571695,sell,0.09,0.09
KXBTC-26AUG0512-B64750,1785942621651,sell,0.11,0.11
KXBTC-26AUG0512-B64750,1785942671898,buy,0.14,-0.14
KXBTC-26AUG0512-B64750,1785942967753,buy,0.11,-0.11
KXBTC-26AUG0512-B64850,1785942967892,buy,0.07,-0.07
KXBTC-26AUG0512-B64850,1785943167865,sell,0.04,0.04
KXBTC-26AUG0512-B64950,1785943017202,buy,0.04,-0.04
KXBTC-26AUG0513-B64150,1785946516820,buy,0.04,-0.04
KXBTC-26AUG0513-B64250,1785946517540,buy,0.08,-0.08
KXBTC-26AUG0513-B64350,1785946066707,buy,0.17,-0.17
KXBTC-26AUG0513-B64350,1785946316615,sell,0.15,0.15
KXBTC-26AUG0513-B64350,1785946516676,buy,0.14,-0.14
KXBTC-26AUG0513-B64450,1785946267962,sell,0.19,0.19
KXBTC-26AUG0513-B64450,1785946517677,buy,0.22,-0.22
KXBTC-26AUG0513-B64450,1785948514006,buy,0.17,-0.17
KXBTC-26AUG0513-B64450,1785948564037,buy,0.13,-0.13
KXBTC-26AUG0513-B64450,1785948614181,buy,0.1,-0.1
KXBTC-26AUG0513-B64450,1785948814180,buy,0.06,-0.06
KXBTC-26AUG0513-B64550,1785946066997,sell,0.16,0.16
KXBTC-26AUG0513-B64550,1785946167091,buy,0.17,-0.17
KXBTC-26AUG0513-B64550,1785946217217,sell,0.15,0.15
KXBTC-26AUG0513-B64550,1785946267185,sell,0.17,0.17
KXBTC-26AUG0513-B64550,1785946316896,buy,0.19,-0.19
KXBTC-26AUG0513-B64550,1785946466806,sell,0.19,0.19
KXBTC-26AUG0513-B64550,1785949162492,buy,0.21,-0.21
KXBTC-26AUG0513-B64650,1785946521599,sell,0.13,-0.87
KXBTC-26AUG0513-B64650,1785949163056,sell,0.21,-0.79
KXBTC-26AUG0513-B64750,1785946517395,sell,0.08,0.08
KXBTC-26AUG0514-B64350,1785949867898,sell,0.1,0.1
KXBTC-26AUG0514-B64350,1785949917690,buy,0.11,-0.11
KXBTC-26AUG0514-B64450,1785949867170,sell,0.19,0.19
KXBTC-26AUG0514-B64450,1785950016954,sell,0.18,0.18
KXBTC-26AUG0514-B64450,1785950216680,sell,0.23,0.23
KXBTC-26AUG0514-B64550,1785949867456,sell,0.24,0.24
KXBTC-26AUG0514-B64550,1785952265881,buy,0.27,-0.27
KXBTC-26AUG0514-B64550,1785952315664,buy,0.11,-0.11
KXBTC-26AUG0514-B64550,1785952365782,sell,0.05,0.05
KXBTC-26AUG0514-B64550,1785952415579,sell,0.07,0.07
KXBTC-26AUG0514-B64550,1785952465567,buy,0.11,-0.11
KXBTC-26AUG0514-B64550,1785952515909,buy,0.04,-0.04
KXBTC-26AUG0514-B64650,1785949917119,sell,0.22,0.22
KXBTC-26AUG0514-B64650,1785949967122,buy,0.23,-0.23
KXBTC-26AUG0514-B64650,1785950117353,buy,0.21,-0.21
KXBTC-26AUG0514-B64650,1785952266444,sell,0.22,0.22
KXBTC-26AUG0514-B64650,1785952316226,buy,0.59,-0.59
KXBTC-26AUG0514-B64650,1785952366330,sell,0.48,0.48
KXBTC-26AUG0514-B64650,1785952416139,sell,0.55,0.55
KXBTC-26AUG0514-B64650,1785952466164,buy,0.68,-0.68
KXBTC-26AUG0514-B64650,1785952666084,buy,0.46,-0.46
KXBTC-26AUG0514-B64650,1785952716318,buy,0.3,-0.3
KXBTC-26AUG0514-B64750,1785949870831,buy,0.11,0.89
KXBTC-26AUG0514-B64750,1785949920627,sell,0.1,-0.9
KXBTC-26AUG0514-B64850,1785949870976,buy,0.05,-0.05
KXBTC-26AUG0515-B64350,1785953521035,buy,0.06,-0.06
KXBTC-26AUG0515-B64450,1785953371308,sell,0.1,0.1
KXBTC-26AUG0515-B64450,1785953670398,buy,0.07,-0.07
KXBTC-26AUG0515-B64450,1785953920003,sell,0.05,0.05
KXBTC-26AUG0515-B64450,1785954021023,sell,0.07,0.07
KXBTC-26AUG0515-B64450,1785954070934,buy,0.08,-0.08
KXBTC-26AUG0515-B64550,1785953667801,buy,0.13,-0.13
KXBTC-26AUG0515-B64550,1785954068325,buy,0.17,-0.17
KXBTC-26AUG0515-B64550,1785954117792,sell,0.13,0.13
KXBTC-26AUG0515-B64650,1785953667086,buy,0.24,-0.24
KXBTC-26AUG0515-B64650,1785953817132,sell,0.21,0.21
KXBTC-26AUG0515-B64650,1785953866868,sell,0.24,0.24
KXBTC-26AUG0515-B64650,1785954067597,buy,0.27,-0.27
KXBTC-26AUG0515-B64650,1785954117120,sell,0.25,0.25
KXBTC-26AUG0515-B64650,1785955416389,buy,0.26,-0.26
KXBTC-26AUG0515-B64650,1785955516554,buy,0.21,-0.21
KXBTC-26AUG0515-B64650,1785955716518,buy,0.12,-0.12
KXBTC-26AUG0515-B64650,1785955766194,sell,0.1,0.1
KXBTC-26AUG0515-B64650,1785955866439,buy,0.24,-0.24
KXBTC-26AUG0515-B64650,1785955916304,sell,0.17,0.17
KXBTC-26AUG0515-B64650,1785956016624,sell,0.26,0.26
KXBTC-26AUG0515-B64650,1785956165970,buy,0.4,-0.4
KXBTC-26AUG0515-B64650,1785956265397,buy,0.29,-0.29
KXBTC-26AUG0515-B64650,1785956315496,buy,0.09,-0.09
KXBTC-26AUG0515-B64750,1785953617851,sell,0.24,-0.76
KXBTC-26AUG0515-B64750,1785953817986,sell,0.27,-0.73
KXBTC-26AUG0515-B64750,1785953917655,buy,0.29,0.71
KXBTC-26AUG0515-B64750,1785953968004,buy,0.27,0.73
KXBTC-26AUG0515-B64750,1785954068461,sell,0.24,-0.76
KXBTC-26AUG0515-B64750,1785956065119,sell,0.28,-0.72
KXBTC-26AUG0515-B64750,1785956165685,sell,0.59,-0.41000000000000003
KXBTC-26AUG0515-B64750,1785956265118,sell,0.76,-0.24
KXBTC-26AUG0515-B64750,1785956315217,sell,0.94,-0.06000000000000005
KXBTC-26AUG0515-B64850,1785952968179,sell,0.1,0.1
KXBTC-26AUG0515-B64850,1785953118395,sell,0.13,0.13
KXBTC-26AUG0515-B64850,1785953168433,buy,0.14,-0.14
KXBTC-26AUG0515-B64850,1785953267808,buy,0.11,-0.11
KXBTC-26AUG0515-B64850,1785953368220,buy,0.09,-0.09
KXBTC-26AUG0515-B64850,1785953468156,sell,0.08,0.08
KXBTC-26AUG0515-B64850,1785953517878,sell,0.1,0.1
KXBTC-26AUG0515-B64850,1785953568483,sell,0.12,0.12
KXBTC-26AUG0515-B64850,1785953668543,sell,0.15,0.15
KXBTC-26AUG0515-B64850,1785953818552,buy,0.19,-0.19
KXBTC-26AUG0515-B64850,1785953918197,buy,0.15,-0.15
KXBTC-26AUG0515-B64850,1785954069039,sell,0.11,0.11
KXBTC-26AUG0515-B64850,1785954118468,buy,0.16,-0.16
KXBTC-26AUG0515-B64950,1785953367926,buy,0.05,-0.05
KXBTC-26AUG0515-B64950,1785953668113,sell,0.07,0.07
KXBTC-26AUG0515-B64950,1785953818129,buy,0.08,-0.08
KXBTC-26AUG0515-B64950,1785954068605,sell,0.04,0.04
KXBTC-26AUG0516-B64650,1785956918443,buy,0.11,-0.11
KXBTC-26AUG0516-B64650,1785957018577,sell,0.1,0.1
KXBTC-26AUG0516-B64650,1785957168140,buy,0.12,-0.12
KXBTC-26AUG0516-B64750,1785956768708,sell,0.19,0.19
KXBTC-26AUG0516-B64750,1785956868027,sell,0.21,0.21
KXBTC-26AUG0516-B64750,1785956918042,buy,0.22,-0.22
KXBTC-26AUG0516-B64750,1785957018124,sell,0.19,0.19
KXBTC-26AUG0516-B64750,1785957117868,sell,0.24,0.24
KXBTC-26AUG0516-B64750,1785957167736,buy,0.25,-0.25
KXBTC-26AUG0516-B64750,1785957268206,sell,0.21,0.21
KXBTC-26AUG0516-B64850,1785957168272,sell,0.27,-0.73
KXBTC-26AUG0516-B64850,1785959216740,sell,0.3,-0.7
KXBTC-26AUG0516-B64850,1785959416900,sell,0.68,-0.31999999999999995
KXBTC-26AUG0516-B64850,1785959466941,sell,0.74,-0.26
KXBTC-26AUG0516-B64850,1785959566609,buy,0.76,0.24
KXBTC-26AUG0516-B64850,1785959616623,sell,0.68,-0.31999999999999995
KXBTC-26AUG0516-B64850,1785959666742,buy,0.75,0.25
KXBTC-26AUG0516-B64850,1785959766681,sell,0.7,-0.30000000000000004
KXBTC-26AUG0516-B64850,1785959816490,sell,0.81,-0.18999999999999995
KXBTC-26AUG0516-B64950,1785956918873,sell,0.17,0.17
KXBTC-26AUG0516-B64950,1785957019025,buy,0.21,-0.21
KXBTC-26AUG0516-B64950,1785957168545,sell,0.16,0.16
KXBTC-26AUG0516-B64950,1785959865727,buy,0.19,-0.19
KXBTC-26AUG0516-B65050,1785956921578,sell,0.09,0.09
KXBTC-26AUG0516-B65050,1785957021808,buy,0.09,-0.09
KXBTC-26AUG0517-B63125,1785918462941,buy,0.06,-0.06
KXBTC-26AUG0517-B63125,1785936765953,sell,0.04,0.04
KXBTC-26AUG0517-B63125,1785936865921,sell,0.05,0.05
KXBTC-26AUG0517-B63125,1785937015802,buy,0.06,-0.06
KXBTC-26AUG0517-B63125,1785937166045,buy,0.04,-0.04
KXBTC-26AUG0517-B63125,1785940266000,sell,0.02,0.02
KXBTC-26AUG0517-B63375,1785935420394,sell,0.05,0.05
KXBTC-26AUG0517-B63375,1785936764054,sell,0.07,0.07
KXBTC-26AUG0517-B63375,1785937213828,buy,0.06,-0.06
KXBTC-26AUG0517-B63625,1785932318884,buy,0.13,-0.13
KXBTC-26AUG0517-B63625,1785937215776,buy,0.13,-0.13
KXBTC-26AUG0517-B63625,1785937565721,sell,0.11,0.11
KXBTC-26AUG0517-B63625,1785938015832,buy,0.12,-0.12
KXBTC-26AUG0517-B63625,1785938065593,sell,0.07,0.07
KXBTC-26AUG0517-B63625,1785942969375,sell,0.04,0.04
KXBTC-26AUG0517-B63875,1785924666303,sell,0.14,0.14
KXBTC-26AUG0517-B63875,1785935015004,sell,0.1,0.1
KXBTC-26AUG0517-B63875,1785935416913,sell,0.15,0.15
KXBTC-26AUG0517-B63875,1785936764336,sell,0.18,0.18
KXBTC-26AUG0517-B63875,1785937214733,buy,0.17,-0.17
KXBTC-26AUG0517-B63875,1785938015005,buy,0.15,-0.15
KXBTC-26AUG0517-B63875,1785938264846,buy,0.13,-0.13
KXBTC-26AUG0517-B63875,1785939764703,sell,0.09,0.09
KXBTC-26AUG0517-B63875,1785940064708,buy,0.11,-0.11
KXBTC-26AUG0517-B63875,1785944764612,sell,0.07,0.07
KXBTC-26AUG0517-B63875,1785951466433,buy,0.06,-0.06
KXBTC-26AUG0517-B64125,1785894086673,buy,0.13,-0.13
KXBTC-26AUG0517-B64125,1785935265281,sell,0.17,0.17
KXBTC-26AUG0517-B64125,1785936763338,buy,0.19,-0.19
KXBTC-26AUG0517-B64125,1785936863256,buy,0.17,-0.17
KXBTC-26AUG0517-B64125,1785937213244,buy,0.19,-0.19
KXBTC-26AUG0517-B64125,1785938413482,buy,0.18,-0.18
KXBTC-26AUG0517-B64125,1785939415303,buy,0.13,-0.13
KXBTC-26AUG0517-B64125,1785939762990,sell,0.13,0.13
KXBTC-26AUG0517-B64125,1785940263216,sell,0.15,0.15
KXBTC-26AUG0517-B64125,1785940462963,buy,0.15,-0.15
KXBTC-26AUG0517-B64125,1785940513344,sell,0.14,0.14
KXBTC-26AUG0517-B64125,1785941663075,sell,0.16,0.16
KXBTC-26AUG0517-B64125,1785941863032,buy,0.17,-0.17
KXBTC-26AUG0517-B64125,1785942215110,buy,0.15,-0.15
KXBTC-26AUG0517-B64125,1785942615231,buy,0.12,-0.12
KXBTC-26AUG0517-B64125,1785942965239,sell,0.11,0.11
KXBTC-26AUG0517-B64125,1785943015272,sell,0.13,0.13
KXBTC-26AUG0517-B64125,1785944362905,buy,0.14,-0.14
KXBTC-26AUG0517-B64125,1785944762956,sell,0.14,0.14
KXBTC-26AUG0517-B64125,1785945112650,sell,0.14,0.14
KXBTC-26AUG0517-B64125,1785946115025,sell,0.15,0.15
KXBTC-26AUG0517-B64125,1785946515092,buy,0.16,-0.16
KXBTC-26AUG0517-B64125,1785950765060,buy,0.13,-0.13
KXBTC-26AUG0517-B64125,1785952815518,sell,0.08,0.08
KXBTC-26AUG0517-B64125,1785953614893,buy,0.09,-0.09
KXBTC-26AUG0517-B64375,1785926911446,buy,0.15,-0.15
KXBTC-26AUG0517-B64375,1785935416491,buy,0.17,-0.17
KXBTC-26AUG0517-B64375,1785936763897,buy,0.14,-0.14
KXBTC-26AUG0517-B64375,1785937164169,sell,0.12,0.12
KXBTC-26AUG0517-B64375,1785938014426,sell,0.16,0.16
KXBTC-26AUG0517-B64375,1785939863673,sell,0.17,0.17
KXBTC-26AUG0517-B64375,1785943015842,sell,0.18,0.18
KXBTC-26AUG0517-B64375,1785943115652,sell,0.19,0.19
KXBTC-26AUG0517-B64375,1785944763253,sell,0.18,0.18
KXBTC-26AUG0517-B64375,1785950215125,sell,0.26,0.26
KXBTC-26AUG0517-B64375,1785951465237,buy,0.23,-0.23
KXBTC-26AUG0517-B64375,1785951515343,buy,0.2,-0.2
KXBTC-26AUG0517-B64375,1785951715343,sell,0.17,0.17
KXBTC-26AUG0517-B64375,1785951915620,sell,0.18,0.18
KXBTC-26AUG0517-B64375,1785951965424,buy,0.2,-0.2
KXBTC-26AUG0517-B64375,1785954065655,buy,0.19,-0.19
KXBTC-26AUG0517-B64375,1785954915542,buy,0.21,-0.21
KXBTC-26AUG0517-B64375,1785955165037,buy,0.18,-0.18
KXBTC-26AUG0517-B64375,1785955765447,sell,0.12,0.12
KXBTC-26AUG0517-B64375,1785956665716,buy,0.13,-0.13
KXBTC-26AUG0517-B64375,1785956715698,buy,0.1,-0.1
KXBTC-26AUG0517-B64375,1785959615904,buy,0.04,-0.04
KXBTC-26AUG0517-B64625,1785894487613,buy,0.09,-0.09
KXBTC-26AUG0517-B64625,1785936764676,buy,0.08,-0.08
KXBTC-26AUG0517-B64625,1785937114966,sell,0.07,0.07
KXBTC-26AUG0517-B64625,1785937214881,sell,0.11,0.11
KXBTC-26AUG0517-B64625,1785938014857,sell,0.13,0.13
KXBTC-26AUG0517-B64625,1785938515130,buy,0.17,-0.17
KXBTC-26AUG0517-B64625,1785938715347,sell,0.13,0.13
KXBTC-26AUG0517-B64625,1785939764198,buy,0.17,-0.17
KXBTC-26AUG0517-B64625,1785940014113,buy,0.15,-0.15
KXBTC-26AUG0517-B64625,1785942415755,sell,0.16,0.16
KXBTC-26AUG0517-B64625,1785946465892,sell,0.19,0.19
KXBTC-26AUG0517-B64625,1785946516088,sell,0.21,0.21
KXBTC-26AUG0517-B64625,1785949866313,sell,0.25,0.25
KXBTC-26AUG0517-B64625,1785950465852,buy,0.28,-0.28
KXBTC-26AUG0517-B64625,1785950715979,sell,0.26,0.26
KXBTC-26AUG0517-B64625,1785953165985,sell,0.28,0.28
KXBTC-26AUG0517-B64625,1785953665798,buy,0.31,-0.31
KXBTC-26AUG0517-B64625,1785953716875,sell,0.28,0.28
KXBTC-26AUG0517-B64625,1785954066093,buy,0.3,-0.3
KXBTC-26AUG0517-B64625,1785954465628,sell,0.3,0.3
KXBTC-26AUG0517-B64625,1785955165463,buy,0.34,-0.34
KXBTC-26AUG0517-B64625,1785955516256,buy,0.31,-0.31
KXBTC-26AUG0517-B64625,1785956665988,buy,0.31,-0.31
KXBTC-26AUG0517-B64625,1785956715987,buy,0.25,-0.25
KXBTC-26AUG0517-B64625,1785956766538,sell,0.2,0.2
KXBTC-26AUG0517-B64625,1785956816021,buy,0.25,-0.25
KXBTC-26AUG0517-B64625,1785956865883,sell,0.24,0.24
KXBTC-26AUG0517-B64625,1785956915989,buy,0.25,-0.25
KXBTC-26AUG0517-B64625,1785957015942,sell,0.23,0.23
KXBTC-26AUG0517-B64625,1785957165606,buy,0.27,-0.27
KXBTC-26AUG0517-B64625,1785957965827,buy,0.26,-0.26
KXBTC-26AUG0517-B64625,1785958415787,sell,0.22,0.22
KXBTC-26AUG0517-B64625,1785958516158,sell,0.26,0.26
KXBTC-26AUG0517-B64625,1785958565470,buy,0.27,-0.27
KXBTC-26AUG0517-B64625,1785959415625,buy,0.27,-0.27
KXBTC-26AUG0517-B64625,1785959565334,buy,0.24,-0.24
KXBTC-26AUG0517-B64625,1785959965363,sell,0.23,0.23
KXBTC-26AUG0517-B64625,1785960115673,sell,0.31,0.31
KXBTC-26AUG0517-B64625,1785960165687,sell,0.33,0.33
KXBTC-26AUG0517-B64625,1785960215592,buy,0.34,-0.34
KXBTC-26AUG0517-B64625,1785960265747,sell,0.32,0.32
KXBTC-26AUG0517-B64625,1785960315865,buy,0.39,-0.39
KXBTC-26AUG0517-B64625,1785960365826,sell,0.34,0.34
KXBTC-26AUG0517-B64625,1785960415721,sell,0.41,0.41
KXBTC-26AUG0517-B64625,1785960465626,buy,0.42,-0.42
KXBTC-26AUG0517-B64625,1785960515546,buy,0.4,-0.4
KXBTC-26AUG0517-B64625,1785960615701,buy,0.32,-0.32
KXBTC-26AUG0517-B64625,1785960815611,buy,0.27,-0.27
KXBTC-26AUG0517-B64625,1785960915756,buy,0.24,-0.24
KXBTC-26AUG0517-B64625,1785960965588,buy,0.2,-0.2
KXBTC-26AUG0517-B64625,1785961016006,sell,0.18,0.18
KXBTC-26AUG0517-B64625,1785961263497,buy,0.19,-0.19
KXBTC-26AUG0517-B64625,1785962163448,buy,0.07,-0.07
KXBTC-26AUG0517-B64875,1785935320164,buy,0.09,0.91
KXBTC-26AUG0517-B64875,1785938016471,sell,0.07,-0.9299999999999999
KXBTC-26AUG0517-B64875,1785938766693,sell,0.1,-0.9
KXBTC-26AUG0517-B64875,1785940266281,buy,0.13,0.87
KXBTC-26AUG0517-B64875,1785941866174,sell,0.12,-0.88
KXBTC-26AUG0517-B64875,1785943415999,buy,0.16,0.84
KXBTC-26AUG0517-B64875,1785945366090,buy,0.14,0.86
KXBTC-26AUG0517-B64875,1785946520320,sell,0.16,-0.84
KXBTC-26AUG0517-B64875,1785951466847,sell,0.19,-0.81
KXBTC-26AUG0517-B64875,1785952867181,buy,0.29,0.71
KXBTC-26AUG0517-B64875,1785954167104,buy,0.27,0.73
KXBTC-26AUG0517-B64875,1785955517553,sell,0.33,-0.6699999999999999
KXBTC-26AUG0517-B64875,1785958715937,sell,0.45,-0.55
KXBTC-26AUG0517-B64875,1785960265608,buy,0.53,0.47
KXBTC-26AUG0517-B64875,1785960315713,sell,0.5,-0.5
KXBTC-26AUG0517-B64875,1785960365636,buy,0.52,0.48
KXBTC-26AUG0517-B64875,1785960515405,sell,0.53,-0.47
KXBTC-26AUG0517-B64875,1785960915608,sell,0.63,-0.37
KXBTC-26AUG0517-B64875,1785961263952,buy,0.69,0.31000000000000005
KXBTC-26AUG0517-B64875,1785961413698,buy,0.53,0.47
KXBTC-26AUG0517-B64875,1785961463647,sell,0.51,-0.49
KXBTC-26AUG0517-B64875,1785961564002,sell,0.53,-0.47
KXBTC-26AUG0517-B64875,1785961613942,buy,0.67,0.32999999999999996
KXBTC-26AUG0517-B64875,1785961663667,sell,0.65,-0.35
KXBTC-26AUG0517-B64875,1785961713313,sell,0.68,-0.31999999999999995
KXBTC-26AUG0517-B64875,1785961763215,buy,0.7,0.30000000000000004
KXBTC-26AUG0517-B64875,1785961813532,sell,0.62,-0.38
KXBTC-26AUG0517-B64875,1785961963302,sell,0.66,-0.33999999999999997
KXBTC-26AUG0517-B64875,1785962463536,sell,0.84,-0.16000000000000003
KXBTC-26AUG0517-B64875,1785962513393,buy,0.85,0.15000000000000002
KXBTC-26AUG0517-B64875,1785962713644,buy,0.81,0.18999999999999995
KXBTC-26AUG0517-B64875,1785962763700,sell,0.77,-0.22999999999999998
KXBTC-26AUG0517-B64875,1785962813498,sell,0.88,-0.12
KXBTC-26AUG0517-B65125,1785925013892,buy,0.05,-0.05
KXBTC-26AUG0517-B65125,1785937214591,sell,0.02,0.02
KXBTC-26AUG0517-B65125,1785941864735,sell,0.06,0.06
KXBTC-26AUG0517-B65125,1785942616253,sell,0.1,0.1
KXBTC-26AUG0517-B65125,1785944364044,sell,0.09,0.09
KXBTC-26AUG0517-B65125,1785949313722,sell,0.1,0.1
KXBTC-26AUG0517-B65125,1785951465860,sell,0.08,0.08
KXBTC-26AUG0517-B65125,1785955766023,buy,0.15,-0.15
KXBTC-26AUG0517-B65125,1785956666261,sell,0.13,0.13
KXBTC-26AUG0517-B65125,1785957016226,buy,0.2,-0.2
KXBTC-26AUG0517-B65125,1785957165889,sell,0.17,0.17
KXBTC-26AUG0517-B65125,1785959266158,buy,0.19,-0.19
KXBTC-26AUG0517-B65125,1785959416470,buy,0.18,-0.18
KXBTC-26AUG0517-B65125,1785959516242,sell,0.17,0.17
KXBTC-26AUG0517-B65125,1785959566181,sell,0.2,0.2
KXBTC-26AUG0517-B65125,1785959866268,buy,0.21,-0.21
KXBTC-26AUG0517-B65125,1785960016706,buy,0.17,-0.17
KXBTC-26AUG0517-B65125,1785960266608,buy,0.11,-0.11
KXBTC-26AUG0517-B65125,1785960316754,sell,0.09,0.09
KXBTC-26AUG0517-B65125,1785960366695,buy,0.1,-0.1
KXBTC-26AUG0517-B65125,1785960515985,sell,0.09,0.09
KXBTC-26AUG0517-B65125,1785960616125,sell,0.1,0.1
KXBTC-26AUG0517-B65125,1785960916194,sell,0.12,0.12
KXBTC-26AUG0517-B65125,1785961064207,buy,0.14,-0.14
KXBTC-26AUG0517-B65125,1785961164118,buy,0.11,-0.11
KXBTC-26AUG0517-B65125,1785961264398,sell,0.1,0.1
KXBTC-26AUG0517-B65125,1785961314224,buy,0.31,-0.31
KXBTC-26AUG0517-B65125,1785961614372,buy,0.27,-0.27
KXBTC-26AUG0517-B65125,1785961664225,buy,0.24,-0.24
KXBTC-26AUG0517-B65125,1785961713457,buy,0.2,-0.2
KXBTC-26AUG0517-B65125,1785961763354,sell,0.15,0.15
KXBTC-26AUG0517-B65125,1785961913421,buy,0.27,-0.27
KXBTC-26AUG0517-B65125,1785961963438,buy,0.24,-0.24
KXBTC-26AUG0517-B65125,1785962063380,buy,0.18,-0.18
KXBTC-26AUG0517-B65125,1785962163744,sell,0.13,0.13
KXBTC-26AUG0517-B65125,1785962213457,buy,0.27,-0.27
KXBTC-26AUG0517-B65125,1785962263398,buy,0.22,-0.22
KXBTC-26AUG0517-B65125,1785962363199,buy,0.18,-0.18
KXBTC-26AUG0517-B65125,1785962463262,buy,0.14,-0.14
KXBTC-26AUG0517-B65125,1785962513113,sell,0.1,0.1
KXBTC-26AUG0517-B65125,1785962563115,buy,0.23,-0.23
KXBTC-26AUG0517-B65125,1785962713354,sell,0.17,0.17
KXBTC-26AUG0517-B65125,1785962763409,buy,0.22,-0.22
KXBTC-26AUG0517-B65375,1785938716526,sell,0.03,0.03
KXBTC-26AUG0517-B65375,1785942670208,sell,0.06,0.06
KXBTC-26AUG0517-B65375,1785942970257,buy,0.06,-0.06
KXBTC-26AUG0517-B65375,1785944365620,sell,0.05,0.05
KXBTC-26AUG0517-B65375,1785951516751,sell,0.03,0.03
KXBTC-26AUG0517-B65375,1785952817492,sell,0.05,0.05
KXBTC-26AUG0517-B65375,1785953066896,buy,0.06,-0.06
KXBTC-26AUG0517-B65375,1785956467551,buy,0.05,-0.05
KXBTC-26AUG0517-B65375,1785956717108,sell,0.05,0.05
KXBTC-26AUG0517-B65375,1785958467136,buy,0.05,-0.05
KXBTC-26AUG0517-B65625,1785901811510,buy,0.04,-0.04
KXBTC-26AUG0517-B65875,1785885385581,sell,0.02,0.02
KXBTC-26AUG0518-B64550,1785964418166,buy,0.11,-0.11
KXBTC-26AUG0518-B64550,1785964668894,sell,0.08,0.08
KXBTC-26AUG0518-B64550,1785964819383,sell,0.09,0.09
KXBTC-26AUG0518-B64650,1785964668752,sell,0.23,-0.77
KXBTC-26AUG0518-B64650,1785964819236,sell,0.26,-0.74
KXBTC-26AUG0518-B64650,1785966166571,sell,0.28,-0.72
KXBTC-26AUG0518-B64750,1785964517868,sell,0.26,0.26
KXBTC-26AUG0518-B64750,1785964617583,sell,0.3,0.3
KXBTC-26AUG0518-B64750,1785964668179,buy,0.31,-0.31
KXBTC-26AUG0518-B64750,1785964718394,sell,0.29,0.29
KXBTC-26AUG0518-B64750,1785965566524,buy,0.28,-0.28
KXBTC-26AUG0518-B64750,1785965866416,buy,0.18,-0.18
KXBTC-26AUG0518-B64750,1785966016610,sell,0.14,0.14
KXBTC-26AUG0518-B64750,1785966116432,sell,0.19,0.19
KXBTC-26AUG0518-B64750,1785966216466,sell,0.22,0.22
KXBTC-26AUG0518-B64750,1785966466633,buy,0.11,-0.11
KXBTC-26AUG0518-B64750,1785966516439,sell,0.1,0.1
KXBTC-26AUG0518-B64750,1785967066531,buy,0.23,-0.23
KXBTC-26AUG0518-B64850,1785964417877,sell,0.15,0.15
KXBTC-26AUG0518-B64850,1785964467896,buy,0.19,-0.19
KXBTC-26AUG0518-B64850,1785964668608,buy,0.16,-0.16
KXBTC-26AUG0518-B64850,1785964718825,sell,0.15,0.15
KXBTC-26AUG0518-B64850,1785964768794,buy,0.16,-0.16
KXBTC-26AUG0518-B64850,1785964819092,sell,0.15,0.15
KXBTC-26AUG0518-B65050,1785964819571,buy,0.04,-0.04
KXBTC-26AUG0519-B64550,1785967519714,sell,0.19,-0.81
KXBTC-26AUG0519-B64550,1785967570142,sell,0.24,-0.76
KXBTC-26AUG0519-B64550,1785967620994,buy,0.27,0.73
KXBTC-26AUG0519-B64550,1785967671140,buy,0.2,0.8
KXBTC-26AUG0519-B64550,1785967771373,sell,0.19,-0.81
KXBTC-26AUG0519-B64550,1785967821887,sell,0.21,-0.79
KXBTC-26AUG0519-B64550,1785967872351,buy,0.23,0.77
KXBTC-26AUG0519-B64550,1785968022203,sell,0.19,-0.81
KXBTC-26AUG0519-B64550,1785968122703,sell,0.22,-0.78
KXBTC-26AUG0519-B64550,1785968222764,buy,0.23,0.77
KXBTC-26AUG0519-B64550,1785968522851,sell,0.19,-0.81
KXBTC-26AUG0519-B64550,1785970619563,sell,0.26,-0.74
KXBTC-26AUG0519-B64550,1785970719602,sell,0.76,-0.24
KXBTC-26AUG0519-B64650,1785969070455,buy,0.45,-0.45
KXBTC-26AUG0519-B64650,1785969369899,sell,0.43,0.43
KXBTC-26AUG0519-B64650,1785969819707,sell,0.65,0.65
KXBTC-26AUG0519-B64650,1785969869789,sell,0.67,0.67
KXBTC-26AUG0519-B64650,1785970519713,buy,0.84,-0.84
KXBTC-26AUG0519-B64650,1785970569401,sell,0.63,0.63
KXBTC-26AUG0519-B64650,1785970618848,buy,0.66,-0.66
KXBTC-26AUG0519-B64750,1785967872496,sell,0.23,0.23
KXBTC-26AUG0519-B64750,1785967972198,buy,0.27,-0.27
KXBTC-26AUG0519-B64750,1785968522697,buy,0.23,-0.23
KXBTC-26AUG0519-B64750,1785968820291,buy,0.2,-0.2
KXBTC-26AUG0519-B64750,1785968920443,sell,0.18,0.18
KXBTC-26AUG0519-B64750,1785968970501,sell,0.21,0.21
KXBTC-26AUG0519-B64750,1785969020395,sell,0.24,0.24
KXBTC-26AUG0519-B64750,1785969070600,sell,0.33,0.33
KXBTC-26AUG0519-B64750,1785969170272,sell,0.38,0.38
KXBTC-26AUG0519-B64750,1785969370180,buy,0.38,-0.38
KXBTC-26AUG0519-B64750,1785969519981,buy,0.25,-0.25
KXBTC-26AUG0519-B64750,1785969569993,buy,0.2,-0.2
KXBTC-26AUG0519-B64750,1785969969821,sell,0.12,0.12
KXBTC-26AUG0519-B64750,1785970019779,buy,0.15,-0.15
KXBTC-26AUG0519-B64850,1785967872652,sell,0.07,0.07
KXBTC-26AUG0519-B64850,1785968523155,buy,0.07,-0.07
KXBTC-26AUG0520-B64450,1785973822650,buy,0.08,-0.08
KXBTC-26AUG0520-B64550,1785971322572,buy,0.33,-0.33
KXBTC-26AUG0520-B64550,1785971623990,sell,0.27,0.27
KXBTC-26AUG0520-B64550,1785971724651,sell,0.3,0.3
KXBTC-26AUG0520-B64550,1785971872395,sell,0.37,0.37
KXBTC-26AUG0520-B64550,1785971972597,buy,0.39,-0.39
KXBTC-26AUG0520-B64550,1785972122471,buy,0.29,-0.29
KXBTC-26AUG0520-B64550,1785972172329,buy,0.25,-0.25
KXBTC-26AUG0520-B64550,1785972572644,sell,0.17,0.17
KXBTC-26AUG0520-B64550,1785972622606,sell,0.24,0.24
KXBTC-26AUG0520-B64550,1785972722522,buy,0.22,-0.22
KXBTC-26AUG0520-B64550,1785972772289,sell,0.2,0.2
KXBTC-26AUG0520-B64550,1785972822621,sell,0.27,0.27
KXBTC-26AUG0520-B64550,1785972872705,sell,0.32,0.32
KXBTC-26AUG0520-B64550,1785972922709,buy,0.33,-0.33
KXBTC-26AUG0520-B64550,1785973022699,sell,0.24,0.24
KXBTC-26AUG0520-B64550,1785973072475,buy,0.33,-0.33
KXBTC-26AUG0520-B64550,1785973122415,buy,0.29,-0.29
KXBTC-26AUG0520-B64550,1785973172221,buy,0.25,-0.25
KXBTC-26AUG0520-B64550,1785973272364,buy,0.24,-0.24
KXBTC-26AUG0520-B64550,1785973422193,buy,0.15,-0.15
KXBTC-26AUG0520-B64550,1785973522222,sell,0.14,0.14
KXBTC-26AUG0520-B64550,1785973572370,sell,0.39,0.39
KXBTC-26AUG0520-B64550,1785973622265,sell,0.44,0.44
KXBTC-26AUG0520-B64550,1785973722093,sell,0.55,0.55
KXBTC-26AUG0520-B64550,1785973821766,buy,0.59,-0.59
KXBTC-26AUG0520-B64550,1785974021024,buy,0.41,-0.41
KXBTC-26AUG0520-B64550,1785974071254,sell,0.24,0.24
KXBTC-26AUG0520-B64550,1785974121431,buy,0.34,-0.34
KXBTC-26AUG0520-B64550,1785974171369,sell,0.29,0.29
KXBTC-26AUG0520-B64550,1785974271158,buy,0.7,-0.7
KXBTC-26AUG0520-B64550,1785974371245,buy,0.29,-0.29
KXBTC-26AUG0520-B64650,1785971322721,sell,0.34,-0.6599999999999999
KXBTC-26AUG0520-B64650,1785971922701,buy,0.36,0.64
KXBTC-26AUG0520-B64650,1785971972743,sell,0.35,-0.65
KXBTC-26AUG0520-B64650,1785972922416,sell,0.52,-0.48
KXBTC-26AUG0520-B64650,1785973522372,buy,0.7,0.30000000000000004
KXBTC-26AUG0520-B64650,1785973572511,buy,0.49,0.51
KXBTC-26AUG0520-B64650,1785973622413,buy,0.4,0.6
KXBTC-26AUG0520-B64650,1785973822211,sell,0.39,-0.61
KXBTC-26AUG0520-B64650,1785974021451,sell,0.59,-0.41000000000000003
KXBTC-26AUG0520-B64650,1785974071683,buy,0.76,0.24
KXBTC-26AUG0520-B64650,1785974121867,sell,0.68,-0.31999999999999995
KXBTC-26AUG0520-B64650,1785974171807,buy,0.71,0.29000000000000004
KXBTC-26AUG0520-B64650,1785974271587,sell,0.29,-0.71
KXBTC-26AUG0520-B64650,1785974371681,sell,0.66,-0.33999999999999997
KXBTC-26AUG0520-B64750,1785971328237,sell,0.14,0.14
KXBTC-26AUG0520-B64750,1785971629658,buy,0.17,-0.17
KXBTC-26AUG0520-B64750,1785971730448,buy,0.14,-0.14
KXBTC-26AUG0520-B64750,1785973823093,buy,0.1,-0.1
KXBTC-26AUG0521-B64450,1785975327016,sell,0.18,0.18
KXBTC-26AUG0521-B64450,1785975527506,buy,0.23,-0.23
KXBTC-26AUG0521-B64550,1785975275680,sell,0.33,0.33
KXBTC-26AUG0521-B64550,1785975326596,buy,0.36,-0.36
KXBTC-26AUG0521-B64550,1785976429471,buy,0.32,-0.32
KXBTC-26AUG0521-B64550,1785976579597,buy,0.3,-0.3
KXBTC-26AUG0521-B64550,1785976629420,sell,0.24,0.24
KXBTC-26AUG0521-B64550,1785976979237,sell,0.32,0.32
KXBTC-26AUG0521-B64550,1785977029191,sell,0.45,0.45
KXBTC-26AUG0521-B64550,1785977129569,sell,0.51,0.51
KXBTC-26AUG0521-B64550,1785977279253,sell,0.6,0.6
KXBTC-26AUG0521-B64550,1785977329209,buy,0.61,-0.61
KXBTC-26AUG0521-B64550,1785977379176,sell,0.48,0.48
KXBTC-26AUG0521-B64550,1785977579251,buy,0.6,-0.6
KXBTC-26AUG0521-B64550,1785977629537,buy,0.46,-0.46
KXBTC-26AUG0521-B64550,1785977729533,buy,0.24,-0.24
KXBTC-26AUG0521-B64550,1785977779658,buy,0.14,-0.14
KXBTC-26AUG0521-B64550,1785977829588,buy,0.1,-0.1
KXBTC-26AUG0521-B64650,1785975275829,sell,0.27,-0.73
KXBTC-26AUG0521-B64650,1785975326744,buy,0.28,0.72
KXBTC-26AUG0521-B64650,1785975527216,sell,0.22,-0.78
KXBTC-26AUG0521-B64650,1785976979685,sell,0.3,-0.7
KXBTC-26AUG0521-B64650,1785977130045,buy,0.35,0.65
KXBTC-26AUG0521-B64650,1785977329636,sell,0.29,-0.71
KXBTC-26AUG0521-B64650,1785977379607,buy,0.45,0.55
KXBTC-26AUG0521-B64650,1785977479842,sell,0.28,-0.72
KXBTC-26AUG0521-B64650,1785977579691,sell,0.36,-0.64
KXBTC-26AUG0521-B64650,1785977629388,sell,0.5,-0.5
KXBTC-26AUG0521-B64650,1785977729385,sell,0.75,-0.25
KXBTC-26AUG0522-B64350,1785980787885,buy,0.09,-0.09
KXBTC-26AUG0522-B64450,1785978940919,sell,0.24,0.24
KXBTC-26AUG0522-B64450,1785979091198,buy,0.26,-0.26
KXBTC-26AUG0522-B64450,1785979190765,sell,0.22,0.22
KXBTC-26AUG0522-B64450,1785979241277,sell,0.3,0.3
KXBTC-26AUG0522-B64450,1785979291402,sell,0.32,0.32
KXBTC-26AUG0522-B64450,1785979391459,sell,0.35,0.35
KXBTC-26AUG0522-B64450,1785979441553,buy,0.37,-0.37
KXBTC-26AUG0522-B64450,1785980188610,buy,0.35,-0.35
KXBTC-26AUG0522-B64450,1785980238578,buy,0.24,-0.24
KXBTC-26AUG0522-B64450,1785980288706,sell,0.23,0.23
KXBTC-26AUG0522-B64450,1785980338679,sell,0.25,0.25
KXBTC-26AUG0522-B64450,1785980388514,sell,0.28,0.28
KXBTC-26AUG0522-B64450,1785980438687,sell,0.37,0.37
KXBTC-26AUG0522-B64450,1785980488535,buy,0.41,-0.41
KXBTC-26AUG0522-B64450,1785980538654,sell,0.4,0.4
KXBTC-26AUG0522-B64450,1785980588558,buy,0.42,-0.42
KXBTC-26AUG0522-B64450,1785980688545,sell,0.35,0.35
KXBTC-26AUG0522-B64450,1785980738758,buy,0.37,-0.37
KXBTC-26AUG0522-B64450,1785980788762,buy,0.33,-0.33
KXBTC-26AUG0522-B64450,1785980838974,buy,0.19,-0.19
KXBTC-26AUG0522-B64450,1785980938879,buy,0.07,-0.07
KXBTC-26AUG0522-B64450,1785981138783,sell,0.05,0.05
KXBTC-26AUG0522-B64550,1785980188463,sell,0.43,-0.5700000000000001
KXBTC-26AUG0522-B64550,1785980588416,sell,0.48,-0.52
KXBTC-26AUG0522-B64550,1785980738612,sell,0.54,-0.45999999999999996
KXBTC-26AUG0522-B64550,1785980788178,sell,0.6,-0.4
KXBTC-26AUG0522-B64550,1785980938313,buy,0.63,0.37
KXBTC-26AUG0522-B64550,1785980988034,sell,0.5,-0.5
KXBTC-26AUG0522-B64550,1785981038210,buy,0.56,0.43999999999999995
KXBTC-26AUG0522-B64550,1785981088176,sell,0.5,-0.5
KXBTC-26AUG0522-B64550,1785981138195,sell,0.66,-0.33999999999999997
KXBTC-26AUG0522-B64650,1785978333427,sell,0.24,0.24
KXBTC-26AUG0522-B64650,1785978384179,buy,0.25,-0.25
KXBTC-26AUG0522-B64650,1785978739452,buy,0.23,-0.23
KXBTC-26AUG0522-B64650,1785978940476,buy,0.21,-0.21
KXBTC-26AUG0522-B64650,1785979090771,sell,0.18,0.18
KXBTC-26AUG0522-B64650,1785979140483,sell,0.21,0.21
KXBTC-26AUG0522-B64650,1785979190333,buy,0.22,-0.22
KXBTC-26AUG0522-B64650,1785979240861,buy,0.17,-0.17
KXBTC-26AUG0522-B64650,1785979888839,sell,0.04,0.04
KXBTC-26AUG0522-B64650,1785979988942,sell,0.07,0.07
KXBTC-26AUG0522-B64650,1785980088595,sell,0.12,0.12
KXBTC-26AUG0523-B64350,1785982493355,sell,0.07,0.07
KXBTC-26AUG0523-B64350,1785982643864,sell,0.15,0.15
KXBTC-26AUG0523-B64350,1785984641258,buy,0.18,-0.18
KXBTC-26AUG0523-B64450,1785982141087,sell,0.32,0.32
KXBTC-26AUG0523-B64450,1785982190937,buy,0.33,-0.33
KXBTC-26AUG0523-B64450,1785982241590,buy,0.28,-0.28
KXBTC-26AUG0523-B64450,1785982292186,buy,0.22,-0.22
KXBTC-26AUG0523-B64450,1785982492909,sell,0.2,0.2
KXBTC-26AUG0523-B64450,1785983790846,sell,0.42,0.42
KXBTC-26AUG0523-B64450,1785984240906,buy,0.48,-0.48
KXBTC-26AUG0523-B64450,1785984290792,buy,0.41,-0.41
KXBTC-26AUG0523-B64450,1785984390901,sell,0.31,0.31
KXBTC-26AUG0523-B64450,1785984440743,buy,0.34,-0.34
KXBTC-26AUG0523-B64450,1785984491148,sell,0.3,0.3
KXBTC-26AUG0523-B64450,1785984540842,sell,0.39,0.39
KXBTC-26AUG0523-B64450,1785984590921,buy,0.56,-0.56
KXBTC-26AUG0523-B64450,1785984740303,buy,0.31,-0.31
KXBTC-26AUG0523-B64450,1785984790564,sell,0.2,0.2
KXBTC-26AUG0523-B64450,1785984940968,sell,0.34,0.34
KXBTC-26AUG0523-B64450,1785984990169,buy,0.52,-0.52
KXBTC-26AUG0523-B64450,1785985040235,buy,0.34,-0.34
KXBTC-26AUG0523-B64450,1785985090535,buy,0.21,-0.21
KXBTC-26AUG0523-B64550,1785982141230,buy,0.34,0.6599999999999999
KXBTC-26AUG0523-B64550,1785982191076,sell,0.32,-0.6799999999999999
KXBTC-26AUG0523-B64550,1785982241736,sell,0.35,-0.65
KXBTC-26AUG0523-B64550,1785982292329,buy,0.37,0.63
KXBTC-26AUG0523-B64550,1785982643577,buy,0.31,0.69
KXBTC-26AUG0523-B64550,1785983390290,sell,0.24,-0.76
KXBTC-26AUG0523-B64550,1785983490122,sell,0.26,-0.74
KXBTC-26AUG0523-B64550,1785983540219,buy,0.28,0.72
KXBTC-26AUG0523-B64550,1785983590305,sell,0.25,-0.75
KXBTC-26AUG0523-B64550,1785983690232,sell,0.29,-0.71
KXBTC-26AUG0523-B64550,1785983790113,buy,0.35,0.65
KXBTC-26AUG0523-B64550,1785983840268,buy,0.2,0.8
KXBTC-26AUG0523-B64550,1785983940089,sell,0.18,-0.8200000000000001
KXBTC-26AUG0523-B64550,1785983989932,sell,0.29,-0.71
KXBTC-26AUG0523-B64550,1785984240181,sell,0.38,-0.62
KXBTC-26AUG0523-B64550,1785984290104,sell,0.46,-0.54
KXBTC-26AUG0523-B64550,1785984340366,sell,0.51,-0.49
KXBTC-26AUG0523-B64550,1785984490416,buy,0.56,0.43999999999999995
KXBTC-26AUG0523-B64550,1785984540110,buy,0.49,0.51
KXBTC-26AUG0523-B64550,1785984590192,sell,0.34,-0.6599999999999999
KXBTC-26AUG0523-B64550,1785984690097,sell,0.59,-0.41000000000000003
KXBTC-26AUG0523-B64550,1785984790269,buy,0.74,0.26
KXBTC-26AUG0523-B64550,1785984940659,buy,0.62,0.38
KXBTC-26AUG0523-B64550,1785984989883,sell,0.46,-0.54
KXBTC-26AUG0523-B64550,1785985039936,sell,0.65,-0.35
KXBTC-26AUG0523-B64650,1785982242158,sell,0.18,0.18
KXBTC-26AUG0523-B64650,1785982292781,sell,0.2,0.2
KXBTC-26AUG0523-B64650,1785982493498,buy,0.27,-0.27
KXBTC-26AUG0523-B64650,1785984641405,buy,0.08,-0.08
KXBTC-26AUG0523-B64650,1785984791450,buy,0.05,-0.05
KXBTC-26AUG0523-B64750,1785982498504,buy,0.07,-0.07
KXBTC-26AUG0600-B64350,1785985350035,sell,0.17,0.17
KXBTC-26AUG0600-B64350,1785985656697,sell,0.14,0.14
KXBTC-26AUG0600-B64350,1785988411275,buy,0.12,-0.12
KXBTC-26AUG0600-B64450,1785986266851,sell,0.4,-0.6
KXBTC-26AUG0600-B64450,1785988410053,sell,0.45,-0.55
KXBTC-26AUG0600-B64450,1785988459803,sell,0.91,-0.08999999999999997
KXBTC-26AUG0600-B64550,1785986711117,buy,0.35,-0.35
KXBTC-26AUG0600-B64550,1785986810584,sell,0.28,0.28
KXBTC-26AUG0600-B64550,1785987060730,sell,0.39,0.39
KXBTC-26AUG0600-B64550,1785987110525,sell,0.44,0.44
KXBTC-26AUG0600-B64550,1785987160745,buy,0.49,-0.49
KXBTC-26AUG0600-B64550,1785987210580,buy,0.39,-0.39
KXBTC-26AUG0600-B64550,1785987310866,sell,0.28,0.28
KXBTC-26AUG0600-B64550,1785987360443,sell,0.3,0.3
KXBTC-26AUG0600-B64550,1785987560510,sell,0.37,0.37
KXBTC-26AUG0600-B64550,1785987610818,buy,0.38,-0.38
KXBTC-26AUG0600-B64550,1785987660552,buy,0.26,-0.26
KXBTC-26AUG0600-B64550,1785987710635,sell,0.23,0.23
KXBTC-26AUG0600-B64550,1785987760266,buy,0.24,-0.24
KXBTC-26AUG0600-B64550,1785987810437,buy,0.22,-0.22
KXBTC-26AUG0600-B64550,1785988060222,sell,0.14,0.14
KXBTC-26AUG0600-B64550,1785988110609,buy,0.2,-0.2
KXBTC-26AUG0600-B64550,1785988210755,sell,0.16,0.16
KXBTC-26AUG0600-B64550,1785988260440,buy,0.17,-0.17
KXBTC-26AUG0600-B64550,1785988360370,buy,0.11,-0.11
KXBTC-26AUG0600-B64650,1785985349886,buy,0.11,-0.11
KXBTC-26AUG0600-B64650,1785985758651,sell,0.12,0.12
KXBTC-26AUG0601-B64350,1785989114290,buy,0.23,-0.23
KXBTC-26AUG0601-B64350,1785989775874,buy,0.06,-0.06
KXBTC-26AUG0601-B64450,1785989571230,buy,0.33,-0.33
KXBTC-26AUG0601-B64450,1785989775721,buy,0.32,-0.32
KXBTC-26AUG0601-B64450,1785989826271,sell,0.16,0.16
KXBTC-26AUG0601-B64450,1785989876812,sell,0.19,0.19
KXBTC-26AUG0601-B64450,1785989926718,buy,0.21,-0.21
KXBTC-26AUG0601-B64450,1785990080620,buy,0.18,-0.18
KXBTC-26AUG0601-B64450,1785991677629,buy,0.05,-0.05
KXBTC-26AUG0601-B64550,1785989114432,sell,0.2,0.2
KXBTC-26AUG0601-B64550,1785989165863,sell,0.29,0.29
KXBTC-26AUG0601-B64550,1785989622248,sell,0.44,0.44
KXBTC-26AUG0601-B64550,1785990129965,buy,0.44,-0.44
KXBTC-26AUG0601-B64550,1785990179933,buy,0.37,-0.37
KXBTC-26AUG0601-B64550,1785990229814,sell,0.35,0.35
KXBTC-26AUG0601-B64550,1785990378371,buy,0.35,-0.35
KXBTC-26AUG0601-B64550,1785990528332,buy,0.32,-0.32
KXBTC-26AUG0601-B64550,1785990578416,sell,0.29,0.29
KXBTC-26AUG0601-B64550,1785990628723,buy,0.3,-0.3
KXBTC-26AUG0601-B64550,1785990728388,buy,0.27,-0.27
KXBTC-26AUG0601-B64550,1785990878081,sell,0.18,0.18
KXBTC-26AUG0601-B64550,1785990978033,buy,0.25,-0.25
KXBTC-26AUG0601-B64550,1785991028019,buy,0.18,-0.18
KXBTC-26AUG0601-B64550,1785991077863,sell,0.14,0.14
KXBTC-26AUG0601-B64550,1785991228029,sell,0.17,0.17
KXBTC-26AUG0601-B64550,1785991327887,sell,0.38,0.38
KXBTC-26AUG0601-B64550,1785991377807,buy,0.4,-0.4
KXBTC-26AUG0601-B64550,1785991477953,sell,0.42,0.42
KXBTC-26AUG0601-B64550,1785991577770,sell,0.47,0.47
KXBTC-26AUG0601-B64550,1785991627878,sell,0.55,0.55
KXBTC-26AUG0601-B64550,1785991677483,buy,0.59,-0.59
KXBTC-26AUG0601-B64550,1785991827729,sell,0.48,0.48
KXBTC-26AUG0601-B64550,1785991927736,buy,0.47,-0.47
KXBTC-26AUG0601-B64550,1785991977603,buy,0.32,-0.32
KXBTC-26AUG0601-B64550,1785992027781,buy,0.25,-0.25
KXBTC-26AUG0601-B64550,1785992077631,buy,0.21,-0.21
KXBTC-26AUG0601-B64550,1785992180870,buy,0.06,-0.06
KXBTC-26AUG0601-B64650,1785989576980,sell,0.16,-0.84
KXBTC-26AUG0601-B64650,1785991578809,sell,0.18,-0.8200000000000001
KXBTC-26AUG0601-B64650,1785991628897,buy,0.37,0.63
KXBTC-26AUG0601-B64650,1785991678483,sell,0.3,-0.7
KXBTC-26AUG0601-B64650,1785991728601,sell,0.46,-0.54
KXBTC-26AUG0601-B64650,1785991928752,sell,0.5,-0.5
KXBTC-26AUG0601-B64650,1785991978605,sell,0.63,-0.37
KXBTC-26AUG0601-B64750,1785989776021,sell,0.05,0.05
KXBTC-26AUG0601-B64750,1785990130710,sell,0.1,0.1
KXBTC-26AUG0606-B64550,1786007686835,sell,0.1,0.1
KXBTC-26AUG0606-B64550,1786007787243,buy,0.1,-0.1
KXBTC-26AUG0606-B64650,1786010029247,sell,0.27,-0.73
KXBTC-26AUG0606-B64650,1786010129579,buy,0.82,0.18000000000000005
KXBTC-26AUG0606-B64650,1786010179500,sell,0.77,-0.22999999999999998
KXBTC-26AUG0606-B64650,1786010329536,sell,0.93,-0.06999999999999995
KXBTC-26AUG0606-B64750,1786007682086,buy,0.36,-0.36
KXBTC-26AUG0606-B64750,1786009379150,buy,0.41,-0.41
KXBTC-26AUG0606-B64750,1786009479231,buy,0.09,-0.09
KXBTC-26AUG0606-B64750,1786009879352,buy,0.08,-0.08
KXBTC-26AUG0606-B64850,1786007682375,buy,0.17,-0.17
KXBTC-26AUG0606-B64850,1786007782603,sell,0.16,0.16
KXBTC-26AUG0607-B64350,1786011038209,sell,0.06,0.06
KXBTC-26AUG0607-B64450,1786011432723,buy,0.23,-0.23
KXBTC-26AUG0607-B64450,1786011732610,sell,0.11,0.11
KXBTC-26AUG0607-B64550,1786011732311,sell,0.33,-0.6699999999999999
KXBTC-26AUG0607-B64550,1786013879315,sell,0.36,-0.64
KXBTC-26AUG0607-B64550,1786013929369,sell,0.95,-0.050000000000000044
KXBTC-26AUG0607-B64650,1786011032531,buy,0.28,-0.28
KXBTC-26AUG0607-B64650,1786011432279,sell,0.24,0.24
KXBTC-26AUG0607-B64750,1786011038055,buy,0.08,-0.08
KXBTC-26AUG0607-B64750,1786011732453,buy,0.13,-0.13
KXBTC-26AUG0608-B64350,1786014982575,buy,0.08,-0.08
KXBTC-26AUG0608-B64450,1786014982862,buy,0.28,-0.28
KXBTC-26AUG0608-B64450,1786015033020,sell,0.17,0.17
KXBTC-26AUG0608-B64450,1786017079730,buy,0.19,-0.19
KXBTC-26AUG0608-B64450,1786017229087,sell,0.09,0.09
KXBTC-26AUG0608-B64450,1786017279045,buy,0.27,-0.27
KXBTC-26AUG0608-B64450,1786017329192,buy,0.11,-0.11
KXBTC-26AUG0608-B64550,1786016429647,sell,0.44,-0.56
KXBTC-26AUG0608-B64550,1786016529592,sell,0.59,-0.41000000000000003
KXBTC-26AUG0608-B64550,1786016829730,sell,0.67,-0.32999999999999996
KXBTC-26AUG0608-B64550,1786016929363,sell,0.7,-0.30000000000000004
KXBTC-26AUG0608-B64550,1786016979501,sell,0.77,-0.22999999999999998
KXBTC-26AUG0608-B64550,1786017228946,buy,0.87,0.13
KXBTC-26AUG0608-B64550,1786017278903,sell,0.75,-0.25
KXBTC-26AUG0608-B64650,1786014982431,sell,0.18,0.18
KXBTC-26AUG0609-B64250,1786018437582,buy,0.12,-0.12
KXBTC-26AUG0609-B64250,1786018842585,buy,0.13,-0.13
KXBTC-26AUG0609-B64350,1786018432724,buy,0.28,0.72
KXBTC-26AUG0609-B64350,1786018482775,sell,0.26,-0.74
KXBTC-26AUG0609-B64350,1786020836764,buy,0.23,0.77
KXBTC-26AUG0609-B64350,1786020886541,sell,0.13,-0.87
KXBTC-26AUG0609-B64350,1786020936635,sell,0.25,-0.75
KXBTC-26AUG0609-B64350,1786020986801,sell,0.52,-0.48
KXBTC-26AUG0609-B64350,1786021036622,sell,0.75,-0.25
KXBTC-26AUG0609-B64350,1786021086563,sell,0.92,-0.07999999999999996
KXBTC-26AUG0609-B64450,1786018836984,sell,0.32,0.32
KXBTC-26AUG0609-B64450,1786020187033,sell,0.35,0.35
KXBTC-26AUG0609-B64450,1786020236721,sell,0.54,0.54
KXBTC-26AUG0609-B64450,1786020436773,sell,0.63,0.63
KXBTC-26AUG0609-B64450,1786020536730,sell,0.68,0.68
KXBTC-26AUG0609-B64450,1786020886399,buy,0.83,-0.83
KXBTC-26AUG0609-B64450,1786020936489,buy,0.71,-0.71
KXBTC-26AUG0609-B64450,1786020986662,buy,0.47,-0.47
KXBTC-26AUG0609-B64450,1786021036471,buy,0.26,-0.26
KXBTC-26AUG0609-B64550,1786018432138,sell,0.17,0.17
KXBTC-26AUG0609-B64550,1786018836830,sell,0.15,0.15
KXBTC-26AUG0609-B64550,1786020186892,sell,0.19,0.19
KXBTC-26AUG0609-B64550,1786020236579,buy,0.28,-0.28
KXBTC-26AUG0609-B64550,1786020336740,sell,0.22,0.22
KXBTC-26AUG0609-B64550,1786020436614,buy,0.21,-0.21
KXBTC-26AUG0609-B64550,1786020586662,buy,0.1,-0.1
KXBTC-26AUG0609-B64550,1786020886684,buy,0.05,-0.05
KXBTC-26AUG0610-B64050,1786021595402,sell,0.11,0.11
KXBTC-26AUG0610-B64050,1786021645410,sell,0.13,0.13
KXBTC-26AUG0610-B64050,1786022243946,buy,0.16,-0.16
KXBTC-26AUG0610-B64150,1786021590200,sell,0.16,0.16
KXBTC-26AUG0610-B64150,1786023946940,buy,0.19,-0.19
KXBTC-26AUG0610-B64150,1786024346809,buy,0.04,-0.04
KXBTC-26AUG0610-B64250,1786022293842,buy,0.21,-0.21
KXBTC-26AUG0610-B64250,1786022598485,sell,0.18,0.18
KXBTC-26AUG0610-B64250,1786024596031,buy,0.19,-0.19
KXBTC-26AUG0610-B64350,1786021589895,buy,0.19,-0.19
KXBTC-26AUG0610-B64350,1786022646994,buy,0.14,-0.14
KXBTC-26AUG0610-B64350,1786023446606,sell,0.16,0.16
KXBTC-26AUG0610-B64350,1786023596693,sell,0.21,0.21
KXBTC-26AUG0610-B64350,1786023646768,sell,0.24,0.24
KXBTC-26AUG0610-B64350,1786023747094,sell,0.28,0.28
KXBTC-26AUG0610-B64350,1786024246268,sell,0.39,0.39
KXBTC-26AUG0610-B64350,1786024346227,buy,0.42,-0.42
KXBTC-26AUG0610-B64350,1786024396202,sell,0.4,0.4
KXBTC-26AUG0610-B64350,1786024446218,sell,0.47,0.47
KXBTC-26AUG0610-B64350,1786024496416,sell,0.53,0.53
KXBTC-26AUG0610-B64350,1786024595752,buy,0.52,-0.52
KXBTC-26AUG0610-B64350,1786024645824,buy,0.23,-0.23
KXBTC-26AUG0610-B64350,1786024695699,sell,0.18,0.18
KXBTC-26AUG0611-B64450,1786027706520,buy,0.19,-0.19
KXBTC-26AUG0611-B64550,1786025604698,buy,0.18,-0.18
KXBTC-26AUG0611-B64650,1786028356002,buy,0.07,-0.07
KXBTC-26AUG0611-B64750,1786028356146,sell,0.06,-0.94
KXBTC-26AUG0612-B64450,1786029569463,sell,0.05,0.05
KXBTC-26AUG0612-B64550,1786029464079,sell,0.07,0.07
KXBTC-26AUG0612-B64650,1786029463637,sell,0.12,-0.88
KXBTC-26AUG0612-B64750,1786029210275,sell,0.16,0.16
KXBTC-26AUG0612-B64750,1786031562658,sell,0.22,0.22
KXBTC-26AUG0612-B64750,1786031662594,buy,0.59,-0.59
KXBTC-26AUG0612-B64750,1786031712877,buy,0.28,-0.28
KXBTC-26AUG0612-B64750,1786031762668,buy,0.06,-0.06
KXBTC-26AUG0612-B64850,1786029513709,buy,0.21,-0.21
KXBTC-26AUG0612-B64850,1786031012795,buy,0.16,-0.16
KXBTC-26AUG0612-B64850,1786031063067,sell,0.12,0.12
KXBTC-26AUG0612-B64850,1786031112945,buy,0.14,-0.14
KXBTC-26AUG0612-B64850,1786031212730,sell,0.14,0.14
KXBTC-26AUG0612-B64850,1786031413379,sell,0.34,0.34
KXBTC-26AUG0612-B64850,1786031462840,buy,0.38,-0.38
KXBTC-26AUG0612-B64850,1786031512829,buy,0.32,-0.32
KXBTC-26AUG0612-B64850,1786031612490,buy,0.21,-0.21
KXBTC-26AUG0612-B64850,1786031662440,buy,0.09,-0.09
KXBTC-26AUG0612-B64950,1786029261247,buy,0.18,-0.18
KXBTC-26AUG0612-B64950,1786029463928,buy,0.16,-0.16
KXBTC-26AUG0612-B64950,1786029564543,buy,0.1,-0.1
KXBTC-26AUG0613-B64350,1786032318595,buy,0.09,-0.09
KXBTC-26AUG0613-B64350,1786032468836,buy,0.08,-0.08
KXBTC-26AUG0613-B64350,1786032871985,sell,0.07,0.07
KXBTC-26AUG0613-B64450,1786032318305,buy,0.16,-0.16
KXBTC-26AUG0613-B64450,1786032871284,sell,0.16,0.16
KXBTC-26AUG0613-B64450,1786032971861,sell,0.18,0.18
KXBTC-26AUG0613-B64450,1786033021400,buy,0.21,-0.21
KXBTC-26AUG0613-B64550,1786034720425,buy,0.24,-0.24
KXBTC-26AUG0613-B64550,1786034770236,sell,0.22,0.22
KXBTC-26AUG0613-B64550,1786034819899,sell,0.33,0.33
KXBTC-26AUG0613-B64550,1786034920032,buy,0.36,-0.36
KXBTC-26AUG0613-B64550,1786035019984,buy,0.17,-0.17
KXBTC-26AUG0613-B64550,1786035119962,buy,0.08,-0.08
KXBTC-26AUG0613-B64550,1786035269898,sell,0.03,0.03
KXBTC-26AUG0613-B64650,1786032971713,buy,0.21,0.79
KXBTC-26AUG0613-B64650,1786033021249,sell,0.2,-0.8
KXBTC-26AUG0613-B64650,1786035370083,sell,0.24,-0.76
KXBTC-26AUG0613-B64650,1786035419571,buy,0.75,0.25
KXBTC-26AUG0613-B64650,1786035569496,sell,0.71,-0.29000000000000004
KXBTC-26AUG0613-B64750,1786032871427,buy,0.16,-0.16
KXBTC-26AUG0613-B64750,1786032972003,buy,0.13,-0.13
KXBTC-26AUG0613-B64750,1786033021614,sell,0.12,0.12
KXBTC-26AUG0613-B64850,1786032318452,sell,0.07,0.07
KXBTC-26AUG0613-B64850,1786032872129,buy,0.08,-0.08
KXBTC-26AUG0613-B64850,1786032972752,buy,0.06,-0.06
KXBTC-26AUG0613-B64850,1786033022492,sell,0.05,0.05
KXBTC-26AUG0615-B64350,1786040124871,buy,0.16,0.84
KXBTC-26AUG0615-B64350,1786040176155,sell,0.14,-0.86
KXBTC-26AUG0615-B64350,1786040226276,buy,0.18,0.8200000000000001
KXBTC-26AUG0615-B64350,1786040276225,sell,0.14,-0.86
KXBTC-26AUG0615-B64350,1786040326326,buy,0.15,0.85
KXBTC-26AUG0615-B64450,1786040226550,buy,0.31,-0.31
KXBTC-26AUG0615-B64550,1786040124729,sell,0.3,0.3
KXBTC-26AUG0615-B64550,1786040176009,buy,0.33,-0.33
KXBTC-26AUG0615-B64550,1786040226138,sell,0.27,0.27
KXBTC-26AUG0615-B64550,1786040276083,buy,0.31,-0.31
KXBTC-26AUG0615-B64550,1786040326164,sell,0.3,0.3
KXBTC-26AUG0615-B64550,1786041675138,buy,0.32,-0.32
KXBTC-26AUG0615-B64650,1786040125613,sell,0.13,0.13
KXBTC-26AUG0615-B64650,1786040226984,sell,0.14,0.14
KXBTC-26AUG0615-B64650,1786040276950,buy,0.15,-0.15
KXBTC-26AUG0616-B64250,1786043729746,sell,0.15,0.15
KXBTC-26AUG0616-B64250,1786043930115,sell,0.16,0.16
KXBTC-26AUG0616-B64250,1786043979857,buy,0.18,-0.18
KXBTC-26AUG0616-B64350,1786043779617,sell,0.34,-0.6599999999999999
KXBTC-26AUG0616-B64350,1786044727943,sell,0.37,-0.63
KXBTC-26AUG0616-B64350,1786044777695,sell,0.45,-0.55
KXBTC-26AUG0616-B64350,1786045177823,sell,0.47,-0.53
KXBTC-26AUG0616-B64350,1786045228154,buy,0.49,0.51
KXBTC-26AUG0616-B64350,1786045277993,sell,0.48,-0.52
KXBTC-26AUG0616-B64350,1786045327935,sell,0.53,-0.47
KXBTC-26AUG0616-B64350,1786045528075,buy,0.58,0.42000000000000004
KXBTC-26AUG0616-B64350,1786045578316,sell,0.54,-0.45999999999999996
KXBTC-26AUG0616-B64350,1786045977679,buy,0.75,0.25
KXBTC-26AUG0616-B64350,1786046027647,buy,0.68,0.31999999999999995
KXBTC-26AUG0616-B64350,1786046077747,sell,0.31,-0.69
KXBTC-26AUG0616-B64350,1786046177795,buy,0.46,0.54
KXBTC-26AUG0616-B64350,1786046228099,sell,0.38,-0.62
KXBTC-26AUG0616-B64350,1786046327687,buy,0.65,0.35
KXBTC-26AUG0616-B64350,1786046377643,sell,0.1,-0.9
KXBTC-26AUG0616-B64450,1786043730208,buy,0.31,-0.31
KXBTC-26AUG0616-B64450,1786044080713,sell,0.35,0.35
KXBTC-26AUG0616-B64450,1786046028677,sell,0.38,0.38
KXBTC-26AUG0616-B64450,1786046078748,buy,0.6,-0.6
KXBTC-26AUG0616-B64450,1786046178827,sell,0.55,0.55
KXBTC-26AUG0616-B64450,1786046229127,buy,0.62,-0.62
KXBTC-26AUG0616-B64450,1786046279183,buy,0.4,-0.4
KXBTC-26AUG0616-B64450,1786046328695,sell,0.39,0.39
KXBTC-26AUG0616-B64550,1786042980937,buy,0.12,-0.12
KXBTC-26AUG0616-B64550,1786043131155,buy,0.11,-0.11
KXBTC-26AUG0616-B64550,1786043331020,sell,0.1,0.1
KXBTC-26AUG0617-B64125,1786029567363,sell,0.07,0.07
KXBTC-26AUG0617-B64125,1786031213504,buy,0.08,-0.08
KXBTC-26AUG0617-B64125,1786031663600,sell,0.07,0.07
KXBTC-26AUG0617-B64125,1786031763703,sell,0.1,0.1
KXBTC-26AUG0617-B64125,1786038073321,sell,0.12,0.12
KXBTC-26AUG0617-B64125,1786039373348,sell,0.12,0.12
KXBTC-26AUG0617-B64125,1786040774637,sell,0.12,0.12
KXBTC-26AUG0617-B64125,1786044378066,buy,0.23,-0.23
KXBTC-26AUG0617-B64125,1786045028708,buy,0.23,-0.23
KXBTC-26AUG0617-B64125,1786046028078,buy,0.14,-0.14
KXBTC-26AUG0617-B64375,1785967318253,buy,0.08,0.92
KXBTC-26AUG0617-B64375,1786026206348,buy,0.21,0.79
KXBTC-26AUG0617-B64375,1786027755944,sell,0.14,-0.86
KXBTC-26AUG0617-B64375,1786035668614,buy,0.15,0.85
KXBTC-26AUG0617-B64375,1786036020389,sell,0.13,-0.87
KXBTC-26AUG0617-B64375,1786040223221,buy,0.34,0.6599999999999999
KXBTC-26AUG0617-B64375,1786041773134,sell,0.4,-0.6
KXBTC-26AUG0617-B64375,1786042073259,sell,0.42,-0.5800000000000001
KXBTC-26AUG0617-B64375,1786044326769,sell,0.54,-0.45999999999999996
KXBTC-26AUG0617-B64375,1786045927062,sell,0.6,-0.4
KXBTC-26AUG0617-B64375,1786046826817,buy,0.56,0.43999999999999995
KXBTC-26AUG0617-B64375,1786046976733,sell,0.56,-0.43999999999999995
KXBTC-26AUG0617-B64375,1786047474677,sell,0.64,-0.36
KXBTC-26AUG0617-B64375,1786047524526,sell,0.7,-0.30000000000000004
KXBTC-26AUG0617-B64375,1786047624839,sell,0.74,-0.26
KXBTC-26AUG0617-B64375,1786047774700,buy,0.74,0.26
KXBTC-26AUG0617-B64375,1786048024759,sell,0.76,-0.24
KXBTC-26AUG0617-B64375,1786048624856,buy,0.89,0.10999999999999999
KXBTC-26AUG0617-B64375,1786048724545,sell,0.85,-0.15000000000000002
KXBTC-26AUG0617-B64625,1785966616419,buy,0.09,-0.09
KXBTC-26AUG0617-B64625,1785968521724,sell,0.09,0.09
KXBTC-26AUG0617-B64625,1786027005201,sell,0.2,0.2
KXBTC-26AUG0617-B64625,1786031111603,sell,0.22,0.22
KXBTC-26AUG0617-B64625,1786038021883,buy,0.34,-0.34
KXBTC-26AUG0617-B64625,1786039321551,buy,0.36,-0.36
KXBTC-26AUG0617-B64625,1786040173023,buy,0.33,-0.33
KXBTC-26AUG0617-B64625,1786040223358,sell,0.31,0.31
KXBTC-26AUG0617-B64625,1786042173602,buy,0.23,-0.23
KXBTC-26AUG0617-B64625,1786042974552,buy,0.24,-0.24
KXBTC-26AUG0617-B64625,1786043726564,buy,0.23,-0.23
KXBTC-26AUG0617-B64625,1786043976849,sell,0.19,0.19
KXBTC-26AUG0617-B64625,1786044327241,buy,0.22,-0.22
KXBTC-26AUG0617-B64625,1786044377215,sell,0.18,0.18
KXBTC-26AUG0617-B64625,1786044427354,buy,0.19,-0.19
KXBTC-26AUG0617-B64625,1786045027524,sell,0.19,0.19
KXBTC-26AUG0617-B64625,1786045527143,sell,0.19,0.19
KXBTC-26AUG0617-B64625,1786046026926,sell,0.2,0.2
KXBTC-26AUG0617-B64625,1786046326974,sell,0.21,0.21
KXBTC-26AUG0617-B64625,1786046376948,buy,0.23,-0.23
KXBTC-26AUG0617-B64625,1786046576857,buy,0.37,-0.37
KXBTC-26AUG0617-B64625,1786046776819,buy,0.4,-0.4
KXBTC-26AUG0617-B64625,1786046826959,sell,0.39,0.39
KXBTC-26AUG0617-B64625,1786046976872,buy,0.38,-0.38
KXBTC-26AUG0617-B64625,1786047474814,buy,0.33,-0.33
KXBTC-26AUG0617-B64625,1786047524673,buy,0.28,-0.28
KXBTC-26AUG0617-B64625,1786047574817,sell,0.2,0.2
KXBTC-26AUG0617-B64625,1786047625024,buy,0.22,-0.22
KXBTC-26AUG0617-B64625,1786047774846,sell,0.2,0.2
KXBTC-26AUG0617-B64625,1786048024905,buy,0.22,-0.22
KXBTC-26AUG0617-B64625,1786048374771,sell,0.14,0.14
KXBTC-26AUG0617-B64625,1786048524845,buy,0.16,-0.16
KXBTC-26AUG0617-B64625,1786048625006,sell,0.12,0.12
KXBTC-26AUG0617-B64625,1786048724680,buy,0.15,-0.15
KXBTC-26AUG0617-B64625,1786049024644,buy,0.1,-0.1
KXBTC-26AUG0617-B64875,1786023647057,sell,0.08,0.08
KXBTC-26AUG0617-B64875,1786031462997,sell,0.24,0.24
KXBTC-26AUG0617-B64875,1786032869564,buy,0.21,-0.21
KXBTC-26AUG0617-B64875,1786032970061,buy,0.2,-0.2
KXBTC-26AUG0617-B64875,1786034768854,buy,0.24,-0.24
KXBTC-26AUG0617-B64875,1786035669046,sell,0.27,0.27
KXBTC-26AUG0617-B64875,1786040122188,sell,0.12,0.12
KXBTC-26AUG0617-B64875,1786040173341,buy,0.13,-0.13
KXBTC-26AUG0617-B64875,1786040223641,sell,0.12,0.12
KXBTC-26AUG0617-B65375,1786014332472,buy,0.07,-0.07
KXBTC-26AUG0617-B65375,1786027408978,sell,0.05,0.05
KXBTC-26AUG0618-B64350,1786050579222,sell,0.27,-0.73
KXBTC-26AUG0618-B64350,1786050679368,buy,0.3,0.7
KXBTC-26AUG0618-B64350,1786050879232,buy,0.31,0.69
KXBTC-26AUG0618-B64350,1786051029313,sell,0.28,-0.72
KXBTC-26AUG0618-B64350,1786052376130,sell,0.35,-0.65
KXBTC-26AUG0618-B64350,1786052575904,buy,0.54,0.45999999999999996
KXBTC-26AUG0618-B64350,1786052625654,buy,0.46,0.54
KXBTC-26AUG0618-B64350,1786052675855,sell,0.35,-0.65
KXBTC-26AUG0618-B64350,1786052775870,sell,0.46,-0.54
KXBTC-26AUG0618-B64350,1786052826049,buy,0.5,0.5
KXBTC-26AUG0618-B64350,1786052875723,sell,0.44,-0.56
KXBTC-26AUG0618-B64350,1786053175240,buy,0.37,0.63
KXBTC-26AUG0618-B64350,1786053275276,sell,0.26,-0.74
KXBTC-26AUG0618-B64350,1786053325250,buy,0.62,0.38
KXBTC-26AUG0618-B64350,1786053425358,sell,0.62,-0.38
KXBTC-26AUG0618-B64350,1786053525277,sell,0.76,-0.24
KXBTC-26AUG0618-B64450,1786051576490,buy,0.46,-0.46
KXBTC-26AUG0618-B64450,1786051826680,sell,0.46,0.46
KXBTC-26AUG0618-B64450,1786052176361,buy,0.48,-0.48
KXBTC-26AUG0618-B64450,1786052226663,sell,0.42,0.42
KXBTC-26AUG0618-B64450,1786052276039,buy,0.43,-0.43
KXBTC-26AUG0618-B64450,1786052326006,sell,0.23,0.23
KXBTC-26AUG0618-B64450,1786052426066,buy,0.26,-0.26
KXBTC-26AUG0618-B64450,1786052576046,sell,0.35,0.35
KXBTC-26AUG0618-B64450,1786052625801,sell,0.45,0.45
KXBTC-26AUG0618-B64450,1786052675995,buy,0.51,-0.51
KXBTC-26AUG0618-B64450,1786052776004,buy,0.39,-0.39
KXBTC-26AUG0618-B64450,1786052826188,sell,0.35,0.35
KXBTC-26AUG0618-B64450,1786052875868,buy,0.45,-0.45
KXBTC-26AUG0618-B64450,1786053025604,sell,0.42,0.42
KXBTC-26AUG0618-B64450,1786053075614,sell,0.52,0.52
KXBTC-26AUG0618-B64450,1786053175375,sell,0.6,0.6
KXBTC-26AUG0618-B64450,1786053275419,buy,0.69,-0.69
KXBTC-26AUG0618-B64450,1786053325401,sell,0.37,0.37
KXBTC-26AUG0618-B64450,1786053425497,buy,0.37,-0.37
KXBTC-26AUG0618-B64450,1786053475592,sell,0.23,0.23
KXBTC-26AUG0618-B64450,1786053525415,buy,0.24,-0.24
KXBTC-26AUG0618-B64550,1786050579077,buy,0.19,-0.19
KXBTC-26AUG0618-B64550,1786050879090,sell,0.16,0.16
KXBTC-26AUG0618-B64550,1786051029181,buy,0.18,-0.18
KXBTC-26AUG0618-B64550,1786052376405,buy,0.13,-0.13
KXBTC-26AUG0619-B64250,1786056126853,sell,0.19,0.19
KXBTC-26AUG0619-B64250,1786056176746,sell,0.28,0.28
KXBTC-26AUG0619-B64250,1786056226598,sell,0.5,0.5
KXBTC-26AUG0619-B64250,1786056326587,buy,0.55,-0.55
KXBTC-26AUG0619-B64250,1786056376783,buy,0.44,-0.44
KXBTC-26AUG0619-B64250,1786056526532,buy,0.47,-0.47
KXBTC-26AUG0619-B64250,1786056676728,buy,0.31,-0.31
KXBTC-26AUG0619-B64250,1786056776086,sell,0.22,0.22
KXBTC-26AUG0619-B64250,1786056926378,sell,0.4,0.4
KXBTC-26AUG0619-B64250,1786056976293,buy,0.47,-0.47
KXBTC-26AUG0619-B64250,1786057076115,sell,0.39,0.39
KXBTC-26AUG0619-B64250,1786057126007,buy,0.55,-0.55
KXBTC-26AUG0619-B64250,1786057176160,buy,0.31,-0.31
KXBTC-26AUG0619-B64350,1786055576280,buy,0.45,0.55
KXBTC-26AUG0619-B64350,1786055626400,sell,0.43,-0.5700000000000001
KXBTC-26AUG0619-B64350,1786055676347,sell,0.54,-0.45999999999999996
KXBTC-26AUG0619-B64350,1786055726421,buy,0.56,0.43999999999999995
KXBTC-26AUG0619-B64350,1786055876366,sell,0.55,-0.44999999999999996
KXBTC-26AUG0619-B64350,1786056076539,sell,0.55,-0.44999999999999996
KXBTC-26AUG0619-B64350,1786056126274,sell,0.61,-0.39
KXBTC-26AUG0619-B64350,1786056176172,buy,0.63,0.37
KXBTC-26AUG0619-B64350,1786056226038,buy,0.42,0.5800000000000001
KXBTC-26AUG0619-B64350,1786056326016,sell,0.39,-0.61
KXBTC-26AUG0619-B64350,1786056376140,sell,0.49,-0.51
KXBTC-26AUG0619-B64350,1786056525957,sell,0.48,-0.52
KXBTC-26AUG0619-B64350,1786056676152,sell,0.64,-0.36
KXBTC-26AUG0619-B64350,1786056775531,buy,0.78,0.21999999999999997
KXBTC-26AUG0619-B64350,1786056825560,sell,0.56,-0.43999999999999995
KXBTC-26AUG0619-B64350,1786056925734,buy,0.57,0.43000000000000005
KXBTC-26AUG0619-B64350,1786056975708,sell,0.52,-0.48
KXBTC-26AUG0619-B64350,1786057075524,buy,0.59,0.41000000000000003
KXBTC-26AUG0619-B64350,1786057125352,sell,0.46,-0.54
KXBTC-26AUG0619-B64450,1786054429155,sell,0.32,0.32
KXBTC-26AUG0619-B64450,1786054729164,buy,0.29,-0.29
KXBTC-26AUG0619-B64450,1786055526561,buy,0.24,-0.24
KXBTC-26AUG0619-B64450,1786055726564,buy,0.11,-0.11
KXBTC-26AUG0620-B64050,1786059926054,sell,0.03,0.03
KXBTC-26AUG0620-B64050,1786060026007,sell,0.06,0.06
KXBTC-26AUG0620-B64050,1786060075783,buy,0.11,-0.11
KXBTC-26AUG0620-B64150,1786058328926,sell,0.09,0.09
KXBTC-26AUG0620-B64150,1786058379144,sell,0.15,0.15
KXBTC-26AUG0620-B64150,1786058479242,sell,0.26,0.26
KXBTC-26AUG0620-B64150,1786058529049,sell,0.32,0.32
KXBTC-26AUG0620-B64150,1786058578766,sell,0.35,0.35
KXBTC-26AUG0620-B64150,1786060075487,buy,0.79,-0.79
KXBTC-26AUG0620-B64150,1786060125639,sell,0.56,0.56
KXBTC-26AUG0620-B64150,1786060225503,buy,0.69,-0.69
KXBTC-26AUG0620-B64150,1786060275891,buy,0.65,-0.65
KXBTC-26AUG0620-B64150,1786060325766,sell,0.3,0.3
KXBTC-26AUG0620-B64150,1786060375558,buy,0.39,-0.39
KXBTC-26AUG0620-B64150,1786060425631,buy,0.18,-0.18
KXBTC-26AUG0620-B64150,1786060525755,buy,0.05,-0.05
KXBTC-26AUG0620-B64250,1786058029208,sell,0.39,-0.61
KXBTC-26AUG0620-B64250,1786058329070,sell,0.49,-0.51
KXBTC-26AUG0620-B64250,1786058676296,sell,0.43,-0.5700000000000001
KXBTC-26AUG0620-B64250,1786058726558,buy,0.5,0.5
KXBTC-26AUG0620-B64250,1786058776556,buy,0.48,0.52
KXBTC-26AUG0620-B64250,1786058876533,buy,0.41,0.5900000000000001
KXBTC-26AUG0620-B64250,1786058926520,sell,0.37,-0.63
KXBTC-26AUG0620-B64250,1786059027040,buy,0.4,0.6
KXBTC-26AUG0620-B64250,1786059076820,sell,0.39,-0.61
KXBTC-26AUG0620-B64250,1786059226396,sell,0.45,-0.55
KXBTC-26AUG0620-B64250,1786059276490,buy,0.48,0.52
KXBTC-26AUG0620-B64250,1786059476463,buy,0.39,0.61
KXBTC-26AUG0620-B64250,1786059526422,buy,0.34,0.6599999999999999
KXBTC-26AUG0620-B64250,1786059626327,buy,0.25,0.75
KXBTC-26AUG0620-B64250,1786059726345,sell,0.2,-0.8
KXBTC-26AUG0620-B64250,1786059776251,sell,0.25,-0.75
KXBTC-26AUG0620-B64250,1786059826284,buy,0.27,0.73
KXBTC-26AUG0620-B64250,1786059876241,buy,0.25,0.75
KXBTC-26AUG0620-B64250,1786059926529,buy,0.22,0.78
KXBTC-26AUG0620-B64250,1786059976528,buy,0.16,0.84
KXBTC-26AUG0620-B64250,1786060026490,buy,0.13,0.87
KXBTC-26AUG0620-B64250,1786060076213,sell,0.09,-0.91
KXBTC-26AUG0620-B64250,1786060126414,buy,0.41,0.5900000000000001
KXBTC-26AUG0620-B64250,1786060226209,sell,0.27,-0.73
KXBTC-26AUG0620-B64250,1786060276611,sell,0.35,-0.65
KXBTC-26AUG0620-B64250,1786060326672,buy,0.64,0.36
KXBTC-26AUG0620-B64250,1786060376328,sell,0.62,-0.38
KXBTC-26AUG0620-B64250,1786060426364,sell,0.78,-0.21999999999999997
KXBTC-26AUG0620-B64250,1786060625933,sell,0.9,-0.09999999999999998
KXBTC-26AUG0620-B64250,1786060675677,sell,0.96,-0.040000000000000036
KXBTC-26AUG0620-B64350,1786057529369,sell,0.39,0.39
KXBTC-26AUG0620-B64350,1786057579254,buy,0.4,-0.4
KXBTC-26AUG0620-B64350,1786057679158,sell,0.37,0.37
KXBTC-26AUG0620-B64350,1786058028936,buy,0.4,-0.4
KXBTC-26AUG0620-B64350,1786058328783,buy,0.3,-0.3
KXBTC-26AUG0620-B64350,1786058379003,buy,0.23,-0.23
KXBTC-26AUG0620-B64350,1786060626681,buy,0.08,-0.08
KXBTC-26AUG0620-B64450,1786057583156,buy,0.11,-0.11
KXBTC-26AUG0620-B64450,1786057683176,sell,0.1,0.1
KXBTC-26AUG0621-B64050,1786061779601,sell,0.1,0.1
KXBTC-26AUG0621-B64050,1786063775942,buy,0.12,-0.12
KXBTC-26AUG0621-B64150,1786061529900,sell,0.12,0.12
KXBTC-26AUG0621-B64150,1786061579698,sell,0.15,0.15
KXBTC-26AUG0621-B64150,1786061629518,sell,0.18,0.18
KXBTC-26AUG0621-B64150,1786061729941,sell,0.26,0.26
KXBTC-26AUG0621-B64150,1786063826685,buy,0.31,-0.31
KXBTC-26AUG0621-B64150,1786063876634,buy,0.24,-0.24
KXBTC-26AUG0621-B64150,1786063926797,buy,0.17,-0.17
KXBTC-26AUG0621-B64150,1786064176521,sell,0.09,0.09
KXBTC-26AUG0621-B64150,1786064226558,buy,0.12,-0.12
KXBTC-26AUG0621-B64250,1786061429234,sell,0.27,-0.73
KXBTC-26AUG0621-B64250,1786061529313,sell,0.31,-0.69
KXBTC-26AUG0621-B64250,1786061579113,sell,0.34,-0.6599999999999999
KXBTC-26AUG0621-B64250,1786061926604,sell,0.35,-0.65
KXBTC-26AUG0621-B64250,1786062126567,sell,0.35,-0.65
KXBTC-26AUG0621-B64250,1786062626275,buy,0.46,0.54
KXBTC-26AUG0621-B64250,1786062676212,buy,0.4,0.6
KXBTC-26AUG0621-B64250,1786062776011,sell,0.41,-0.5900000000000001
KXBTC-26AUG0621-B64250,1786062826054,sell,0.51,-0.49
KXBTC-26AUG0621-B64250,1786062876148,buy,0.53,0.47
KXBTC-26AUG0621-B64250,1786062926140,sell,0.49,-0.51
KXBTC-26AUG0621-B64250,1786063125527,buy,0.57,0.43000000000000005
KXBTC-26AUG0621-B64250,1786063175577,sell,0.45,-0.55
KXBTC-26AUG0621-B64250,1786063275771,buy,0.54,0.45999999999999996
KXBTC-26AUG0621-B64250,1786063325678,sell,0.45,-0.55
KXBTC-26AUG0621-B64250,1786063525742,buy,0.64,0.36
KXBTC-26AUG0621-B64250,1786063575801,sell,0.57,-0.43000000000000005
KXBTC-26AUG0621-B64250,1786063775646,buy,0.68,0.31999999999999995
KXBTC-26AUG0621-B64250,1786063825600,sell,0.63,-0.37
KXBTC-26AUG0621-B64250,1786063975510,buy,0.78,0.21999999999999997
KXBTC-26AUG0621-B64250,1786064025479,sell,0.77,-0.22999999999999998
KXBTC-26AUG0621-B64350,1786061329359,sell,0.34,0.34
KXBTC-26AUG0621-B64350,1786061629075,buy,0.27,-0.27
KXBTC-26AUG0621-B64350,1786061729497,buy,0.21,-0.21
KXBTC-26AUG0621-B64350,1786061876112,sell,0.2,0.2
KXBTC-26AUG0621-B64350,1786061976207,buy,0.22,-0.22
KXBTC-26AUG0621-B64350,1786062026254,buy,0.18,-0.18
KXBTC-26AUG0621-B64350,1786062126134,sell,0.16,0.16
KXBTC-26AUG0621-B64350,1786062376688,sell,0.16,0.16
KXBTC-26AUG0621-B64350,1786062426308,buy,0.22,-0.22
KXBTC-26AUG0621-B64350,1786062526181,buy,0.2,-0.2
KXBTC-26AUG0621-B64350,1786062626423,buy,0.16,-0.16
KXBTC-26AUG0621-B64350,1786062776151,sell,0.12,0.12
KXBTC-26AUG0621-B64350,1786062826193,sell,0.14,0.14
KXBTC-26AUG0621-B64350,1786062876283,sell,0.24,0.24
KXBTC-26AUG0621-B64350,1786062976247,buy,0.26,-0.26
KXBTC-26AUG0621-B64350,1786063026373,sell,0.23,0.23
KXBTC-26AUG0621-B64350,1786063076091,buy,0.24,-0.24
KXBTC-26AUG0621-B64350,1786063126088,buy,0.19,-0.19
KXBTC-26AUG0621-B64350,1786063276332,buy,0.1,-0.1
KXBTC-26AUG0621-B64350,1786063375931,sell,0.08,0.08
KXBTC-26AUG0621-B64350,1786063475997,sell,0.18,0.18
KXBTC-26AUG0621-B64350,1786063526324,sell,0.27,0.27
KXBTC-26AUG0621-B64350,1786063576368,buy,0.33,-0.33
KXBTC-26AUG0621-B64350,1786063676128,buy,0.22,-0.22
KXBTC-26AUG0621-B64350,1786063926514,sell,0.08,0.08
KXBTC-26AUG0621-B64350,1786063976223,sell,0.16,0.16
KXBTC-26AUG0621-B64350,1786064026256,buy,0.19,-0.19
KXBTC-26AUG0621-B64350,1786064226279,sell,0.06,0.06
KXBTC-26AUG0621-B64350,1786064276001,buy,0.07,-0.07
KXBTC-26AUG0621-B64450,1786061429666,buy,0.2,-0.2
KXBTC-26AUG0621-B64450,1786061529753,buy,0.14,-0.14
KXBTC-26AUG0622-B64150,1786065179452,buy,0.14,-0.14
KXBTC-26AUG0622-B64150,1786065479055,buy,0.18,-0.18
KXBTC-26AUG0622-B64150,1786067576574,buy,0.15,-0.15
KXBTC-26AUG0622-B64250,1786065179000,buy,0.32,-0.32
KXBTC-26AUG0622-B64250,1786065926088,buy,0.36,-0.36
KXBTC-26AUG0622-B64250,1786066026030,buy,0.34,-0.34
KXBTC-26AUG0622-B64250,1786066126143,buy,0.28,-0.28
KXBTC-26AUG0622-B64250,1786066426168,buy,0.13,-0.13
KXBTC-26AUG0622-B64250,1786066475955,sell,0.12,0.12
KXBTC-26AUG0622-B64250,1786066726241,sell,0.16,0.16
KXBTC-26AUG0622-B64250,1786066826182,sell,0.24,0.24
KXBTC-26AUG0622-B64250,1786066876170,buy,0.46,-0.46
KXBTC-26AUG0622-B64250,1786067026078,buy,0.39,-0.39
KXBTC-26AUG0622-B64250,1786067126069,buy,0.33,-0.33
KXBTC-26AUG0622-B64250,1786067275907,sell,0.19,0.19
KXBTC-26AUG0622-B64250,1786067375892,buy,0.2,-0.2
KXBTC-26AUG0622-B64250,1786067475899,sell,0.08,0.08
KXBTC-26AUG0622-B64250,1786067575853,sell,0.09,0.09
KXBTC-26AUG0622-B64250,1786067675684,buy,0.13,-0.13
KXBTC-26AUG0622-B64350,1786065378928,buy,0.3,0.7
KXBTC-26AUG0622-B64350,1786065478775,sell,0.27,-0.73
KXBTC-26AUG0622-B64350,1786065926673,sell,0.34,-0.6599999999999999
KXBTC-26AUG0622-B64350,1786066376602,buy,0.41,0.5900000000000001
KXBTC-26AUG0622-B64350,1786066526708,sell,0.37,-0.63
KXBTC-26AUG0622-B64350,1786066726808,sell,0.45,-0.55
KXBTC-26AUG0622-B64350,1786066826763,buy,0.47,0.53
KXBTC-26AUG0622-B64350,1786066876760,sell,0.24,-0.76
KXBTC-26AUG0622-B64350,1786067026534,sell,0.42,-0.5800000000000001
KXBTC-26AUG0622-B64350,1786067126513,sell,0.52,-0.48
KXBTC-26AUG0622-B64350,1786067376308,sell,0.6,-0.4
KXBTC-26AUG0622-B64350,1786067426466,buy,0.62,0.38
KXBTC-26AUG0622-B64350,1786067476329,sell,0.55,-0.44999999999999996
KXBTC-26AUG0622-B64450,1786065179301,sell,0.15,0.15
KXBTC-26AUG0623-B64050,1786068684142,sell,0.09,0.09
KXBTC-26AUG0623-B64050,1786068733708,buy,0.12,-0.12
KXBTC-26AUG0623-B64150,1786068583263,sell,0.14,0.14
KXBTC-26AUG0623-B64150,1786068683997,sell,0.22,0.22
KXBTC-26AUG0623-B64150,1786068733533,buy,0.25,-0.25
KXBTC-26AUG0623-B64150,1786068783523,buy,0.19,-0.19
KXBTC-26AUG0623-B64150,1786068929621,buy,0.09,-0.09
KXBTC-26AUG0623-B64150,1786069279622,sell,0.06,0.06
KXBTC-26AUG0623-B64150,1786069329637,sell,0.09,0.09
KXBTC-26AUG0623-B64250,1786068329242,sell,0.2,0.2
KXBTC-26AUG0623-B64250,1786068529181,sell,0.24,0.24
KXBTC-26AUG0623-B64250,1786068779139,buy,0.3,-0.3
KXBTC-26AUG0623-B64250,1786068829205,buy,0.26,-0.26
KXBTC-26AUG0623-B64250,1786068979354,buy,0.16,-0.16
KXBTC-26AUG0623-B64250,1786069279482,sell,0.14,0.14
KXBTC-26AUG0623-B64250,1786069329490,sell,0.23,0.23
KXBTC-26AUG0623-B64250,1786070126690,sell,0.29,0.29
KXBTC-26AUG0623-B64250,1786070226811,buy,0.37,-0.37
KXBTC-26AUG0623-B64250,1786070276494,sell,0.36,0.36
KXBTC-26AUG0623-B64250,1786070376486,sell,0.45,0.45
KXBTC-26AUG0623-B64250,1786070526603,buy,0.47,-0.47
KXBTC-26AUG0623-B64250,1786070576599,sell,0.24,0.24
KXBTC-26AUG0623-B64250,1786070627244,buy,0.29,-0.29
KXBTC-26AUG0623-B64250,1786070776375,buy,0.22,-0.22
KXBTC-26AUG0623-B64250,1786070826762,buy,0.17,-0.17
KXBTC-26AUG0623-B64250,1786070976485,sell,0.11,0.11
KXBTC-26AUG0623-B64250,1786071026367,buy,0.13,-0.13
KXBTC-26AUG0623-B64250,1786071126403,sell,0.06,0.06
KXBTC-26AUG0623-B64250,1786071176253,buy,0.08,-0.08
KXBTC-26AUG0623-B64350,1786068679990,buy,0.22,0.78
KXBTC-26AUG0623-B64350,1786068729577,sell,0.19,-0.81
KXBTC-26AUG0623-B64350,1786068779428,sell,0.27,-0.73
KXBTC-26AUG0623-B64350,1786068978398,buy,0.32,0.6799999999999999
KXBTC-26AUG0623-B64350,1786069128384,sell,0.24,-0.76
KXBTC-26AUG0623-B64350,1786069178311,sell,0.27,-0.73
KXBTC-26AUG0623-B64350,1786069278534,sell,0.32,-0.6799999999999999
KXBTC-26AUG0623-B64350,1786069575774,sell,0.3,-0.7
KXBTC-26AUG0623-B64350,1786069675661,buy,0.33,0.6699999999999999
KXBTC-26AUG0623-B64350,1786069825843,sell,0.27,-0.73
KXBTC-26AUG0623-B64350,1786070175713,sell,0.34,-0.6599999999999999
KXBTC-26AUG0623-B64350,1786070275664,buy,0.4,0.6
KXBTC-26AUG0623-B64350,1786070375622,buy,0.3,0.7
KXBTC-26AUG0623-B64350,1786070425751,buy,0.2,0.8
KXBTC-26AUG0623-B64350,1786070475692,sell,0.18,-0.8200000000000001
KXBTC-26AUG0623-B64350,1786070525748,sell,0.26,-0.74
KXBTC-26AUG0623-B64350,1786070575736,sell,0.41,-0.5900000000000001
KXBTC-26AUG0623-B64350,1786071025642,buy,0.59,0.41000000000000003
KXBTC-26AUG0623-B64350,1786071075563,buy,0.47,0.53
KXBTC-26AUG0623-B64350,1786071125659,sell,0.43,-0.5700000000000001
KXBTC-26AUG0623-B64350,1786071275542,sell,0.68,-0.31999999999999995
KXBTC-26AUG0623-B64450,1786068329394,buy,0.23,-0.23
KXBTC-26AUG0623-B64450,1786068529330,buy,0.21,-0.21
KXBTC-26AUG0623-B64450,1786068579142,buy,0.15,-0.15
KXBTC-26AUG0623-B64450,1786068679835,buy,0.09,-0.09
KXBTC-26AUG0623-B64450,1786068779282,sell,0.12,0.12
KXBTC-26AUG0623-B64450,1786068979208,sell,0.25,0.25
KXBTC-26AUG0623-B64450,1786069279297,buy,0.28,-0.28
KXBTC-26AUG0623-B64450,1786069329340,buy,0.2,-0.2
KXBTC-26AUG0623-B64450,1786069527056,buy,0.15,-0.15
KXBTC-26AUG0623-B64550,1786068329682,buy,0.1,-0.1
KXBTC-26AUG0623-B64550,1786068929764,sell,0.09,0.09
KXBTC-26AUG0623-B64550,1786069129545,buy,0.2,-0.2
KXBTC-26AUG0623-B64550,1786069179595,buy,0.16,-0.16
KXBTC-26AUG0623-B64550,1786069279818,buy,0.11,-0.11
KXBTC-26AUG0700-B64150,1786074631519,buy,0.17,-0.17
KXBTC-26AUG0700-B64150,1786074831558,sell,0.03,0.03
KXBTC-26AUG0700-B64150,1786074881751,buy,0.07,-0.07
KXBTC-26AUG0700-B64150,1786074931543,sell,0.06,0.06
KXBTC-26AUG0700-B64150,1786074981387,sell,0.1,0.1
KXBTC-26AUG0700-B64150,1786075031348,buy,0.14,-0.14
KXBTC-26AUG0700-B64250,1786072329118,sell,0.3,-0.7
KXBTC-26AUG0700-B64250,1786072579329,sell,0.33,-0.6699999999999999
KXBTC-26AUG0700-B64250,1786073331893,sell,0.38,-0.62
KXBTC-26AUG0700-B64250,1786073481934,buy,0.44,0.56
KXBTC-26AUG0700-B64250,1786073531916,sell,0.36,-0.64
KXBTC-26AUG0700-B64250,1786073732058,sell,0.4,-0.6
KXBTC-26AUG0700-B64250,1786073881953,sell,0.46,-0.54
KXBTC-26AUG0700-B64250,1786074631079,buy,0.7,0.30000000000000004
KXBTC-26AUG0700-B64250,1786074680887,buy,0.6,0.4
KXBTC-26AUG0700-B64250,1786074731171,sell,0.42,-0.5800000000000001
KXBTC-26AUG0700-B64250,1786074781221,buy,0.67,0.32999999999999996
KXBTC-26AUG0700-B64250,1786074831128,sell,0.56,-0.43999999999999995
KXBTC-26AUG0700-B64250,1786074931072,sell,0.83,-0.17000000000000004
KXBTC-26AUG0700-B64350,1786073981296,buy,0.3,-0.3
KXBTC-26AUG0700-B64350,1786074031605,sell,0.28,0.28
KXBTC-26AUG0700-B64350,1786074081512,sell,0.34,0.34
KXBTC-26AUG0700-B64350,1786074181822,buy,0.35,-0.35
KXBTC-26AUG0700-B64350,1786074331644,buy,0.33,-0.33
KXBTC-26AUG0700-B64350,1786074431446,buy,0.27,-0.27
KXBTC-26AUG0700-B64350,1786074631378,sell,0.24,0.24
KXBTC-26AUG0700-B64350,1786074681167,sell,0.37,0.37
KXBTC-26AUG0700-B64350,1786074731455,buy,0.55,-0.55
KXBTC-26AUG0700-B64350,1786074781515,sell,0.3,0.3
KXBTC-26AUG0700-B64350,1786074831418,buy,0.41,-0.41
KXBTC-26AUG0700-B64350,1786074931405,buy,0.12,-0.12
KXBTC-26AUG0700-B64550,1786072329555,buy,0.06,-0.06
KXBTC-26AUG0701-B64050,1786078431562,sell,0.05,0.05
KXBTC-26AUG0701-B64050,1786078481406,buy,0.15,-0.15
KXBTC-26AUG0701-B64050,1786078531614,buy,0.09,-0.09
KXBTC-26AUG0701-B64050,1786078581501,buy,0.04,-0.04
KXBTC-26AUG0701-B64150,1786078430836,sell,0.16,-0.84
KXBTC-26AUG0701-B64150,1786078480681,sell,0.76,-0.24
KXBTC-26AUG0701-B64150,1786078530891,sell,0.82,-0.18000000000000005
KXBTC-26AUG0701-B64150,1786078680912,sell,0.9,-0.09999999999999998
KXBTC-26AUG0701-B64150,1786078730653,buy,0.97,0.030000000000000027
KXBTC-26AUG0701-B64150,1786078780738,sell,0.78,-0.21999999999999997
KXBTC-26AUG0701-B64250,1786076434611,buy,0.4,-0.4
KXBTC-26AUG0701-B64250,1786076531625,sell,0.4,0.4
KXBTC-26AUG0701-B64250,1786077381430,buy,0.5,-0.5
KXBTC-26AUG0701-B64250,1786077431311,sell,0.47,0.47
KXBTC-26AUG0701-B64250,1786077481516,sell,0.55,0.55
KXBTC-26AUG0701-B64250,1786077531466,buy,0.59,-0.59
KXBTC-26AUG0701-B64250,1786077831272,buy,0.56,-0.56
KXBTC-26AUG0701-B64250,1786077931438,buy,0.47,-0.47
KXBTC-26AUG0701-B64250,1786078031114,buy,0.31,-0.31
KXBTC-26AUG0701-B64250,1786078081017,sell,0.3,0.3
KXBTC-26AUG0701-B64250,1786078131023,sell,0.37,0.37
KXBTC-26AUG0701-B64250,1786078181216,buy,0.52,-0.52
KXBTC-26AUG0701-B64250,1786078331205,buy,0.18,-0.18
KXBTC-26AUG0701-B64250,1786078381238,buy,0.08,-0.08
KXBTC-26AUG0701-B64250,1786078730792,sell,0.05,0.05
KXBTC-26AUG0701-B64250,1786078780876,buy,0.24,-0.24
KXBTC-26AUG0701-B64350,1786076434442,sell,0.32,0.32
KXBTC-26AUG0701-B64350,1786077781699,buy,0.33,-0.33
KXBTC-26AUG0702-B63950,1786079334914,buy,0.08,-0.08
KXBTC-26AUG0702-B63950,1786080185060,sell,0.06,0.06
KXBTC-26AUG0702-B64050,1786079135100,sell,0.15,0.15
KXBTC-26AUG0702-B64050,1786079284827,sell,0.24,0.24
KXBTC-26AUG0702-B64050,1786079334781,buy,0.25,-0.25
KXBTC-26AUG0702-B64050,1786079384674,buy,0.16,-0.16
KXBTC-26AUG0702-B64050,1786079484741,buy,0.15,-0.15
KXBTC-26AUG0702-B64050,1786080184467,sell,0.22,0.22
KXBTC-26AUG0702-B64050,1786080284494,sell,0.29,0.29
KXBTC-26AUG0702-B64050,1786080982277,buy,0.3,-0.3
KXBTC-26AUG0702-B64050,1786081081964,buy,0.15,-0.15
KXBTC-26AUG0702-B64050,1786081332149,buy,0.09,-0.09
KXBTC-26AUG0702-B64150,1786079934670,sell,0.4,0.4
KXBTC-26AUG0702-B64150,1786080582198,sell,0.47,0.47
KXBTC-26AUG0702-B64150,1786080682257,sell,0.5,0.5
KXBTC-26AUG0702-B64150,1786080781993,buy,0.52,-0.52
KXBTC-26AUG0702-B64150,1786080832048,sell,0.5,0.5
KXBTC-26AUG0702-B64150,1786081382172,buy,0.56,-0.56
KXBTC-26AUG0702-B64150,1786081432197,buy,0.44,-0.44
KXBTC-26AUG0702-B64150,1786081532361,buy,0.3,-0.3
KXBTC-26AUG0702-B64150,1786081582438,sell,0.26,0.26
KXBTC-26AUG0702-B64150,1786081631485,buy,0.3,-0.3
KXBTC-26AUG0702-B64150,1786081681156,buy,0.25,-0.25
KXBTC-26AUG0702-B64150,1786081731302,buy,0.15,-0.15
KXBTC-26AUG0702-B64150,1786081831423,buy,0.06,-0.06
KXBTC-26AUG0702-B64250,1786079134953,buy,0.29,0.71
KXBTC-26AUG0702-B64250,1786079334630,sell,0.19,-0.81
KXBTC-26AUG0702-B64250,1786079484596,sell,0.29,-0.71
KXBTC-26AUG0702-B64250,1786079735220,buy,0.35,0.65
KXBTC-26AUG0702-B64250,1786080184632,buy,0.23,0.77
KXBTC-26AUG0702-B64250,1786080284688,buy,0.18,0.8200000000000001
KXBTC-26AUG0702-B64250,1786081631957,sell,0.16,-0.84
KXBTC-26AUG0702-B64250,1786081681592,sell,0.69,-0.31000000000000005
KXBTC-26AUG0702-B64250,1786081831876,buy,0.73,0.27
KXBTC-26AUG0702-B64250,1786081881725,buy,0.46,0.54
KXBTC-26AUG0702-B64250,1786081981645,sell,0.22,-0.78
KXBTC-26AUG0702-B64250,1786082081631,buy,0.3,0.7
KXBTC-26AUG0702-B64250,1786082131896,buy,0.24,0.76
KXBTC-26AUG0702-B64250,1786082181814,sell,0.15,-0.85
KXBTC-26AUG0702-B64250,1786082231666,buy,0.2,0.8
KXBTC-26AUG0702-B64250,1786082280990,sell,0.18,-0.8200000000000001
KXBTC-26AUG0702-B64250,1786082331164,sell,0.36,-0.64
KXBTC-26AUG0702-B64250,1786082381106,sell,0.65,-0.35
KXBTC-26AUG0702-B64350,1786079338537,sell,0.08,0.08
KXBTC-26AUG0702-B64350,1786082281706,sell,0.04,0.04
KXBTC-26AUG0702-B64350,1786082331861,buy,0.7,-0.7
KXBTC-26AUG0702-B64350,1786082381827,buy,0.37,-0.37
KXBTC-26AUG0703-B64150,1786083034914,buy,0.13,-0.13
KXBTC-26AUG0703-B64150,1786085532180,sell,0.06,0.06
KXBTC-26AUG0703-B64150,1786085682033,buy,0.07,-0.07
KXBTC-26AUG0703-B64250,1786082934612,sell,0.34,-0.6599999999999999
KXBTC-26AUG0703-B64250,1786083035197,buy,0.36,0.64
KXBTC-26AUG0703-B64250,1786085382043,sell,0.28,-0.72
KXBTC-26AUG0703-B64250,1786085532022,sell,0.7,-0.30000000000000004
KXBTC-26AUG0703-B64250,1786085631678,sell,0.83,-0.17000000000000004
KXBTC-26AUG0703-B64250,1786085681889,buy,0.84,0.16000000000000003
KXBTC-26AUG0703-B64250,1786085732038,sell,0.8,-0.19999999999999996
KXBTC-26AUG0703-B64250,1786085832439,buy,0.87,0.13
KXBTC-26AUG0703-B64250,1786085881864,sell,0.86,-0.14
KXBTC-26AUG0703-B64350,1786082934472,buy,0.35,-0.35
KXBTC-26AUG0703-B64350,1786083035055,sell,0.34,0.34
KXBTC-26AUG0703-B64350,1786084781867,sell,0.4,0.4
KXBTC-26AUG0703-B64350,1786084982140,buy,0.47,-0.47
KXBTC-26AUG0703-B64350,1786085031715,sell,0.46,0.46
KXBTC-26AUG0703-B64350,1786085081867,buy,0.54,-0.54
KXBTC-26AUG0703-B64350,1786085182050,sell,0.54,0.54
KXBTC-26AUG0703-B64350,1786085232598,sell,0.63,0.63
KXBTC-26AUG0703-B64350,1786085282310,buy,0.64,-0.64
KXBTC-26AUG0703-B64350,1786085332045,buy,0.28,-0.28
KXBTC-26AUG0703-B64350,1786085381751,sell,0.19,0.19
KXBTC-26AUG0703-B64350,1786085531732,buy,0.22,-0.22
KXBTC-26AUG0703-B64350,1786085681604,sell,0.08,0.08
KXBTC-26AUG0703-B64350,1786085832147,sell,0.11,0.11
KXBTC-26AUG0703-B64350,1786085881556,buy,0.13,-0.13
KXBTC-26AUG0703-B64450,1786082934889,buy,0.12,-0.12
KXBTC-26AUG0703-B64450,1786083035502,sell,0.11,0.11
KXBTC-26AUG0703-B64450,1786084131716,sell,0.2,0.2
KXBTC-26AUG0703-B64450,1786084232208,buy,0.24,-0.24
KXBTC-26AUG0703-B64450,1786084282193,buy,0.18,-0.18
KXBTC-26AUG0703-B64450,1786084332035,buy,0.13,-0.13
KXBTC-26AUG0703-B64450,1786084381795,buy,0.08,-0.08
KXBTC-26AUG0703-B64450,1786084731635,buy,0.07,-0.07
KXBTC-26AUG0703-B64450,1786085031009,sell,0.03,0.03
KXBTC-26AUG0703-B64450,1786085281496,buy,0.04,-0.04
KXBTC-26AUG0704-B64150,1786087034501,buy,0.13,-0.13
KXBTC-26AUG0704-B64150,1786087881646,buy,0.11,-0.11
KXBTC-26AUG0704-B64250,1786086684748,sell,0.31,-0.69
KXBTC-26AUG0704-B64250,1786086934671,sell,0.37,-0.63
KXBTC-26AUG0704-B64250,1786087034650,buy,0.37,0.63
KXBTC-26AUG0704-B64250,1786087881784,buy,0.36,0.64
KXBTC-26AUG0704-B64250,1786087931844,sell,0.23,-0.77
KXBTC-26AUG0704-B64250,1786088081633,buy,0.31,0.69
KXBTC-26AUG0704-B64250,1786088132003,buy,0.29,0.71
KXBTC-26AUG0704-B64250,1786088481607,sell,0.21,-0.79
KXBTC-26AUG0704-B64250,1786088531416,buy,0.28,0.72
KXBTC-26AUG0704-B64250,1786088581341,sell,0.27,-0.73
KXBTC-26AUG0704-B64250,1786088631490,buy,0.33,0.6699999999999999
KXBTC-26AUG0704-B64250,1786088781448,sell,0.31,-0.69
KXBTC-26AUG0704-B64250,1786088931257,buy,0.32,0.6799999999999999
KXBTC-26AUG0704-B64250,1786089181232,buy,0.2,0.8
KXBTC-26AUG0704-B64250,1786089231472,sell,0.17,-0.83
KXBTC-26AUG0704-B64250,1786089331507,sell,0.2,-0.8
KXBTC-26AUG0704-B64250,1786089431233,sell,0.31,-0.69
KXBTC-26AUG0704-B64250,1786089481348,sell,0.85,-0.15000000000000002
KXBTC-26AUG0704-B64250,1786089531202,sell,0.87,-0.13
KXBTC-26AUG0704-B64350,1786086684891,buy,0.35,-0.35
KXBTC-26AUG0704-B64350,1786087034795,sell,0.33,0.33
KXBTC-26AUG0704-B64350,1786089132131,sell,0.36,0.36
KXBTC-26AUG0704-B64350,1786089182148,sell,0.78,0.78
KXBTC-26AUG0704-B64350,1786089332367,buy,0.78,-0.78
KXBTC-26AUG0704-B64350,1786089432083,buy,0.66,-0.66
KXBTC-26AUG0704-B64350,1786089482264,buy,0.15,-0.15
KXBTC-26AUG0704-B64450,1786087881926,sell,0.12,0.12
KXBTC-26AUG0704-B64450,1786087931982,buy,0.2,-0.2
KXBTC-26AUG0704-B64450,1786088132149,sell,0.15,0.15
KXBTC-26AUG0704-B64450,1786088232020,buy,0.18,-0.18
KXBTC-26AUG0704-B64450,1786088481733,buy,0.14,-0.14
KXBTC-26AUG0705-B64150,1786090684344,buy,0.08,-0.08
KXBTC-26AUG0705-B64250,1786090584609,buy,0.29,-0.29
KXBTC-26AUG0705-B64250,1786090634868,sell,0.24,0.24
KXBTC-26AUG0705-B64250,1786090684492,buy,0.28,-0.28
KXBTC-26AUG0705-B64250,1786091682177,buy,0.19,-0.19
KXBTC-26AUG0705-B64350,1786090735855,buy,0.39,-0.39
KXBTC-26AUG0705-B64350,1786091332114,buy,0.43,-0.43
KXBTC-26AUG0705-B64350,1786092332450,buy,0.27,-0.27
KXBTC-26AUG0705-B64450,1786090535383,buy,0.16,-0.16
KXBTC-26AUG0705-B64450,1786090585177,sell,0.15,0.15
KXBTC-26AUG0705-B64450,1786090635455,buy,0.21,-0.21
KXBTC-26AUG0705-B64450,1786090685114,sell,0.16,0.16
KXBTC-26AUG0705-B64450,1786091682020,sell,0.25,0.25
KXBTC-26AUG0705-B64450,1786091732268,sell,0.47,0.47
KXBTC-26AUG0705-B64450,1786091882201,buy,0.44,-0.44
KXBTC-26AUG0705-B64450,1786091932044,sell,0.42,0.42
KXBTC-26AUG0705-B64450,1786092131958,buy,0.56,-0.56
KXBTC-26AUG0705-B64450,1786092181893,buy,0.27,-0.27
KXBTC-26AUG0705-B64450,1786092381270,sell,0.25,0.25
KXBTC-26AUG0705-B64450,1786092431297,buy,0.26,-0.26
KXBTC-26AUG0705-B64450,1786092631314,buy,0.17,-0.17
KXBTC-26AUG0705-B64450,1786092781070,sell,0.1,0.1
KXBTC-26AUG0705-B64450,1786092831175,buy,0.15,-0.15
KXBTC-26AUG0705-B64450,1786092931196,buy,0.1,-0.1
KXBTC-26AUG0705-B64550,1786090688511,sell,0.06,-0.94
KXBTC-26AUG0705-B64550,1786092332151,sell,0.07,-0.9299999999999999
KXBTC-26AUG0705-B64550,1786092431998,sell,0.49,-0.51
KXBTC-26AUG0705-B64550,1786092481905,sell,0.52,-0.48
KXBTC-26AUG0705-B64550,1786092581678,sell,0.58,-0.42000000000000004
KXBTC-26AUG0706-B64550,1786093934579,buy,0.21,-0.21
KXBTC-26AUG0706-B64650,1786093934855,buy,0.31,-0.31
KXBTC-26AUG0706-B64750,1786096182100,buy,0.28,0.72
KXBTC-26AUG0706-B64750,1786096282202,sell,0.16,-0.84
KXBTC-26AUG0706-B64750,1786096382381,sell,0.18,-0.8200000000000001
KXBTC-26AUG0706-B64750,1786096431930,sell,0.31,-0.69
KXBTC-26AUG0706-B64750,1786096482121,buy,0.45,0.55
KXBTC-26AUG0706-B64750,1786096532295,sell,0.34,-0.6599999999999999
KXBTC-26AUG0706-B64750,1786096582174,sell,0.47,-0.53
KXBTC-26AUG0706-B64750,1786096632422,sell,0.56,-0.43999999999999995
KXBTC-26AUG0706-B64750,1786096682104,sell,0.64,-0.36
KXBTC-26AUG0706-B64850,1786093938607,sell,0.09,0.09
KXBTC-26AUG0706-B64950,1786094882489,sell,0.05,0.05
KXBTC-26AUG0706-B64950,1786095032329,buy,0.08,-0.08
KXBTC-26AUG0706-B64950,1786095082213,sell,0.07,0.07
KXBTC-26AUG0706-B64950,1786095132335,sell,0.12,0.12
KXBTC-26AUG0706-B64950,1786095182189,sell,0.18,0.18
KXBTC-26AUG0706-B64950,1786095382208,sell,0.25,0.25
KXBTC-26AUG0706-B64950,1786095531871,buy,0.32,-0.32
KXBTC-26AUG0706-B64950,1786095681722,buy,0.27,-0.27
KXBTC-26AUG0706-B64950,1786095781926,buy,0.2,-0.2
KXBTC-26AUG0706-B64950,1786095831719,sell,0.19,0.19
KXBTC-26AUG0706-B64950,1786095981626,buy,0.22,-0.22
KXBTC-26AUG0706-B64950,1786096031750,buy,0.14,-0.14
KXBTC-26AUG0706-B64950,1786096131612,buy,0.08,-0.08
KXBTC-26AUG0706-B64950,1786096181506,sell,0.07,0.07
KXBTC-26AUG0706-B64950,1786096281574,buy,0.13,-0.13
KXBTC-26AUG0706-B64950,1786096381728,buy,0.08,-0.08
KXBTC-26AUG0707-B64750,1786097585291,buy,0.32,-0.32
KXBTC-26AUG0707-B64850,1786098034529,sell,0.35,-0.65
KXBTC-26AUG0707-B64850,1786098281734,buy,0.3,0.7
KXBTC-26AUG0707-B64850,1786098431836,sell,0.3,-0.7
KXBTC-26AUG0707-B64850,1786098481763,sell,0.35,-0.65
KXBTC-26AUG0707-B64850,1786098531539,sell,0.39,-0.61
KXBTC-26AUG0707-B64850,1786098781909,sell,0.47,-0.53
KXBTC-26AUG0707-B64850,1786099031888,sell,0.54,-0.45999999999999996
KXBTC-26AUG0707-B64850,1786099081723,buy,0.55,0.44999999999999996
KXBTC-26AUG0707-B64850,1786099431646,buy,0.58,0.42000000000000004
KXBTC-26AUG0707-B64850,1786099481467,sell,0.56,-0.43999999999999995
KXBTC-26AUG0707-B64850,1786099631723,sell,0.65,-0.35
KXBTC-26AUG0707-B64850,1786099881761,buy,0.78,0.21999999999999997
KXBTC-26AUG0707-B64850,1786099931684,sell,0.76,-0.24
KXBTC-26AUG0707-B64850,1786099981663,buy,0.78,0.21999999999999997
KXBTC-26AUG0707-B64850,1786100030772,sell,0.75,-0.25
KXBTC-26AUG0707-B64950,1786097584707,sell,0.12,0.12
KXBTC-26AUG0707-B64950,1786098182048,buy,0.15,-0.15
KXBTC-26AUG0707-B64950,1786098282041,buy,0.08,-0.08
KXBTC-26AUG0707-B64950,1786098482068,sell,0.08,0.08
KXBTC-26AUG0707-B64950,1786098531828,sell,0.12,0.12
KXBTC-26AUG0707-B64950,1786098582047,sell,0.14,0.14
KXBTC-26AUG0707-B64950,1786098732298,sell,0.24,0.24
KXBTC-26AUG0707-B64950,1786098782074,buy,0.27,-0.27
KXBTC-26AUG0707-B64950,1786098881884,buy,0.21,-0.21
KXBTC-26AUG0707-B64950,1786099081873,buy,0.14,-0.14
KXBTC-26AUG0707-B64950,1786099232232,buy,0.1,-0.1
KXBTC-26AUG0707-B64950,1786099382035,sell,0.08,0.08
KXBTC-26AUG0707-B64950,1786099432084,buy,0.09,-0.09
KXBTC-26AUG0707-B64950,1786099682163,sell,0.08,0.08
KXBTC-26AUG0707-B64950,1786099882188,sell,0.12,0.12
KXBTC-26AUG0707-B64950,1786099932109,buy,0.17,-0.17
KXBTC-26AUG0707-B64950,1786100081100,buy,0.13,-0.13
KXBTC-26AUG0708-B64750,1786101584648,sell,0.09,0.09
KXBTC-26AUG0708-B64750,1786101634800,buy,0.11,-0.11
KXBTC-26AUG0708-B64850,1786101184861,sell,0.29,0.29
KXBTC-26AUG0708-B64850,1786101584924,sell,0.28,0.28
KXBTC-26AUG0708-B64850,1786101635078,buy,0.35,-0.35
KXBTC-26AUG0708-B64850,1786101685495,buy,0.24,-0.24
KXBTC-26AUG0708-B64850,1786101734933,buy,0.15,-0.15
KXBTC-26AUG0708-B64950,1786101584781,buy,0.44,0.56
KXBTC-26AUG0708-B64950,1786101634942,sell,0.36,-0.64
KXBTC-26AUG0708-B64950,1786101734800,buy,0.39,0.61
KXBTC-26AUG0708-B64950,1786101785217,buy,0.19,0.81
KXBTC-26AUG0708-B64950,1786101982317,sell,0.2,-0.8
KXBTC-26AUG0708-B64950,1786102182330,sell,0.22,-0.78
KXBTC-26AUG0708-B64950,1786102232473,sell,0.26,-0.74
KXBTC-26AUG0708-B64950,1786102282489,buy,0.32,0.6799999999999999
KXBTC-26AUG0708-B64950,1786102332206,sell,0.29,-0.71
KXBTC-26AUG0708-B64950,1786102382237,sell,0.32,-0.6799999999999999
KXBTC-26AUG0708-B64950,1786102432242,sell,0.36,-0.64
KXBTC-26AUG0708-B64950,1786102681592,sell,0.38,-0.62
KXBTC-26AUG0708-B64950,1786102781691,buy,0.41,0.5900000000000001
KXBTC-26AUG0708-B64950,1786102881788,sell,0.36,-0.64
KXBTC-26AUG0708-B64950,1786103081657,sell,0.42,-0.5800000000000001
KXBTC-26AUG0708-B64950,1786103181721,buy,0.51,0.49
KXBTC-26AUG0708-B64950,1786103331735,sell,0.53,-0.47
KXBTC-26AUG0708-B64950,1786103381543,buy,0.56,0.43999999999999995
KXBTC-26AUG0708-B64950,1786103481723,sell,0.55,-0.44999999999999996
KXBTC-26AUG0708-B64950,1786103681805,buy,0.81,0.18999999999999995
KXBTC-26AUG0708-B64950,1786103731683,sell,0.75,-0.25
KXBTC-26AUG0708-B65050,1786101088716,buy,0.18,-0.18
KXBTC-26AUG0708-B65050,1786101188941,buy,0.16,-0.16
KXBTC-26AUG0708-B65050,1786101584503,buy,0.17,-0.17
KXBTC-26AUG0708-B65050,1786101634654,sell,0.13,0.13
KXBTC-26AUG0708-B65050,1786101685025,sell,0.23,0.23
KXBTC-26AUG0708-B65050,1786101734523,sell,0.29,0.29
KXBTC-26AUG0708-B65050,1786101784919,buy,0.34,-0.34
KXBTC-26AUG0708-B65050,1786102282339,sell,0.35,0.35
KXBTC-26AUG0708-B65050,1786102382084,buy,0.36,-0.36
KXBTC-26AUG0708-B65050,1786102582077,sell,0.33,0.33
KXBTC-26AUG0708-B65050,1786102782002,sell,0.38,0.38
KXBTC-26AUG0708-B65050,1786102882071,buy,0.43,-0.43
KXBTC-26AUG0708-B65050,1786102931937,sell,0.41,0.41
KXBTC-26AUG0708-B65050,1786103081935,buy,0.45,-0.45
KXBTC-26AUG0708-B65050,1786103132067,buy,0.38,-0.38
KXBTC-26AUG0708-B65050,1786103182019,sell,0.35,0.35
KXBTC-26AUG0708-B65050,1786103332006,buy,0.42,-0.42
KXBTC-26AUG0708-B65050,1786103381816,sell,0.38,0.38
KXBTC-26AUG0708-B65050,1786103482052,buy,0.42,-0.42
KXBTC-26AUG0708-B65050,1786103532146,buy,0.35,-0.35
KXBTC-26AUG0708-B65050,1786103682093,sell,0.16,0.16
KXBTC-26AUG0708-B65050,1786103731958,buy,0.22,-0.22
KXBTC-26AUG0708-B65050,1786103832052,buy,0.1,-0.1
KXBTC-26AUG0708-B65150,1786101638825,sell,0.03,0.03
KXBTC-26AUG0708-B65150,1786101689225,sell,0.07,0.07
KXBTC-26AUG0708-B65150,1786101738699,sell,0.09,0.09
KXBTC-26AUG0709-B64950,1786104584954,buy,0.19,-0.19
KXBTC-26AUG0709-B64950,1786106731016,buy,0.09,-0.09
KXBTC-26AUG0709-B65050,1786104634721,buy,0.26,-0.26
KXBTC-26AUG0709-B65050,1786105832344,buy,0.3,-0.3
KXBTC-26AUG0709-B65050,1786106182127,buy,0.25,-0.25
KXBTC-26AUG0709-B65050,1786106281909,sell,0.24,0.24
KXBTC-26AUG0709-B65050,1786106482157,buy,0.25,-0.25
KXBTC-26AUG0709-B65050,1786106582191,buy,0.22,-0.22
KXBTC-26AUG0709-B65050,1786106632249,sell,0.21,0.21
KXBTC-26AUG0709-B65050,1786106732351,buy,0.25,-0.25
KXBTC-26AUG0709-B65050,1786106832246,buy,0.18,-0.18
KXBTC-26AUG0709-B65050,1786106982147,sell,0.1,0.1
KXBTC-26AUG0709-B65050,1786107032117,buy,0.13,-0.13
KXBTC-26AUG0709-B65050,1786107132098,sell,0.05,0.05
KXBTC-26AUG0709-B65050,1786107181755,buy,0.06,-0.06
KXBTC-26AUG0709-B65150,1786106431280,sell,0.22,0.22
KXBTC-26AUG0709-B65150,1786106481203,sell,0.26,0.26
KXBTC-26AUG0709-B65150,1786106981116,sell,0.32,0.32
KXBTC-26AUG0709-B65150,1786107031513,buy,0.38,-0.38
KXBTC-26AUG0709-B65150,1786107081285,buy,0.25,-0.25
KXBTC-26AUG0709-B65150,1786107131509,sell,0.24,0.24
KXBTC-26AUG0709-B65150,1786107181196,buy,0.33,-0.33
KXBTC-26AUG0709-B65150,1786107231025,buy,0.18,-0.18
KXBTC-26AUG0709-B65150,1786107281159,buy,0.09,-0.09
KXBTC-26AUG0709-B65150,1786107331316,buy,0.05,-0.05
KXBTC-26AUG0709-B65150,1786107381135,sell,0.04,0.04
KXBTC-26AUG0709-B65150,1786107531317,buy,0.11,-0.11
KXBTC-26AUG0709-B65250,1786104588576,sell,0.1,-0.9
KXBTC-26AUG0709-B65250,1786106481875,sell,0.17,-0.83
KXBTC-26AUG0709-B65250,1786106581872,sell,0.2,-0.8
KXBTC-26AUG0709-B65250,1786106732052,sell,0.2,-0.8
KXBTC-26AUG0709-B65250,1786106882055,sell,0.29,-0.71
KXBTC-26AUG0709-B65250,1786106981858,buy,0.38,0.62
KXBTC-26AUG0709-B65250,1786107031821,sell,0.35,-0.65
KXBTC-26AUG0709-B65250,1786107231306,buy,0.49,0.51
KXBTC-26AUG0709-B65250,1786107281436,sell,0.46,-0.54
KXBTC-26AUG0709-B65250,1786107331614,buy,0.47,0.53
KXBTC-26AUG0709-B65250,1786107381419,sell,0.33,-0.6699999999999999
KXBTC-26AUG0710-B65050,1786109433409,sell,0.2,0.2
KXBTC-26AUG0710-B65050,1786109483447,buy,0.21,-0.21
KXBTC-26AUG0710-B65050,1786109583163,buy,0.16,-0.16
KXBTC-26AUG0710-B65050,1786109833550,sell,0.14,0.14
KXBTC-26AUG0710-B65050,1786109933459,buy,0.21,-0.21
KXBTC-26AUG0710-B65050,1786109983200,buy,0.18,-0.18
KXBTC-26AUG0710-B65050,1786110083120,sell,0.14,0.14
KXBTC-26AUG0710-B65050,1786110133292,buy,0.16,-0.16
KXBTC-26AUG0710-B65150,1786110183269,sell,0.18,0.18
KXBTC-26AUG0710-B65150,1786110383448,sell,0.22,0.22
KXBTC-26AUG0710-B65150,1786110583443,sell,0.28,0.28
KXBTC-26AUG0710-B65150,1786110683978,sell,0.3,0.3
KXBTC-26AUG0710-B65150,1786110982449,buy,0.32,-0.32
KXBTC-26AUG0710-B65150,1786111032651,buy,0.17,-0.17
KXBTC-26AUG0710-B65250,1786109833694,buy,0.21,-0.21
KXBTC-26AUG0710-B65250,1786109883653,buy,0.18,-0.18
KXBTC-26AUG0710-B65250,1786109933621,sell,0.17,0.17
KXBTC-26AUG0710-B65250,1786110583301,sell,0.15,0.15
KXBTC-26AUG0710-B65250,1786110733430,buy,0.24,-0.24
KXBTC-26AUG0710-B65250,1786110883148,buy,0.13,-0.13
KXBTC-26AUG0710-B65250,1786110982921,buy,0.05,-0.05
KXBTC-26AUG0710-B65350,1786108785080,sell,0.14,0.14
KXBTC-26AUG0710-B65350,1786110833214,buy,0.15,-0.15
KXBTC-26AUG0711-B64850,1786112835266,buy,0.1,-0.1
KXBTC-26AUG0711-B64850,1786114285531,sell,0.06,0.06
KXBTC-26AUG0711-B64850,1786114335336,sell,0.1,0.1
KXBTC-26AUG0711-B64850,1786114385445,buy,0.26,-0.26
KXBTC-26AUG0711-B64850,1786114435353,buy,0.12,-0.12
KXBTC-26AUG0711-B64850,1786114485476,sell,0.11,0.11
KXBTC-26AUG0711-B64850,1786114585750,buy,0.13,-0.13
KXBTC-26AUG0711-B64850,1786114635523,sell,0.1,0.1
KXBTC-26AUG0711-B64850,1786114735474,buy,0.14,-0.14
KXBTC-26AUG0711-B64950,1786111937954,buy,0.13,0.87
KXBTC-26AUG0711-B64950,1786112038242,sell,0.13,-0.87
KXBTC-26AUG0711-B65050,1786112338690,sell,0.12,0.12
KXBTC-26AUG0711-B65050,1786114585170,sell,0.19,0.19
KXBTC-26AUG0711-B65050,1786114634940,buy,0.3,-0.3
KXBTC-26AUG0711-B65050,1786114684877,buy,0.08,-0.08
KXBTC-26AUG0711-B65150,1786111942172,buy,0.06,-0.06
KXBTC-26AUG0711-B65150,1786113335213,sell,0.14,0.14
KXBTC-26AUG0711-B65150,1786113935534,sell,0.25,0.25
KXBTC-26AUG0711-B65150,1786114035185,sell,0.26,0.26
KXBTC-26AUG0711-B65150,1786114085445,sell,0.3,0.3
KXBTC-26AUG0711-B65150,1786114135269,buy,0.32,-0.32
KXBTC-26AUG0711-B65150,1786114185324,buy,0.29,-0.29
KXBTC-26AUG0711-B65150,1786114285385,buy,0.25,-0.25
KXBTC-26AUG0711-B65150,1786114335197,buy,0.14,-0.14
KXBTC-26AUG0711-B65150,1786114385307,sell,0.05,0.05
KXBTC-26AUG0711-B65150,1786114485332,buy,0.06,-0.06
KXBTC-26AUG0712-B64750,1786115388595,buy,0.14,-0.14
KXBTC-26AUG0712-B64950,1786117137792,sell,0.2,0.2
KXBTC-26AUG0712-B64950,1786117337680,sell,0.37,0.37
KXBTC-26AUG0712-B64950,1786117837912,sell,0.54,0.54
KXBTC-26AUG0712-B64950,1786117987702,sell,0.61,0.61
KXBTC-26AUG0712-B64950,1786118037747,buy,0.63,-0.63
KXBTC-26AUG0712-B64950,1786118187803,sell,0.47,0.47
KXBTC-26AUG0712-B64950,1786118238366,sell,0.56,0.56
KXBTC-26AUG0712-B64950,1786118288477,buy,0.6,-0.6
KXBTC-26AUG0712-B64950,1786118337991,buy,0.44,-0.44
KXBTC-26AUG0712-B65050,1786117737967,sell,0.16,0.16
KXBTC-26AUG0712-B65050,1786117937954,buy,0.21,-0.21
KXBTC-26AUG0712-B65050,1786117987849,buy,0.17,-0.17
KXBTC-26AUG0712-B65050,1786118037890,buy,0.06,-0.06
KXBTC-26AUG0713-B64750,1786119443311,sell,0.07,-0.9299999999999999
KXBTC-26AUG0713-B64750,1786121196784,buy,0.09,0.91
KXBTC-26AUG0713-B64750,1786121246610,sell,0.07,-0.9299999999999999
KXBTC-26AUG0713-B64750,1786121296651,sell,0.11,-0.89
KXBTC-26AUG0713-B64750,1786121346747,buy,0.13,0.87
KXBTC-26AUG0713-B64750,1786121396466,buy,0.09,0.91
KXBTC-26AUG0713-B64750,1786121546055,sell,0.06,-0.94
KXBTC-26AUG0713-B64750,1786121595771,sell,0.11,-0.89
KXBTC-26AUG0713-B64750,1786121695905,sell,0.15,-0.85
KXBTC-26AUG0713-B64750,1786121746072,sell,0.21,-0.79
KXBTC-26AUG0713-B64750,1786121796078,sell,0.3,-0.7
KXBTC-26AUG0713-B64750,1786121846103,buy,0.32,0.6799999999999999
KXBTC-26AUG0713-B64750,1786121896078,sell,0.25,-0.75
KXBTC-26AUG0713-B64850,1786119442861,sell,0.18,0.18
KXBTC-26AUG0713-B64950,1786119193058,sell,0.27,0.27
KXBTC-26AUG0713-B64950,1786119242991,buy,0.29,-0.29
KXBTC-26AUG0713-B64950,1786119846829,buy,0.29,-0.29
KXBTC-26AUG0713-B64950,1786120047294,buy,0.25,-0.25
KXBTC-26AUG0713-B64950,1786120096598,sell,0.23,0.23
KXBTC-26AUG0713-B64950,1786120396492,sell,0.25,0.25
KXBTC-26AUG0713-B64950,1786120446527,sell,0.32,0.32
KXBTC-26AUG0713-B64950,1786120546399,sell,0.35,0.35
KXBTC-26AUG0713-B64950,1786120746453,sell,0.34,0.34
KXBTC-26AUG0713-B64950,1786120846528,sell,0.38,0.38
KXBTC-26AUG0713-B64950,1786120996455,sell,0.4,0.4
KXBTC-26AUG0713-B64950,1786121096318,buy,0.46,-0.46
KXBTC-26AUG0713-B64950,1786121146556,buy,0.41,-0.41
KXBTC-26AUG0713-B64950,1786121196492,sell,0.39,0.39
KXBTC-26AUG0713-B64950,1786121246334,buy,0.42,-0.42
KXBTC-26AUG0713-B64950,1786121296358,buy,0.3,-0.3
KXBTC-26AUG0713-B64950,1786121396184,sell,0.28,0.28
KXBTC-26AUG0713-B64950,1786121446380,sell,0.38,0.38
KXBTC-26AUG0713-B64950,1786121496534,buy,0.44,-0.44
KXBTC-26AUG0713-B64950,1786121546850,buy,0.36,-0.36
KXBTC-26AUG0713-B64950,1786121596504,buy,0.18,-0.18
KXBTC-26AUG0713-B64950,1786121696574,buy,0.07,-0.07
KXBTC-26AUG0713-B65050,1786119442716,buy,0.26,-0.26
KXBTC-26AUG0713-B65150,1786119243630,sell,0.13,0.13
KXBTC-26AUG0713-B65150,1786119343477,buy,0.14,-0.14
KXBTC-26AUG0713-B65150,1786119443166,buy,0.13,-0.13
KXBTC-26AUG0714-B64450,1786122800400,sell,0.07,0.07
KXBTC-26AUG0714-B64450,1786122950808,sell,0.11,0.11
KXBTC-26AUG0714-B64450,1786123000470,buy,0.12,-0.12
KXBTC-26AUG0714-B64450,1786123302137,sell,0.09,0.09
KXBTC-26AUG0714-B64650,1786122797294,sell,0.24,0.24
KXBTC-26AUG0714-B64650,1786123946555,buy,0.18,-0.18
KXBTC-26AUG0714-B64650,1786123996781,buy,0.15,-0.15
KXBTC-26AUG0714-B64650,1786124046533,sell,0.14,0.14
KXBTC-26AUG0714-B64650,1786124146503,buy,0.2,-0.2
KXBTC-26AUG0714-B64650,1786124246528,sell,0.18,0.18
KXBTC-26AUG0714-B64650,1786124347156,sell,0.31,0.31
KXBTC-26AUG0714-B64650,1786124396388,sell,0.35,0.35
KXBTC-26AUG0714-B64650,1786124446677,sell,0.39,0.39
KXBTC-26AUG0714-B64650,1786124696442,sell,0.49,0.49
KXBTC-26AUG0714-B64650,1786125046863,sell,0.54,0.54
KXBTC-26AUG0714-B64650,1786125346975,buy,0.66,-0.66
KXBTC-26AUG0714-B64650,1786125396426,buy,0.61,-0.61
KXBTC-26AUG0714-B64650,1786125446618,sell,0.47,0.47
KXBTC-26AUG0714-B64650,1786125496541,buy,0.63,-0.63
KXBTC-26AUG0714-B64650,1786125546601,buy,0.42,-0.42
KXBTC-26AUG0714-B64750,1786122797738,buy,0.25,0.75
KXBTC-26AUG0714-B64750,1786122948092,buy,0.21,0.79
KXBTC-26AUG0714-B64750,1786123299459,buy,0.22,0.78
KXBTC-26AUG0714-B64750,1786124046824,buy,0.14,0.86
KXBTC-26AUG0714-B64750,1786124246813,sell,0.05,-0.95
KXBTC-26AUG0714-B64750,1786124546563,sell,0.15,-0.85
KXBTC-26AUG0714-B64750,1786124746980,sell,0.17,-0.83
KXBTC-26AUG0714-B64750,1786124846928,buy,0.25,0.75
KXBTC-26AUG0714-B64750,1786124896871,buy,0.16,0.84
KXBTC-26AUG0714-B64750,1786124947485,buy,0.11,0.89
KXBTC-26AUG0714-B64750,1786125047010,sell,0.08,-0.92
KXBTC-26AUG0714-B64750,1786125096781,buy,0.25,0.75
KXBTC-26AUG0714-B64750,1786125146853,buy,0.21,0.79
KXBTC-26AUG0714-B64750,1786125296747,sell,0.08,-0.92
KXBTC-26AUG0714-B64750,1786125346618,sell,0.28,-0.72
KXBTC-26AUG0714-B64750,1786125396142,sell,0.36,-0.64
KXBTC-26AUG0714-B64750,1786125446329,buy,0.53,0.47
KXBTC-26AUG0714-B64750,1786125496238,sell,0.35,-0.65
KXBTC-26AUG0714-B64750,1786125546306,sell,0.58,-0.42000000000000004
KXBTC-26AUG0715-B64550,1786128497001,sell,0.06,0.06
KXBTC-26AUG0715-B64550,1786128746835,sell,0.1,0.1
KXBTC-26AUG0715-B64550,1786128946862,buy,0.09,-0.09
KXBTC-26AUG0715-B64650,1786126497967,sell,0.12,-0.88
KXBTC-26AUG0715-B64650,1786127846951,sell,0.16,-0.84
KXBTC-26AUG0715-B64650,1786127896811,sell,0.26,-0.74
KXBTC-26AUG0715-B64650,1786127947640,sell,0.31,-0.69
KXBTC-26AUG0715-B64650,1786127996789,sell,0.35,-0.65
KXBTC-26AUG0715-B64650,1786128097084,buy,0.35,0.65
KXBTC-26AUG0715-B64650,1786128146490,sell,0.23,-0.77
KXBTC-26AUG0715-B64650,1786128346696,buy,0.48,0.52
KXBTC-26AUG0715-B64650,1786128396739,sell,0.45,-0.55
KXBTC-26AUG0715-B64750,1786126498252,sell,0.27,0.27
KXBTC-26AUG0715-B64950,1786126499095,buy,0.17,-0.17
KXBTC-26AUG0716-B64750,1786130048506,sell,0.31,0.31
KXBTC-26AUG0716-B64750,1786130098281,buy,0.33,-0.33
KXBTC-26AUG0716-B64750,1786131646986,buy,0.23,-0.23
KXBTC-26AUG0716-B64850,1786130149328,sell,0.3,0.3
KXBTC-26AUG0716-B64850,1786130199213,sell,0.33,0.33
KXBTC-26AUG0716-B64850,1786131196261,buy,0.32,-0.32
KXBTC-26AUG0716-B64850,1786131246541,sell,0.27,0.27
KXBTC-26AUG0716-B64850,1786131296467,buy,0.31,-0.31
KXBTC-26AUG0716-B64850,1786131396499,buy,0.22,-0.22
KXBTC-26AUG0716-B64850,1786131496862,sell,0.21,0.21
KXBTC-26AUG0716-B64850,1786131546831,sell,0.33,0.33
KXBTC-26AUG0716-B64850,1786131596652,buy,0.35,-0.35
KXBTC-26AUG0716-B64850,1786131646564,buy,0.2,-0.2
KXBTC-26AUG0716-B64850,1786131746278,sell,0.19,0.19
KXBTC-26AUG0716-B64850,1786131946408,buy,0.25,-0.25
KXBTC-26AUG0716-B64850,1786132146977,sell,0.18,0.18
KXBTC-26AUG0716-B64850,1786132246435,buy,0.25,-0.25
KXBTC-26AUG0716-B64850,1786132296274,sell,0.19,0.19
KXBTC-26AUG0716-B64850,1786132496448,sell,0.32,0.32
KXBTC-26AUG0716-B64850,1786132546448,buy,0.33,-0.33
KXBTC-26AUG0716-B64850,1786132596670,buy,0.27,-0.27
KXBTC-26AUG0716-B64950,1786130049960,buy,0.14,0.86
KXBTC-26AUG0716-B64950,1786130150065,sell,0.14,-0.86
KXBTC-26AUG0718-B64850,1786137355263,sell,0.16,0.16
KXBTC-26AUG0718-B64850,1786137455279,sell,0.21,0.21
KXBTC-26AUG0718-B64850,1786137855346,buy,0.29,-0.29
KXBTC-26AUG0718-B64850,1786138203538,buy,0.16,-0.16
KXBTC-26AUG0718-B64850,1786139603419,sell,0.13,0.13
KXBTC-26AUG0718-B64850,1786139803259,sell,0.18,0.18
KXBTC-26AUG0718-B64850,1786139853238,buy,0.31,-0.31
KXBTC-26AUG0718-B64850,1786139903277,buy,0.11,-0.11
KXBTC-26AUG0718-B64950,1786136905573,sell,0.45,-0.55
KXBTC-26AUG0718-B64950,1786136955603,sell,0.47,-0.53
KXBTC-26AUG0718-B64950,1786137005881,buy,0.49,0.51
KXBTC-26AUG0718-B64950,1786137155323,buy,0.46,0.54
KXBTC-26AUG0718-B64950,1786138203207,sell,0.56,-0.43999999999999995
KXBTC-26AUG0718-B64950,1786138302905,buy,0.57,0.43000000000000005
KXBTC-26AUG0718-B64950,1786138402964,sell,0.54,-0.45999999999999996
KXBTC-26AUG0718-B64950,1786138503097,buy,0.58,0.42000000000000004
KXBTC-26AUG0718-B64950,1786138603015,sell,0.55,-0.44999999999999996
KXBTC-26AUG0718-B64950,1786138852994,buy,0.56,0.43999999999999995
KXBTC-26AUG0718-B64950,1786138902926,buy,0.51,0.49
KXBTC-26AUG0718-B64950,1786138952993,buy,0.3,0.7
KXBTC-26AUG0718-B64950,1786139053032,sell,0.31,-0.69
KXBTC-26AUG0718-B64950,1786139103221,buy,0.34,0.6599999999999999
KXBTC-26AUG0718-B64950,1786139152970,sell,0.31,-0.69
KXBTC-26AUG0718-B64950,1786139253004,sell,0.52,-0.48
KXBTC-26AUG0718-B64950,1786139302958,sell,0.7,-0.30000000000000004
KXBTC-26AUG0718-B64950,1786139353010,sell,0.73,-0.27
KXBTC-26AUG0718-B64950,1786139453088,sell,0.78,-0.21999999999999997
KXBTC-26AUG0718-B64950,1786139502993,sell,0.8,-0.19999999999999996
KXBTC-26AUG0718-B64950,1786139552899,sell,0.86,-0.14
KXBTC-26AUG0718-B64950,1786139603142,buy,0.89,0.10999999999999999
KXBTC-26AUG0718-B64950,1786139703270,buy,0.83,0.17000000000000004
KXBTC-26AUG0718-B64950,1786139802975,buy,0.81,0.18999999999999995
KXBTC-26AUG0718-B64950,1786139852938,sell,0.66,-0.33999999999999997
KXBTC-26AUG0718-B65050,1786137156049,sell,0.26,0.26
KXBTC-26AUG0718-B65050,1786137206006,buy,0.31,-0.31
KXBTC-26AUG0718-B65050,1786137355544,buy,0.26,-0.26
KXBTC-26AUG0718-B65050,1786137455563,buy,0.2,-0.2
KXBTC-26AUG0718-B65050,1786137805565,buy,0.15,-0.15
KXBTC-26AUG0718-B65050,1786137855634,sell,0.13,0.13
KXBTC-26AUG0718-B65050,1786138303338,sell,0.28,0.28
KXBTC-26AUG0718-B65050,1786138403396,buy,0.28,-0.28
KXBTC-26AUG0718-B65050,1786138503589,sell,0.26,0.26
KXBTC-26AUG0718-B65050,1786138603451,buy,0.32,-0.32
KXBTC-26AUG0718-B65050,1786138753337,sell,0.24,0.24
KXBTC-26AUG0718-B65050,1786138853431,sell,0.32,0.32
KXBTC-26AUG0718-B65050,1786138953426,sell,0.49,0.49
KXBTC-26AUG0718-B65050,1786139053491,buy,0.5,-0.5
KXBTC-26AUG0718-B65050,1786139153411,buy,0.43,-0.43
KXBTC-26AUG0718-B65050,1786139253144,buy,0.39,-0.39
KXBTC-26AUG0718-B65150,1786137162233,sell,0.06,0.06
KXBTC-26AUG0718-B65150,1786138904087,sell,0.04,0.04
KXBTC-26AUG0718-B65150,1786138954157,sell,0.11,0.11
KXBTC-26AUG0718-B65150,1786139203409,buy,0.05,-0.05
KXBTC-26AUG0719-B64750,1786141203647,sell,0.08,0.08
KXBTC-26AUG0719-B64750,1786141953424,sell,0.08,0.08
KXBTC-26AUG0719-B64750,1786142053672,sell,0.12,0.12
KXBTC-26AUG0719-B64750,1786142303515,sell,0.15,0.15
KXBTC-26AUG0719-B64750,1786142503383,sell,0.16,0.16
KXBTC-26AUG0719-B64750,1786142703612,buy,0.13,-0.13
KXBTC-26AUG0719-B64850,1786141055553,buy,0.32,0.6799999999999999
KXBTC-26AUG0719-B64850,1786141203497,sell,0.36,-0.64
KXBTC-26AUG0719-B64850,1786141503374,buy,0.48,0.52
KXBTC-26AUG0719-B64850,1786141953144,sell,0.48,-0.52
KXBTC-26AUG0719-B64850,1786142153833,sell,0.64,-0.36
KXBTC-26AUG0719-B64850,1786142303220,buy,0.66,0.33999999999999997
KXBTC-26AUG0719-B64850,1786142552985,sell,0.71,-0.29000000000000004
KXBTC-26AUG0719-B64850,1786143202947,buy,0.83,0.17000000000000004
KXBTC-26AUG0719-B64850,1786143303164,sell,0.79,-0.20999999999999996
KXBTC-26AUG0719-B64950,1786141055414,sell,0.47,0.47
KXBTC-26AUG0719-B64950,1786141153077,buy,0.5,-0.5
KXBTC-26AUG0719-B64950,1786141203181,buy,0.45,-0.45
KXBTC-26AUG0719-B64950,1786141503075,sell,0.33,0.33
KXBTC-26AUG0719-B64950,1786141953012,buy,0.4,-0.4
KXBTC-26AUG0719-B64950,1786142002996,sell,0.21,0.21
KXBTC-26AUG0719-B64950,1786142053231,buy,0.23,-0.23
KXBTC-26AUG0719-B64950,1786142153690,buy,0.17,-0.17
KXBTC-26AUG0719-B64950,1786142502953,buy,0.08,-0.08
KXBTC-26AUG0719-B64950,1786142552846,sell,0.05,0.05
KXBTC-26AUG0719-B64950,1786142902851,sell,0.12,0.12
KXBTC-26AUG0719-B64950,1786143202818,sell,0.14,0.14
KXBTC-26AUG0719-B64950,1786143303009,buy,0.21,-0.21
KXBTC-26AUG0720-B64750,1786144805775,sell,0.16,0.16
KXBTC-26AUG0720-B64850,1786144852891,sell,0.62,-0.38
KXBTC-26AUG0720-B64850,1786145902927,sell,0.77,-0.22999999999999998
KXBTC-26AUG0720-B64850,1786146403225,buy,0.81,0.18999999999999995
KXBTC-26AUG0720-B64850,1786146452878,sell,0.75,-0.25
KXBTC-26AUG0720-B64850,1786147102831,sell,0.92,-0.07999999999999996
KXBTC-26AUG0720-B64850,1786147153123,sell,0.97,-0.030000000000000027
KXBTC-26AUG0720-B64950,1786146003582,sell,0.12,0.12
KXBTC-26AUG0720-B64950,1786146403519,sell,0.18,0.18
KXBTC-26AUG0720-B64950,1786147102970,buy,0.09,-0.09
KXBTC-26AUG0721-B64750,1786148256612,sell,0.11,0.11
KXBTC-26AUG0721-B64750,1786148356515,sell,0.18,0.18
KXBTC-26AUG0721-B64750,1786148407023,sell,0.28,0.28
KXBTC-26AUG0721-B64750,1786148506353,buy,0.33,-0.33
KXBTC-26AUG0721-B64750,1786148556327,buy,0.28,-0.28
KXBTC-26AUG0721-B64750,1786148904545,buy,0.16,-0.16
KXBTC-26AUG0721-B64750,1786149154445,sell,0.11,0.11
KXBTC-26AUG0721-B64750,1786149204264,buy,0.12,-0.12
KXBTC-26AUG0721-B64750,1786149254479,buy,0.1,-0.1
KXBTC-26AUG0721-B64750,1786149604878,buy,0.06,-0.06
KXBTC-26AUG0721-B64750,1786149704128,sell,0.05,0.05
KXBTC-26AUG0721-B64750,1786149904588,buy,0.06,-0.06
KXBTC-26AUG0721-B64850,1786147506609,buy,0.52,0.48
KXBTC-26AUG0721-B64850,1786147555354,buy,0.35,0.65
KXBTC-26AUG0721-B64850,1786147655181,buy,0.32,0.6799999999999999
KXBTC-26AUG0721-B64850,1786147755417,sell,0.27,-0.73
KXBTC-26AUG0721-B64850,1786147805942,sell,0.43,-0.5700000000000001
KXBTC-26AUG0721-B64850,1786148106930,sell,0.58,-0.42000000000000004
KXBTC-26AUG0721-B64850,1786148356236,buy,0.63,0.37
KXBTC-26AUG0721-B64850,1786148406719,buy,0.57,0.43000000000000005
KXBTC-26AUG0721-B64850,1786148506099,sell,0.52,-0.48
KXBTC-26AUG0721-B64850,1786148556043,sell,0.55,-0.44999999999999996
KXBTC-26AUG0721-B64850,1786149604565,buy,0.76,0.24
KXBTC-26AUG0721-B64850,1786149703851,sell,0.75,-0.25
KXBTC-26AUG0721-B64850,1786149904281,buy,0.8,0.19999999999999996
KXBTC-26AUG0721-B64850,1786150204813,sell,0.77,-0.22999999999999998
KXBTC-26AUG0721-B64850,1786150354024,sell,0.9,-0.09999999999999998
KXBTC-26AUG0721-B64950,1786147507212,sell,0.33,0.33
KXBTC-26AUG0721-B64950,1786147655735,sell,0.48,0.48
KXBTC-26AUG0721-B64950,1786147755992,buy,0.58,-0.58
KXBTC-26AUG0721-B64950,1786147806534,buy,0.4,-0.4
KXBTC-26AUG0721-B64950,1786148107073,buy,0.25,-0.25
KXBTC-26AUG0721-B64950,1786148256466,buy,0.18,-0.18
KXBTC-26AUG0721-B64950,1786148954713,sell,0.11,0.11
KXBTC-26AUG0721-B64950,1786149154305,buy,0.14,-0.14
KXBTC-26AUG0721-B64950,1786149204119,sell,0.11,0.11
KXBTC-26AUG0721-B64950,1786149304653,buy,0.15,-0.15
KXBTC-26AUG0721-B64950,1786149604724,sell,0.11,0.11
KXBTC-26AUG0721-B64950,1786149703992,buy,0.16,-0.16
KXBTC-26AUG0721-B64950,1786149904433,sell,0.1,0.1
KXBTC-26AUG0721-B64950,1786150204962,buy,0.16,-0.16
KXBTC-26AUG0721-B64950,1786150654280,buy,0.06,-0.06
KXBTC-26AUG0721-B64950,1786150704135,buy,0.03,-0.03
KXBTC-26AUG0722-B64750,1786151508837,buy,0.08,-0.08
KXBTC-26AUG0722-B64850,1786151307006,buy,0.56,0.43999999999999995
KXBTC-26AUG0722-B64850,1786151507410,buy,0.53,0.47
KXBTC-26AUG0722-B64850,1786151557687,sell,0.26,-0.74
KXBTC-26AUG0722-B64850,1786151757405,sell,0.32,-0.6799999999999999
KXBTC-26AUG0722-B64850,1786151807197,sell,0.4,-0.6
KXBTC-26AUG0722-B64850,1786151854258,buy,0.51,0.49
KXBTC-26AUG0722-B64850,1786151904249,buy,0.42,0.5800000000000001
KXBTC-26AUG0722-B64850,1786152005202,sell,0.4,-0.6
KXBTC-26AUG0722-B64850,1786152104398,sell,0.45,-0.55
KXBTC-26AUG0722-B64850,1786152604793,sell,0.56,-0.43999999999999995
KXBTC-26AUG0722-B64850,1786152804527,buy,0.64,0.36
KXBTC-26AUG0722-B64850,1786152854508,buy,0.57,0.43000000000000005
KXBTC-26AUG0722-B64850,1786152904751,buy,0.55,0.44999999999999996
KXBTC-26AUG0722-B64850,1786153104529,sell,0.49,-0.51
KXBTC-26AUG0722-B64850,1786153154392,sell,0.54,-0.45999999999999996
KXBTC-26AUG0722-B64850,1786153204985,buy,0.55,0.44999999999999996
KXBTC-26AUG0722-B64850,1786153304187,sell,0.52,-0.48
KXBTC-26AUG0722-B64850,1786153354472,buy,0.53,0.47
KXBTC-26AUG0722-B64850,1786153504859,sell,0.46,-0.54
KXBTC-26AUG0722-B64850,1786153554936,sell,0.61,-0.39
KXBTC-26AUG0722-B64850,1786153754308,buy,0.72,0.28
KXBTC-26AUG0722-B64850,1786154004486,sell,0.74,-0.26
KXBTC-26AUG0722-B64850,1786154105044,sell,0.85,-0.15000000000000002
KXBTC-26AUG0722-B64850,1786154304561,buy,0.95,0.050000000000000044
KXBTC-26AUG0722-B64850,1786154354748,sell,0.92,-0.07999999999999996
KXBTC-26AUG0722-B64950,1786151307506,sell,0.29,0.29
KXBTC-26AUG0722-B64950,1786151507854,sell,0.34,0.34
KXBTC-26AUG0722-B64950,1786151558210,buy,0.56,-0.56
KXBTC-26AUG0722-B64950,1786151757828,buy,0.52,-0.52
KXBTC-26AUG0722-B64950,1786151807627,buy,0.4,-0.4
KXBTC-26AUG0722-B64950,1786151854682,sell,0.37,0.37
KXBTC-26AUG0722-B64950,1786151904661,sell,0.46,0.46
KXBTC-26AUG0722-B64950,1786152005671,buy,0.46,-0.46
KXBTC-26AUG0722-B64950,1786152104832,buy,0.42,-0.42
KXBTC-26AUG0722-B64950,1786152605113,buy,0.38,-0.38
KXBTC-26AUG0722-B64950,1786152804816,sell,0.3,0.3
KXBTC-26AUG0722-B64950,1786152854803,sell,0.34,0.34
KXBTC-26AUG0722-B64950,1786153004647,sell,0.44,0.44
KXBTC-26AUG0722-B64950,1786153254486,sell,0.42,0.42
KXBTC-26AUG0722-B64950,1786153304460,buy,0.43,-0.43
KXBTC-26AUG0722-B64950,1786153354762,sell,0.39,0.39
KXBTC-26AUG0722-B64950,1786153505150,buy,0.48,-0.48
KXBTC-26AUG0722-B64950,1786153555219,buy,0.28,-0.28
KXBTC-26AUG0722-B64950,1786153604621,buy,0.23,-0.23
KXBTC-26AUG0722-B64950,1786153754597,sell,0.22,0.22
KXBTC-26AUG0722-B64950,1786154004631,buy,0.26,-0.26
KXBTC-26AUG0722-B64950,1786154105199,buy,0.12,-0.12
KXBTC-26AUG0722-B64950,1786154304703,sell,0.05,0.05
KXBTC-26AUG0722-B65050,1786151508981,sell,0.06,0.06
KXBTC-26AUG0723-B64750,1786155857412,buy,0.08,-0.08
KXBTC-26AUG0723-B64850,1786155608346,buy,0.69,0.31000000000000005
KXBTC-26AUG0723-B64850,1786155907226,buy,0.66,0.33999999999999997
KXBTC-26AUG0723-B64850,1786156106423,buy,0.62,0.38
KXBTC-26AUG0723-B64850,1786156156417,buy,0.6,0.4
KXBTC-26AUG0723-B64850,1786156256759,buy,0.5,0.5
KXBTC-26AUG0723-B64850,1786156507146,sell,0.35,-0.65
KXBTC-26AUG0723-B64850,1786156556431,buy,0.68,0.31999999999999995
KXBTC-26AUG0723-B64850,1786156756415,sell,0.58,-0.42000000000000004
KXBTC-26AUG0723-B64850,1786156956446,buy,0.71,0.29000000000000004
KXBTC-26AUG0723-B64850,1786157456640,sell,0.73,-0.27
KXBTC-26AUG0723-B64850,1786157506481,sell,0.82,-0.18000000000000005
KXBTC-26AUG0723-B64850,1786157706716,sell,0.78,-0.21999999999999997
KXBTC-26AUG0723-B64850,1786157756344,sell,0.86,-0.14
KXBTC-26AUG0723-B64850,1786157806495,sell,0.94,-0.06000000000000005
KXBTC-26AUG0723-B64850,1786157956454,sell,0.96,-0.040000000000000036
KXBTC-26AUG0723-B64950,1786155608836,sell,0.19,0.19
KXBTC-26AUG0723-B64950,1786155907522,sell,0.25,0.25
KXBTC-26AUG0723-B64950,1786156156687,sell,0.36,0.36
KXBTC-26AUG0723-B64950,1786156257057,sell,0.47,0.47
KXBTC-26AUG0723-B64950,1786156356600,buy,0.64,-0.64
KXBTC-26AUG0723-B64950,1786156456658,buy,0.62,-0.62
KXBTC-26AUG0723-B64950,1786156507320,buy,0.6,-0.6
KXBTC-26AUG0723-B64950,1786156556578,sell,0.28,0.28
KXBTC-26AUG0723-B64950,1786156756582,buy,0.39,-0.39
KXBTC-26AUG0723-B64950,1786157407255,sell,0.23,0.23
KXBTC-26AUG0723-B64950,1786157456487,buy,0.25,-0.25
KXBTC-26AUG0723-B64950,1786157506338,buy,0.19,-0.19
KXBTC-26AUG0723-B64950,1786157556671,sell,0.13,0.13
KXBTC-26AUG0723-B64950,1786157656469,sell,0.17,0.17
KXBTC-26AUG0723-B64950,1786157706864,buy,0.18,-0.18
KXBTC-26AUG0723-B64950,1786157756485,buy,0.13,-0.13
KXBTC-26AUG0723-B64950,1786157806639,buy,0.05,-0.05
KXBTC-26AUG0723-B64950,1786157906441,sell,0.02,0.02
KXBTC-26AUG0800-B64850,1786158310409,buy,0.59,-0.59
KXBTC-26AUG0800-B64850,1786158610055,sell,0.43,0.43
KXBTC-26AUG0800-B64850,1786158909652,sell,0.45,0.45
KXBTC-26AUG0800-B64850,1786159009259,buy,0.45,-0.45
KXBTC-26AUG0800-B64850,1786159061431,buy,0.32,-0.32
KXBTC-26AUG0800-B64850,1786159128156,buy,0.24,-0.24
KXBTC-26AUG0800-B64950,1786158309954,sell,0.31,-0.69
KXBTC-26AUG0800-B64950,1786158910108,buy,0.48,0.52
KXBTC-26AUG0800-B64950,1786159009686,sell,0.48,-0.52
KXBTC-26AUG0800-B64950,1786159061917,sell,0.6,-0.4
KXBTC-26AUG0800-B64950,1786159458650,buy,0.64,0.36
KXBTC-26AUG0800-B64950,1786159506355,sell,0.62,-0.38
KXBTC-26AUG0800-B64950,1786159606209,buy,0.65,0.35
KXBTC-26AUG0800-B64950,1786159656109,sell,0.42,-0.5800000000000001
KXBTC-26AUG0800-B64950,1786160006205,buy,0.5,0.5
KXBTC-26AUG0800-B64950,1786160106420,buy,0.32,0.6799999999999999
KXBTC-26AUG0800-B64950,1786160156193,buy,0.26,0.74
KXBTC-26AUG0800-B64950,1786160206029,sell,0.25,-0.75
KXBTC-26AUG0800-B64950,1786160256199,sell,0.44,-0.56
KXBTC-26AUG0800-B64950,1786160305959,sell,0.56,-0.43999999999999995
KXBTC-26AUG0800-B64950,1786160456072,sell,0.69,-0.31000000000000005
KXBTC-26AUG0800-B64950,1786160906512,sell,0.78,-0.21999999999999997
KXBTC-26AUG0800-B64950,1786160956100,buy,0.79,0.20999999999999996
KXBTC-26AUG0800-B64950,1786161006719,sell,0.57,-0.43000000000000005
KXBTC-26AUG0800-B64950,1786161206064,sell,0.82,-0.18000000000000005
KXBTC-26AUG0800-B64950,1786161506495,buy,0.96,0.040000000000000036
KXBTC-26AUG0800-B65050,1786159256476,sell,0.15,0.15
KXBTC-26AUG0800-B65050,1786159606634,sell,0.21,0.21
KXBTC-26AUG0800-B65050,1786159656526,buy,0.44,-0.44
KXBTC-26AUG0800-B65050,1786160006641,sell,0.43,0.43
KXBTC-26AUG0800-B65050,1786160106861,sell,0.58,0.58
KXBTC-26AUG0800-B65050,1786160156332,sell,0.63,0.63
KXBTC-26AUG0800-B65050,1786160206171,buy,0.66,-0.66
KXBTC-26AUG0800-B65050,1786160256348,buy,0.46,-0.46
KXBTC-26AUG0800-B65050,1786160306101,buy,0.32,-0.32
KXBTC-26AUG0800-B65050,1786160456213,buy,0.22,-0.22
KXBTC-26AUG0800-B65050,1786160506313,sell,0.15,0.15
KXBTC-26AUG0800-B65050,1786160556356,sell,0.18,0.18
KXBTC-26AUG0800-B65050,1786160956249,sell,0.19,0.19
KXBTC-26AUG0800-B65050,1786161006871,buy,0.39,-0.39
KXBTC-26AUG0800-B65050,1786161106214,buy,0.24,-0.24
KXBTC-26AUG0800-B65050,1786161206206,buy,0.15,-0.15
KXBTC-26AUG0800-B65050,1786161256259,buy,0.05,-0.05
KXBTC-26AUG0800-B65050,1786161306819,sell,0.03,0.03
KXBTC-26AUG0800-B65050,1786161406362,buy,0.08,-0.08
KXBTC-26AUG0800-B65050,1786161506634,sell,0.06,0.06
KXBTC-26AUG0801-B64850,1786162110844,sell,0.16,0.16
KXBTC-26AUG0801-B64850,1786162410741,buy,0.21,-0.21
KXBTC-26AUG0801-B64850,1786163310047,buy,0.15,-0.15
KXBTC-26AUG0801-B64950,1786162108865,sell,0.55,-0.44999999999999996
KXBTC-26AUG0801-B64950,1786162408612,sell,0.54,-0.45999999999999996
KXBTC-26AUG0801-B64950,1786162559071,buy,0.56,0.43999999999999995
KXBTC-26AUG0801-B64950,1786162609274,sell,0.55,-0.44999999999999996
KXBTC-26AUG0801-B64950,1786163608599,buy,0.67,0.32999999999999996
KXBTC-26AUG0801-B64950,1786163658662,sell,0.48,-0.52
KXBTC-26AUG0801-B64950,1786163858629,buy,0.61,0.39
KXBTC-26AUG0801-B64950,1786164008809,buy,0.56,0.43999999999999995
KXBTC-26AUG0801-B64950,1786164058464,buy,0.32,0.6799999999999999
KXBTC-26AUG0801-B64950,1786164108530,buy,0.28,0.72
KXBTC-26AUG0801-B64950,1786164158482,sell,0.27,-0.73
KXBTC-26AUG0801-B64950,1786164208404,sell,0.3,-0.7
KXBTC-26AUG0801-B64950,1786164308883,buy,0.48,0.52
KXBTC-26AUG0801-B64950,1786164358517,sell,0.41,-0.5900000000000001
KXBTC-26AUG0801-B64950,1786164558474,sell,0.46,-0.54
KXBTC-26AUG0801-B64950,1786164609055,sell,0.63,-0.37
KXBTC-26AUG0801-B64950,1786164658539,buy,0.64,0.36
KXBTC-26AUG0801-B64950,1786164708413,sell,0.61,-0.39
KXBTC-26AUG0801-B65050,1786162109297,buy,0.2,-0.2
KXBTC-26AUG0801-B65050,1786162409058,sell,0.15,0.15
KXBTC-26AUG0801-B65050,1786163158392,sell,0.16,0.16
KXBTC-26AUG0801-B65050,1786163608728,sell,0.23,0.23
KXBTC-26AUG0801-B65050,1786163658811,buy,0.43,-0.43
KXBTC-26AUG0801-B65050,1786163858772,sell,0.33,0.33
KXBTC-26AUG0801-B65050,1786164008960,sell,0.39,0.39
KXBTC-26AUG0801-B65050,1786164058601,sell,0.59,0.59
KXBTC-26AUG0801-B65050,1786164208550,buy,0.62,-0.62
KXBTC-26AUG0801-B65050,1786164309033,sell,0.46,0.46
KXBTC-26AUG0801-B65050,1786164358702,buy,0.53,-0.53
KXBTC-26AUG0801-B65050,1786164558628,buy,0.47,-0.47
KXBTC-26AUG0801-B65050,1786164658677,sell,0.32,0.32
KXBTC-26AUG0801-B65050,1786164708557,buy,0.36,-0.36
KXBTC-26AUG0802-B64950,1786166659009,buy,0.62,0.38
KXBTC-26AUG0802-B64950,1786167059144,buy,0.63,0.37
KXBTC-26AUG0802-B64950,1786167108645,sell,0.62,-0.38
KXBTC-26AUG0802-B64950,1786167158678,sell,0.66,-0.33999999999999997
KXBTC-26AUG0802-B64950,1786167258774,buy,0.66,0.33999999999999997
KXBTC-26AUG0802-B64950,1786167358535,sell,0.65,-0.35
KXBTC-26AUG0802-B64950,1786167609198,sell,0.68,-0.31999999999999995
KXBTC-26AUG0802-B64950,1786167708526,sell,0.73,-0.27
KXBTC-26AUG0802-B64950,1786167958469,sell,0.79,-0.20999999999999996
KXBTC-26AUG0802-B64950,1786168008424,sell,0.83,-0.17000000000000004
KXBTC-26AUG0802-B65050,1786166659289,sell,0.3,0.3
KXBTC-26AUG0802-B65050,1786167259206,sell,0.22,0.22
KXBTC-26AUG0802-B65050,1786167858703,buy,0.16,-0.16
KXBTC-26AUG0802-B65050,1786167909236,sell,0.13,0.13
KXBTC-26AUG0802-B65050,1786167958750,buy,0.14,-0.14
KXBTC-26AUG0803-B64850,1786169167059,sell,0.11,0.11
KXBTC-26AUG0803-B64850,1786170708717,sell,0.11,0.11
KXBTC-26AUG0803-B64850,1786170758834,buy,0.14,-0.14
KXBTC-26AUG0803-B64850,1786171458488,sell,0.07,0.07
KXBTC-26AUG0803-B64850,1786171509149,buy,0.16,-0.16
KXBTC-26AUG0803-B64950,1786171458774,buy,0.86,0.14
KXBTC-26AUG0803-B64950,1786171509451,sell,0.78,-0.21999999999999997
KXBTC-26AUG0803-B64950,1786171558925,sell,0.82,-0.18000000000000005
KXBTC-26AUG0803-B64950,1786171608996,sell,0.86,-0.14
KXBTC-26AUG0803-B64950,1786171858668,buy,0.83,0.17000000000000004
KXBTC-26AUG0803-B64950,1786171908953,sell,0.75,-0.25
KXBTC-26AUG0803-B64950,1786171958914,sell,0.82,-0.18000000000000005
KXBTC-26AUG0803-B65050,1786171509751,sell,0.04,0.04
KXBTC-26AUG0803-B65050,1786171559219,buy,0.1,-0.1
KXBTC-26AUG0803-B65050,1786171809706,sell,0.08,0.08
KXBTC-26AUG0803-B65050,1786171858953,sell,0.1,0.1
KXBTC-26AUG0803-B65050,1786171909232,buy,0.19,-0.19
KXBTC-26AUG0803-B65050,1786171959201,buy,0.14,-0.14
KXBTC-26AUG0803-B65050,1786172158877,buy,0.05,-0.05
KXBTC-26AUG0804-B64850,1786174710308,sell,0.05,0.05
KXBTC-26AUG0804-B64850,1786174860147,sell,0.18,0.18
KXBTC-26AUG0804-B64850,1786175110594,sell,0.18,0.18
KXBTC-26AUG0804-B64850,1786175160180,buy,0.21,-0.21
KXBTC-26AUG0804-B64850,1786175358685,buy,0.18,-0.18
KXBTC-26AUG0804-B64850,1786175608431,buy,0.07,-0.07
KXBTC-26AUG0804-B64950,1786173212425,sell,0.67,-0.32999999999999996
KXBTC-26AUG0804-B64950,1786174358778,sell,0.8,-0.19999999999999996
KXBTC-26AUG0804-B64950,1786174708808,buy,0.84,0.16000000000000003
KXBTC-26AUG0804-B64950,1786174858711,buy,0.75,0.25
KXBTC-26AUG0804-B64950,1786174908604,sell,0.72,-0.28
KXBTC-26AUG0804-B64950,1786175008862,sell,0.75,-0.25
KXBTC-26AUG0804-B64950,1786175358829,sell,0.81,-0.18999999999999995
KXBTC-26AUG0804-B64950,1786175709034,sell,0.94,-0.06000000000000005
KXBTC-26AUG0804-B64950,1786175908559,sell,0.97,-0.030000000000000027
KXBTC-26AUG0805-B64850,1786176760924,buy,0.2,-0.2
KXBTC-26AUG0805-B64850,1786178358756,buy,0.07,-0.07
KXBTC-26AUG0805-B64950,1786176761061,sell,0.67,-0.32999999999999996
KXBTC-26AUG0805-B64950,1786176961340,buy,0.7,0.30000000000000004
KXBTC-26AUG0805-B64950,1786177458648,sell,0.72,-0.28
KXBTC-26AUG0805-B64950,1786177509062,buy,0.73,0.27
KXBTC-26AUG0805-B64950,1786178058600,buy,0.85,0.15000000000000002
KXBTC-26AUG0805-B64950,1786178109107,buy,0.76,0.24
KXBTC-26AUG0805-B64950,1786178208477,sell,0.75,-0.25
KXBTC-26AUG0805-B64950,1786178558829,buy,0.84,0.16000000000000003
KXBTC-26AUG0805-B64950,1786178808670,sell,0.88,-0.12
KXBTC-26AUG0805-B65050,1786178059461,sell,0.08,0.08
KXBTC-26AUG0805-B65050,1786178110082,sell,0.13,0.13
KXBTC-26AUG0805-B65050,1786178558685,sell,0.14,0.14
KXBTC-26AUG0806-B64950,1786179863095,buy,0.71,0.29000000000000004
KXBTC-26AUG0806-B64950,1786179913354,sell,0.68,-0.31999999999999995
KXBTC-26AUG0806-B64950,1786180213372,sell,0.7,-0.30000000000000004
KXBTC-26AUG0806-B64950,1786180561169,buy,0.72,0.28
KXBTC-26AUG0806-B64950,1786180661464,buy,0.65,0.35
KXBTC-26AUG0806-B64950,1786180863827,sell,0.62,-0.38
KXBTC-26AUG0806-B64950,1786181460809,buy,0.67,0.32999999999999996
KXBTC-26AUG0806-B64950,1786181510623,sell,0.5,-0.5
KXBTC-26AUG0806-B64950,1786181560637,buy,0.63,0.37
KXBTC-26AUG0806-B64950,1786181610634,buy,0.51,0.49
KXBTC-26AUG0806-B64950,1786181660310,sell,0.49,-0.51
KXBTC-26AUG0806-B64950,1786182560579,sell,0.91,-0.08999999999999997
KXBTC-26AUG0806-B65050,1786179861380,sell,0.15,0.15
KXBTC-26AUG0806-B65050,1786181460963,sell,0.24,0.24
KXBTC-26AUG0806-B65050,1786181510770,buy,0.38,-0.38
KXBTC-26AUG0806-B65050,1786181560780,sell,0.33,0.33
KXBTC-26AUG0806-B65050,1786181610772,sell,0.39,0.39
KXBTC-26AUG0806-B65050,1786181660449,buy,0.43,-0.43
KXBTC-26AUG0806-B65050,1786181910721,buy,0.15,-0.15
KXBTC-26AUG0806-B65050,1786182510414,buy,0.11,-0.11
KXBTC-26AUG0806-B65050,1786182560456,buy,0.06,-0.06
KXBTC-26AUG0807-B64950,1786183914645,buy,0.75,0.25
KXBTC-26AUG0807-B64950,1786184165074,buy,0.76,0.24
KXBTC-26AUG0807-B64950,1786184711581,buy,0.8,0.19999999999999996
KXBTC-26AUG0807-B64950,1786184810989,sell,0.71,-0.29000000000000004
KXBTC-26AUG0807-B64950,1786184911117,buy,0.76,0.24
KXBTC-26AUG0807-B64950,1786184961176,sell,0.68,-0.31999999999999995
KXBTC-26AUG0807-B64950,1786185011384,buy,0.69,0.31000000000000005
KXBTC-26AUG0807-B64950,1786185111156,sell,0.67,-0.32999999999999996
KXBTC-26AUG0807-B64950,1786185160990,buy,0.68,0.31999999999999995
KXBTC-26AUG0807-B64950,1786185210986,sell,0.67,-0.32999999999999996
KXBTC-26AUG0807-B65050,1786183763145,sell,0.11,0.11
KXBTC-26AUG0807-B65050,1786184062888,buy,0.14,-0.14
KXBTC-26AUG0807-B65050,1786184710979,sell,0.12,0.12
KXBTC-26AUG0807-B65050,1786184810432,buy,0.18,-0.18
KXBTC-26AUG0807-B65050,1786184910531,sell,0.17,0.17
KXBTC-26AUG0807-B65050,1786185010800,sell,0.22,0.22
KXBTC-26AUG0807-B65050,1786185410354,buy,0.21,-0.21
KXBTC-26AUG0807-B65050,1786185510276,buy,0.16,-0.16
KXBTC-26AUG0807-B65050,1786185610628,sell,0.17,0.17
KXBTC-26AUG0807-B65050,1786185710290,buy,0.17,-0.17
KXBTC-26AUG0807-B65050,1786185810479,sell,0.12,0.12
KXBTC-26AUG0808-B64950,1786187513295,buy,0.75,0.25
KXBTC-26AUG0808-B64950,1786187563283,sell,0.62,-0.38
KXBTC-26AUG0808-B64950,1786187613171,buy,0.66,0.33999999999999997
KXBTC-26AUG0808-B64950,1786187813247,sell,0.67,-0.32999999999999996
KXBTC-26AUG0808-B64950,1786189211235,sell,0.84,-0.16000000000000003
KXBTC-26AUG0808-B64950,1786190111169,sell,0.96,-0.040000000000000036
KXBTC-26AUG0808-B65050,1786187512700,sell,0.16,0.16
KXBTC-26AUG0808-B65050,1786187762564,buy,0.24,-0.24
KXBTC-26AUG0808-B65050,1786187812693,buy,0.17,-0.17
KXBTC-26AUG0809-B64850,1786190662814,sell,0.24,0.24
KXBTC-26AUG0809-B64850,1786190863140,sell,0.31,0.31
KXBTC-26AUG0809-B64850,1786190912921,sell,0.54,0.54
KXBTC-26AUG0809-B64850,1786190963060,buy,0.55,-0.55
KXBTC-26AUG0809-B64850,1786191013463,buy,0.51,-0.51
KXBTC-26AUG0809-B64850,1786191162974,buy,0.46,-0.46
KXBTC-26AUG0809-B64850,1786191212976,buy,0.43,-0.43
KXBTC-26AUG0809-B64850,1786191262716,buy,0.35,-0.35
KXBTC-26AUG0809-B64850,1786191313215,buy,0.15,-0.15
KXBTC-26AUG0809-B64850,1786191613352,sell,0.1,0.1
KXBTC-26AUG0809-B64850,1786192211140,buy,0.14,-0.14
KXBTC-26AUG0809-B64950,1786190663916,buy,0.62,0.38
KXBTC-26AUG0809-B64950,1786190764509,buy,0.58,0.42000000000000004
KXBTC-26AUG0809-B64950,1786190814214,sell,0.57,-0.43000000000000005
KXBTC-26AUG0809-B64950,1786190864276,buy,0.58,0.42000000000000004
KXBTC-26AUG0809-B64950,1786190914046,buy,0.36,0.64
KXBTC-26AUG0809-B64950,1786191014634,sell,0.33,-0.6699999999999999
KXBTC-26AUG0809-B64950,1786191064680,sell,0.4,-0.6
KXBTC-26AUG0809-B64950,1786191164122,sell,0.43,-0.5700000000000001
KXBTC-26AUG0809-B64950,1786191213542,sell,0.48,-0.52
KXBTC-26AUG0809-B64950,1786191263275,sell,0.53,-0.47
KXBTC-26AUG0809-B64950,1786191313836,buy,0.69,0.31000000000000005
KXBTC-26AUG0809-B64950,1786191363587,buy,0.58,0.42000000000000004
KXBTC-26AUG0809-B64950,1786191413313,buy,0.46,0.54
KXBTC-26AUG0809-B64950,1786191563394,sell,0.47,-0.53
KXBTC-26AUG0809-B64950,1786193060953,sell,0.75,-0.25
KXBTC-26AUG0809-B64950,1786193210882,sell,0.87,-0.13
KXBTC-26AUG0809-B64950,1786193761196,sell,0.93,-0.06999999999999995
KXBTC-26AUG0809-B65050,1786191315361,sell,0.09,0.09
KXBTC-26AUG0809-B65050,1786191365029,sell,0.24,0.24
KXBTC-26AUG0809-B65050,1786191465006,sell,0.4,0.4
KXBTC-26AUG0809-B65050,1786191514814,buy,0.43,-0.43
KXBTC-26AUG0809-B65050,1786191564779,buy,0.34,-0.34
KXBTC-26AUG0809-B65050,1786191615426,buy,0.29,-0.29
KXBTC-26AUG0809-B65050,1786191714836,buy,0.18,-0.18
KXBTC-26AUG0809-B65050,1786192511015,sell,0.07,0.07
KXBTC-26AUG0809-B65050,1786192710921,sell,0.09,0.09
KXBTC-26AUG0809-B65050,1786192760819,sell,0.11,0.11
KXBTC-26AUG0809-B65050,1786192810952,sell,0.15,0.15
KXBTC-26AUG0809-B65050,1786192860786,sell,0.19,0.19
KXBTC-26AUG0809-B65050,1786193060810,buy,0.18,-0.18
KXBTC-26AUG0810-B64950,1786194513118,sell,0.57,-0.43000000000000005
KXBTC-26AUG0810-B64950,1786195060783,buy,0.64,0.36
KXBTC-26AUG0810-B64950,1786195260604,sell,0.66,-0.33999999999999997
KXBTC-26AUG0810-B64950,1786195811429,sell,0.67,-0.32999999999999996
KXBTC-26AUG0810-B64950,1786196310747,sell,0.77,-0.22999999999999998
KXBTC-26AUG0810-B64950,1786196810640,sell,0.87,-0.13
KXBTC-26AUG0810-B65050,1786194514252,buy,0.29,-0.29
KXBTC-26AUG0810-B65050,1786194864197,buy,0.21,-0.21
KXBTC-26AUG0810-B65050,1786195061753,sell,0.22,0.22
KXBTC-26AUG0810-B65050,1786195261692,buy,0.2,-0.2
KXBTC-26AUG0810-B65050,1786195812639,buy,0.22,-0.22
KXBTC-26AUG0811-B64950,1786198313608,buy,0.55,-0.55
KXBTC-26AUG0811-B64950,1786198363445,buy,0.38,-0.38
KXBTC-26AUG0811-B64950,1786198513692,sell,0.31,0.31
KXBTC-26AUG0811-B64950,1786199011100,buy,0.25,-0.25
KXBTC-26AUG0811-B64950,1786199361069,buy,0.12,-0.12
KXBTC-26AUG0811-B64950,1786199761265,buy,0.07,-0.07
KXBTC-26AUG0811-B65050,1786198313901,sell,0.35,-0.65
KXBTC-26AUG0811-B65050,1786198413596,sell,0.5,-0.5
KXBTC-26AUG0811-B65050,1786198513995,buy,0.54,0.45999999999999996
KXBTC-26AUG0811-B65050,1786199011371,sell,0.57,-0.43000000000000005
KXBTC-26AUG0811-B65050,1786199061508,buy,0.67,0.32999999999999996
KXBTC-26AUG0811-B65050,1786199211202,buy,0.58,0.42000000000000004
KXBTC-26AUG0811-B65050,1786199261420,sell,0.55,-0.44999999999999996
KXBTC-26AUG0811-B65050,1786199311324,sell,0.59,-0.41000000000000003
KXBTC-26AUG0811-B65050,1786199361349,buy,0.6,0.4
KXBTC-26AUG0811-B65050,1786199411703,buy,0.45,0.55
KXBTC-26AUG0811-B65050,1786199511551,buy,0.37,0.63
KXBTC-26AUG0811-B65050,1786199661208,sell,0.29,-0.71
KXBTC-26AUG0811-B65050,1786199711381,buy,0.39,0.61
KXBTC-26AUG0811-B65050,1786199761428,sell,0.19,-0.81
KXBTC-26AUG0811-B65050,1786199861361,buy,0.26,0.74
KXBTC-26AUG0811-B65050,1786199961480,sell,0.22,-0.78
KXBTC-26AUG0811-B65050,1786200011540,sell,0.35,-0.65
KXBTC-26AUG0811-B65050,1786200061419,sell,0.55,-0.44999999999999996
KXBTC-26AUG0811-B65050,1786200111296,sell,0.63,-0.37
KXBTC-26AUG0811-B65050,1786200161186,sell,0.69,-0.31000000000000005
KXBTC-26AUG0811-B65050,1786200361272,buy,0.73,0.27
KXBTC-26AUG0811-B65050,1786200461249,buy,0.62,0.38
KXBTC-26AUG0811-B65050,1786200511154,buy,0.46,0.54
KXBTC-26AUG0811-B65050,1786200561218,buy,0.36,0.64
KXBTC-26AUG0811-B65050,1786200661200,sell,0.32,-0.6799999999999999
KXBTC-26AUG0811-B65050,1786200811076,buy,0.32,0.6799999999999999
KXBTC-26AUG0811-B65050,1786200861109,buy,0.27,0.73
KXBTC-26AUG0811-B65050,1786200961151,buy,0.16,0.84
KXBTC-26AUG0811-B65050,1786201061196,sell,0.05,-0.95
KXBTC-26AUG0811-B65150,1786199013098,sell,0.06,0.06
KXBTC-26AUG0811-B65150,1786199063253,sell,0.09,0.09
KXBTC-26AUG0811-B65150,1786199163389,buy,0.24,-0.24
KXBTC-26AUG0811-B65150,1786199212906,sell,0.22,0.22
KXBTC-26AUG0811-B65150,1786199263158,buy,0.25,-0.25
KXBTC-26AUG0811-B65150,1786199363060,sell,0.23,0.23
KXBTC-26AUG0811-B65150,1786199513280,sell,0.46,0.46
KXBTC-26AUG0811-B65150,1786199611640,sell,0.5,0.5
KXBTC-26AUG0811-B65150,1786199661495,buy,0.51,-0.51
KXBTC-26AUG0811-B65150,1786199711660,sell,0.45,0.45
KXBTC-26AUG0811-B65150,1786199861639,sell,0.6,0.6
KXBTC-26AUG0811-B65150,1786199961773,buy,0.62,-0.62
KXBTC-26AUG0811-B65150,1786200011848,buy,0.54,-0.54
KXBTC-26AUG0811-B65150,1786200061714,buy,0.36,-0.36
KXBTC-26AUG0811-B65150,1786200111568,buy,0.29,-0.29
KXBTC-26AUG0811-B65150,1786200361719,sell,0.2,0.2
KXBTC-26AUG0811-B65150,1786200411522,sell,0.3,0.3
KXBTC-26AUG0811-B65150,1786200461703,sell,0.32,0.32
KXBTC-26AUG0811-B65150,1786200511584,sell,0.5,0.5
KXBTC-26AUG0811-B65150,1786200661671,buy,0.65,-0.65
KXBTC-26AUG0811-B65150,1786200711521,sell,0.62,0.62
KXBTC-26AUG0812-B64950,1786203212421,sell,0.12,0.12
KXBTC-26AUG0812-B64950,1786203861732,sell,0.19,0.19
KXBTC-26AUG0812-B64950,1786204212131,buy,0.11,-0.11
KXBTC-26AUG0812-B65050,1786201565117,sell,0.51,-0.49
KXBTC-26AUG0812-B65050,1786204261510,sell,0.88,-0.12
KXBTC-26AUG0812-B65150,1786201865858,sell,0.23,0.23
KXBTC-26AUG0812-B65150,1786201915677,sell,0.25,0.25
KXBTC-26AUG0812-B65150,1786202712337,sell,0.15,0.15
KXBTC-26AUG0813-B64950,1786206612882,sell,0.17,0.17
KXBTC-26AUG0813-B64950,1786206812514,sell,0.32,0.32
KXBTC-26AUG0813-B64950,1786206962729,sell,0.38,0.38
KXBTC-26AUG0813-B64950,1786207012501,sell,0.45,0.45
KXBTC-26AUG0813-B64950,1786207062394,buy,0.49,-0.49
KXBTC-26AUG0813-B64950,1786207162337,buy,0.34,-0.34
KXBTC-26AUG0813-B64950,1786207212803,buy,0.26,-0.26
KXBTC-26AUG0813-B65050,1786206611703,buy,0.72,0.28
KXBTC-26AUG0813-B65050,1786206661386,buy,0.64,0.36
KXBTC-26AUG0813-B65050,1786206711359,sell,0.57,-0.43000000000000005
KXBTC-26AUG0813-B65050,1786206811370,buy,0.58,0.42000000000000004
KXBTC-26AUG0813-B65050,1786207011349,buy,0.46,0.54
KXBTC-26AUG0813-B65050,1786207061284,sell,0.43,-0.5700000000000001
KXBTC-26AUG0813-B65050,1786207161190,sell,0.6,-0.4
KXBTC-26AUG0813-B65050,1786207211526,sell,0.64,-0.36
KXBTC-26AUG0813-B65050,1786207611422,sell,0.78,-0.21999999999999997
KXBTC-26AUG0813-B65050,1786207961097,sell,0.89,-0.10999999999999999
KXBTC-26AUG0814-B64950,1786209264066,buy,0.09,-0.09
KXBTC-26AUG0814-B65050,1786208816031,buy,0.67,0.32999999999999996
KXBTC-26AUG0814-B65050,1786209115443,buy,0.64,0.36
KXBTC-26AUG0814-B65050,1786209213486,sell,0.63,-0.37
KXBTC-26AUG0814-B65050,1786209263648,buy,0.65,0.35
KXBTC-26AUG0814-B65050,1786209313988,sell,0.51,-0.49
KXBTC-26AUG0814-B65050,1786209363858,buy,0.55,0.44999999999999996
KXBTC-26AUG0814-B65050,1786209463652,sell,0.56,-0.43999999999999995
KXBTC-26AUG0814-B65050,1786209513474,buy,0.6,0.4
KXBTC-26AUG0814-B65050,1786209563557,sell,0.56,-0.43999999999999995
KXBTC-26AUG0814-B65050,1786210363602,buy,0.68,0.31999999999999995
KXBTC-26AUG0814-B65050,1786210463507,buy,0.49,0.51
KXBTC-26AUG0814-B65050,1786210513910,buy,0.4,0.6
KXBTC-26AUG0814-B65050,1786210563533,sell,0.37,-0.63
KXBTC-26AUG0814-B65050,1786210613412,buy,0.53,0.47
KXBTC-26AUG0814-B65050,1786210663237,sell,0.47,-0.53
KXBTC-26AUG0814-B65050,1786210813669,sell,0.61,-0.39
KXBTC-26AUG0814-B65050,1786210913548,buy,0.74,0.26
KXBTC-26AUG0814-B65050,1786211263289,sell,0.72,-0.28
KXBTC-26AUG0814-B65050,1786211613284,sell,0.89,-0.10999999999999999
KXBTC-26AUG0814-B65050,1786211763654,sell,0.95,-0.050000000000000044
KXBTC-26AUG0814-B65150,1786208965654,sell,0.11,0.11
KXBTC-26AUG0814-B65150,1786209115310,sell,0.21,0.21
KXBTC-26AUG0814-B65150,1786209264538,sell,0.2,0.2
KXBTC-26AUG0814-B65150,1786209314901,buy,0.36,-0.36
KXBTC-26AUG0814-B65150,1786209364815,sell,0.31,0.31
KXBTC-26AUG0814-B65150,1786209464522,buy,0.3,-0.3
KXBTC-26AUG0814-B65150,1786209514316,sell,0.26,0.26
KXBTC-26AUG0814-B65150,1786209564406,buy,0.28,-0.28
KXBTC-26AUG0814-B65150,1786210364460,sell,0.22,0.22
KXBTC-26AUG0814-B65150,1786210464266,sell,0.41,0.41
KXBTC-26AUG0814-B65150,1786210514684,sell,0.5,0.5
KXBTC-26AUG0814-B65150,1786210564249,buy,0.55,-0.55
KXBTC-26AUG0814-B65150,1786210614122,sell,0.42,0.42
KXBTC-26AUG0814-B65150,1786210663916,buy,0.49,-0.49
KXBTC-26AUG0814-B65150,1786210814420,buy,0.38,-0.38
KXBTC-26AUG0814-B65150,1786210914251,sell,0.26,0.26
KXBTC-26AUG0814-B65150,1786211313665,buy,0.22,-0.22
KXBTC-26AUG0814-B65150,1786211363849,sell,0.21,0.21
KXBTC-26AUG0814-B65150,1786211414327,buy,0.23,-0.23
KXBTC-26AUG0814-B65150,1786211613714,buy,0.13,-0.13
KXBTC-26AUG0815-B64950,1786212965938,sell,0.1,0.1
KXBTC-26AUG0815-B64950,1786213215429,sell,0.14,0.14
KXBTC-26AUG0815-B64950,1786213415207,sell,0.25,0.25
KXBTC-26AUG0815-B64950,1786213464878,sell,0.35,0.35
KXBTC-26AUG0815-B64950,1786213515137,sell,0.48,0.48
KXBTC-26AUG0815-B64950,1786213565199,buy,0.54,-0.54
KXBTC-26AUG0815-B64950,1786213664401,buy,0.46,-0.46
KXBTC-26AUG0815-B64950,1786213714423,sell,0.37,0.37
KXBTC-26AUG0815-B64950,1786213764521,sell,0.48,0.48
KXBTC-26AUG0815-B64950,1786213864804,buy,0.5,-0.5
KXBTC-26AUG0815-B64950,1786214064434,buy,0.46,-0.46
KXBTC-26AUG0815-B64950,1786214214254,buy,0.29,-0.29
KXBTC-26AUG0815-B64950,1786214363923,sell,0.2,0.2
KXBTC-26AUG0815-B64950,1786214414103,buy,0.43,-0.43
KXBTC-26AUG0815-B64950,1786214613622,sell,0.28,0.28
KXBTC-26AUG0815-B64950,1786215113554,sell,0.25,0.25
KXBTC-26AUG0815-B64950,1786215313919,buy,0.31,-0.31
KXBTC-26AUG0815-B64950,1786215363890,buy,0.27,-0.27
KXBTC-26AUG0815-B64950,1786215413907,sell,0.18,0.18
KXBTC-26AUG0815-B64950,1786215463710,buy,0.19,-0.19
KXBTC-26AUG0815-B64950,1786215513456,buy,0.11,-0.11
KXBTC-26AUG0815-B65050,1786212564227,sell,0.66,-0.33999999999999997
KXBTC-26AUG0815-B65050,1786212614636,buy,0.71,0.29000000000000004
KXBTC-26AUG0815-B65050,1786212664762,sell,0.7,-0.30000000000000004
KXBTC-26AUG0815-B65050,1786213214073,buy,0.66,0.33999999999999997
KXBTC-26AUG0815-B65050,1786213263743,sell,0.65,-0.35
KXBTC-26AUG0815-B65050,1786213513848,buy,0.44,0.56
KXBTC-26AUG0815-B65050,1786213663425,sell,0.46,-0.54
KXBTC-26AUG0815-B65050,1786213713431,buy,0.59,0.41000000000000003
KXBTC-26AUG0815-B65050,1786213763510,buy,0.49,0.51
KXBTC-26AUG0815-B65050,1786214063433,sell,0.5,-0.5
KXBTC-26AUG0815-B65050,1786214213300,sell,0.66,-0.33999999999999997
KXBTC-26AUG0815-B65050,1786214363479,buy,0.75,0.25
KXBTC-26AUG0815-B65050,1786214413651,sell,0.53,-0.47
KXBTC-26AUG0815-B65050,1786214613211,buy,0.65,0.35
KXBTC-26AUG0815-B65050,1786215013670,sell,0.7,-0.30000000000000004
KXBTC-26AUG0815-B65050,1786215113274,buy,0.74,0.26
KXBTC-26AUG0815-B65050,1786215313627,sell,0.69,-0.31000000000000005
KXBTC-26AUG0815-B65050,1786215363604,sell,0.77,-0.22999999999999998
KXBTC-26AUG0815-B65050,1786215513170,sell,0.89,-0.10999999999999999
KXBTC-26AUG0815-B65050,1786215563148,sell,0.94,-0.06000000000000005
KXBTC-26AUG0815-B65150,1786212565574,buy,0.24,-0.24
KXBTC-26AUG0815-B65150,1786213664676,buy,0.1,-0.1
KXBTC-26AUG0816-B64950,1786216364933,sell,0.54,0.54
KXBTC-26AUG0816-B64950,1786216814485,sell,0.6,0.6
KXBTC-26AUG0816-B64950,1786217414886,sell,0.66,0.66
KXBTC-26AUG0816-B64950,1786217513989,sell,0.68,0.68
KXBTC-26AUG0816-B64950,1786217814262,sell,0.65,0.65
KXBTC-26AUG0816-B64950,1786218014415,buy,0.67,-0.67
KXBTC-26AUG0816-B64950,1786218064456,sell,0.54,0.54
KXBTC-26AUG0816-B64950,1786218563622,buy,0.5,-0.5
KXBTC-26AUG0816-B64950,1786218613885,buy,0.26,-0.26
KXBTC-26AUG0816-B64950,1786218813307,buy,0.1,-0.1
KXBTC-26AUG0816-B65050,1786216664343,sell,0.4,-0.6
KXBTC-26AUG0816-B65050,1786216814065,buy,0.35,0.65
KXBTC-26AUG0816-B65050,1786217414449,buy,0.27,0.73
KXBTC-26AUG0816-B65050,1786218013854,sell,0.32,-0.6799999999999999
KXBTC-26AUG0816-B65050,1786218063890,buy,0.48,0.52
KXBTC-26AUG0816-B65050,1786218263629,sell,0.49,-0.51
KXBTC-26AUG0816-B65050,1786218314013,buy,0.51,0.49
KXBTC-26AUG0816-B65050,1786218563901,sell,0.48,-0.52
KXBTC-26AUG0816-B65050,1786218614168,sell,0.7,-0.30000000000000004
KXBTC-26AUG0816-B65050,1786219013535,sell,0.96,-0.040000000000000036
KXBTC-26AUG0817-B64375,1786159194355,buy,0.09,-0.09
KXBTC-26AUG0817-B64625,1786148411151,sell,0.24,0.24
KXBTC-26AUG0817-B64875,1786191313051,buy,0.37,-0.37
KXBTC-26AUG0817-B64875,1786199011235,buy,0.31,-0.31
KXBTC-26AUG0817-B64875,1786199361211,buy,0.26,-0.26
KXBTC-26AUG0817-B64875,1786199511402,buy,0.22,-0.22
KXBTC-26AUG0817-B64875,1786201461540,sell,0.23,0.23
KXBTC-26AUG0817-B64875,1786205363243,sell,0.28,0.28
KXBTC-26AUG0817-B64875,1786210463342,buy,0.27,-0.27
KXBTC-26AUG0817-B64875,1786212563122,sell,0.23,0.23
KXBTC-26AUG0817-B64875,1786213213616,sell,0.3,0.3
KXBTC-26AUG0817-B64875,1786213413495,sell,0.36,0.36
KXBTC-26AUG0817-B64875,1786213513404,sell,0.42,0.42
KXBTC-26AUG0817-B64875,1786213663294,buy,0.44,-0.44
KXBTC-26AUG0817-B64875,1786214363337,sell,0.42,0.42
KXBTC-26AUG0817-B64875,1786216163214,sell,0.47,0.47
KXBTC-26AUG0817-B64875,1786216363107,sell,0.5,0.5
KXBTC-26AUG0817-B64875,1786218013415,buy,0.53,-0.53
KXBTC-26AUG0817-B64875,1786218263084,buy,0.51,-0.51
KXBTC-26AUG0817-B64875,1786218413305,buy,0.49,-0.49
KXBTC-26AUG0817-B64875,1786218613589,buy,0.41,-0.41
KXBTC-26AUG0817-B64875,1786218813173,buy,0.34,-0.34
KXBTC-26AUG0817-B64875,1786218913694,buy,0.29,-0.29
KXBTC-26AUG0817-B64875,1786218963373,sell,0.26,0.26
KXBTC-26AUG0817-B64875,1786219013256,buy,0.3,-0.3
KXBTC-26AUG0817-B64875,1786219163345,sell,0.24,0.24
KXBTC-26AUG0817-B64875,1786219313322,buy,0.27,-0.27
KXBTC-26AUG0817-B64875,1786220163495,buy,0.19,-0.19
KXBTC-26AUG0817-B64875,1786220313187,sell,0.18,0.18
KXBTC-26AUG0817-B64875,1786220613106,sell,0.26,0.26
KXBTC-26AUG0817-B64875,1786220711290,buy,0.31,-0.31
KXBTC-26AUG0817-B64875,1786221011742,buy,0.24,-0.24
KXBTC-26AUG0817-B64875,1786221161074,buy,0.2,-0.2
KXBTC-26AUG0817-B64875,1786221461214,sell,0.2,0.2
KXBTC-26AUG0817-B64875,1786222011159,buy,0.15,-0.15
KXBTC-26AUG0817-B64875,1786222161078,sell,0.1,0.1
KXBTC-26AUG0817-B64875,1786222211626,buy,0.18,-0.18
KXBTC-26AUG0817-B65125,1786206011833,sell,0.45,-0.55
KXBTC-26AUG0817-B65125,1786213463325,buy,0.57,0.43000000000000005
KXBTC-26AUG0817-B65125,1786214363629,buy,0.5,0.5
KXBTC-26AUG0817-B65125,1786216163348,buy,0.46,0.54
KXBTC-26AUG0817-B65125,1786216413155,buy,0.42,0.5800000000000001
KXBTC-26AUG0817-B65125,1786218563489,sell,0.5,-0.5
KXBTC-26AUG0817-B65125,1786218914130,sell,0.65,-0.35
KXBTC-26AUG0817-B65125,1786218963807,buy,0.68,0.31999999999999995
KXBTC-26AUG0817-B65125,1786219013674,sell,0.64,-0.36
KXBTC-26AUG0817-B65125,1786219163758,buy,0.72,0.28
KXBTC-26AUG0817-B65125,1786219313769,sell,0.64,-0.36
KXBTC-26AUG0817-B65125,1786219413299,sell,0.7,-0.30000000000000004
KXBTC-26AUG0817-B65125,1786220313323,buy,0.8,0.19999999999999996
KXBTC-26AUG0817-B65125,1786220613251,buy,0.72,0.28
KXBTC-26AUG0817-B65125,1786220711441,sell,0.68,-0.31999999999999995
KXBTC-26AUG0817-B65125,1786221311449,buy,0.85,0.15000000000000002
KXBTC-26AUG0817-B65125,1786221411321,buy,0.83,0.17000000000000004
KXBTC-26AUG0817-B65125,1786222011303,sell,0.86,-0.14
KXBTC-26AUG0817-B65125,1786222061139,sell,0.91,-0.08999999999999997
KXBTC-26AUG0817-B65125,1786222161214,buy,0.92,0.07999999999999996
KXBTC-26AUG0817-B65125,1786222211776,sell,0.82,-0.18000000000000005
KXBTC-26AUG0817-B65375,1786191314440,sell,0.07,0.07
KXBTC-26AUG0817-B65375,1786199011935,sell,0.1,0.1
KXBTC-26AUG0817-B65375,1786199062094,sell,0.14,0.14
KXBTC-26AUG0818-B64950,1786223912197,buy,0.53,0.47
KXBTC-26AUG0818-B64950,1786223962023,buy,0.5,0.5
KXBTC-26AUG0818-B64950,1786224312335,buy,0.47,0.53
KXBTC-26AUG0818-B64950,1786224511544,buy,0.4,0.6
KXBTC-26AUG0818-B64950,1786224561471,sell,0.36,-0.64
KXBTC-26AUG0818-B64950,1786224612039,sell,0.55,-0.44999999999999996
KXBTC-26AUG0818-B64950,1786224661727,sell,0.59,-0.41000000000000003
KXBTC-26AUG0818-B64950,1786224861760,buy,0.58,0.42000000000000004
KXBTC-26AUG0818-B64950,1786224911747,buy,0.39,0.61
KXBTC-26AUG0818-B64950,1786225111477,buy,0.34,0.6599999999999999
KXBTC-26AUG0818-B64950,1786225161563,sell,0.27,-0.73
KXBTC-26AUG0818-B64950,1786225211780,sell,0.38,-0.62
KXBTC-26AUG0818-B64950,1786225311609,sell,0.56,-0.43999999999999995
KXBTC-26AUG0818-B64950,1786225361605,buy,0.7,0.30000000000000004
KXBTC-26AUG0818-B64950,1786225461513,buy,0.37,0.63
KXBTC-26AUG0818-B64950,1786225511972,sell,0.25,-0.75
KXBTC-26AUG0818-B64950,1786225561652,sell,0.47,-0.53
KXBTC-26AUG0818-B64950,1786225611642,buy,0.54,0.45999999999999996
KXBTC-26AUG0818-B64950,1786225761312,sell,0.56,-0.43999999999999995
KXBTC-26AUG0818-B64950,1786225811521,buy,0.65,0.35
KXBTC-26AUG0818-B64950,1786225911157,sell,0.55,-0.44999999999999996
KXBTC-26AUG0818-B64950,1786225961016,sell,0.65,-0.35
KXBTC-26AUG0818-B64950,1786226061156,sell,0.83,-0.17000000000000004
KXBTC-26AUG0818-B65050,1786223363657,buy,0.65,-0.65
KXBTC-26AUG0818-B65050,1786223613569,buy,0.63,-0.63
KXBTC-26AUG0818-B65050,1786223861609,buy,0.41,-0.41
KXBTC-26AUG0818-B65050,1786223961455,sell,0.42,0.42
KXBTC-26AUG0818-B65050,1786224311776,sell,0.41,0.41
KXBTC-26AUG0818-B65050,1786224511273,sell,0.52,0.52
KXBTC-26AUG0818-B65050,1786224561203,buy,0.53,-0.53
KXBTC-26AUG0818-B65050,1786224611754,buy,0.35,-0.35
KXBTC-26AUG0818-B65050,1786224861469,sell,0.28,0.28
KXBTC-26AUG0818-B65050,1786225111199,sell,0.53,0.53
KXBTC-26AUG0818-B65050,1786225161154,buy,0.65,-0.65
KXBTC-26AUG0818-B65050,1786225211355,buy,0.53,-0.53
KXBTC-26AUG0818-B65050,1786225311176,buy,0.38,-0.38
KXBTC-26AUG0818-B65050,1786225361184,sell,0.24,0.24
KXBTC-26AUG0818-B65050,1786225461096,sell,0.53,0.53
KXBTC-26AUG0818-B65050,1786225561220,buy,0.62,-0.62
KXBTC-26AUG0818-B65050,1786225611226,sell,0.34,0.34
KXBTC-26AUG0818-B65050,1786225661226,buy,0.41,-0.41
KXBTC-26AUG0818-B65050,1786225711252,sell,0.27,0.27
KXBTC-26AUG0818-B65050,1786225761184,buy,0.36,-0.36
KXBTC-26AUG0818-B65050,1786225811341,sell,0.27,0.27
KXBTC-26AUG0818-B65050,1786225911026,buy,0.4,-0.4
KXBTC-26AUG0818-B65050,1786225960879,buy,0.3,-0.3
KXBTC-26AUG0818-B65050,1786226061029,buy,0.19,-0.19
KXBTC-26AUG0819-B64850,1786228512211,sell,0.15,-0.85
KXBTC-26AUG0819-B64850,1786229511879,sell,0.17,-0.83
KXBTC-26AUG0819-B64850,1786229561885,buy,0.34,0.6599999999999999
KXBTC-26AUG0819-B64850,1786229861832,buy,0.63,0.37
KXBTC-26AUG0819-B64850,1786229911738,sell,0.17,-0.83
KXBTC-26AUG0819-B64850,1786229961971,buy,0.51,0.49
KXBTC-26AUG0819-B64950,1786227163648,sell,0.51,0.51
KXBTC-26AUG0819-B64950,1786228961245,buy,0.75,-0.75
KXBTC-26AUG0819-B64950,1786229061270,sell,0.74,0.74
KXBTC-26AUG0819-B64950,1786229361146,sell,0.84,0.84
KXBTC-26AUG0819-B64950,1786229511310,buy,0.83,-0.83
KXBTC-26AUG0819-B64950,1786229561308,sell,0.62,0.62
KXBTC-26AUG0819-B64950,1786229761222,sell,0.83,0.83
KXBTC-26AUG0819-B64950,1786229811193,buy,0.84,-0.84
KXBTC-26AUG0819-B64950,1786229861266,sell,0.5,0.5
KXBTC-26AUG0819-B64950,1786229911169,buy,0.82,-0.82
KXBTC-26AUG0819-B65050,1786227113761,sell,0.29,0.29
KXBTC-26AUG0819-B65050,1786227163925,buy,0.3,-0.3
KXBTC-26AUG0820-B64850,1786231014261,buy,0.49,-0.49
KXBTC-26AUG0820-B64850,1786231662050,sell,0.26,0.26
KXBTC-26AUG0820-B64850,1786231711896,sell,0.36,0.36
KXBTC-26AUG0820-B64850,1786231762081,sell,0.5,0.5
KXBTC-26AUG0820-B64850,1786231962035,buy,0.6,-0.6
KXBTC-26AUG0820-B64850,1786232161581,buy,0.45,-0.45
KXBTC-26AUG0820-B64850,1786232211331,buy,0.31,-0.31
KXBTC-26AUG0820-B64850,1786232711764,sell,0.22,0.22
KXBTC-26AUG0820-B64850,1786232961416,buy,0.19,-0.19
KXBTC-26AUG0820-B64850,1786233061721,sell,0.16,0.16
KXBTC-26AUG0820-B64850,1786233111459,buy,0.59,-0.59
KXBTC-26AUG0820-B64850,1786233211612,buy,0.3,-0.3
KXBTC-26AUG0820-B64850,1786233311655,buy,0.22,-0.22
KXBTC-26AUG0820-B64850,1786233461393,sell,0.09,0.09
KXBTC-26AUG0820-B64850,1786233512091,sell,0.39,0.39
KXBTC-26AUG0820-B64950,1786231015161,sell,0.44,-0.56
KXBTC-26AUG0820-B64950,1786231662337,buy,0.67,0.32999999999999996
KXBTC-26AUG0820-B64950,1786231712188,buy,0.55,0.44999999999999996
KXBTC-26AUG0820-B64950,1786231762390,buy,0.4,0.6
KXBTC-26AUG0820-B64950,1786231962315,sell,0.34,-0.6599999999999999
KXBTC-26AUG0820-B64950,1786232111977,sell,0.45,-0.55
KXBTC-26AUG0820-B64950,1786232161736,sell,0.49,-0.51
KXBTC-26AUG0820-B64950,1786232211469,sell,0.63,-0.37
KXBTC-26AUG0820-B64950,1786232461666,sell,0.68,-0.31999999999999995
KXBTC-26AUG0820-B64950,1786232711907,buy,0.73,0.27
KXBTC-26AUG0820-B64950,1786232961278,sell,0.77,-0.22999999999999998
KXBTC-26AUG0820-B64950,1786233061582,buy,0.8,0.19999999999999996
KXBTC-26AUG0820-B64950,1786233111319,sell,0.47,-0.53
KXBTC-26AUG0820-B64950,1786233211471,sell,0.68,-0.31999999999999995
KXBTC-26AUG0820-B64950,1786233311516,sell,0.77,-0.22999999999999998
KXBTC-26AUG0820-B64950,1786233461126,buy,0.92,0.07999999999999996
KXBTC-26AUG0820-B64950,1786233511731,buy,0.65,0.35
KXBTC-26AUG0820-B64950,1786233561352,sell,0.59,-0.41000000000000003
KXBTC-26AUG0821-B64850,1786234216429,buy,0.36,-0.36
KXBTC-26AUG0821-B64850,1786234465742,sell,0.31,0.31
KXBTC-26AUG0821-B64850,1786235812122,buy,0.13,-0.13
KXBTC-26AUG0821-B64850,1786236162279,sell,0.14,0.14
KXBTC-26AUG0821-B64850,1786236562085,sell,0.14,0.14
KXBTC-26AUG0821-B64850,1786236761890,buy,0.19,-0.19
KXBTC-26AUG0821-B64850,1786236912121,buy,0.11,-0.11
KXBTC-26AUG0821-B64950,1786234214977,sell,0.55,-0.44999999999999996
KXBTC-26AUG0821-B64950,1786235711960,sell,0.75,-0.25
KXBTC-26AUG0821-B64950,1786235811558,sell,0.8,-0.19999999999999996
KXBTC-26AUG0821-B64950,1786236161559,buy,0.81,0.18999999999999995
KXBTC-26AUG0821-B64950,1786236361583,sell,0.82,-0.18000000000000005
KXBTC-26AUG0821-B64950,1786236411616,sell,0.87,-0.13
KXBTC-26AUG0821-B64950,1786236561356,buy,0.84,0.16000000000000003
KXBTC-26AUG0821-B64950,1786236611586,buy,0.74,0.26
KXBTC-26AUG0821-B64950,1786236711320,sell,0.73,-0.27
KXBTC-26AUG0821-B64950,1786236911430,sell,0.87,-0.13
KXBTC-26AUG0822-B64750,1786239662578,sell,0.14,0.14
KXBTC-26AUG0822-B64750,1786239762237,buy,0.17,-0.17
KXBTC-26AUG0822-B64750,1786240262339,sell,0.08,0.08
KXBTC-26AUG0822-B64750,1786240311192,sell,0.41,0.41
KXBTC-26AUG0822-B64750,1786240361498,buy,0.48,-0.48
KXBTC-26AUG0822-B64750,1786240411599,buy,0.38,-0.38
KXBTC-26AUG0822-B64750,1786240461375,buy,0.23,-0.23
KXBTC-26AUG0822-B64750,1786240561899,buy,0.12,-0.12
KXBTC-26AUG0822-B64750,1786240611547,buy,0.06,-0.06
KXBTC-26AUG0822-B64850,1786239061743,sell,0.6,-0.4
KXBTC-26AUG0822-B64850,1786239661748,buy,0.77,0.22999999999999998
KXBTC-26AUG0822-B64850,1786240261557,buy,0.87,0.13
KXBTC-26AUG0822-B64850,1786240311055,buy,0.57,0.43000000000000005
KXBTC-26AUG0822-B64850,1786240361354,sell,0.47,-0.53
KXBTC-26AUG0822-B64850,1786240411456,sell,0.61,-0.39
KXBTC-26AUG0822-B64850,1786240461239,sell,0.76,-0.24
KXBTC-26AUG0822-B64850,1786240611409,sell,0.93,-0.06999999999999995
KXBTC-26AUG0822-B64950,1786238362119,sell,0.69,0.69
KXBTC-26AUG0822-B64950,1786238462175,buy,0.7,-0.7
KXBTC-26AUG0822-B64950,1786238511856,buy,0.64,-0.64
KXBTC-26AUG0822-B64950,1786238611985,buy,0.47,-0.47
KXBTC-26AUG0822-B64950,1786238762000,buy,0.36,-0.36
KXBTC-26AUG0823-B64650,1786241219307,sell,0.05,0.05
KXBTC-26AUG0823-B64650,1786243462719,sell,0.05,0.05
KXBTC-26AUG0823-B64650,1786243962130,buy,0.05,-0.05
KXBTC-26AUG0823-B64750,1786241215635,sell,0.39,-0.61
KXBTC-26AUG0823-B64750,1786241416253,buy,0.45,0.55
KXBTC-26AUG0823-B64750,1786241714889,sell,0.43,-0.5700000000000001
KXBTC-26AUG0823-B64750,1786241764452,sell,0.49,-0.51
KXBTC-26AUG0823-B64750,1786242312093,buy,0.59,0.41000000000000003
KXBTC-26AUG0823-B64750,1786242462014,buy,0.46,0.54
KXBTC-26AUG0823-B64750,1786242612456,sell,0.49,-0.51
KXBTC-26AUG0823-B64750,1786242812071,buy,0.65,0.35
KXBTC-26AUG0823-B64750,1786242861947,buy,0.62,0.38
KXBTC-26AUG0823-B64750,1786242912062,sell,0.57,-0.43000000000000005
KXBTC-26AUG0823-B64750,1786243361998,sell,0.65,-0.35
KXBTC-26AUG0823-B64750,1786243411833,sell,0.69,-0.31000000000000005
KXBTC-26AUG0823-B64750,1786243561490,sell,0.83,-0.17000000000000004
KXBTC-26AUG0823-B64850,1786241215495,buy,0.5,-0.5
KXBTC-26AUG0823-B64850,1786241416102,sell,0.39,0.39
KXBTC-26AUG0823-B64850,1786241764015,buy,0.37,-0.37
KXBTC-26AUG0823-B64850,1786242411402,sell,0.39,0.39
KXBTC-26AUG0823-B64850,1786242461599,sell,0.44,0.44
KXBTC-26AUG0823-B64850,1786242611992,buy,0.37,-0.37
KXBTC-26AUG0823-B64850,1786242861656,sell,0.33,0.33
KXBTC-26AUG0823-B64850,1786242911770,buy,0.37,-0.37
KXBTC-26AUG0823-B64850,1786243361715,buy,0.31,-0.31
KXBTC-26AUG0823-B64850,1786243411549,buy,0.24,-0.24
KXBTC-26AUG0900-B64650,1786245215570,sell,0.16,0.16
KXBTC-26AUG0900-B64650,1786245316317,sell,0.37,0.37
KXBTC-26AUG0900-B64650,1786245362155,sell,0.49,0.49
KXBTC-26AUG0900-B64650,1786245515430,buy,0.5,-0.5
KXBTC-26AUG0900-B64650,1786245665711,buy,0.34,-0.34
KXBTC-26AUG0900-B64650,1786245962403,sell,0.15,0.15
KXBTC-26AUG0900-B64650,1786246361788,buy,0.16,-0.16
KXBTC-26AUG0900-B64650,1786246512014,sell,0.15,0.15
KXBTC-26AUG0900-B64650,1786246812338,buy,0.14,-0.14
KXBTC-26AUG0900-B64750,1786245214505,buy,0.67,0.32999999999999996
KXBTC-26AUG0900-B64750,1786245315307,buy,0.46,0.54
KXBTC-26AUG0900-B64750,1786245361539,buy,0.36,0.64
KXBTC-26AUG0900-B64750,1786245514607,sell,0.38,-0.62
KXBTC-26AUG0900-B64750,1786245665044,sell,0.52,-0.48
KXBTC-26AUG0900-B64750,1786245711703,sell,0.57,-0.43000000000000005
KXBTC-26AUG0900-B64750,1786245761686,sell,0.64,-0.36
KXBTC-26AUG0900-B64750,1786245861679,sell,0.68,-0.31999999999999995
KXBTC-26AUG0900-B64750,1786246411490,sell,0.75,-0.25
KXBTC-26AUG0900-B64750,1786246511730,buy,0.75,0.25
KXBTC-26AUG0900-B64750,1786246812196,sell,0.77,-0.22999999999999998
KXBTC-26AUG0900-B64750,1786247611261,sell,0.95,-0.050000000000000044
KXBTC-26AUG0900-B64850,1786244964077,buy,0.17,-0.17
KXBTC-26AUG0900-B64850,1786245214230,buy,0.11,-0.11
KXBTC-26AUG0901-B64750,1786248763864,buy,0.68,0.31999999999999995
KXBTC-26AUG0901-B64750,1786248914544,buy,0.65,0.35
KXBTC-26AUG0901-B64750,1786249014228,sell,0.64,-0.36
KXBTC-26AUG0901-B64850,1786249014517,buy,0.21,-0.21
KXBTC-26AUG0901-B64850,1786249712457,sell,0.15,0.15
KXBTC-26AUG0902-B64650,1786253362036,sell,0.15,0.15
KXBTC-26AUG0902-B64750,1786251866032,buy,0.72,0.28
KXBTC-26AUG0902-B64750,1786252463700,sell,0.68,-0.31999999999999995
KXBTC-26AUG0902-B64750,1786252763978,buy,0.72,0.28
KXBTC-26AUG0902-B64750,1786254711342,sell,0.92,-0.07999999999999996
KXBTC-26AUG0903-B64750,1786256114515,buy,0.78,-0.78
KXBTC-26AUG0903-B64750,1786256411968,buy,0.72,-0.72
KXBTC-26AUG0903-B64750,1786256461934,buy,0.65,-0.65
KXBTC-26AUG0903-B64750,1786257111380,buy,0.6,-0.6
KXBTC-26AUG0903-B64750,1786257511233,buy,0.47,-0.47
KXBTC-26AUG0903-B64750,1786257661446,sell,0.36,0.36
KXBTC-26AUG0903-B64750,1786257711208,sell,0.42,0.42
KXBTC-26AUG0903-B64750,1786258011536,buy,0.36,-0.36
KXBTC-26AUG0903-B64750,1786258061415,sell,0.29,0.29
KXBTC-26AUG0903-B64750,1786258111587,sell,0.35,0.35
KXBTC-26AUG0903-B64750,1786258161497,buy,0.51,-0.51
KXBTC-26AUG0903-B64750,1786258361554,buy,0.37,-0.37
KXBTC-26AUG0903-B64750,1786258461416,sell,0.32,0.32
KXBTC-26AUG0903-B64750,1786258561635,buy,0.44,-0.44
KXBTC-26AUG0903-B64750,1786258611517,buy,0.26,-0.26
KXBTC-26AUG0903-B64750,1786258711407,sell,0.21,0.21
KXBTC-26AUG0903-B64850,1786256262106,sell,0.19,-0.81
KXBTC-26AUG0903-B64850,1786256462432,sell,0.25,-0.75
KXBTC-26AUG0903-B64850,1786256712632,buy,0.31,0.69
KXBTC-26AUG0903-B64850,1786257111789,sell,0.35,-0.65
KXBTC-26AUG0903-B64850,1786257211844,sell,0.45,-0.55
KXBTC-26AUG0903-B64850,1786257511648,sell,0.48,-0.52
KXBTC-26AUG0903-B64850,1786257561744,sell,0.52,-0.48
KXBTC-26AUG0903-B64850,1786257661888,buy,0.58,0.42000000000000004
KXBTC-26AUG0903-B64850,1786257861753,sell,0.5,-0.5
KXBTC-26AUG0903-B64850,1786258061836,buy,0.64,0.36
KXBTC-26AUG0903-B64850,1786258112018,buy,0.58,0.42000000000000004
KXBTC-26AUG0903-B64850,1786258361698,sell,0.6,-0.4
KXBTC-26AUG0903-B64850,1786258561805,sell,0.6,-0.4
KXBTC-26AUG0903-B64850,1786258711556,buy,0.81,0.18999999999999995
KXBTC-26AUG0904-B64750,1786259564651,buy,0.48,0.52
KXBTC-26AUG0904-B64750,1786259764968,sell,0.39,-0.61
KXBTC-26AUG0904-B64750,1786259914414,buy,0.39,0.61
KXBTC-26AUG0904-B64750,1786260062224,sell,0.42,-0.5800000000000001
KXBTC-26AUG0904-B64750,1786260112311,sell,0.5,-0.5
KXBTC-26AUG0904-B64750,1786260312469,buy,0.59,0.41000000000000003
KXBTC-26AUG0904-B64750,1786260861750,sell,0.59,-0.41000000000000003
KXBTC-26AUG0904-B64750,1786261511671,sell,0.77,-0.22999999999999998
KXBTC-26AUG0904-B64750,1786261711468,sell,0.83,-0.17000000000000004
KXBTC-26AUG0904-B64750,1786262111565,sell,0.89,-0.10999999999999999
KXBTC-26AUG0904-B64750,1786262311482,sell,0.97,-0.030000000000000027
KXBTC-26AUG0904-B64850,1786259564233,sell,0.41,0.41
KXBTC-26AUG0904-B64850,1786259914017,sell,0.53,0.53
KXBTC-26AUG0904-B64850,1786259964358,buy,0.55,-0.55
KXBTC-26AUG0904-B64850,1786260014539,buy,0.52,-0.52
KXBTC-26AUG0904-B64850,1786260062058,buy,0.48,-0.48
KXBTC-26AUG0904-B64850,1786260112160,buy,0.38,-0.38
KXBTC-26AUG0904-B64850,1786260312321,sell,0.3,0.3
KXBTC-26AUG0904-B64850,1786261511817,buy,0.2,-0.2
KXBTC-26AUG0905-B64750,1786262716298,buy,0.24,0.76
KXBTC-26AUG0905-B64750,1786262766733,sell,0.13,-0.87
KXBTC-26AUG0905-B64750,1786264762573,sell,0.11,-0.89
KXBTC-26AUG0905-B64750,1786264812660,sell,0.44,-0.56
KXBTC-26AUG0905-B64750,1786265062488,sell,0.76,-0.24
KXBTC-26AUG0905-B64750,1786265211506,buy,0.85,0.15000000000000002
KXBTC-26AUG0905-B64750,1786265261549,sell,0.82,-0.18000000000000005
KXBTC-26AUG0905-B64750,1786265561553,sell,0.91,-0.08999999999999997
KXBTC-26AUG0905-B64850,1786262715122,buy,0.61,-0.61
KXBTC-26AUG0905-B64850,1786262765543,sell,0.53,0.53
KXBTC-26AUG0905-B64850,1786263414326,buy,0.6,-0.6
KXBTC-26AUG0905-B64850,1786263514128,sell,0.6,0.6
KXBTC-26AUG0905-B64850,1786263764098,sell,0.68,0.68
KXBTC-26AUG0905-B64850,1786264312050,sell,0.75,0.75
KXBTC-26AUG0905-B64850,1786264762282,buy,0.79,-0.79
KXBTC-26AUG0905-B64850,1786264812371,buy,0.5,-0.5
KXBTC-26AUG0905-B64850,1786265062177,buy,0.2,-0.2
KXBTC-26AUG0905-B64850,1786265211358,sell,0.09,0.09
KXBTC-26AUG0905-B64850,1786265261419,buy,0.14,-0.14
KXBTC-26AUG0905-B64850,1786265561407,buy,0.06,-0.06
KXBTC-26AUG0905-B64950,1786262716157,sell,0.1,0.1
KXBTC-26AUG0905-B64950,1786262766571,buy,0.26,-0.26
KXBTC-26AUG0905-B64950,1786263364432,sell,0.26,0.26
KXBTC-26AUG0905-B64950,1786263414466,sell,0.29,0.29
KXBTC-26AUG0905-B64950,1786263514272,buy,0.3,-0.3
KXBTC-26AUG0905-B64950,1786264061867,buy,0.13,-0.13
KXBTC-26AUG0906-B64750,1786267112914,buy,0.65,-0.65
KXBTC-26AUG0906-B64750,1786267513147,sell,0.68,0.68
KXBTC-26AUG0906-B64750,1786267612785,sell,0.71,0.71
KXBTC-26AUG0906-B64750,1786267662872,sell,0.75,0.75
KXBTC-26AUG0906-B64750,1786268112533,sell,0.8,0.8
KXBTC-26AUG0906-B64750,1786268412738,sell,0.81,0.81
KXBTC-26AUG0906-B64750,1786269211796,buy,0.92,-0.92
KXBTC-26AUG0906-B64750,1786269262070,buy,0.81,-0.81
KXBTC-26AUG0906-B64750,1786269312156,buy,0.67,-0.67
KXBTC-26AUG0906-B64750,1786269412201,sell,0.54,0.54
KXBTC-26AUG0906-B64750,1786269511854,buy,0.64,-0.64
KXBTC-26AUG0906-B64850,1786267112624,sell,0.28,-0.72
KXBTC-26AUG0906-B64850,1786267512804,buy,0.24,0.76
KXBTC-26AUG0906-B64850,1786267662581,buy,0.15,0.85
KXBTC-26AUG0906-B64850,1786268362623,sell,0.12,-0.88
KXBTC-26AUG0906-B64850,1786268413492,buy,0.13,0.87
KXBTC-26AUG0906-B64850,1786268662724,buy,0.1,0.9
KXBTC-26AUG0906-B64850,1786269211932,sell,0.06,-0.94
KXBTC-26AUG0906-B64850,1786269262208,sell,0.22,-0.78
KXBTC-26AUG0906-B64850,1786269312302,sell,0.3,-0.7
KXBTC-26AUG0906-B64850,1786269412351,buy,0.5,0.5
KXBTC-26AUG0906-B64850,1786269511996,sell,0.39,-0.61
KXBTC-26AUG0906-B64850,1786269562128,sell,0.47,-0.53
KXBTC-26AUG0907-B64850,1786270416087,buy,0.66,-0.66
KXBTC-26AUG0907-B64850,1786270465883,buy,0.54,-0.54
KXBTC-26AUG0907-B64850,1786270863106,buy,0.45,-0.45
KXBTC-26AUG0907-B64850,1786271163152,sell,0.39,0.39
KXBTC-26AUG0907-B64850,1786271263081,sell,0.51,0.51
KXBTC-26AUG0907-B64850,1786271313037,buy,0.52,-0.52
KXBTC-26AUG0907-B64850,1786271413555,buy,0.38,-0.38
KXBTC-26AUG0907-B64850,1786271513206,sell,0.3,0.3
KXBTC-26AUG0907-B64850,1786271563042,sell,0.41,0.41
KXBTC-26AUG0907-B64850,1786271713454,buy,0.54,-0.54
KXBTC-26AUG0907-B64850,1786271862952,sell,0.55,0.55
KXBTC-26AUG0907-B64850,1786271913166,buy,0.59,-0.59
KXBTC-26AUG0907-B64850,1786272063188,sell,0.52,0.52
KXBTC-26AUG0907-B64850,1786272162152,sell,0.58,0.58
KXBTC-26AUG0907-B64850,1786272312218,buy,0.64,-0.64
KXBTC-26AUG0907-B64850,1786272411832,buy,0.57,-0.57
KXBTC-26AUG0907-B64850,1786272662293,buy,0.19,-0.19
KXBTC-26AUG0907-B64850,1786272761483,buy,0.13,-0.13
KXBTC-26AUG0907-B64850,1786272861429,sell,0.11,0.11
KXBTC-26AUG0907-B64850,1786272911723,buy,0.23,-0.23
KXBTC-26AUG0907-B64850,1786272961363,buy,0.12,-0.12
KXBTC-26AUG0907-B64950,1786270315824,sell,0.12,-0.88
KXBTC-26AUG0907-B64950,1786270415951,sell,0.18,-0.8200000000000001
KXBTC-26AUG0907-B64950,1786270465748,sell,0.35,-0.65
KXBTC-26AUG0907-B64950,1786270862970,sell,0.47,-0.53
KXBTC-26AUG0907-B64950,1786271163008,buy,0.53,0.47
KXBTC-26AUG0907-B64950,1786271312897,sell,0.43,-0.5700000000000001
KXBTC-26AUG0907-B64950,1786271413407,sell,0.55,-0.44999999999999996
KXBTC-26AUG0907-B64950,1786271512890,buy,0.62,0.38
KXBTC-26AUG0907-B64950,1786271562762,buy,0.53,0.47
KXBTC-26AUG0907-B64950,1786271713152,sell,0.41,-0.5900000000000001
KXBTC-26AUG0907-B64950,1786271862656,buy,0.4,0.6
KXBTC-26AUG0907-B64950,1786271912883,sell,0.34,-0.6599999999999999
KXBTC-26AUG0907-B64950,1786272112650,buy,0.43,0.5700000000000001
KXBTC-26AUG0907-B64950,1786272262100,buy,0.36,0.64
KXBTC-26AUG0907-B64950,1786272312367,sell,0.35,-0.65
KXBTC-26AUG0907-B64950,1786272362525,buy,0.39,0.61
KXBTC-26AUG0907-B64950,1786272411970,sell,0.37,-0.63
KXBTC-26AUG0907-B64950,1786272562052,buy,0.75,0.25
KXBTC-26AUG0907-B64950,1786272761762,sell,0.83,-0.17000000000000004
KXBTC-26AUG0907-B64950,1786272861697,buy,0.84,0.16000000000000003
KXBTC-26AUG0907-B64950,1786272912009,sell,0.76,-0.24
KXBTC-26AUG0908-B64850,1786273566204,buy,0.32,-0.32
KXBTC-26AUG0908-B64850,1786273665732,sell,0.27,0.27
KXBTC-26AUG0908-B64850,1786274416352,sell,0.25,0.25
KXBTC-26AUG0908-B64850,1786275563083,sell,0.11,0.11
KXBTC-26AUG0908-B64850,1786275613372,buy,0.13,-0.13
KXBTC-26AUG0908-B64850,1786276212818,sell,0.04,0.04
KXBTC-26AUG0908-B64850,1786276462763,sell,0.05,0.05
KXBTC-26AUG0908-B64850,1786276512402,buy,0.1,-0.1
KXBTC-26AUG0908-B64950,1786273566344,sell,0.59,-0.41000000000000003
KXBTC-26AUG0908-B64950,1786274515658,sell,0.65,-0.35
KXBTC-26AUG0908-B64950,1786275012855,sell,0.7,-0.30000000000000004
KXBTC-26AUG0908-B64950,1786275262175,sell,0.75,-0.25
KXBTC-26AUG0908-B64950,1786275912223,sell,0.86,-0.14
KXBTC-26AUG0909-B64850,1786277912615,buy,0.5,-0.5
KXBTC-26AUG0909-B64850,1786277963088,sell,0.47,0.47
KXBTC-26AUG0909-B64850,1786278013241,sell,0.52,0.52
KXBTC-26AUG0909-B64850,1786278762481,sell,0.57,0.57
KXBTC-26AUG0909-B64850,1786278812383,buy,0.6,-0.6
KXBTC-26AUG0909-B64850,1786279712003,sell,0.62,0.62
KXBTC-26AUG0909-B64850,1786279762032,sell,0.66,0.66
KXBTC-26AUG0909-B64850,1786279862091,sell,0.69,0.69
KXBTC-26AUG0909-B64850,1786279912098,sell,0.75,0.75
KXBTC-26AUG0909-B64850,1786280062023,buy,0.79,-0.79
KXBTC-26AUG0909-B64850,1786280112179,buy,0.69,-0.69
KXBTC-26AUG0909-B64850,1786280162210,buy,0.56,-0.56
KXBTC-26AUG0909-B64850,1786280212061,sell,0.34,0.34
KXBTC-26AUG0909-B64950,1786277417125,sell,0.33,-0.6699999999999999
KXBTC-26AUG0909-B64950,1786277616251,sell,0.36,-0.64
KXBTC-26AUG0909-B64950,1786278813621,sell,0.33,-0.6699999999999999
KXBTC-26AUG0909-B64950,1786279862673,buy,0.27,0.73
KXBTC-26AUG0909-B64950,1786279912707,buy,0.21,0.79
KXBTC-26AUG0909-B64950,1786280062591,sell,0.16,-0.84
KXBTC-26AUG0909-B64950,1786280112741,sell,0.3,-0.7
KXBTC-26AUG0909-B64950,1786280162810,sell,0.46,-0.54
KXBTC-26AUG0909-B64950,1786280311585,sell,0.76,-0.24
KXBTC-26AUG0910-B64950,1786281364676,buy,0.58,-0.58
KXBTC-26AUG0910-B64950,1786281414233,buy,0.56,-0.56
KXBTC-26AUG0910-B64950,1786281663947,buy,0.47,-0.47
KXBTC-26AUG0910-B64950,1786281713533,sell,0.45,0.45
KXBTC-26AUG0910-B64950,1786281913907,buy,0.51,-0.51
KXBTC-26AUG0910-B64950,1786282063594,buy,0.49,-0.49
KXBTC-26AUG0910-B64950,1786282113693,buy,0.4,-0.4
KXBTC-26AUG0910-B64950,1786282413882,sell,0.09,0.09
KXBTC-26AUG0910-B64950,1786282763551,buy,0.07,-0.07
KXBTC-26AUG0910-B65050,1786281415061,sell,0.35,0.35
KXBTC-26AUG0910-B65050,1786281664806,sell,0.41,0.41
KXBTC-26AUG0910-B65050,1786281714415,buy,0.43,-0.43
KXBTC-26AUG0910-B65050,1786281764533,sell,0.33,0.33
KXBTC-26AUG0910-B65050,1786282064470,sell,0.44,0.44
KXBTC-26AUG0910-B65050,1786282114551,sell,0.49,0.49
KXBTC-26AUG0910-B65050,1786282164406,sell,0.58,0.58
KXBTC-26AUG0910-B65050,1786282364150,buy,0.64,-0.64
KXBTC-26AUG0910-B65050,1786282414442,sell,0.5,0.5
KXBTC-26AUG0910-B65050,1786282814550,buy,0.65,-0.65
KXBTC-26AUG0910-B65050,1786282864286,buy,0.22,-0.22
KXBTC-26AUG0910-B65150,1786282815475,sell,0.06,-0.94
KXBTC-26AUG0910-B65150,1786282864860,buy,0.52,0.48
KXBTC-26AUG0910-B65150,1786282914631,sell,0.42,-0.5800000000000001
KXBTC-26AUG0910-B65150,1786282964546,sell,0.48,-0.52
KXBTC-26AUG0910-B65150,1786283014472,sell,0.53,-0.47
KXBTC-26AUG0910-B65150,1786283364499,sell,0.75,-0.25
KXBTC-26AUG0910-B65150,1786283414837,sell,0.78,-0.21999999999999997
KXBTC-26AUG0910-B65150,1786283563951,buy,0.89,0.10999999999999999
KXBTC-26AUG0910-B65150,1786283663914,sell,0.87,-0.13
KXBTC-26AUG0910-B65250,1786282865446,sell,0.18,0.18
KXBTC-26AUG0910-B65250,1786282965111,buy,0.31,-0.31
KXBTC-26AUG0910-B65250,1786283015039,buy,0.26,-0.26
KXBTC-26AUG0910-B65250,1786283365041,buy,0.19,-0.19
KXBTC-26AUG0910-B65250,1786283415411,buy,0.13,-0.13
KXBTC-26AUG0910-B65250,1786283464312,buy,0.1,-0.1
KXBTC-26AUG0910-B65250,1786283564239,sell,0.07,0.07
KXBTC-26AUG0910-B65250,1786283664242,buy,0.13,-0.13
KXBTC-26AUG0911-B65050,1786284866603,buy,0.11,-0.11
KXBTC-26AUG0911-B65050,1786284916929,sell,0.1,0.1
KXBTC-26AUG0911-B65050,1786285116626,sell,0.17,0.17
KXBTC-26AUG0911-B65050,1786285464528,sell,0.2,0.2
KXBTC-26AUG0911-B65050,1786285614490,buy,0.28,-0.28
KXBTC-26AUG0911-B65050,1786285714328,buy,0.22,-0.22
KXBTC-26AUG0911-B65050,1786285815010,buy,0.19,-0.19
KXBTC-26AUG0911-B65050,1786285964478,sell,0.11,0.11
KXBTC-26AUG0911-B65050,1786286264565,sell,0.15,0.15
KXBTC-26AUG0911-B65050,1786286414956,sell,0.23,0.23
KXBTC-26AUG0911-B65050,1786286464567,sell,0.27,0.27
KXBTC-26AUG0911-B65050,1786286514652,sell,0.37,0.37
KXBTC-26AUG0911-B65050,1786286564377,buy,0.38,-0.38
KXBTC-26AUG0911-B65050,1786286714599,buy,0.23,-0.23
KXBTC-26AUG0911-B65050,1786286964143,buy,0.16,-0.16
KXBTC-26AUG0911-B65050,1786287014435,buy,0.12,-0.12
KXBTC-26AUG0911-B65150,1786284866049,buy,0.48,-0.48
KXBTC-26AUG0911-B65150,1786284916353,sell,0.45,0.45
KXBTC-26AUG0911-B65150,1786285463829,buy,0.59,-0.59
KXBTC-26AUG0911-B65150,1786285613747,sell,0.56,0.56
KXBTC-26AUG0911-B65150,1786285963527,sell,0.62,0.62
KXBTC-26AUG0911-B65150,1786286113783,sell,0.65,0.65
KXBTC-26AUG0911-B65150,1786286413888,buy,0.69,-0.69
KXBTC-26AUG0911-B65150,1786286463564,buy,0.63,-0.63
KXBTC-26AUG0911-B65150,1786286563387,sell,0.54,0.54
KXBTC-26AUG0911-B65150,1786286714008,sell,0.71,0.71
KXBTC-26AUG0911-B65150,1786286963564,sell,0.78,0.78
KXBTC-26AUG0911-B65150,1786287013863,sell,0.82,0.82
KXBTC-26AUG0911-B65150,1786287463326,buy,0.91,-0.91
KXBTC-26AUG0911-B65150,1786287513335,buy,0.51,-0.51
KXBTC-26AUG0911-B65250,1786284867151,sell,0.32,-0.6799999999999999
KXBTC-26AUG0911-B65250,1786284917518,buy,0.37,0.63
KXBTC-26AUG0911-B65250,1786285117156,buy,0.21,0.79
KXBTC-26AUG0911-B65250,1786285364820,buy,0.2,0.8
KXBTC-26AUG0911-B65250,1786285464810,buy,0.13,0.87
KXBTC-26AUG0911-B65250,1786285815291,sell,0.14,-0.86
KXBTC-26AUG0911-B65250,1786285914784,sell,0.22,-0.78
KXBTC-26AUG0911-B65250,1786285964338,buy,0.25,0.75
KXBTC-26AUG0911-B65250,1786286014517,sell,0.18,-0.8200000000000001
KXBTC-26AUG0911-B65250,1786286114686,buy,0.21,0.79
KXBTC-26AUG0911-B65250,1786286414785,buy,0.08,0.92
KXBTC-26AUG0911-B65250,1786287464592,sell,0.05,-0.95
KXBTC-26AUG0911-B65250,1786287514665,sell,0.44,-0.56
KXBTC-26AUG0912-B65050,1786290114313,buy,0.04,-0.04
KXBTC-26AUG0912-B65150,1786287916642,buy,0.46,0.54
KXBTC-26AUG0912-B65150,1786288416375,sell,0.43,-0.5700000000000001
KXBTC-26AUG0912-B65150,1786289064010,buy,0.53,0.47
KXBTC-26AUG0912-B65150,1786289313902,sell,0.53,-0.47
KXBTC-26AUG0912-B65150,1786289913915,sell,0.55,-0.44999999999999996
KXBTC-26AUG0912-B65150,1786290163658,sell,0.6,-0.4
KXBTC-26AUG0912-B65150,1786290263806,sell,0.65,-0.35
KXBTC-26AUG0912-B65150,1786290314129,sell,0.67,-0.32999999999999996
KXBTC-26AUG0912-B65150,1786290413647,sell,0.71,-0.29000000000000004
KXBTC-26AUG0912-B65150,1786290563826,buy,0.79,0.20999999999999996
KXBTC-26AUG0912-B65150,1786290614370,sell,0.78,-0.21999999999999997
KXBTC-26AUG0912-B65250,1786287917794,sell,0.3,0.3
KXBTC-26AUG0912-B65250,1786288267937,sell,0.35,0.35
KXBTC-26AUG0912-B65250,1786288417513,buy,0.36,-0.36
KXBTC-26AUG0912-B65250,1786290164540,buy,0.32,-0.32
KXBTC-26AUG0912-B65250,1786290414879,buy,0.22,-0.22
KXBTC-26AUG0912-B65250,1786290514921,buy,0.15,-0.15
KXBTC-26AUG0912-B65250,1786290565099,sell,0.14,0.14
KXBTC-26AUG0912-B65250,1786290615544,buy,0.16,-0.16
KXBTC-26AUG0912-B65350,1786287917941,sell,0.07,0.07
KXBTC-26AUG0913-B65050,1786292714723,sell,0.09,0.09
KXBTC-26AUG0913-B65050,1786292914508,sell,0.19,0.19
KXBTC-26AUG0913-B65050,1786293015227,buy,0.19,-0.19
KXBTC-26AUG0913-B65050,1786293065043,buy,0.11,-0.11
KXBTC-26AUG0913-B65150,1786291966348,sell,0.42,-0.5800000000000001
KXBTC-26AUG0913-B65150,1786292016780,sell,0.52,-0.48
KXBTC-26AUG0913-B65150,1786292066424,buy,0.53,0.47
KXBTC-26AUG0913-B65150,1786292364146,sell,0.52,-0.48
KXBTC-26AUG0913-B65150,1786292564253,sell,0.58,-0.42000000000000004
KXBTC-26AUG0913-B65150,1786292614471,sell,0.63,-0.37
KXBTC-26AUG0913-B65150,1786292714304,buy,0.69,0.31000000000000005
KXBTC-26AUG0913-B65150,1786292764266,buy,0.67,0.32999999999999996
KXBTC-26AUG0913-B65150,1786293064170,buy,0.68,0.31999999999999995
KXBTC-26AUG0913-B65150,1786293113826,sell,0.61,-0.39
KXBTC-26AUG0913-B65150,1786293463969,buy,0.66,0.33999999999999997
KXBTC-26AUG0913-B65150,1786293513692,buy,0.5,0.5
KXBTC-26AUG0913-B65150,1786293563740,sell,0.39,-0.61
KXBTC-26AUG0913-B65150,1786293763631,buy,0.57,0.43000000000000005
KXBTC-26AUG0913-B65150,1786293863542,sell,0.46,-0.54
KXBTC-26AUG0913-B65150,1786293914060,buy,0.52,0.48
KXBTC-26AUG0913-B65150,1786293963799,sell,0.43,-0.5700000000000001
KXBTC-26AUG0913-B65150,1786294013547,buy,0.46,0.54
KXBTC-26AUG0913-B65150,1786294063794,buy,0.41,0.5900000000000001
KXBTC-26AUG0913-B65150,1786294113826,sell,0.4,-0.6
KXBTC-26AUG0913-B65150,1786294163477,sell,0.56,-0.43999999999999995
KXBTC-26AUG0913-B65150,1786294263722,buy,0.73,0.27
KXBTC-26AUG0913-B65150,1786294313435,buy,0.6,0.4
KXBTC-26AUG0913-B65150,1786294413666,sell,0.6,-0.4
KXBTC-26AUG0913-B65150,1786294463390,sell,0.73,-0.27
KXBTC-26AUG0913-B65150,1786294663684,sell,0.86,-0.14
KXBTC-26AUG0913-B65250,1786291966758,buy,0.46,-0.46
KXBTC-26AUG0913-B65250,1786292066827,sell,0.28,0.28
KXBTC-26AUG0913-B65250,1786292364437,buy,0.32,-0.32
KXBTC-26AUG0913-B65250,1786292664559,buy,0.21,-0.21
KXBTC-26AUG0913-B65250,1786292714591,buy,0.12,-0.12
KXBTC-26AUG0913-B65250,1786293014605,sell,0.1,0.1
KXBTC-26AUG0913-B65250,1786293064460,sell,0.16,0.16
KXBTC-26AUG0913-B65250,1786293114117,buy,0.31,-0.31
KXBTC-26AUG0913-B65250,1786293414261,sell,0.21,0.21
KXBTC-26AUG0913-B65250,1786293464259,sell,0.28,0.28
KXBTC-26AUG0913-B65250,1786293513990,sell,0.45,0.45
KXBTC-26AUG0913-B65250,1786293564019,buy,0.55,-0.55
KXBTC-26AUG0913-B65250,1786293763912,sell,0.39,0.39
KXBTC-26AUG0913-B65250,1786293863829,buy,0.48,-0.48
KXBTC-26AUG0913-B65250,1786293914368,sell,0.44,0.44
KXBTC-26AUG0913-B65250,1786294013838,sell,0.49,0.49
KXBTC-26AUG0913-B65250,1786294114128,buy,0.49,-0.49
KXBTC-26AUG0913-B65250,1786294163760,buy,0.34,-0.34
KXBTC-26AUG0913-B65250,1786294264002,sell,0.26,0.26
KXBTC-26AUG0913-B65250,1786294413954,buy,0.39,-0.39
KXBTC-26AUG0913-B65250,1786294463676,buy,0.27,-0.27
KXBTC-26AUG0914-B65150,1786295616936,buy,0.62,0.38
KXBTC-26AUG0914-B65150,1786295667179,buy,0.6,0.4
KXBTC-26AUG0914-B65150,1786296165978,sell,0.63,-0.37
KXBTC-26AUG0914-B65150,1786296266168,buy,0.61,0.39
KXBTC-26AUG0914-B65150,1786296766161,buy,0.6,0.4
KXBTC-26AUG0914-B65150,1786296816171,sell,0.58,-0.42000000000000004
KXBTC-26AUG0914-B65150,1786297166215,buy,0.66,0.33999999999999997
KXBTC-26AUG0914-B65150,1786297267058,sell,0.64,-0.36
KXBTC-26AUG0914-B65150,1786297316486,sell,0.66,-0.33999999999999997
KXBTC-26AUG0914-B65150,1786297616478,sell,0.72,-0.28
KXBTC-26AUG0914-B65150,1786297666791,sell,0.78,-0.21999999999999997
KXBTC-26AUG0914-B65150,1786297716437,sell,0.88,-0.12
KXBTC-26AUG0914-B65150,1786297817138,sell,0.91,-0.08999999999999997
KXBTC-26AUG0914-B65150,1786297866766,sell,0.93,-0.06999999999999995
KXBTC-26AUG0914-B65250,1786295666887,sell,0.26,0.26
KXBTC-26AUG0914-B65250,1786296166672,buy,0.24,-0.24
KXBTC-26AUG0914-B65250,1786296266880,sell,0.25,0.25
KXBTC-26AUG0914-B65250,1786296766710,sell,0.32,0.32
KXBTC-26AUG0914-B65250,1786296816744,buy,0.33,-0.33
KXBTC-26AUG0914-B65250,1786297667224,buy,0.2,-0.2
KXBTC-26AUG0915-B65050,1786299320114,sell,0.12,0.12
KXBTC-26AUG0915-B65150,1786299318280,buy,0.72,0.28
KXBTC-26AUG0915-B65150,1786299967164,buy,0.74,0.26
KXBTC-26AUG0915-B65150,1786300566722,sell,0.73,-0.27
KXBTC-26AUG0915-B65250,1786300267943,sell,0.13,0.13
KXBTC-26AUG0916-B65150,1786303217942,buy,0.75,0.25
KXBTC-26AUG0916-B65150,1786303367554,sell,0.76,-0.24
KXBTC-26AUG0916-B65150,1786303517888,buy,0.77,0.22999999999999998
KXBTC-26AUG0916-B65150,1786303966864,sell,0.8,-0.19999999999999996
KXBTC-26AUG0916-B65150,1786305217185,sell,0.95,-0.050000000000000044
KXBTC-26AUG0916-B65250,1786303168916,sell,0.14,0.14
KXBTC-26AUG0917-B64375,1786282365166,buy,0.09,-0.09
KXBTC-26AUG0917-B64875,1786269211516,sell,0.26,0.26
KXBTC-26AUG0917-B64875,1786282813593,buy,0.21,-0.21
KXBTC-26AUG0917-B64875,1786291615422,buy,0.18,-0.18
KXBTC-26AUG0917-B64875,1786300366208,buy,0.13,-0.13
KXBTC-26AUG0917-B65125,1786263513983,sell,0.17,-0.83
KXBTC-26AUG0917-B65125,1786282163527,sell,0.29,-0.71
KXBTC-26AUG0917-B65125,1786291363773,sell,0.36,-0.64
KXBTC-26AUG0917-B65125,1786291615567,buy,0.37,0.63
KXBTC-26AUG0917-B65125,1786297866621,sell,0.48,-0.52
KXBTC-26AUG0917-B65125,1786302667281,sell,0.68,-0.31999999999999995
KXBTC-26AUG0917-B65125,1786304417107,sell,0.8,-0.19999999999999996
KXBTC-26AUG0917-B65125,1786306166693,buy,0.81,0.18999999999999995
KXBTC-26AUG0917-B65125,1786306666670,sell,0.71,-0.29000000000000004
KXBTC-26AUG0917-B65125,1786306766633,buy,0.81,0.18999999999999995
KXBTC-26AUG0917-B65125,1786307165188,buy,0.81,0.18999999999999995
KXBTC-26AUG0917-B65125,1786307514941,sell,0.85,-0.15000000000000002
KXBTC-26AUG0917-B65375,1786291716115,sell,0.28,0.28
KXBTC-26AUG0917-B65625,1786282864140,sell,0.09,0.09
KXBTC-26AUG0918-B65050,1786310218344,buy,0.48,-0.48
KXBTC-26AUG0918-B65050,1786310368341,sell,0.5,0.5
KXBTC-26AUG0918-B65050,1786310665816,buy,0.59,-0.59
KXBTC-26AUG0918-B65050,1786310716021,buy,0.54,-0.54
KXBTC-26AUG0918-B65050,1786311365340,buy,0.48,-0.48
KXBTC-26AUG0918-B65050,1786311415706,buy,0.3,-0.3
KXBTC-26AUG0918-B65050,1786311565324,buy,0.17,-0.17
KXBTC-26AUG0918-B65050,1786311665520,sell,0.09,0.09
KXBTC-26AUG0918-B65150,1786310219194,sell,0.39,-0.61
KXBTC-26AUG0918-B65150,1786310369261,buy,0.4,0.6
KXBTC-26AUG0918-B65150,1786310666244,sell,0.32,-0.6799999999999999
KXBTC-26AUG0918-B65150,1786310716459,sell,0.39,-0.61
KXBTC-26AUG0918-B65150,1786311366061,sell,0.48,-0.52
KXBTC-26AUG0918-B65150,1786311416491,sell,0.6,-0.4
KXBTC-26AUG0918-B65150,1786311616192,buy,0.66,0.33999999999999997
KXBTC-26AUG0918-B65150,1786311666241,sell,0.54,-0.45999999999999996
KXBTC-26AUG0918-B65150,1786312215536,sell,0.79,-0.20999999999999996
KXBTC-26AUG0918-B65250,1786311965732,sell,0.04,0.04
KXBTC-26AUG0918-B65250,1786312115555,buy,0.16,-0.16
KXBTC-26AUG0918-B65250,1786312215684,buy,0.14,-0.14
KXBTC-26AUG0919-B64950,1786315166603,sell,0.03,0.03
KXBTC-26AUG0919-B64950,1786315416645,buy,0.46,-0.46
KXBTC-26AUG0919-B64950,1786315517147,sell,0.48,0.48
KXBTC-26AUG0919-B64950,1786315567071,sell,0.51,0.51
KXBTC-26AUG0919-B64950,1786315765639,sell,0.61,0.61
KXBTC-26AUG0919-B64950,1786315815918,sell,0.64,0.64
KXBTC-26AUG0919-B64950,1786315866121,sell,0.72,0.72
KXBTC-26AUG0919-B64950,1786316066051,buy,0.69,-0.69
KXBTC-26AUG0919-B64950,1786316115748,buy,0.59,-0.59
KXBTC-26AUG0919-B64950,1786316165856,buy,0.23,-0.23
KXBTC-26AUG0919-B65050,1786313916397,sell,0.06,-0.94
KXBTC-26AUG0919-B65050,1786314216275,sell,0.09,-0.91
KXBTC-26AUG0919-B65050,1786314716344,sell,0.14,-0.86
KXBTC-26AUG0919-B65050,1786314766407,sell,0.21,-0.79
KXBTC-26AUG0919-B65050,1786314816357,sell,0.29,-0.71
KXBTC-26AUG0919-B65050,1786315116368,buy,0.33,0.6699999999999999
KXBTC-26AUG0919-B65050,1786315216225,buy,0.28,0.72
KXBTC-26AUG0919-B65050,1786315415612,sell,0.25,-0.75
KXBTC-26AUG0919-B65050,1786315516104,buy,0.34,0.6599999999999999
KXBTC-26AUG0919-B65050,1786315615943,sell,0.25,-0.75
KXBTC-26AUG0919-B65050,1786315716126,sell,0.29,-0.71
KXBTC-26AUG0919-B65050,1786315816069,buy,0.3,0.7
KXBTC-26AUG0919-B65050,1786315866265,buy,0.21,0.79
KXBTC-26AUG0919-B65050,1786315915614,buy,0.15,0.85
KXBTC-26AUG0919-B65050,1786315965795,sell,0.11,-0.89
KXBTC-26AUG0919-B65050,1786316015893,sell,0.24,-0.76
KXBTC-26AUG0919-B65050,1786316066188,sell,0.34,-0.6599999999999999
KXBTC-26AUG0919-B65150,1786313417799,buy,0.27,-0.27
KXBTC-26AUG0919-B65150,1786313467503,sell,0.26,0.26
KXBTC-26AUG0919-B65150,1786313667360,buy,0.28,-0.28
KXBTC-26AUG0919-B65150,1786313717847,sell,0.1,0.1
KXBTC-26AUG0919-B65150,1786313915689,sell,0.16,0.16
KXBTC-26AUG0919-B65150,1786314165203,sell,0.23,0.23
KXBTC-26AUG0919-B65150,1786314215557,sell,0.27,0.27
KXBTC-26AUG0919-B65150,1786314265482,sell,0.34,0.34
KXBTC-26AUG0919-B65150,1786314315569,sell,0.37,0.37
KXBTC-26AUG0919-B65150,1786314365576,buy,0.38,-0.38
KXBTC-26AUG0919-B65150,1786314715313,sell,0.4,0.4
KXBTC-26AUG0919-B65150,1786314765374,buy,0.44,-0.44
KXBTC-26AUG0919-B65150,1786314815348,buy,0.4,-0.4
KXBTC-26AUG0919-B65150,1786314865296,sell,0.2,0.2
KXBTC-26AUG0919-B65150,1786314915550,buy,0.24,-0.24
KXBTC-26AUG0919-B65150,1786315115375,buy,0.13,-0.13
KXBTC-26AUG0919-B65150,1786315215497,buy,0.08,-0.08
KXBTC-26AUG0919-B65150,1786315414893,sell,0.04,0.04
KXBTC-26AUG0919-B65150,1786315565269,buy,0.05,-0.05
KXBTC-26AUG0919-B65150,1786315815340,buy,0.03,-0.03
KXBTC-26AUG0919-B65150,1786316165270,sell,0.03,0.03
KXBTC-26AUG0919-B65250,1786313667924,buy,0.35,-0.35
KXBTC-26AUG0919-B65250,1786313718415,sell,0.13,0.13
KXBTC-26AUG0919-B65250,1786313865370,sell,0.23,0.23
KXBTC-26AUG0919-B65250,1786313915536,sell,0.25,0.25
KXBTC-26AUG0919-B65250,1786313965239,sell,0.28,0.28
KXBTC-26AUG0919-B65250,1786314365426,sell,0.27,0.27
KXBTC-26AUG0919-B65250,1786314715483,buy,0.31,-0.31
KXBTC-26AUG0919-B65250,1786314765509,buy,0.21,-0.21
KXBTC-26AUG0919-B65250,1786314815491,buy,0.12,-0.12
KXBTC-26AUG0919-B65350,1786313368460,sell,0.16,0.16
KXBTC-26AUG0919-B65350,1786313518100,buy,0.18,-0.18
KXBTC-26AUG0919-B65350,1786313668334,sell,0.2,0.2
KXBTC-26AUG0919-B65350,1786313915836,buy,0.27,-0.27
KXBTC-26AUG0919-B65350,1786314115570,buy,0.25,-0.25
KXBTC-26AUG0919-B65350,1786314165343,buy,0.23,-0.23
KXBTC-26AUG0919-B65350,1786314215705,buy,0.19,-0.19
KXBTC-26AUG0919-B65350,1786314265627,buy,0.13,-0.13
KXBTC-26AUG0919-B65350,1786314615863,buy,0.11,-0.11
KXBTC-26AUG0919-B65450,1786313669318,sell,0.08,0.08
KXBTC-26AUG0919-B65450,1786313719818,buy,0.31,-0.31
KXBTC-26AUG0919-B65450,1786313819539,sell,0.17,0.17
KXBTC-26AUG0919-B65450,1786313866469,buy,0.2,-0.2
KXBTC-26AUG0919-B65450,1786313916677,buy,0.14,-0.14
KXBTC-26AUG0919-B65450,1786314216553,buy,0.05,-0.05
KXBTC-26AUG0919-B65550,1786313916886,buy,0.04,-0.04
KXBTC-26AUG0920-B64750,1786319616200,sell,0.08,0.08
KXBTC-26AUG0920-B64750,1786319716718,sell,0.13,0.13
KXBTC-26AUG0920-B64750,1786319766543,sell,0.24,0.24
KXBTC-26AUG0920-B64750,1786319816324,buy,0.34,-0.34
KXBTC-26AUG0920-B64750,1786319866312,buy,0.08,-0.08
KXBTC-26AUG0920-B64850,1786317320327,sell,0.12,-0.88
KXBTC-26AUG0920-B64850,1786317520140,sell,0.14,-0.86
KXBTC-26AUG0920-B64850,1786318316345,sell,0.22,-0.78
KXBTC-26AUG0920-B64850,1786318866362,sell,0.46,-0.54
KXBTC-26AUG0920-B64850,1786318966075,sell,0.49,-0.51
KXBTC-26AUG0920-B64850,1786319715812,buy,0.82,0.18000000000000005
KXBTC-26AUG0920-B64850,1786319765648,buy,0.76,0.24
KXBTC-26AUG0920-B64850,1786319815467,sell,0.65,-0.35
KXBTC-26AUG0920-B64850,1786319865501,sell,0.9,-0.09999999999999998
KXBTC-26AUG0920-B64950,1786317519838,sell,0.32,0.32
KXBTC-26AUG0920-B64950,1786317766361,buy,0.33,-0.33
KXBTC-26AUG0920-B64950,1786317866486,sell,0.35,0.35
KXBTC-26AUG0920-B64950,1786318066495,buy,0.36,-0.36
KXBTC-26AUG0920-B64950,1786318216677,buy,0.3,-0.3
KXBTC-26AUG0920-B64950,1786318366024,buy,0.23,-0.23
KXBTC-26AUG0920-B64950,1786318566291,sell,0.19,0.19
KXBTC-26AUG0920-B64950,1786318616156,sell,0.26,0.26
KXBTC-26AUG0920-B64950,1786318716260,buy,0.31,-0.31
KXBTC-26AUG0920-B64950,1786318766241,buy,0.24,-0.24
KXBTC-26AUG0920-B64950,1786319165464,sell,0.25,0.25
KXBTC-26AUG0920-B64950,1786319215304,buy,0.34,-0.34
KXBTC-26AUG0920-B64950,1786319315163,sell,0.28,0.28
KXBTC-26AUG0920-B64950,1786319415472,buy,0.33,-0.33
KXBTC-26AUG0920-B64950,1786319565289,buy,0.17,-0.17
KXBTC-26AUG0920-B64950,1786319715670,buy,0.05,-0.05
KXBTC-26AUG0920-B65050,1786317518380,buy,0.33,-0.33
KXBTC-26AUG0920-B65050,1786317665911,buy,0.26,-0.26
KXBTC-26AUG0920-B65050,1786317765522,buy,0.16,-0.16
KXBTC-26AUG0920-B65050,1786317865632,sell,0.17,0.17
KXBTC-26AUG0920-B65050,1786318065612,buy,0.15,-0.15
KXBTC-26AUG0920-B65050,1786318165550,buy,0.1,-0.1
KXBTC-26AUG0920-B65050,1786318215765,buy,0.08,-0.08
KXBTC-26AUG0920-B65050,1786318615428,sell,0.06,0.06
KXBTC-26AUG0920-B65150,1786317520567,buy,0.12,-0.12
KXBTC-26AUG0921-B64650,1786322767136,sell,0.03,0.03
KXBTC-26AUG0921-B64650,1786322816721,buy,0.09,-0.09
KXBTC-26AUG0921-B64750,1786322766990,sell,0.07,0.07
KXBTC-26AUG0921-B64750,1786322816592,buy,0.33,-0.33
KXBTC-26AUG0921-B64750,1786322916930,buy,0.19,-0.19
KXBTC-26AUG0921-B64750,1786323067265,buy,0.05,-0.05
KXBTC-26AUG0921-B64850,1786320319972,sell,0.25,0.25
KXBTC-26AUG0921-B64850,1786320369869,buy,0.26,-0.26
KXBTC-26AUG0921-B64850,1786320569676,buy,0.18,-0.18
KXBTC-26AUG0921-B64850,1786320670372,buy,0.14,-0.14
KXBTC-26AUG0921-B64850,1786321269129,sell,0.11,0.11
KXBTC-26AUG0921-B64850,1786321368882,buy,0.14,-0.14
KXBTC-26AUG0921-B64850,1786321466662,sell,0.17,0.17
KXBTC-26AUG0921-B64850,1786321666573,buy,0.19,-0.19
KXBTC-26AUG0921-B64850,1786321817041,sell,0.21,0.21
KXBTC-26AUG0921-B64850,1786321866817,buy,0.22,-0.22
KXBTC-26AUG0921-B64850,1786322066765,sell,0.16,0.16
KXBTC-26AUG0921-B64850,1786322166747,sell,0.2,0.2
KXBTC-26AUG0921-B64850,1786322266586,sell,0.29,0.29
KXBTC-26AUG0921-B64850,1786322366606,sell,0.32,0.32
KXBTC-26AUG0921-B64850,1786322566742,sell,0.37,0.37
KXBTC-26AUG0921-B64850,1786322666451,buy,0.35,-0.35
KXBTC-26AUG0921-B64850,1786322717012,sell,0.34,0.34
KXBTC-26AUG0921-B64850,1786322816173,sell,0.42,0.42
KXBTC-26AUG0921-B64850,1786322866244,sell,0.47,0.47
KXBTC-26AUG0921-B64850,1786323016712,buy,0.51,-0.51
KXBTC-26AUG0921-B64850,1786323066826,buy,0.45,-0.45
KXBTC-26AUG0921-B64850,1786323116350,buy,0.17,-0.17
KXBTC-26AUG0921-B64850,1786323166386,sell,0.1,0.1
KXBTC-26AUG0921-B64850,1786323216302,buy,0.19,-0.19
KXBTC-26AUG0921-B64850,1786323316549,buy,0.12,-0.12
KXBTC-26AUG0921-B64850,1786323465943,buy,0.06,-0.06
KXBTC-26AUG0921-B64950,1786321168819,sell,0.16,-0.84
KXBTC-26AUG0921-B64950,1786321218365,sell,0.2,-0.8
KXBTC-26AUG0921-B64950,1786321268038,sell,0.22,-0.78
KXBTC-26AUG0921-B64950,1786321417720,sell,0.25,-0.75
KXBTC-26AUG0921-B64950,1786322265572,buy,0.38,0.62
KXBTC-26AUG0921-B64950,1786322315468,sell,0.32,-0.6799999999999999
KXBTC-26AUG0921-B64950,1786322365612,buy,0.33,0.6699999999999999
KXBTC-26AUG0921-B64950,1786322415730,buy,0.26,0.74
KXBTC-26AUG0921-B64950,1786322515601,sell,0.23,-0.77
KXBTC-26AUG0921-B64950,1786322565707,buy,0.27,0.73
KXBTC-26AUG0921-B64950,1786322615802,buy,0.2,0.8
KXBTC-26AUG0921-B64950,1786322815335,sell,0.15,-0.85
KXBTC-26AUG0921-B64950,1786322915630,sell,0.22,-0.78
KXBTC-26AUG0921-B64950,1786323015808,sell,0.32,-0.6799999999999999
KXBTC-26AUG0921-B64950,1786323065935,sell,0.4,-0.6
KXBTC-26AUG0921-B64950,1786323115446,buy,0.56,0.43999999999999995
KXBTC-26AUG0921-B64950,1786323165467,sell,0.46,-0.54
KXBTC-26AUG0921-B65050,1786320519939,sell,0.18,0.18
KXBTC-26AUG0921-B65050,1786320569819,sell,0.22,0.22
KXBTC-26AUG0921-B65050,1786320670559,buy,0.24,-0.24
KXBTC-26AUG0921-B65050,1786321465637,buy,0.26,-0.26
KXBTC-26AUG0921-B65050,1786321615699,sell,0.23,0.23
KXBTC-26AUG0921-B65050,1786321865804,sell,0.22,0.22
KXBTC-26AUG0921-B65050,1786322065741,buy,0.29,-0.29
KXBTC-26AUG0921-B65050,1786322165859,buy,0.24,-0.24
KXBTC-26AUG0921-B65050,1786322215589,buy,0.16,-0.16
KXBTC-26AUG0921-B65050,1786322365752,buy,0.13,-0.13
KXBTC-26AUG0921-B65050,1786322515744,sell,0.07,0.07
KXBTC-26AUG0921-B65050,1786322565847,buy,0.08,-0.08
KXBTC-26AUG0921-B65050,1786323066233,sell,0.07,0.07
KXBTC-26AUG0921-B65050,1786323115733,sell,0.2,0.2
KXBTC-26AUG0921-B65050,1786323165754,buy,0.38,-0.38
KXBTC-26AUG0921-B65050,1786323415871,buy,0.13,-0.13
KXBTC-26AUG0921-B65150,1786321269577,buy,0.21,-0.21
KXBTC-26AUG0921-B65150,1786321369312,sell,0.17,0.17
KXBTC-26AUG0921-B65150,1786321419068,buy,0.19,-0.19
KXBTC-26AUG0921-B65150,1786321466485,buy,0.14,-0.14
KXBTC-26AUG0921-B65150,1786322066618,buy,0.11,-0.11
KXBTC-26AUG0921-B65150,1786322166448,buy,0.08,-0.08
KXBTC-26AUG0921-B65150,1786323116058,sell,0.03,0.03
KXBTC-26AUG0921-B65150,1786323166087,buy,0.05,-0.05
KXBTC-26AUG0922-B64850,1786325916981,sell,0.18,0.18
KXBTC-26AUG0922-B64850,1786326017134,buy,0.38,-0.38
KXBTC-26AUG0922-B64850,1786326117192,buy,0.32,-0.32
KXBTC-26AUG0922-B64850,1786326167073,sell,0.27,0.27
KXBTC-26AUG0922-B64850,1786326217089,sell,0.35,0.35
KXBTC-26AUG0922-B64850,1786326317378,buy,0.32,-0.32
KXBTC-26AUG0922-B64850,1786326367141,buy,0.26,-0.26
KXBTC-26AUG0922-B64850,1786326417012,buy,0.18,-0.18
KXBTC-26AUG0922-B64850,1786326467076,buy,0.12,-0.12
KXBTC-26AUG0922-B64950,1786325316080,sell,0.32,0.32
KXBTC-26AUG0922-B64950,1786325716638,buy,0.42,-0.42
KXBTC-26AUG0922-B64950,1786325865898,buy,0.37,-0.37
KXBTC-26AUG0922-B64950,1786326015844,sell,0.34,0.34
KXBTC-26AUG0922-B64950,1786326115880,sell,0.47,0.47
KXBTC-26AUG0922-B64950,1786326215704,buy,0.48,-0.48
KXBTC-26AUG0922-B64950,1786326265903,sell,0.47,0.47
KXBTC-26AUG0922-B64950,1786326316035,sell,0.49,0.49
KXBTC-26AUG0922-B64950,1786326465773,buy,0.6,-0.6
KXBTC-26AUG0922-B64950,1786326515720,buy,0.29,-0.29
KXBTC-26AUG0922-B64950,1786326565818,buy,0.22,-0.22
KXBTC-26AUG0922-B64950,1786326615785,buy,0.07,-0.07
KXBTC-26AUG0922-B65050,1786324069578,sell,0.14,0.14
KXBTC-26AUG0922-B65050,1786324520007,sell,0.22,0.22
KXBTC-26AUG0922-B65050,1786325266795,sell,0.28,0.28
KXBTC-26AUG0922-B65050,1786325366888,buy,0.3,-0.3
KXBTC-26AUG0922-B65050,1786325417831,buy,0.25,-0.25
KXBTC-26AUG0922-B65050,1786325516739,buy,0.21,-0.21
KXBTC-26AUG0922-B65050,1786325566701,sell,0.17,0.17
KXBTC-26AUG0922-B65050,1786325616956,buy,0.21,-0.21
KXBTC-26AUG0922-B65050,1786325866591,buy,0.11,-0.11
KXBTC-26AUG0922-B65050,1786326016692,sell,0.07,0.07
KXBTC-26AUG0922-B65050,1786326116749,sell,0.14,0.14
KXBTC-26AUG0922-B65050,1786326166628,buy,0.15,-0.15
KXBTC-26AUG0922-B65050,1786326216649,buy,0.09,-0.09
KXBTC-26AUG0922-B65050,1786326316934,sell,0.11,0.11
KXBTC-26AUG0922-B65050,1786326366703,sell,0.13,0.13
KXBTC-26AUG0922-B65050,1786326416595,sell,0.17,0.17
KXBTC-26AUG0922-B65050,1786326466630,sell,0.23,0.23
KXBTC-26AUG0922-B65050,1786326566455,buy,0.52,-0.52
KXBTC-26AUG0922-B65050,1786326616388,buy,0.35,-0.35
KXBTC-26AUG0922-B65050,1786326666380,sell,0.06,0.06
KXBTC-26AUG0922-B65050,1786326966544,sell,0.11,0.11
KXBTC-26AUG0922-B65050,1786327016392,buy,0.13,-0.13
KXBTC-26AUG0922-B65050,1786327066431,buy,0.06,-0.06
KXBTC-26AUG0923-B64750,1786328324734,sell,0.09,0.09
KXBTC-26AUG0923-B64850,1786328171654,sell,0.08,0.08
KXBTC-26AUG0923-B64850,1786328271227,sell,0.13,0.13
KXBTC-26AUG0923-B64850,1786328321269,sell,0.2,0.2
KXBTC-26AUG0923-B64850,1786328371085,sell,0.25,0.25
KXBTC-26AUG0923-B64850,1786329068002,buy,0.27,-0.27
KXBTC-26AUG0923-B64850,1786329217611,sell,0.24,0.24
KXBTC-26AUG0923-B64850,1786329267357,buy,0.28,-0.28
KXBTC-26AUG0923-B64850,1786329417398,buy,0.25,-0.25
KXBTC-26AUG0923-B64850,1786329567310,buy,0.23,-0.23
KXBTC-26AUG0923-B64850,1786329617881,buy,0.18,-0.18
KXBTC-26AUG0923-B64850,1786329867434,buy,0.04,-0.04
KXBTC-26AUG0923-B64950,1786328170464,sell,0.22,0.22
KXBTC-26AUG0923-B64950,1786328417391,buy,0.28,-0.28
KXBTC-26AUG0923-B64950,1786328517252,sell,0.28,0.28
KXBTC-26AUG0923-B64950,1786328717481,buy,0.31,-0.31
KXBTC-26AUG0923-B64950,1786328817295,sell,0.25,0.25
KXBTC-26AUG0923-B64950,1786328967210,sell,0.32,0.32
KXBTC-26AUG0923-B64950,1786329067698,sell,0.36,0.36
KXBTC-26AUG0923-B64950,1786329367554,sell,0.4,0.4
KXBTC-26AUG0923-B64950,1786329417116,sell,0.44,0.44
KXBTC-26AUG0923-B64950,1786329667711,buy,0.49,-0.49
KXBTC-26AUG0923-B64950,1786329766364,buy,0.38,-0.38
KXBTC-26AUG0923-B64950,1786329816511,buy,0.3,-0.3
KXBTC-26AUG0923-B64950,1786330166661,sell,0.09,0.09
KXBTC-26AUG0923-B64950,1786330216677,buy,0.13,-0.13
KXBTC-26AUG0923-B64950,1786330416372,sell,0.1,0.1
KXBTC-26AUG0923-B64950,1786330466582,buy,0.15,-0.15
KXBTC-26AUG0923-B64950,1786330566486,buy,0.05,-0.05
KXBTC-26AUG0923-B65050,1786328270362,buy,0.3,0.7
KXBTC-26AUG0923-B65050,1786328320377,buy,0.23,0.77
KXBTC-26AUG0923-B65050,1786328370220,buy,0.18,0.8200000000000001
KXBTC-26AUG0923-B65050,1786328717043,buy,0.15,0.85
KXBTC-26AUG0923-B65050,1786328816799,sell,0.1,-0.9
KXBTC-26AUG0923-B65050,1786328966725,sell,0.14,-0.86
KXBTC-26AUG0923-B65050,1786329067397,sell,0.18,-0.8200000000000001
KXBTC-26AUG0923-B65050,1786329217028,buy,0.2,0.8
KXBTC-26AUG0923-B65050,1786329266791,sell,0.17,-0.83
KXBTC-26AUG0923-B65050,1786329416833,sell,0.19,-0.81
KXBTC-26AUG0923-B65050,1786329617282,sell,0.23,-0.77
KXBTC-26AUG0923-B65050,1786329667400,sell,0.36,-0.64
KXBTC-26AUG0923-B65050,1786329766795,sell,0.43,-0.5700000000000001
KXBTC-26AUG0923-B65050,1786329816952,buy,0.44,0.56
KXBTC-26AUG0923-B65050,1786329866852,buy,0.27,0.73
KXBTC-26AUG0923-B65050,1786329917386,sell,0.18,-0.8200000000000001
KXBTC-26AUG0923-B65050,1786329967226,sell,0.33,-0.6699999999999999
KXBTC-26AUG0923-B65050,1786330167105,sell,0.46,-0.54
KXBTC-26AUG0923-B65050,1786330366570,sell,0.7,-0.30000000000000004
KXBTC-26AUG0923-B65150,1786328171053,buy,0.21,-0.21
KXBTC-26AUG0923-B65150,1786328270649,buy,0.14,-0.14
KXBTC-26AUG0923-B65150,1786328320659,buy,0.08,-0.08
KXBTC-26AUG0923-B65150,1786330367205,sell,0.06,0.06
KXBTC-26AUG0923-B65150,1786330417093,buy,0.08,-0.08
KXBTC-26AUG0923-B65150,1786330667063,buy,0.05,-0.05
KXBTC-26AUG0923-B65250,1786328171505,buy,0.07,-0.07
KXBTC-26AUG1000-B64750,1786331884260,buy,0.13,-0.13
KXBTC-26AUG1000-B64850,1786331475816,sell,0.12,0.12
KXBTC-26AUG1000-B64850,1786331526110,sell,0.14,0.14
KXBTC-26AUG1000-B64850,1786331571725,sell,0.19,0.19
KXBTC-26AUG1000-B64850,1786331772005,sell,0.25,0.25
KXBTC-26AUG1000-B64850,1786331821700,sell,0.29,0.29
KXBTC-26AUG1000-B64850,1786331879602,buy,0.31,-0.31
KXBTC-26AUG1000-B64850,1786331949522,buy,0.2,-0.2
KXBTC-26AUG1000-B64850,1786332936814,buy,0.1,-0.1
KXBTC-26AUG1000-B64850,1786333236874,buy,0.05,-0.05
KXBTC-26AUG1000-B64850,1786333436560,sell,0.03,0.03
KXBTC-26AUG1000-B64850,1786333536263,buy,0.12,-0.12
KXBTC-26AUG1000-B64850,1786334085858,sell,0.08,0.08
KXBTC-26AUG1000-B64850,1786334185914,buy,0.06,-0.06
KXBTC-26AUG1000-B64850,1786334235948,sell,0.03,0.03
KXBTC-26AUG1000-B64850,1786334286086,sell,0.16,0.16
KXBTC-26AUG1000-B64950,1786331821247,buy,0.3,0.7
KXBTC-26AUG1000-B64950,1786331879081,sell,0.28,-0.72
KXBTC-26AUG1000-B64950,1786332072391,buy,0.31,0.69
KXBTC-26AUG1000-B64950,1786332286125,buy,0.26,0.74
KXBTC-26AUG1000-B64950,1786332435879,sell,0.17,-0.83
KXBTC-26AUG1000-B64950,1786332585804,sell,0.32,-0.6799999999999999
KXBTC-26AUG1000-B64950,1786332786120,sell,0.39,-0.61
KXBTC-26AUG1000-B64950,1786332835712,buy,0.42,0.5800000000000001
KXBTC-26AUG1000-B64950,1786332935756,buy,0.37,0.63
KXBTC-26AUG1000-B64950,1786332985654,sell,0.3,-0.7
KXBTC-26AUG1000-B64950,1786333085773,buy,0.31,0.69
KXBTC-26AUG1000-B64950,1786333135353,sell,0.29,-0.71
KXBTC-26AUG1000-B64950,1786333435554,sell,0.34,-0.6599999999999999
KXBTC-26AUG1000-B64950,1786333484983,sell,0.49,-0.51
KXBTC-26AUG1000-B64950,1786333535211,buy,0.53,0.47
KXBTC-26AUG1000-B64950,1786333835124,sell,0.52,-0.48
KXBTC-26AUG1000-B64950,1786333885072,sell,0.55,-0.44999999999999996
KXBTC-26AUG1000-B64950,1786333935083,sell,0.66,-0.33999999999999997
KXBTC-26AUG1000-B64950,1786333985238,sell,0.77,-0.22999999999999998
KXBTC-26AUG1000-B64950,1786334235233,buy,0.93,0.06999999999999995
KXBTC-26AUG1000-B64950,1786334285346,buy,0.82,0.18000000000000005
KXBTC-26AUG1000-B64950,1786334335122,sell,0.73,-0.27
KXBTC-26AUG1000-B65050,1786331521366,buy,0.33,-0.33
KXBTC-26AUG1000-B65050,1786331570143,buy,0.25,-0.25
KXBTC-26AUG1000-B65050,1786331877678,sell,0.13,0.13
KXBTC-26AUG1000-B65050,1786331947110,sell,0.24,0.24
KXBTC-26AUG1000-B65050,1786332635543,buy,0.35,-0.35
KXBTC-26AUG1000-B65050,1786332735079,buy,0.27,-0.27
KXBTC-26AUG1000-B65050,1786332835278,sell,0.27,0.27
KXBTC-26AUG1000-B65050,1786332935315,sell,0.36,0.36
KXBTC-26AUG1000-B65050,1786333285155,sell,0.44,0.44
KXBTC-26AUG1000-B65050,1786333435136,buy,0.5,-0.5
KXBTC-26AUG1000-B65050,1786333485131,buy,0.33,-0.33
KXBTC-26AUG1000-B65050,1786333535364,sell,0.29,0.29
KXBTC-26AUG1000-B65050,1786333585368,sell,0.38,0.38
KXBTC-26AUG1000-B65050,1786333685207,sell,0.43,0.43
KXBTC-26AUG1000-B65050,1786333885210,buy,0.41,-0.41
KXBTC-26AUG1000-B65050,1786333935222,buy,0.27,-0.27
KXBTC-26AUG1000-B65050,1786333985383,buy,0.16,-0.16
KXBTC-26AUG1000-B65050,1786334085291,buy,0.09,-0.09
KXBTC-26AUG1000-B65150,1786331879252,sell,0.06,0.06
KXBTC-26AUG1000-B65150,1786331949074,sell,0.11,0.11
KXBTC-26AUG1001-B64950,1786335985906,sell,0.3,-0.7
KXBTC-26AUG1001-B64950,1786336185885,sell,0.33,-0.6699999999999999
KXBTC-26AUG1001-B64950,1786336285858,sell,0.45,-0.55
KXBTC-26AUG1001-B64950,1786336435587,sell,0.48,-0.52
KXBTC-26AUG1001-B64950,1786336485633,buy,0.52,0.48
KXBTC-26AUG1001-B64950,1786336585677,sell,0.5,-0.5
KXBTC-26AUG1001-B64950,1786336835963,buy,0.52,0.48
KXBTC-26AUG1001-B64950,1786336935852,sell,0.42,-0.5800000000000001
KXBTC-26AUG1001-B64950,1786336985883,sell,0.48,-0.52
KXBTC-26AUG1001-B64950,1786337136216,buy,0.57,0.43000000000000005
KXBTC-26AUG1001-B64950,1786337185875,sell,0.5,-0.5
KXBTC-26AUG1001-B64950,1786337285378,buy,0.53,0.47
KXBTC-26AUG1001-B64950,1786337335375,sell,0.52,-0.48
KXBTC-26AUG1001-B65050,1786335189215,sell,0.29,0.29
KXBTC-26AUG1001-B65050,1786335289155,sell,0.34,0.34
KXBTC-26AUG1001-B65050,1786335685883,sell,0.39,0.39
KXBTC-26AUG1001-B65050,1786336035585,sell,0.37,0.37
KXBTC-26AUG1001-B65050,1786336135940,sell,0.41,0.41
KXBTC-26AUG1001-B65050,1786336185747,buy,0.43,-0.43
KXBTC-26AUG1001-B65050,1786336235870,sell,0.28,0.28
KXBTC-26AUG1001-B65050,1786336435446,buy,0.34,-0.34
KXBTC-26AUG1001-B65050,1786336485498,sell,0.26,0.26
KXBTC-26AUG1001-B65050,1786336585542,buy,0.33,-0.33
KXBTC-26AUG1001-B65050,1786336735024,sell,0.32,0.32
KXBTC-26AUG1001-B65050,1786336835189,buy,0.29,-0.29
KXBTC-26AUG1001-B65050,1786337035059,sell,0.13,0.13
KXBTC-26AUG1001-B65050,1786337185123,buy,0.39,-0.39
KXBTC-26AUG1001-B65050,1786337285236,sell,0.38,0.38
KXBTC-26AUG1001-B65050,1786337335229,buy,0.44,-0.44
KXBTC-26AUG1001-B65050,1786337385125,buy,0.36,-0.36
KXBTC-26AUG1001-B65050,1786337435240,sell,0.26,0.26
KXBTC-26AUG1001-B65050,1786337635214,buy,0.35,-0.35
KXBTC-26AUG1001-B65050,1786337685129,sell,0.2,0.2
KXBTC-26AUG1001-B65050,1786337735225,buy,0.21,-0.21
KXBTC-26AUG1001-B65050,1786337785376,buy,0.07,-0.07
KXBTC-26AUG1001-B65050,1786337834880,buy,0.04,-0.04
KXBTC-26AUG1001-B65150,1786335289302,sell,0.14,0.14
KXBTC-26AUG1001-B65150,1786336636134,buy,0.15,-0.15
KXBTC-26AUG1001-B65150,1786337136506,sell,0.03,0.03
KXBTC-26AUG1002-B64850,1786338690127,sell,0.13,0.13
KXBTC-26AUG1002-B64850,1786338740124,sell,0.16,0.16
KXBTC-26AUG1002-B64850,1786338839999,sell,0.23,0.23
KXBTC-26AUG1002-B64850,1786338940399,buy,0.22,-0.22
KXBTC-26AUG1002-B64850,1786341037497,buy,0.15,-0.15
KXBTC-26AUG1002-B64950,1786338688415,sell,0.36,0.36
KXBTC-26AUG1002-B64950,1786339536252,sell,0.41,0.41
KXBTC-26AUG1002-B64950,1786339586194,sell,0.43,0.43
KXBTC-26AUG1002-B64950,1786339936166,sell,0.47,0.47
KXBTC-26AUG1002-B64950,1786340136409,buy,0.5,-0.5
KXBTC-26AUG1002-B64950,1786340536045,buy,0.39,-0.39
KXBTC-26AUG1002-B64950,1786340636138,buy,0.32,-0.32
KXBTC-26AUG1002-B64950,1786340686110,buy,0.27,-0.27
KXBTC-26AUG1002-B64950,1786340786107,sell,0.24,0.24
KXBTC-26AUG1002-B64950,1786340886382,buy,0.26,-0.26
KXBTC-26AUG1002-B64950,1786340986334,sell,0.28,0.28
KXBTC-26AUG1002-B64950,1786341035914,buy,0.41,-0.41
KXBTC-26AUG1002-B64950,1786341086060,buy,0.3,-0.3
KXBTC-26AUG1002-B64950,1786341136009,sell,0.29,0.29
KXBTC-26AUG1002-B64950,1786341186042,buy,0.45,-0.45
KXBTC-26AUG1002-B64950,1786341285794,buy,0.05,-0.05
KXBTC-26AUG1002-B65050,1786338689261,buy,0.34,0.6599999999999999
KXBTC-26AUG1002-B65050,1786338739253,buy,0.28,0.72
KXBTC-26AUG1002-B65050,1786338839146,buy,0.21,0.79
KXBTC-26AUG1002-B65050,1786338889357,sell,0.18,-0.8200000000000001
KXBTC-26AUG1002-B65050,1786338939492,sell,0.22,-0.78
KXBTC-26AUG1002-B65050,1786339237483,sell,0.25,-0.75
KXBTC-26AUG1002-B65050,1786339387444,sell,0.27,-0.73
KXBTC-26AUG1002-B65050,1786339487114,sell,0.36,-0.64
KXBTC-26AUG1002-B65050,1786339587203,buy,0.35,0.65
KXBTC-26AUG1002-B65050,1786339637189,sell,0.32,-0.6799999999999999
KXBTC-26AUG1002-B65050,1786339936876,buy,0.35,0.65
KXBTC-26AUG1002-B65050,1786340036892,sell,0.33,-0.6699999999999999
KXBTC-26AUG1002-B65050,1786340237027,sell,0.42,-0.5800000000000001
KXBTC-26AUG1002-B65050,1786340286960,sell,0.45,-0.55
KXBTC-26AUG1002-B65050,1786340786809,buy,0.66,0.33999999999999997
KXBTC-26AUG1002-B65050,1786340987044,buy,0.64,0.36
KXBTC-26AUG1002-B65050,1786341036469,sell,0.55,-0.44999999999999996
KXBTC-26AUG1002-B65050,1786341136590,buy,0.65,0.35
KXBTC-26AUG1002-B65050,1786341186629,sell,0.52,-0.48
KXBTC-26AUG1002-B65050,1786341286371,buy,0.82,0.18000000000000005
KXBTC-26AUG1002-B65050,1786341336606,buy,0.66,0.33999999999999997
KXBTC-26AUG1002-B65050,1786341386513,sell,0.58,-0.42000000000000004
KXBTC-26AUG1002-B65050,1786341436395,sell,0.72,-0.28
KXBTC-26AUG1002-B65050,1786341486598,sell,0.8,-0.19999999999999996
KXBTC-26AUG1002-B65050,1786341536570,sell,0.96,-0.040000000000000036
KXBTC-26AUG1002-B65150,1786341037354,buy,0.06,-0.06
KXBTC-26AUG1002-B65150,1786341187546,sell,0.02,0.02
KXBTC-26AUG1002-B65150,1786341287206,sell,0.12,0.12
KXBTC-26AUG1002-B65150,1786341337503,sell,0.31,0.31
KXBTC-26AUG1002-B65150,1786341387376,buy,0.43,-0.43
KXBTC-26AUG1002-B65150,1786341437267,buy,0.27,-0.27
KXBTC-26AUG1003-B64950,1786342740190,buy,0.07,-0.07
KXBTC-26AUG1003-B65050,1786342740330,buy,0.23,-0.23
KXBTC-26AUG1003-B65050,1786344188345,buy,0.19,-0.19
KXBTC-26AUG1003-B65150,1786343637073,sell,0.51,0.51
KXBTC-26AUG1003-B65150,1786343887196,sell,0.57,0.57
KXBTC-26AUG1003-B65150,1786343937082,sell,0.59,0.59
KXBTC-26AUG1003-B65150,1786344286390,buy,0.66,-0.66
KXBTC-26AUG1003-B65150,1786344386507,sell,0.58,0.58
KXBTC-26AUG1003-B65150,1786344536471,sell,0.62,0.62
KXBTC-26AUG1003-B65150,1786344586524,buy,0.64,-0.64
KXBTC-26AUG1003-B65150,1786344686604,sell,0.54,0.54
KXBTC-26AUG1003-B65150,1786344736773,buy,0.6,-0.6
KXBTC-26AUG1003-B65150,1786344786863,buy,0.51,-0.51
KXBTC-26AUG1003-B65150,1786344886489,buy,0.23,-0.23
KXBTC-26AUG1003-B65150,1786344936598,buy,0.17,-0.17
KXBTC-26AUG1003-B65150,1786344986564,buy,0.14,-0.14
KXBTC-26AUG1003-B65250,1786342740474,sell,0.22,-0.78
KXBTC-26AUG1003-B65250,1786343538189,buy,0.22,0.78
KXBTC-26AUG1003-B65250,1786343588296,sell,0.17,-0.83
KXBTC-26AUG1003-B65250,1786343738504,sell,0.19,-0.81
KXBTC-26AUG1003-B65250,1786343788140,buy,0.21,0.79
KXBTC-26AUG1003-B65250,1786343938250,buy,0.19,0.81
KXBTC-26AUG1003-B65250,1786344087972,sell,0.13,-0.87
KXBTC-26AUG1003-B65250,1786344287091,sell,0.24,-0.76
KXBTC-26AUG1003-B65250,1786344537195,buy,0.34,0.6599999999999999
KXBTC-26AUG1003-B65250,1786344587247,sell,0.32,-0.6799999999999999
KXBTC-26AUG1003-B65250,1786344687430,buy,0.43,0.5700000000000001
KXBTC-26AUG1003-B65250,1786344737555,sell,0.36,-0.64
KXBTC-26AUG1003-B65250,1786344787622,sell,0.47,-0.53
KXBTC-26AUG1003-B65250,1786344886767,sell,0.75,-0.25
KXBTC-26AUG1003-B65250,1786344936892,sell,0.78,-0.21999999999999997
KXBTC-26AUG1003-B65250,1786345036907,buy,0.87,0.13
KXBTC-26AUG1003-B65250,1786345087001,sell,0.84,-0.16000000000000003
KXBTC-26AUG1004-B65150,1786346543656,buy,0.29,0.71
KXBTC-26AUG1004-B65150,1786346593470,sell,0.28,-0.72
KXBTC-26AUG1004-B65150,1786346643675,buy,0.29,0.71
KXBTC-26AUG1004-B65150,1786346691326,buy,0.2,0.8
KXBTC-26AUG1004-B65150,1786346791145,sell,0.21,-0.79
KXBTC-26AUG1004-B65150,1786346940942,buy,0.2,0.8
KXBTC-26AUG1004-B65150,1786346991002,buy,0.15,0.85
KXBTC-26AUG1004-B65150,1786347091181,sell,0.14,-0.86
KXBTC-26AUG1004-B65150,1786347191221,buy,0.16,0.84
KXBTC-26AUG1004-B65150,1786347241059,buy,0.12,0.88
KXBTC-26AUG1004-B65150,1786347440975,buy,0.09,0.91
KXBTC-26AUG1004-B65150,1786348040642,sell,0.06,-0.94
KXBTC-26AUG1004-B65150,1786348140580,sell,0.1,-0.9
KXBTC-26AUG1004-B65150,1786348190646,sell,0.17,-0.83
KXBTC-26AUG1004-B65150,1786348340625,sell,0.45,-0.55
KXBTC-26AUG1004-B65150,1786348391012,sell,0.68,-0.31999999999999995
KXBTC-26AUG1004-B65150,1786348440638,sell,0.77,-0.22999999999999998
KXBTC-26AUG1004-B65150,1786348490716,sell,0.84,-0.16000000000000003
KXBTC-26AUG1004-B65150,1786348540919,sell,0.87,-0.13
KXBTC-26AUG1004-B65150,1786348590718,sell,0.91,-0.08999999999999997
KXBTC-26AUG1004-B65150,1786348690406,sell,0.97,-0.030000000000000027
KXBTC-26AUG1004-B65250,1786346392983,sell,0.36,0.36
KXBTC-26AUG1004-B65250,1786346493128,sell,0.42,0.42
KXBTC-26AUG1004-B65250,1786346543515,sell,0.44,0.44
KXBTC-26AUG1004-B65250,1786346990564,buy,0.5,-0.5
KXBTC-26AUG1004-B65250,1786347440524,buy,0.53,-0.53
KXBTC-26AUG1004-B65250,1786347490581,buy,0.45,-0.45
KXBTC-26AUG1004-B65250,1786347590376,sell,0.43,0.43
KXBTC-26AUG1004-B65250,1786347941078,buy,0.6,-0.6
KXBTC-26AUG1004-B65250,1786347990461,sell,0.59,0.59
KXBTC-26AUG1004-B65250,1786348040032,sell,0.64,0.64
KXBTC-26AUG1004-B65250,1786348090488,sell,0.75,0.75
KXBTC-26AUG1004-B65250,1786348190062,buy,0.77,-0.77
KXBTC-26AUG1004-B65250,1786348240388,sell,0.58,0.58
KXBTC-26AUG1004-B65250,1786348290030,buy,0.6,-0.6
KXBTC-26AUG1004-B65250,1786348340050,buy,0.53,-0.53
KXBTC-26AUG1004-B65250,1786348390438,buy,0.26,-0.26
KXBTC-26AUG1004-B65250,1786348440060,buy,0.2,-0.2
KXBTC-26AUG1004-B65250,1786348590130,buy,0.06,-0.06
KXBTC-26AUG1004-B65350,1786346143989,buy,0.15,-0.15
KXBTC-26AUG1004-B65350,1786346544367,sell,0.14,0.14
KXBTC-26AUG1004-B65350,1786346594211,buy,0.17,-0.17
KXBTC-26AUG1004-B65350,1786346644412,sell,0.16,0.16
KXBTC-26AUG1004-B65350,1786346691762,sell,0.24,0.24
KXBTC-26AUG1004-B65350,1786346941372,sell,0.21,0.21
KXBTC-26AUG1004-B65350,1786347191696,sell,0.25,0.25
KXBTC-26AUG1004-B65350,1786347441403,sell,0.29,0.29
KXBTC-26AUG1004-B65350,1786347491464,sell,0.42,0.42
KXBTC-26AUG1004-B65350,1786347591268,buy,0.42,-0.42
KXBTC-26AUG1004-B65350,1786347691435,sell,0.33,0.33
KXBTC-26AUG1004-B65350,1786347841215,buy,0.3,-0.3
KXBTC-26AUG1004-B65350,1786347942002,sell,0.31,0.31
KXBTC-26AUG1004-B65350,1786347991803,buy,0.36,-0.36
KXBTC-26AUG1004-B65350,1786348041376,buy,0.25,-0.25
KXBTC-26AUG1004-B65350,1786348141306,buy,0.08,-0.08
KXBTC-26AUG1005-B65050,1786351841141,buy,0.05,-0.05
KXBTC-26AUG1005-B65150,1786349544176,sell,0.29,0.29
KXBTC-26AUG1005-B65150,1786349744479,sell,0.3,0.3
KXBTC-26AUG1005-B65150,1786349794544,buy,0.34,-0.34
KXBTC-26AUG1005-B65150,1786349844457,buy,0.29,-0.29
KXBTC-26AUG1005-B65150,1786351191436,sell,0.27,0.27
KXBTC-26AUG1005-B65150,1786351291411,sell,0.45,0.45
KXBTC-26AUG1005-B65150,1786351341454,sell,0.59,0.59
KXBTC-26AUG1005-B65150,1786351491236,buy,0.62,-0.62
KXBTC-26AUG1005-B65150,1786351541521,sell,0.6,0.6
KXBTC-26AUG1005-B65150,1786351840401,sell,0.75,0.75
KXBTC-26AUG1005-B65150,1786351940134,buy,0.8,-0.8
KXBTC-26AUG1005-B65150,1786351990286,sell,0.31,0.31
KXBTC-26AUG1005-B65150,1786352039916,sell,0.57,0.57
KXBTC-26AUG1005-B65150,1786352140426,buy,0.72,-0.72
KXBTC-26AUG1005-B65150,1786352240158,sell,0.62,0.62
KXBTC-26AUG1005-B65150,1786352290330,buy,0.63,-0.63
KXBTC-26AUG1005-B65150,1786352340256,sell,0.19,0.19
KXBTC-26AUG1005-B65250,1786349394018,sell,0.35,-0.65
KXBTC-26AUG1005-B65250,1786349744193,buy,0.37,0.63
KXBTC-26AUG1005-B65250,1786350640587,sell,0.51,-0.49
KXBTC-26AUG1005-B65250,1786350790857,sell,0.55,-0.44999999999999996
KXBTC-26AUG1005-B65250,1786350940898,sell,0.58,-0.42000000000000004
KXBTC-26AUG1005-B65250,1786351040651,buy,0.59,0.41000000000000003
KXBTC-26AUG1005-B65250,1786351240969,buy,0.46,0.54
KXBTC-26AUG1005-B65250,1786351290678,buy,0.42,0.5800000000000001
KXBTC-26AUG1005-B65250,1786351340742,buy,0.26,0.74
KXBTC-26AUG1005-B65250,1786351390672,buy,0.21,0.79
KXBTC-26AUG1005-B65250,1786351440565,sell,0.18,-0.8200000000000001
KXBTC-26AUG1005-B65250,1786351490526,sell,0.25,-0.75
KXBTC-26AUG1005-B65250,1786351540775,buy,0.31,0.69
KXBTC-26AUG1005-B65250,1786351939988,sell,0.18,-0.8200000000000001
KXBTC-26AUG1005-B65250,1786351990149,buy,0.6,0.4
KXBTC-26AUG1005-B65250,1786352039781,buy,0.41,0.5900000000000001
KXBTC-26AUG1005-B65250,1786352140274,sell,0.27,-0.73
KXBTC-26AUG1005-B65250,1786352290186,sell,0.38,-0.62
KXBTC-26AUG1005-B65250,1786352340110,buy,0.81,0.18999999999999995
KXBTC-26AUG1005-B65250,1786352390105,sell,0.65,-0.35
KXBTC-26AUG1005-B65350,1786349744622,buy,0.14,-0.14
KXBTC-26AUG1005-B65350,1786349844605,sell,0.11,0.11
KXBTC-26AUG1005-B65350,1786351191137,buy,0.17,-0.17
KXBTC-26AUG1006-B64850,1786355641331,sell,0.23,0.23
KXBTC-26AUG1006-B64850,1786355691356,buy,0.31,-0.31
KXBTC-26AUG1006-B64850,1786355741735,buy,0.22,-0.22
KXBTC-26AUG1006-B64850,1786355791385,buy,0.11,-0.11
KXBTC-26AUG1006-B64950,1786354990858,sell,0.07,-0.9299999999999999
KXBTC-26AUG1006-B64950,1786355040722,sell,0.31,-0.69
KXBTC-26AUG1006-B64950,1786355090951,buy,0.37,0.63
KXBTC-26AUG1006-B64950,1786355140987,sell,0.36,-0.64
KXBTC-26AUG1006-B64950,1786355191055,sell,0.42,-0.5800000000000001
KXBTC-26AUG1006-B64950,1786355540811,sell,0.68,-0.31999999999999995
KXBTC-26AUG1006-B64950,1786355640602,buy,0.71,0.29000000000000004
KXBTC-26AUG1006-B64950,1786355690607,sell,0.66,-0.33999999999999997
KXBTC-26AUG1006-B64950,1786355741035,sell,0.76,-0.24
KXBTC-26AUG1006-B65050,1786353194213,buy,0.17,-0.17
KXBTC-26AUG1006-B65050,1786353244620,sell,0.14,0.14
KXBTC-26AUG1006-B65050,1786353594236,sell,0.17,0.17
KXBTC-26AUG1006-B65050,1786353644364,sell,0.21,0.21
KXBTC-26AUG1006-B65050,1786354991591,sell,0.28,0.28
KXBTC-26AUG1006-B65050,1786355041477,buy,0.58,-0.58
KXBTC-26AUG1006-B65050,1786355141744,buy,0.53,-0.53
KXBTC-26AUG1006-B65050,1786355191802,buy,0.49,-0.49
KXBTC-26AUG1006-B65050,1786355241795,buy,0.23,-0.23
KXBTC-26AUG1006-B65050,1786355291518,buy,0.16,-0.16
KXBTC-26AUG1006-B65050,1786355391444,buy,0.13,-0.13
KXBTC-26AUG1006-B65050,1786355640895,buy,0.04,-0.04
KXBTC-26AUG1006-B65150,1786353193924,buy,0.41,-0.41
KXBTC-26AUG1006-B65150,1786353593947,sell,0.47,0.47
KXBTC-26AUG1006-B65150,1786354341484,buy,0.45,-0.45
KXBTC-26AUG1006-B65150,1786354391495,buy,0.3,-0.3
KXBTC-26AUG1006-B65150,1786354441233,sell,0.19,0.19
KXBTC-26AUG1006-B65150,1786354541639,sell,0.31,0.31
KXBTC-26AUG1006-B65150,1786354591745,buy,0.37,-0.37
KXBTC-26AUG1006-B65150,1786354691674,buy,0.19,-0.19
KXBTC-26AUG1006-B65150,1786354991308,buy,0.1,-0.1
KXBTC-26AUG1006-B65150,1786355191509,buy,0.04,-0.04
KXBTC-26AUG1006-B65250,1786353194069,sell,0.28,0.28
KXBTC-26AUG1006-B65250,1786353594093,buy,0.26,-0.26
KXBTC-26AUG1006-B65250,1786353644229,buy,0.22,-0.22
KXBTC-26AUG1007-B64850,1786357254433,buy,0.13,-0.13
KXBTC-26AUG1007-B64950,1786357000237,sell,0.38,-0.62
KXBTC-26AUG1007-B64950,1786357250227,buy,0.44,0.56
KXBTC-26AUG1007-B64950,1786358747519,sell,0.38,-0.62
KXBTC-26AUG1007-B64950,1786358797237,buy,0.66,0.33999999999999997
KXBTC-26AUG1007-B64950,1786359047355,sell,0.58,-0.42000000000000004
KXBTC-26AUG1007-B64950,1786359097218,sell,0.68,-0.31999999999999995
KXBTC-26AUG1007-B64950,1786359147370,sell,0.73,-0.27
KXBTC-26AUG1007-B64950,1786359197542,sell,0.79,-0.20999999999999996
KXBTC-26AUG1007-B64950,1786359247631,buy,0.82,0.18000000000000005
KXBTC-26AUG1007-B64950,1786359297198,sell,0.81,-0.18999999999999995
KXBTC-26AUG1007-B64950,1786359347559,sell,0.89,-0.10999999999999999
KXBTC-26AUG1007-B64950,1786359396261,buy,0.95,0.050000000000000044
KXBTC-26AUG1007-B65050,1786357250367,sell,0.29,0.29
KXBTC-26AUG1007-B65050,1786357300417,sell,0.37,0.37
KXBTC-26AUG1007-B65050,1786358747367,buy,0.38,-0.38
KXBTC-26AUG1007-B65050,1786358997190,sell,0.38,0.38
KXBTC-26AUG1007-B65050,1786359047208,buy,0.39,-0.39
KXBTC-26AUG1007-B65050,1786359097058,buy,0.3,-0.3
KXBTC-26AUG1007-B65050,1786359147220,buy,0.25,-0.25
KXBTC-26AUG1007-B65050,1786359247482,sell,0.18,0.18
KXBTC-26AUG1007-B65050,1786359297072,buy,0.19,-0.19
KXBTC-26AUG1007-B65050,1786359347418,buy,0.11,-0.11
KXBTC-26AUG1007-B65050,1786359396113,sell,0.04,0.04
KXBTC-26AUG1008-B64850,1786360100786,sell,0.15,0.15
KXBTC-26AUG1008-B64850,1786360152150,sell,0.17,0.17
KXBTC-26AUG1008-B64850,1786360201055,buy,0.18,-0.18
KXBTC-26AUG1008-B64850,1786360351930,sell,0.18,0.18
KXBTC-26AUG1008-B64850,1786361298610,buy,0.09,-0.09
KXBTC-26AUG1008-B64950,1786360601560,buy,0.41,-0.41
KXBTC-26AUG1008-B64950,1786362548253,buy,0.37,-0.37
KXBTC-26AUG1008-B64950,1786362848313,buy,0.12,-0.12
KXBTC-26AUG1008-B65050,1786360351778,buy,0.24,0.76
KXBTC-26AUG1008-B65050,1786360401911,sell,0.18,-0.8200000000000001
KXBTC-26AUG1008-B65050,1786360551722,sell,0.25,-0.75
KXBTC-26AUG1008-B65050,1786360601700,sell,0.29,-0.71
KXBTC-26AUG1008-B65050,1786362548844,sell,0.34,-0.6599999999999999
KXBTC-26AUG1008-B65050,1786362598617,sell,0.8,-0.19999999999999996
KXBTC-26AUG1008-B65050,1786362848891,sell,0.86,-0.14
KXBTC-26AUG1008-B65150,1786361998386,buy,0.09,-0.09
KXBTC-26AUG1008-B65150,1786362948457,sell,0.03,0.03
KXBTC-26AUG1009-B64750,1786366501101,buy,0.06,-0.06
KXBTC-26AUG1009-B64850,1786365700892,sell,0.1,-0.9
KXBTC-26AUG1009-B64850,1786365751029,buy,0.47,0.53
KXBTC-26AUG1009-B64850,1786365801093,buy,0.35,0.65
KXBTC-26AUG1009-B64850,1786365851153,buy,0.19,0.81
KXBTC-26AUG1009-B64850,1786366001037,sell,0.16,-0.84
KXBTC-26AUG1009-B64850,1786366050880,buy,0.19,0.81
KXBTC-26AUG1009-B64850,1786366151123,sell,0.12,-0.88
KXBTC-26AUG1009-B64850,1786366200799,sell,0.22,-0.78
KXBTC-26AUG1009-B64850,1786366251755,sell,0.3,-0.7
KXBTC-26AUG1009-B64850,1786366349554,sell,0.59,-0.41000000000000003
KXBTC-26AUG1009-B64850,1786366449602,sell,0.69,-0.31000000000000005
KXBTC-26AUG1009-B64850,1786366499430,buy,0.8,0.19999999999999996
KXBTC-26AUG1009-B64850,1786366549455,sell,0.71,-0.29000000000000004
KXBTC-26AUG1009-B64850,1786366599506,sell,0.83,-0.17000000000000004
KXBTC-26AUG1009-B64850,1786366649458,sell,0.93,-0.06999999999999995
KXBTC-26AUG1009-B64950,1786363901491,buy,0.1,-0.1
KXBTC-26AUG1009-B64950,1786363951352,sell,0.09,0.09
KXBTC-26AUG1009-B64950,1786364001630,sell,0.13,0.13
KXBTC-26AUG1009-B64950,1786364253788,sell,0.2,0.2
KXBTC-26AUG1009-B64950,1786364303382,sell,0.23,0.23
KXBTC-26AUG1009-B64950,1786365750443,sell,0.31,0.31
KXBTC-26AUG1009-B64950,1786365800509,sell,0.48,0.48
KXBTC-26AUG1009-B64950,1786366251157,buy,0.59,-0.59
KXBTC-26AUG1009-B64950,1786366350311,buy,0.3,-0.3
KXBTC-26AUG1009-B64950,1786366450331,buy,0.23,-0.23
KXBTC-26AUG1009-B64950,1786366500184,sell,0.12,0.12
KXBTC-26AUG1009-B64950,1786366550202,buy,0.27,-0.27
KXBTC-26AUG1009-B64950,1786366600264,buy,0.16,-0.16
KXBTC-26AUG1009-B65050,1786364000926,sell,0.27,0.27
KXBTC-26AUG1009-B65050,1786365199756,buy,0.33,-0.33
KXBTC-26AUG1009-B65050,1786365299620,buy,0.31,-0.31
KXBTC-26AUG1009-B65050,1786365399760,buy,0.19,-0.19
KXBTC-26AUG1009-B65050,1786365499790,buy,0.16,-0.16
KXBTC-26AUG1009-B65050,1786365549737,buy,0.11,-0.11
KXBTC-26AUG1009-B65050,1786365749831,sell,0.06,0.06
KXBTC-26AUG1009-B65050,1786365799922,sell,0.12,0.12
KXBTC-26AUG1009-B65050,1786365899859,sell,0.25,0.25
KXBTC-26AUG1009-B65050,1786365949961,buy,0.27,-0.27
KXBTC-26AUG1009-B65050,1786365999806,buy,0.23,-0.23
KXBTC-26AUG1009-B65050,1786366149962,buy,0.2,-0.2
KXBTC-26AUG1009-B65050,1786366199635,buy,0.11,-0.11
KXBTC-26AUG1009-B65150,1786364000781,buy,0.31,-0.31
KXBTC-26AUG1009-B65150,1786364302500,buy,0.22,-0.22
KXBTC-26AUG1009-B65150,1786364500341,sell,0.19,0.19
KXBTC-26AUG1009-B65150,1786364550241,buy,0.23,-0.23
KXBTC-26AUG1009-B65150,1786364650403,buy,0.2,-0.2
KXBTC-26AUG1009-B65150,1786364900206,buy,0.14,-0.14
KXBTC-26AUG1009-B65350,1786363956074,buy,0.07,-0.07
KXBTC-26AUG1010-B64450,1786370007397,sell,0.03,0.03
KXBTC-26AUG1010-B64450,1786370157430,sell,0.51,0.51
KXBTC-26AUG1010-B64450,1786370207441,sell,0.64,0.64
KXBTC-26AUG1010-B64450,1786370257347,buy,0.68,-0.68
KXBTC-26AUG1010-B64550,1786370007740,sell,0.06,-0.94
KXBTC-26AUG1010-B64550,1786370157732,buy,0.34,0.6599999999999999
KXBTC-26AUG1010-B64550,1786370257632,sell,0.26,-0.74
KXBTC-26AUG1010-B64550,1786370357672,sell,0.75,-0.25
KXBTC-26AUG1010-B64650,1786368060962,sell,0.08,0.08
KXBTC-26AUG1010-B64750,1786367556526,sell,0.19,0.19
KXBTC-26AUG1010-B64750,1786367808206,buy,0.19,-0.19
KXBTC-26AUG1010-B64750,1786367959247,buy,0.17,-0.17
KXBTC-26AUG1010-B64750,1786368060814,sell,0.14,0.14
KXBTC-26AUG1010-B64750,1786368807829,sell,0.19,0.19
KXBTC-26AUG1010-B64750,1786368908484,buy,0.24,-0.24
KXBTC-26AUG1010-B64750,1786369008458,sell,0.21,0.21
KXBTC-26AUG1010-B64750,1786369307951,buy,0.17,-0.17
KXBTC-26AUG1010-B64750,1786369607657,buy,0.14,-0.14
KXBTC-26AUG1010-B64750,1786369657649,buy,0.1,-0.1
KXBTC-26AUG1010-B64750,1786369757747,buy,0.07,-0.07
KXBTC-26AUG1010-B64850,1786368907571,buy,0.27,-0.27
KXBTC-26AUG1010-B64850,1786368957076,sell,0.1,0.1
KXBTC-26AUG1010-B64850,1786369007503,sell,0.14,0.14
KXBTC-26AUG1010-B64850,1786369107087,buy,0.18,-0.18
KXBTC-26AUG1010-B64950,1786367008172,buy,0.17,-0.17
KXBTC-26AUG1010-B64950,1786367808057,sell,0.19,0.19
KXBTC-26AUG1010-B64950,1786367959034,sell,0.22,0.22
KXBTC-26AUG1010-B64950,1786368060670,buy,0.23,-0.23
KXBTC-26AUG1010-B64950,1786368858235,buy,0.19,-0.19
KXBTC-26AUG1010-B64950,1786368908639,buy,0.14,-0.14
KXBTC-26AUG1010-B64950,1786369008608,sell,0.06,0.06
KXBTC-26AUG1011-B64450,1786370968424,sell,0.13,0.13
KXBTC-26AUG1011-B64650,1786371584031,buy,0.22,-0.22
KXBTC-26AUG1011-B64650,1786372035050,buy,0.23,-0.23
KXBTC-26AUG1011-B64650,1786372185665,sell,0.19,0.19
KXBTC-26AUG1011-B64650,1786372534667,buy,0.2,-0.2
KXBTC-26AUG1011-B64650,1786372584490,sell,0.13,0.13
KXBTC-26AUG1011-B64650,1786372634558,sell,0.17,0.17
KXBTC-26AUG1011-B64650,1786372734415,sell,0.2,0.2
KXBTC-26AUG1011-B64650,1786372834781,buy,0.24,-0.24
KXBTC-26AUG1011-B64650,1786372884505,buy,0.19,-0.19
KXBTC-26AUG1011-B64650,1786372984785,buy,0.12,-0.12
KXBTC-26AUG1011-B64650,1786373084654,sell,0.12,0.12
KXBTC-26AUG1011-B64650,1786373234765,sell,0.14,0.14
KXBTC-26AUG1011-B64650,1786373385302,buy,0.24,-0.24
KXBTC-26AUG1011-B64650,1786373435339,sell,0.2,0.2
KXBTC-26AUG1011-B64650,1786373534810,sell,0.25,0.25
KXBTC-26AUG1011-B64650,1786373634577,sell,0.5,0.5
KXBTC-26AUG1011-B64650,1786373734513,sell,0.6,0.6
KXBTC-26AUG1011-B64650,1786373834577,buy,0.55,-0.55
KXBTC-26AUG1011-B64650,1786373884482,sell,0.23,0.23
KXBTC-26AUG1011-B64650,1786373934197,buy,0.25,-0.25
KXBTC-26AUG1011-B64750,1786373135587,sell,0.23,0.23
KXBTC-26AUG1011-B64750,1786373185171,sell,0.38,0.38
KXBTC-26AUG1011-B64750,1786373235373,sell,0.42,0.42
KXBTC-26AUG1011-B64750,1786373535404,buy,0.54,-0.54
KXBTC-26AUG1011-B64750,1786373635170,buy,0.36,-0.36
KXBTC-26AUG1011-B64750,1786373685262,buy,0.15,-0.15
KXBTC-26AUG1011-B64750,1786373784592,buy,0.08,-0.08
KXBTC-26AUG1011-B64850,1786370968716,buy,0.1,-0.1
KXBTC-26AUG1011-B64850,1786371584457,sell,0.14,0.14
KXBTC-26AUG1012-B64250,1786374799575,sell,0.03,-0.97
KXBTC-26AUG1012-B64350,1786374799430,sell,0.08,0.08
KXBTC-26AUG1012-B64350,1786374952164,buy,0.13,-0.13
KXBTC-26AUG1012-B64450,1786374748802,sell,0.11,0.11
KXBTC-26AUG1012-B64450,1786374799282,sell,0.17,0.17
KXBTC-26AUG1012-B64550,1786374692453,buy,0.21,-0.21
KXBTC-26AUG1012-B64550,1786374744131,sell,0.2,0.2
KXBTC-26AUG1012-B64550,1786375645735,buy,0.23,-0.23
KXBTC-26AUG1012-B64550,1786375895938,buy,0.09,-0.09
KXBTC-26AUG1012-B64550,1786376045639,buy,0.08,-0.08
KXBTC-26AUG1012-B64650,1786374794960,buy,0.24,-0.24
KXBTC-26AUG1012-B64650,1786374947794,sell,0.17,0.17
KXBTC-26AUG1012-B64650,1786375046217,buy,0.2,-0.2
KXBTC-26AUG1012-B64650,1786375096125,buy,0.15,-0.15
KXBTC-26AUG1012-B64750,1786374744429,buy,0.18,-0.18
KXBTC-26AUG1012-B64750,1786374795149,buy,0.13,-0.13
KXBTC-26AUG1012-B64850,1786374744731,buy,0.1,-0.1
KXBTC-26AUG1012-B64850,1786374795441,buy,0.07,-0.07
KXBTC-26AUG1013-B63750,1786380856207,sell,0.22,0.22
KXBTC-26AUG1013-B63750,1786380906474,sell,0.42,0.42
KXBTC-26AUG1013-B63750,1786380956369,sell,0.59,0.59
KXBTC-26AUG1013-B63750,1786381106219,buy,0.58,-0.58
KXBTC-26AUG1013-B63850,1786378707248,sell,0.06,-0.94
KXBTC-26AUG1013-B63850,1786378808794,sell,0.09,-0.91
KXBTC-26AUG1013-B63950,1786378707397,sell,0.13,0.13
KXBTC-26AUG1013-B64050,1786378554802,sell,0.19,0.19
KXBTC-26AUG1013-B64050,1786378707736,sell,0.24,0.24
KXBTC-26AUG1013-B64150,1786378707100,buy,0.24,-0.24
KXBTC-26AUG1013-B64150,1786378808636,buy,0.2,-0.2
KXBTC-26AUG1013-B64250,1786378706795,buy,0.16,-0.16
KXBTC-26AUG1013-B64250,1786378906792,buy,0.08,-0.08
KXBTC-26AUG1013-B64250,1786379057058,sell,0.06,0.06
KXBTC-26AUG1013-B64250,1786379706858,buy,0.08,-0.08
KXBTC-26AUG1013-B64250,1786379756573,sell,0.07,0.07
KXBTC-26AUG1013-B64250,1786380106565,buy,0.12,-0.12
KXBTC-26AUG1013-B64250,1786380156150,sell,0.1,0.1
KXBTC-26AUG1013-B64250,1786380206322,buy,0.11,-0.11
KXBTC-26AUG1014-B63650,1786382170227,sell,0.06,0.06
KXBTC-26AUG1014-B63750,1786382116845,sell,0.12,0.12
KXBTC-26AUG1014-B63750,1786382617581,buy,0.17,-0.17
KXBTC-26AUG1014-B63850,1786381763935,buy,0.23,0.77
KXBTC-26AUG1014-B63850,1786381815451,sell,0.21,-0.79
KXBTC-26AUG1014-B63850,1786381865541,buy,0.23,0.77
KXBTC-26AUG1014-B63850,1786383875938,sell,0.32,-0.6799999999999999
KXBTC-26AUG1014-B63850,1786383927792,sell,0.44,-0.56
KXBTC-26AUG1014-B63850,1786384084453,sell,0.52,-0.48
KXBTC-26AUG1014-B63850,1786384234885,buy,0.57,0.43000000000000005
KXBTC-26AUG1014-B63850,1786384285015,sell,0.42,-0.5800000000000001
KXBTC-26AUG1014-B63850,1786384334788,sell,0.45,-0.55
KXBTC-26AUG1014-B63850,1786384384697,sell,0.64,-0.36
KXBTC-26AUG1014-B63850,1786384435077,sell,0.68,-0.31999999999999995
KXBTC-26AUG1014-B63850,1786384634056,buy,0.84,0.16000000000000003
KXBTC-26AUG1014-B63850,1786384683957,sell,0.8,-0.19999999999999996
KXBTC-26AUG1014-B63950,1786381666149,sell,0.17,0.17
KXBTC-26AUG1014-B63950,1786383876239,sell,0.29,0.29
KXBTC-26AUG1014-B63950,1786383928120,buy,0.36,-0.36
KXBTC-26AUG1014-B63950,1786384135244,sell,0.19,0.19
KXBTC-26AUG1014-B63950,1786384235183,sell,0.29,0.29
KXBTC-26AUG1014-B63950,1786384335053,buy,0.45,-0.45
KXBTC-26AUG1014-B63950,1786384435370,buy,0.17,-0.17
KXBTC-26AUG1014-B63950,1786384483984,buy,0.1,-0.1
KXBTC-26AUG1014-B63950,1786384534226,buy,0.06,-0.06
KXBTC-26AUG1014-B63950,1786384634355,sell,0.04,0.04
KXBTC-26AUG1014-B63950,1786384684245,buy,0.18,-0.18
KXBTC-26AUG1014-B64050,1786382116385,buy,0.19,-0.19
KXBTC-26AUG1015-B63750,1786385438557,buy,0.13,-0.13
KXBTC-26AUG1015-B63750,1786385688653,sell,0.13,0.13
KXBTC-26AUG1015-B63750,1786387637209,sell,0.19,0.19
KXBTC-26AUG1015-B63750,1786387687247,buy,0.39,-0.39
KXBTC-26AUG1015-B63750,1786387737021,buy,0.34,-0.34
KXBTC-26AUG1015-B63750,1786387787167,buy,0.25,-0.25
KXBTC-26AUG1015-B63750,1786387837448,sell,0.22,0.22
KXBTC-26AUG1015-B63750,1786387887217,buy,0.23,-0.23
KXBTC-26AUG1015-B63750,1786387987791,sell,0.16,0.16
KXBTC-26AUG1015-B63750,1786388137358,buy,0.2,-0.2
KXBTC-26AUG1015-B63750,1786388186987,buy,0.08,-0.08
KXBTC-26AUG1015-B63850,1786385437796,buy,0.27,0.73
KXBTC-26AUG1015-B63850,1786385588168,sell,0.23,-0.77
KXBTC-26AUG1015-B63850,1786385637807,sell,0.27,-0.73
KXBTC-26AUG1015-B63850,1786386386902,buy,0.3,0.7
KXBTC-26AUG1015-B63850,1786386437054,sell,0.25,-0.75
KXBTC-26AUG1015-B63850,1786387037335,buy,0.42,0.5800000000000001
KXBTC-26AUG1015-B63850,1786387436566,sell,0.27,-0.73
KXBTC-26AUG1015-B63850,1786387487538,sell,0.34,-0.6599999999999999
KXBTC-26AUG1015-B63850,1786387637638,buy,0.44,0.56
KXBTC-26AUG1015-B63850,1786387687702,sell,0.41,-0.5900000000000001
KXBTC-26AUG1015-B63850,1786387737455,sell,0.49,-0.51
KXBTC-26AUG1015-B63850,1786387787663,sell,0.57,-0.43000000000000005
KXBTC-26AUG1015-B63850,1786387937695,sell,0.65,-0.35
KXBTC-26AUG1015-B63950,1786385237203,sell,0.23,0.23
KXBTC-26AUG1015-B63950,1786385437338,sell,0.3,0.3
KXBTC-26AUG1015-B63950,1786385637359,buy,0.32,-0.32
KXBTC-26AUG1015-B63950,1786387037034,buy,0.25,-0.25
KXBTC-26AUG1015-B63950,1786387236618,buy,0.11,-0.11
KXBTC-26AUG1015-B63950,1786387487242,sell,0.08,0.08
KXBTC-26AUG1015-B63950,1786387538253,buy,0.14,-0.14
KXBTC-26AUG1015-B63950,1786387637923,buy,0.1,-0.1
KXBTC-26AUG1015-B63950,1786387737745,sell,0.09,0.09
KXBTC-26AUG1015-B63950,1786387887945,sell,0.14,0.14
KXBTC-26AUG1015-B63950,1786387938037,buy,0.21,-0.21
KXBTC-26AUG1015-B64050,1786385337527,sell,0.14,0.14
KXBTC-26AUG1015-B64050,1786385437489,sell,0.17,0.17
KXBTC-26AUG1015-B64050,1786385637507,buy,0.17,-0.17
KXBTC-26AUG1016-B63850,1786390098589,buy,0.36,-0.36
KXBTC-26AUG1016-B63850,1786390148987,buy,0.26,-0.26
KXBTC-26AUG1016-B63850,1786390198322,buy,0.2,-0.2
KXBTC-26AUG1016-B63850,1786390248525,buy,0.16,-0.16
KXBTC-26AUG1016-B63850,1786390549108,sell,0.11,0.11
KXBTC-26AUG1016-B63850,1786390699186,sell,0.14,0.14
KXBTC-26AUG1016-B63850,1786390748994,buy,0.42,-0.42
KXBTC-26AUG1016-B63850,1786390798520,sell,0.37,0.37
KXBTC-26AUG1016-B63850,1786390898657,sell,0.43,0.43
KXBTC-26AUG1016-B63850,1786390999084,buy,0.46,-0.46
KXBTC-26AUG1016-B63850,1786391049073,buy,0.23,-0.23
KXBTC-26AUG1016-B63850,1786391348880,sell,0.15,0.15
KXBTC-26AUG1016-B63850,1786391397919,buy,0.18,-0.18
KXBTC-26AUG1016-B63850,1786391448013,buy,0.1,-0.1
KXBTC-26AUG1016-B63850,1786391548077,sell,0.08,0.08
KXBTC-26AUG1016-B63850,1786391598088,buy,0.23,-0.23
KXBTC-26AUG1016-B63850,1786391648532,buy,0.1,-0.1
KXBTC-26AUG1016-B63850,1786391747964,sell,0.06,0.06
KXBTC-26AUG1016-B63850,1786391797957,buy,0.07,-0.07
KXBTC-26AUG1016-B63950,1786391398362,sell,0.28,-0.72
KXBTC-26AUG1016-B63950,1786391448459,buy,0.62,0.38
KXBTC-26AUG1016-B63950,1786391498635,sell,0.59,-0.41000000000000003
KXBTC-26AUG1016-B63950,1786391598539,sell,0.66,-0.33999999999999997
KXBTC-26AUG1016-B63950,1786391698297,sell,0.71,-0.29000000000000004
KXBTC-26AUG1016-B63950,1786391748383,sell,0.74,-0.26
KXBTC-26AUG1016-B63950,1786391848775,sell,0.89,-0.10999999999999999
KXBTC-26AUG1016-B64050,1786390999786,sell,0.07,0.07
KXBTC-26AUG1016-B64050,1786391049672,sell,0.21,0.21
KXBTC-26AUG1016-B64050,1786391199294,buy,0.29,-0.29
KXBTC-26AUG1016-B64050,1786391299253,buy,0.24,-0.24
KXBTC-26AUG1016-B64050,1786391398211,sell,0.16,0.16
KXBTC-26AUG1016-B64050,1786391448312,sell,0.27,0.27
KXBTC-26AUG1016-B64050,1786391548355,buy,0.28,-0.28
KXBTC-26AUG1016-B64050,1786391598394,sell,0.1,0.1
KXBTC-26AUG1016-B64050,1786391748245,buy,0.14,-0.14
KXBTC-26AUG1016-B64050,1786391898331,buy,0.05,-0.05
KXBTC-26AUG1017-B63375,1786380309846,sell,0.06,0.06
KXBTC-26AUG1017-B63375,1786380408617,sell,0.09,0.09
KXBTC-26AUG1017-B63375,1786387790298,buy,0.11,-0.11
KXBTC-26AUG1017-B63375,1786389348087,buy,0.07,-0.07
KXBTC-26AUG1017-B63625,1786376998185,sell,0.07,0.07
KXBTC-26AUG1017-B63625,1786380807476,sell,0.19,0.19
KXBTC-26AUG1017-B63625,1786387888828,buy,0.27,-0.27
KXBTC-26AUG1017-B63625,1786389696786,buy,0.23,-0.23
KXBTC-26AUG1017-B63625,1786390098898,buy,0.18,-0.18
KXBTC-26AUG1017-B63625,1786390248817,buy,0.11,-0.11
KXBTC-26AUG1017-B63625,1786390699486,sell,0.11,0.11
KXBTC-26AUG1017-B63625,1786391000087,buy,0.18,-0.18
KXBTC-26AUG1017-B63625,1786392551391,buy,0.07,-0.07
KXBTC-26AUG1017-B63875,1786378812241,sell,0.19,0.19
KXBTC-26AUG1017-B63875,1786387086737,buy,0.34,-0.34
KXBTC-26AUG1017-B63875,1786388488832,sell,0.42,0.42
KXBTC-26AUG1017-B63875,1786389142538,sell,0.45,0.45
KXBTC-26AUG1017-B63875,1786389446147,buy,0.47,-0.47
KXBTC-26AUG1017-B63875,1786390247595,buy,0.45,-0.45
KXBTC-26AUG1017-B63875,1786391148439,buy,0.49,-0.49
KXBTC-26AUG1017-B63875,1786391548208,sell,0.49,0.49
KXBTC-26AUG1017-B63875,1786392199541,buy,0.47,-0.47
KXBTC-26AUG1017-B63875,1786392249442,sell,0.45,0.45
KXBTC-26AUG1017-B63875,1786392750137,buy,0.43,-0.43
KXBTC-26AUG1017-B63875,1786392800640,sell,0.38,0.38
KXBTC-26AUG1017-B63875,1786392850598,sell,0.42,0.42
KXBTC-26AUG1017-B63875,1786392900422,buy,0.53,-0.53
KXBTC-26AUG1017-B63875,1786392951649,buy,0.5,-0.5
KXBTC-26AUG1017-B63875,1786393002062,sell,0.42,0.42
KXBTC-26AUG1017-B63875,1786393052124,buy,0.45,-0.45
KXBTC-26AUG1017-B63875,1786393202699,sell,0.32,0.32
KXBTC-26AUG1017-B63875,1786393500552,buy,0.35,-0.35
KXBTC-26AUG1017-B63875,1786393700344,buy,0.3,-0.3
KXBTC-26AUG1017-B63875,1786393750422,buy,0.25,-0.25
KXBTC-26AUG1017-B63875,1786393850462,sell,0.22,0.22
KXBTC-26AUG1017-B63875,1786393900536,buy,0.26,-0.26
KXBTC-26AUG1017-B63875,1786394150097,buy,0.21,-0.21
KXBTC-26AUG1017-B63875,1786394200126,buy,0.18,-0.18
KXBTC-26AUG1017-B63875,1786394400658,sell,0.12,0.12
KXBTC-26AUG1017-B63875,1786394450132,buy,0.16,-0.16
KXBTC-26AUG1017-B64125,1786362900665,buy,0.05,0.95
KXBTC-26AUG1017-B64125,1786368910604,sell,0.07,-0.9299999999999999
KXBTC-26AUG1017-B64125,1786370664306,buy,0.13,0.87
KXBTC-26AUG1017-B64125,1786374793618,sell,0.11,-0.89
KXBTC-26AUG1017-B64125,1786375595350,sell,0.19,-0.81
KXBTC-26AUG1017-B64125,1786378956775,buy,0.26,0.74
KXBTC-26AUG1017-B64125,1786379356241,sell,0.24,-0.76
KXBTC-26AUG1017-B64125,1786387037635,buy,0.21,0.79
KXBTC-26AUG1017-B64125,1786388739334,buy,0.21,0.79
KXBTC-26AUG1017-B64125,1786390198023,sell,0.31,-0.69
KXBTC-26AUG1017-B64125,1786390248202,sell,0.38,-0.62
KXBTC-26AUG1017-B64125,1786390298127,sell,0.4,-0.6
KXBTC-26AUG1017-B64125,1786390698804,buy,0.38,0.62
KXBTC-26AUG1017-B64125,1786390999271,sell,0.28,-0.72
KXBTC-26AUG1017-B64125,1786391049224,sell,0.33,-0.6699999999999999
KXBTC-26AUG1017-B64125,1786391449184,sell,0.38,-0.62
KXBTC-26AUG1017-B64125,1786391549244,buy,0.38,0.62
KXBTC-26AUG1017-B64125,1786391599299,sell,0.32,-0.6799999999999999
KXBTC-26AUG1017-B64125,1786391749121,buy,0.35,0.65
KXBTC-26AUG1017-B64125,1786391799129,sell,0.34,-0.6599999999999999
KXBTC-26AUG1017-B64125,1786392100370,sell,0.38,-0.62
KXBTC-26AUG1017-B64125,1786392250196,buy,0.45,0.55
KXBTC-26AUG1017-B64125,1786392750743,sell,0.51,-0.49
KXBTC-26AUG1017-B64125,1786392801207,buy,0.55,0.44999999999999996
KXBTC-26AUG1017-B64125,1786392851140,buy,0.52,0.48
KXBTC-26AUG1017-B64125,1786392901002,sell,0.38,-0.62
KXBTC-26AUG1017-B64125,1786392952245,sell,0.45,-0.55
KXBTC-26AUG1017-B64125,1786393002645,buy,0.52,0.48
KXBTC-26AUG1017-B64125,1786393052742,sell,0.47,-0.53
KXBTC-26AUG1017-B64125,1786393300723,buy,0.58,0.42000000000000004
KXBTC-26AUG1017-B64125,1786393350798,sell,0.57,-0.43000000000000005
KXBTC-26AUG1017-B64125,1786393850758,buy,0.72,0.28
KXBTC-26AUG1017-B64125,1786393900829,sell,0.71,-0.29000000000000004
KXBTC-26AUG1017-B64125,1786394401255,buy,0.85,0.15000000000000002
KXBTC-26AUG1017-B64125,1786394450700,sell,0.81,-0.18999999999999995
KXBTC-26AUG1017-B64375,1786326618560,buy,0.09,-0.09
KXBTC-26AUG1017-B64375,1786366802154,sell,0.11,0.11
KXBTC-26AUG1017-B64375,1786368909227,sell,0.14,0.14
KXBTC-26AUG1017-B64375,1786376997164,buy,0.24,-0.24
KXBTC-26AUG1017-B64375,1786384836096,sell,0.09,0.09
KXBTC-26AUG1017-B64375,1786390248966,sell,0.07,0.07
KXBTC-26AUG1017-B64375,1786390699622,buy,0.07,-0.07
KXBTC-26AUG1017-B64625,1786380056641,sell,0.08,0.08
KXBTC-26AUG1017-B64875,1786320668331,buy,0.13,-0.13
KXBTC-26AUG1017-B64875,1786333635447,buy,0.14,-0.14
KXBTC-26AUG1017-B64875,1786355790241,sell,0.16,0.16
KXBTC-26AUG1017-B64875,1786363397757,buy,0.19,-0.19
KXBTC-26AUG1017-B64875,1786368907270,buy,0.2,-0.2
KXBTC-26AUG1017-B64875,1786374792656,buy,0.2,-0.2
KXBTC-26AUG1017-B65125,1786313667502,buy,0.13,-0.13
KXBTC-26AUG1017-B65125,1786362497162,sell,0.19,0.19
KXBTC-26AUG1017-B65125,1786368906810,buy,0.16,-0.16
KXBTC-26AUG1017-B65625,1786366802546,buy,0.08,-0.08
KXBTC-26AUG1017-B65625,1786368909520,buy,0.06,-0.06
KXBTC-26AUG1017-B65875,1786363399002,sell,0.05,0.05
KXBTC-26AUG1018-B63850,1786398404747,sell,0.09,0.09
KXBTC-26AUG1018-B63850,1786398704845,buy,0.18,-0.18
KXBTC-26AUG1018-B63950,1786396107693,buy,0.19,0.81
KXBTC-26AUG1018-B63950,1786396207724,sell,0.14,-0.86
KXBTC-26AUG1018-B63950,1786396257534,sell,0.19,-0.81
KXBTC-26AUG1018-B63950,1786396307483,buy,0.2,0.8
KXBTC-26AUG1018-B63950,1786396407904,sell,0.18,-0.8200000000000001
KXBTC-26AUG1018-B63950,1786396507566,sell,0.21,-0.79
KXBTC-26AUG1018-B63950,1786396557400,buy,0.22,0.78
KXBTC-26AUG1018-B63950,1786396607368,sell,0.2,-0.8
KXBTC-26AUG1018-B63950,1786397007387,buy,0.17,0.83
KXBTC-26AUG1018-B63950,1786397105112,sell,0.17,-0.83
KXBTC-26AUG1018-B63950,1786397155172,sell,0.24,-0.76
KXBTC-26AUG1018-B63950,1786397204933,buy,0.28,0.72
KXBTC-26AUG1018-B63950,1786397304904,buy,0.19,0.81
KXBTC-26AUG1018-B63950,1786397904718,sell,0.15,-0.85
KXBTC-26AUG1018-B63950,1786398005639,sell,0.17,-0.83
KXBTC-26AUG1018-B63950,1786398055026,sell,0.29,-0.71
KXBTC-26AUG1018-B63950,1786398104859,sell,0.39,-0.61
KXBTC-26AUG1018-B63950,1786398204840,buy,0.51,0.49
KXBTC-26AUG1018-B63950,1786398254713,sell,0.45,-0.55
KXBTC-26AUG1018-B64050,1786397654079,sell,0.55,0.55
KXBTC-26AUG1018-B64050,1786397704262,sell,0.57,0.57
KXBTC-26AUG1018-B64050,1786397954148,buy,0.61,-0.61
KXBTC-26AUG1018-B64050,1786398104143,buy,0.49,-0.49
KXBTC-26AUG1018-B64050,1786398153918,buy,0.39,-0.39
KXBTC-26AUG1018-B64050,1786398204072,sell,0.35,0.35
KXBTC-26AUG1018-B64050,1786398254005,buy,0.48,-0.48
KXBTC-26AUG1018-B64050,1786398304416,sell,0.34,0.34
KXBTC-26AUG1018-B64050,1786398403676,buy,0.3,-0.3
KXBTC-26AUG1018-B64050,1786398453524,buy,0.15,-0.15
KXBTC-26AUG1018-B64150,1786396107097,sell,0.29,0.29
KXBTC-26AUG1018-B64150,1786396256970,buy,0.33,-0.33
KXBTC-26AUG1018-B64150,1786396407281,buy,0.25,-0.25
KXBTC-26AUG1018-B64150,1786396457045,sell,0.22,0.22
KXBTC-26AUG1018-B64150,1786396606912,buy,0.24,-0.24
KXBTC-26AUG1018-B64150,1786396706887,sell,0.22,0.22
KXBTC-26AUG1018-B64150,1786396807551,buy,0.24,-0.24
KXBTC-26AUG1018-B64150,1786396856960,sell,0.21,0.21
KXBTC-26AUG1018-B64150,1786397104820,buy,0.22,-0.22
KXBTC-26AUG1018-B64150,1786397154891,buy,0.14,-0.14
KXBTC-26AUG1018-B64150,1786397204645,sell,0.13,0.13
KXBTC-26AUG1018-B64150,1786397904156,buy,0.2,-0.2
KXBTC-26AUG1018-B64150,1786398005028,buy,0.12,-0.12
KXBTC-26AUG1019-B63850,1786399807226,buy,0.22,-0.22
KXBTC-26AUG1019-B63850,1786400057256,buy,0.15,-0.15
KXBTC-26AUG1019-B63850,1786400455119,sell,0.11,0.11
KXBTC-26AUG1019-B63850,1786400555522,sell,0.14,0.14
KXBTC-26AUG1019-B63850,1786400605526,buy,0.19,-0.19
KXBTC-26AUG1019-B63850,1786401105435,sell,0.21,0.21
KXBTC-26AUG1019-B63850,1786401255295,sell,0.32,0.32
KXBTC-26AUG1019-B63850,1786401355227,buy,0.46,-0.46
KXBTC-26AUG1019-B63850,1786401505223,sell,0.32,0.32
KXBTC-26AUG1019-B63850,1786401555260,sell,0.42,0.42
KXBTC-26AUG1019-B63850,1786401655298,buy,0.46,-0.46
KXBTC-26AUG1019-B63850,1786401705109,buy,0.34,-0.34
KXBTC-26AUG1019-B63850,1786401855012,buy,0.31,-0.31
KXBTC-26AUG1019-B63850,1786401955262,buy,0.22,-0.22
KXBTC-26AUG1019-B63850,1786402154941,buy,0.15,-0.15
KXBTC-26AUG1019-B63850,1786402205050,buy,0.1,-0.1
KXBTC-26AUG1019-B63850,1786402254767,buy,0.08,-0.08
KXBTC-26AUG1019-B63950,1786399807818,sell,0.35,-0.65
KXBTC-26AUG1019-B63950,1786400108590,buy,0.43,0.5700000000000001
KXBTC-26AUG1019-B63950,1786400505748,sell,0.38,-0.62
KXBTC-26AUG1019-B63950,1786401255433,buy,0.54,0.45999999999999996
KXBTC-26AUG1019-B63950,1786401355356,sell,0.39,-0.61
KXBTC-26AUG1019-B63950,1786401405381,sell,0.49,-0.51
KXBTC-26AUG1019-B63950,1786401455519,sell,0.53,-0.47
KXBTC-26AUG1019-B63950,1786401504632,buy,0.58,0.42000000000000004
KXBTC-26AUG1019-B63950,1786401554686,buy,0.49,0.51
KXBTC-26AUG1019-B63950,1786401654723,sell,0.46,-0.54
KXBTC-26AUG1019-B63950,1786401754563,sell,0.57,-0.43000000000000005
KXBTC-26AUG1019-B63950,1786401804791,sell,0.64,-0.36
KXBTC-26AUG1019-B63950,1786401905008,sell,0.68,-0.31999999999999995
KXBTC-26AUG1019-B64050,1786399757838,sell,0.19,0.19
KXBTC-26AUG1019-B64050,1786399807668,sell,0.21,0.21
KXBTC-26AUG1019-B64050,1786400057701,sell,0.31,0.31
KXBTC-26AUG1019-B64050,1786400455258,buy,0.38,-0.38
KXBTC-26AUG1019-B64050,1786400555737,buy,0.3,-0.3
KXBTC-26AUG1019-B64050,1786400655449,buy,0.25,-0.25
KXBTC-26AUG1019-B64050,1786400805362,sell,0.23,0.23
KXBTC-26AUG1019-B64050,1786401105719,buy,0.22,-0.22
KXBTC-26AUG1019-B64050,1786401255576,buy,0.09,-0.09
KXBTC-26AUG1020-B63750,1786405506933,buy,0.04,-0.04
KXBTC-26AUG1020-B63850,1786403858048,buy,0.32,-0.32
KXBTC-26AUG1020-B63850,1786404055678,sell,0.29,0.29
KXBTC-26AUG1020-B63850,1786404155847,sell,0.31,0.31
KXBTC-26AUG1020-B63850,1786404205829,sell,0.34,0.34
KXBTC-26AUG1020-B63850,1786404255636,buy,0.4,-0.4
KXBTC-26AUG1020-B63850,1786404455871,sell,0.27,0.27
KXBTC-26AUG1020-B63850,1786404555889,buy,0.34,-0.34
KXBTC-26AUG1020-B63850,1786404655921,sell,0.27,0.27
KXBTC-26AUG1020-B63850,1786404905862,sell,0.37,0.37
KXBTC-26AUG1020-B63850,1786404955643,buy,0.51,-0.51
KXBTC-26AUG1020-B63850,1786405105599,sell,0.4,0.4
KXBTC-26AUG1020-B63850,1786405155861,sell,0.44,0.44
KXBTC-26AUG1020-B63850,1786405305683,buy,0.53,-0.53
KXBTC-26AUG1020-B63850,1786405405552,sell,0.37,0.37
KXBTC-26AUG1020-B63850,1786405455105,buy,0.39,-0.39
KXBTC-26AUG1020-B63850,1786405805236,sell,0.26,0.26
KXBTC-26AUG1020-B63850,1786405855144,buy,0.37,-0.37
KXBTC-26AUG1020-B63850,1786405905069,buy,0.26,-0.26
KXBTC-26AUG1020-B63850,1786406005089,buy,0.23,-0.23
KXBTC-26AUG1020-B63850,1786406055032,sell,0.19,0.19
KXBTC-26AUG1020-B63850,1786406155020,buy,0.39,-0.39
KXBTC-26AUG1020-B63850,1786406205111,buy,0.15,-0.15
KXBTC-26AUG1020-B63950,1786403507956,buy,0.49,0.51
KXBTC-26AUG1020-B63950,1786404008206,buy,0.56,0.43999999999999995
KXBTC-26AUG1020-B63950,1786404155559,buy,0.55,0.44999999999999996
KXBTC-26AUG1020-B63950,1786404205548,buy,0.53,0.47
KXBTC-26AUG1020-B63950,1786404255368,sell,0.49,-0.51
KXBTC-26AUG1020-B63950,1786404305986,sell,0.54,-0.45999999999999996
KXBTC-26AUG1020-B63950,1786404606181,sell,0.56,-0.43999999999999995
KXBTC-26AUG1020-B63950,1786404655538,buy,0.57,0.43000000000000005
KXBTC-26AUG1020-B63950,1786404905576,buy,0.53,0.47
KXBTC-26AUG1020-B63950,1786404955349,sell,0.42,-0.5800000000000001
KXBTC-26AUG1020-B63950,1786405005411,sell,0.5,-0.5
KXBTC-26AUG1020-B63950,1786405105324,buy,0.51,0.49
KXBTC-26AUG1020-B63950,1786405155565,buy,0.45,0.55
KXBTC-26AUG1020-B63950,1786405255423,sell,0.39,-0.61
KXBTC-26AUG1020-B63950,1786405305405,sell,0.44,-0.56
KXBTC-26AUG1020-B63950,1786405455254,sell,0.56,-0.43999999999999995
KXBTC-26AUG1020-B63950,1786405555069,sell,0.61,-0.39
KXBTC-26AUG1020-B63950,1786405805382,buy,0.69,0.31000000000000005
KXBTC-26AUG1020-B63950,1786405855288,sell,0.62,-0.38
KXBTC-26AUG1020-B63950,1786405905209,sell,0.72,-0.28
KXBTC-26AUG1020-B63950,1786405955087,buy,0.75,0.25
KXBTC-26AUG1020-B63950,1786406004664,sell,0.74,-0.26
KXBTC-26AUG1020-B63950,1786406054609,buy,0.78,0.21999999999999997
KXBTC-26AUG1020-B63950,1786406154570,sell,0.59,-0.41000000000000003
KXBTC-26AUG1020-B63950,1786406204670,sell,0.85,-0.15000000000000002
KXBTC-26AUG1020-B64050,1786403758399,sell,0.14,0.14
KXBTC-26AUG1020-B64050,1786404008661,buy,0.16,-0.16
KXBTC-26AUG1020-B64050,1786404156139,buy,0.11,-0.11
KXBTC-26AUG1020-B64050,1786404206103,buy,0.07,-0.07
KXBTC-26AUG1020-B64050,1786404255908,sell,0.05,0.05
KXBTC-26AUG1020-B64050,1786404456166,buy,0.1,-0.1
KXBTC-26AUG1020-B64050,1786404556221,sell,0.07,0.07
KXBTC-26AUG1020-B64050,1786404606838,buy,0.13,-0.13
KXBTC-26AUG1020-B64050,1786404906009,buy,0.09,-0.09
KXBTC-26AUG1020-B64150,1786403508895,buy,0.04,-0.04
KXBTC-26AUG1021-B63750,1786407410215,sell,0.12,0.12
KXBTC-26AUG1021-B63750,1786407660962,sell,0.16,0.16
KXBTC-26AUG1021-B63750,1786407710875,buy,0.17,-0.17
KXBTC-26AUG1021-B63850,1786406809465,sell,0.38,0.38
KXBTC-26AUG1021-B63850,1786407159333,buy,0.37,-0.37
KXBTC-26AUG1021-B63850,1786407209426,buy,0.35,-0.35
KXBTC-26AUG1021-B63850,1786407259196,sell,0.31,0.31
KXBTC-26AUG1021-B63850,1786407359659,sell,0.33,0.33
KXBTC-26AUG1021-B63850,1786407409498,sell,0.36,0.36
KXBTC-26AUG1021-B63850,1786407610577,sell,0.4,0.4
KXBTC-26AUG1021-B63850,1786407710163,buy,0.43,-0.43
KXBTC-26AUG1021-B63850,1786407760115,sell,0.31,0.31
KXBTC-26AUG1021-B63850,1786407957852,buy,0.37,-0.37
KXBTC-26AUG1021-B63850,1786408058156,sell,0.31,0.31
KXBTC-26AUG1021-B63850,1786408209315,buy,0.35,-0.35
KXBTC-26AUG1021-B63850,1786408357820,sell,0.27,0.27
KXBTC-26AUG1021-B63850,1786408457970,buy,0.28,-0.28
KXBTC-26AUG1021-B63850,1786408557535,sell,0.27,0.27
KXBTC-26AUG1021-B63850,1786408657577,sell,0.3,0.3
KXBTC-26AUG1021-B63850,1786408707383,buy,0.44,-0.44
KXBTC-26AUG1021-B63850,1786408757725,buy,0.31,-0.31
KXBTC-26AUG1021-B63850,1786408808177,sell,0.27,0.27
KXBTC-26AUG1021-B63850,1786408957547,buy,0.33,-0.33
KXBTC-26AUG1021-B63850,1786409007472,buy,0.28,-0.28
KXBTC-26AUG1021-B63850,1786409057399,sell,0.25,0.25
KXBTC-26AUG1021-B63850,1786409108419,buy,0.37,-0.37
KXBTC-26AUG1021-B63850,1786409157209,buy,0.27,-0.27
KXBTC-26AUG1021-B63850,1786409257536,buy,0.17,-0.17
KXBTC-26AUG1021-B63850,1786409457561,buy,0.09,-0.09
KXBTC-26AUG1021-B63850,1786409507151,sell,0.05,0.05
KXBTC-26AUG1021-B63850,1786409607274,buy,0.06,-0.06
KXBTC-26AUG1021-B63850,1786409657150,buy,0.03,-0.03
KXBTC-26AUG1021-B63950,1786406810050,buy,0.3,0.7
KXBTC-26AUG1021-B63950,1786406860083,buy,0.27,0.73
KXBTC-26AUG1021-B63950,1786406959866,sell,0.26,-0.74
KXBTC-26AUG1021-B63950,1786407060365,sell,0.36,-0.64
KXBTC-26AUG1021-B63950,1786407109867,buy,0.37,0.63
KXBTC-26AUG1021-B63950,1786407159945,sell,0.34,-0.6599999999999999
KXBTC-26AUG1021-B63950,1786407209138,sell,0.38,-0.62
KXBTC-26AUG1021-B63950,1786407258879,buy,0.41,0.5900000000000001
KXBTC-26AUG1021-B63950,1786407309798,sell,0.36,-0.64
KXBTC-26AUG1021-B63950,1786407409209,buy,0.37,0.63
KXBTC-26AUG1021-B63950,1786407559817,sell,0.32,-0.6799999999999999
KXBTC-26AUG1021-B63950,1786407610270,buy,0.34,0.6599999999999999
KXBTC-26AUG1021-B63950,1786407709868,sell,0.3,-0.7
KXBTC-26AUG1021-B63950,1786407957142,sell,0.4,-0.6
KXBTC-26AUG1021-B63950,1786408307305,sell,0.51,-0.49
KXBTC-26AUG1021-B63950,1786408657241,buy,0.54,0.45999999999999996
KXBTC-26AUG1021-B63950,1786408707096,sell,0.42,-0.5800000000000001
KXBTC-26AUG1021-B63950,1786408907435,buy,0.57,0.43000000000000005
KXBTC-26AUG1021-B63950,1786408957248,sell,0.55,-0.44999999999999996
KXBTC-26AUG1021-B63950,1786409007182,sell,0.63,-0.37
KXBTC-26AUG1021-B63950,1786409057129,buy,0.64,0.36
KXBTC-26AUG1021-B63950,1786409108123,sell,0.57,-0.43000000000000005
KXBTC-26AUG1021-B63950,1786409157062,sell,0.66,-0.33999999999999997
KXBTC-26AUG1021-B63950,1786409707283,buy,0.9,0.09999999999999998
KXBTC-26AUG1021-B63950,1786409756975,buy,0.86,0.14
KXBTC-26AUG1021-B63950,1786409806636,sell,0.84,-0.16000000000000003
KXBTC-26AUG1021-B63950,1786409906682,buy,0.87,0.13
KXBTC-26AUG1021-B64050,1786407209725,sell,0.12,0.12
KXBTC-26AUG1021-B64050,1786407409794,buy,0.12,-0.12
KXBTC-26AUG1021-B64050,1786407610902,buy,0.09,-0.09
KXBTC-26AUG1021-B64050,1786407710446,sell,0.07,0.07
KXBTC-26AUG1021-B64050,1786407957284,sell,0.13,0.13
KXBTC-26AUG1021-B64050,1786408057593,buy,0.15,-0.15
KXBTC-26AUG1021-B64050,1786408208664,sell,0.14,0.14
KXBTC-26AUG1021-B64050,1786408307453,sell,0.17,0.17
KXBTC-26AUG1021-B64050,1786408357254,buy,0.18,-0.18
KXBTC-26AUG1021-B64050,1786408457387,sell,0.13,0.13
KXBTC-26AUG1021-B64050,1786408557041,buy,0.15,-0.15
KXBTC-26AUG1021-B64050,1786408657096,buy,0.1,-0.1
KXBTC-26AUG1021-B64050,1786409056991,buy,0.08,-0.08
KXBTC-26AUG1021-B64050,1786409457707,sell,0.08,0.08
KXBTC-26AUG1021-B64050,1786409507282,buy,0.1,-0.1
KXBTC-26AUG1021-B64050,1786409707571,sell,0.08,0.08
KXBTC-26AUG1021-B64050,1786409757307,sell,0.13,0.13
KXBTC-26AUG1021-B64050,1786409807082,buy,0.16,-0.16
KXBTC-26AUG1021-B64050,1786409907128,sell,0.13,0.13
KXBTC-26AUG1022-B63850,1786410613065,buy,0.27,-0.27
KXBTC-26AUG1022-B63850,1786410663314,buy,0.18,-0.18
KXBTC-26AUG1022-B63850,1786410963246,sell,0.12,0.12
KXBTC-26AUG1022-B63850,1786411109780,sell,0.16,0.16
KXBTC-26AUG1022-B63850,1786411159981,sell,0.23,0.23
KXBTC-26AUG1022-B63850,1786411259926,buy,0.28,-0.28
KXBTC-26AUG1022-B63850,1786411459843,buy,0.13,-0.13
KXBTC-26AUG1022-B63850,1786412509931,sell,0.08,0.08
KXBTC-26AUG1022-B63850,1786412559795,sell,0.17,0.17
KXBTC-26AUG1022-B63850,1786412609801,buy,0.3,-0.3
KXBTC-26AUG1022-B63850,1786412710224,sell,0.2,0.2
KXBTC-26AUG1022-B63850,1786412759970,buy,0.24,-0.24
KXBTC-26AUG1022-B63850,1786412909985,buy,0.11,-0.11
KXBTC-26AUG1022-B63850,1786413010069,buy,0.04,-0.04
KXBTC-26AUG1022-B63950,1786410662452,buy,0.39,-0.39
KXBTC-26AUG1022-B63950,1786411260078,buy,0.44,-0.44
KXBTC-26AUG1022-B63950,1786411459988,buy,0.41,-0.41
KXBTC-26AUG1022-B63950,1786411510580,sell,0.38,0.38
KXBTC-26AUG1022-B63950,1786411759442,buy,0.39,-0.39
KXBTC-26AUG1022-B63950,1786411810325,sell,0.38,0.38
KXBTC-26AUG1022-B63950,1786412059276,sell,0.46,0.46
KXBTC-26AUG1022-B63950,1786412409947,sell,0.61,0.61
KXBTC-26AUG1022-B63950,1786412509504,sell,0.68,0.68
KXBTC-26AUG1022-B63950,1786412559361,buy,0.69,-0.69
KXBTC-26AUG1022-B63950,1786412609381,sell,0.59,0.59
KXBTC-26AUG1022-B63950,1786412759541,sell,0.67,0.67
KXBTC-26AUG1022-B63950,1786412809526,sell,0.72,0.72
KXBTC-26AUG1022-B63950,1786413009604,buy,0.79,-0.79
KXBTC-26AUG1022-B63950,1786413059148,buy,0.63,-0.63
KXBTC-26AUG1022-B63950,1786413109099,sell,0.46,0.46
KXBTC-26AUG1022-B63950,1786413158962,buy,0.66,-0.66
KXBTC-26AUG1022-B63950,1786413208913,buy,0.53,-0.53
KXBTC-26AUG1022-B63950,1786413259059,sell,0.37,0.37
KXBTC-26AUG1022-B63950,1786413358976,sell,0.54,0.54
KXBTC-26AUG1022-B63950,1786413459218,buy,0.57,-0.57
KXBTC-26AUG1022-B63950,1786413509091,buy,0.33,-0.33
KXBTC-26AUG1022-B64050,1786410613225,sell,0.16,-0.84
KXBTC-26AUG1022-B64050,1786410663460,sell,0.29,-0.71
KXBTC-26AUG1022-B64050,1786410713330,sell,0.33,-0.6699999999999999
KXBTC-26AUG1022-B64050,1786410963390,buy,0.36,0.64
KXBTC-26AUG1022-B64050,1786411060641,sell,0.31,-0.69
KXBTC-26AUG1022-B64050,1786411110530,buy,0.32,0.6799999999999999
KXBTC-26AUG1022-B64050,1786411160710,buy,0.25,0.75
KXBTC-26AUG1022-B64050,1786411260668,sell,0.17,-0.83
KXBTC-26AUG1022-B64050,1786411460595,sell,0.34,-0.6599999999999999
KXBTC-26AUG1022-B64050,1786411511176,buy,0.37,0.63
KXBTC-26AUG1022-B64050,1786411660751,buy,0.35,0.65
KXBTC-26AUG1022-B64050,1786411710142,sell,0.33,-0.6699999999999999
KXBTC-26AUG1022-B64050,1786412059962,buy,0.42,0.5800000000000001
KXBTC-26AUG1022-B64050,1786412410680,buy,0.32,0.6799999999999999
KXBTC-26AUG1022-B64050,1786412460155,sell,0.2,-0.8
KXBTC-26AUG1022-B64050,1786412510225,buy,0.24,0.76
KXBTC-26AUG1022-B64050,1786412610070,sell,0.08,-0.92
KXBTC-26AUG1022-B64050,1786412959948,sell,0.1,-0.9
KXBTC-26AUG1022-B64050,1786413010213,sell,0.18,-0.8200000000000001
KXBTC-26AUG1022-B64050,1786413059738,sell,0.34,-0.6599999999999999
KXBTC-26AUG1022-B64050,1786413109658,buy,0.52,0.48
KXBTC-26AUG1022-B64050,1786413159538,sell,0.29,-0.71
KXBTC-26AUG1022-B64050,1786413209485,sell,0.47,-0.53
KXBTC-26AUG1022-B64050,1786413259601,buy,0.59,0.41000000000000003
KXBTC-26AUG1022-B64050,1786413359575,buy,0.47,0.53
KXBTC-26AUG1022-B64050,1786413459860,sell,0.43,-0.5700000000000001
KXBTC-26AUG1022-B64050,1786413509678,sell,0.66,-0.33999999999999997
KXBTC-26AUG1022-B64150,1786410918431,buy,0.12,-0.12
KXBTC-26AUG1023-B63850,1786416161836,buy,0.05,-0.05
KXBTC-26AUG1023-B63950,1786414413008,sell,0.34,-0.6599999999999999
KXBTC-26AUG1023-B63950,1786414462972,sell,0.43,-0.5700000000000001
KXBTC-26AUG1023-B63950,1786414513132,buy,0.44,0.56
KXBTC-26AUG1023-B63950,1786415611533,sell,0.49,-0.51
KXBTC-26AUG1023-B63950,1786415661558,sell,0.52,-0.48
KXBTC-26AUG1023-B63950,1786415761501,sell,0.61,-0.39
KXBTC-26AUG1023-B63950,1786416111482,buy,0.67,0.32999999999999996
KXBTC-26AUG1023-B63950,1786416314913,buy,0.66,0.33999999999999997
KXBTC-26AUG1023-B63950,1786416361681,sell,0.5,-0.5
KXBTC-26AUG1023-B63950,1786416461300,sell,0.55,-0.44999999999999996
KXBTC-26AUG1023-B63950,1786416561173,sell,0.67,-0.32999999999999996
KXBTC-26AUG1023-B63950,1786416860624,buy,0.88,0.12
KXBTC-26AUG1023-B63950,1786417110293,sell,0.89,-0.10999999999999999
KXBTC-26AUG1023-B64050,1786414412709,buy,0.47,-0.47
KXBTC-26AUG1023-B64050,1786414512805,sell,0.36,0.36
KXBTC-26AUG1023-B64050,1786414762624,sell,0.41,0.41
KXBTC-26AUG1023-B64050,1786415361234,buy,0.42,-0.42
KXBTC-26AUG1023-B64050,1786415412108,sell,0.4,0.4
KXBTC-26AUG1023-B64050,1786415561037,sell,0.45,0.45
KXBTC-26AUG1023-B64050,1786415611246,buy,0.47,-0.47
KXBTC-26AUG1023-B64050,1786415661282,buy,0.38,-0.38
KXBTC-26AUG1023-B64050,1786415761184,buy,0.33,-0.33
KXBTC-26AUG1023-B64050,1786415961063,buy,0.27,-0.27
KXBTC-26AUG1023-B64050,1786416011660,buy,0.24,-0.24
KXBTC-26AUG1023-B64050,1786416061128,sell,0.22,0.22
KXBTC-26AUG1023-B64050,1786416111201,sell,0.27,0.27
KXBTC-26AUG1023-B64050,1786416313828,sell,0.3,0.3
KXBTC-26AUG1023-B64050,1786416360883,sell,0.43,0.43
KXBTC-26AUG1023-B64050,1786416410529,buy,0.44,-0.44
KXBTC-26AUG1023-B64050,1786416460578,buy,0.41,-0.41
KXBTC-26AUG1023-B64050,1786416560440,buy,0.3,-0.3
KXBTC-26AUG1023-B64050,1786416710588,buy,0.16,-0.16
KXBTC-26AUG1023-B64050,1786416860477,sell,0.08,0.08
KXBTC-26AUG1023-B64050,1786417110149,buy,0.13,-0.13
KXBTC-26AUG1023-B64150,1786414413507,buy,0.13,-0.13
KXBTC-26AUG1100-B63950,1786417464424,buy,0.34,-0.34
KXBTC-26AUG1100-B63950,1786417564421,sell,0.34,0.34
KXBTC-26AUG1100-B63950,1786417715130,buy,0.41,-0.41
KXBTC-26AUG1100-B63950,1786417866228,buy,0.33,-0.33
KXBTC-26AUG1100-B63950,1786417965843,buy,0.28,-0.28
KXBTC-26AUG1100-B63950,1786418014774,sell,0.2,0.2
KXBTC-26AUG1100-B63950,1786418214941,buy,0.19,-0.19
KXBTC-26AUG1100-B63950,1786418269867,buy,0.16,-0.16
KXBTC-26AUG1100-B63950,1786418638443,buy,0.1,-0.1
KXBTC-26AUG1100-B64050,1786417464563,sell,0.44,-0.56
KXBTC-26AUG1100-B64050,1786417564571,buy,0.47,0.53
KXBTC-26AUG1100-B64050,1786417715286,sell,0.4,-0.6
KXBTC-26AUG1100-B64050,1786417765931,sell,0.43,-0.5700000000000001
KXBTC-26AUG1100-B64050,1786418116015,sell,0.52,-0.48
KXBTC-26AUG1100-B64050,1786418215519,sell,0.56,-0.43999999999999995
KXBTC-26AUG1100-B64050,1786418270573,buy,0.57,0.43000000000000005
KXBTC-26AUG1100-B64050,1786418337435,buy,0.52,0.48
KXBTC-26AUG1100-B64050,1786418412253,sell,0.5,-0.5
KXBTC-26AUG1100-B64050,1786418788158,buy,0.52,0.48
KXBTC-26AUG1100-B64050,1786418838125,buy,0.43,0.5700000000000001
KXBTC-26AUG1100-B64050,1786418888031,sell,0.36,-0.64
KXBTC-26AUG1100-B64050,1786418937801,sell,0.48,-0.52
KXBTC-26AUG1100-B64050,1786418987918,sell,0.54,-0.45999999999999996
KXBTC-26AUG1100-B64050,1786419137870,sell,0.57,-0.43000000000000005
KXBTC-26AUG1100-B64050,1786419637740,buy,0.58,0.42000000000000004
KXBTC-26AUG1100-B64050,1786419687589,sell,0.47,-0.53
KXBTC-26AUG1100-B64050,1786419737584,buy,0.58,0.42000000000000004
KXBTC-26AUG1100-B64050,1786419787718,sell,0.57,-0.43000000000000005
KXBTC-26AUG1100-B64050,1786420187454,buy,0.85,0.15000000000000002
KXBTC-26AUG1100-B64050,1786420287851,sell,0.85,-0.15000000000000002
KXBTC-26AUG1100-B64150,1786417664057,buy,0.12,-0.12
KXBTC-26AUG1100-B64150,1786417965708,sell,0.12,0.12
KXBTC-26AUG1100-B64150,1786418164870,sell,0.16,0.16
KXBTC-26AUG1100-B64150,1786418214516,sell,0.18,0.18
KXBTC-26AUG1100-B64150,1786418269340,sell,0.24,0.24
KXBTC-26AUG1100-B64150,1786418410671,buy,0.34,-0.34
KXBTC-26AUG1100-B64150,1786418590136,sell,0.32,0.32
KXBTC-26AUG1100-B64150,1786418787578,sell,0.41,0.41
KXBTC-26AUG1100-B64150,1786418837561,sell,0.45,0.45
KXBTC-26AUG1100-B64150,1786418887414,buy,0.49,-0.49
KXBTC-26AUG1100-B64150,1786418937237,buy,0.38,-0.38
KXBTC-26AUG1100-B64150,1786418987342,buy,0.36,-0.36
KXBTC-26AUG1100-B64150,1786419637595,sell,0.37,0.37
KXBTC-26AUG1100-B64150,1786419687443,buy,0.49,-0.49
KXBTC-26AUG1100-B64150,1786419787577,buy,0.37,-0.37
KXBTC-26AUG1100-B64150,1786419837348,buy,0.26,-0.26
KXBTC-26AUG1100-B64150,1786420287566,buy,0.13,-0.13
KXBTC-26AUG1101-B63950,1786422142202,buy,0.1,0.9
KXBTC-26AUG1101-B63950,1786422292232,sell,0.08,-0.92
KXBTC-26AUG1101-B63950,1786422342397,sell,0.1,-0.9
KXBTC-26AUG1101-B63950,1786422892370,sell,0.1,-0.9
KXBTC-26AUG1101-B63950,1786423392868,buy,0.08,0.92
KXBTC-26AUG1101-B63950,1786423741923,sell,0.06,-0.94
KXBTC-26AUG1101-B63950,1786423792000,buy,0.14,0.86
KXBTC-26AUG1101-B63950,1786423842066,sell,0.13,-0.87
KXBTC-26AUG1101-B63950,1786423891985,sell,0.39,-0.61
KXBTC-26AUG1101-B63950,1786423942146,sell,0.6,-0.4
KXBTC-26AUG1101-B63950,1786423992108,sell,0.65,-0.35
KXBTC-26AUG1101-B63950,1786424091959,buy,0.82,0.18000000000000005
KXBTC-26AUG1101-B63950,1786424142186,sell,0.81,-0.18999999999999995
KXBTC-26AUG1101-B64050,1786421341358,sell,0.52,0.52
KXBTC-26AUG1101-B64050,1786421391266,sell,0.55,0.55
KXBTC-26AUG1101-B64050,1786421745365,sell,0.6,0.6
KXBTC-26AUG1101-B64050,1786421843336,sell,0.62,0.62
KXBTC-26AUG1101-B64050,1786421893310,sell,0.64,0.64
KXBTC-26AUG1101-B64050,1786422143254,buy,0.66,-0.66
KXBTC-26AUG1101-B64050,1786422243103,sell,0.67,0.67
KXBTC-26AUG1101-B64050,1786423741588,buy,0.87,-0.87
KXBTC-26AUG1101-B64050,1786423791709,sell,0.81,0.81
KXBTC-26AUG1101-B64050,1786423841771,buy,0.84,-0.84
KXBTC-26AUG1101-B64050,1786423891700,buy,0.61,-0.61
KXBTC-26AUG1101-B64050,1786423941827,buy,0.42,-0.42
KXBTC-26AUG1101-B64050,1786423991805,buy,0.34,-0.34
KXBTC-26AUG1101-B64050,1786424042097,buy,0.3,-0.3
KXBTC-26AUG1101-B64050,1786424242001,buy,0.1,-0.1
KXBTC-26AUG1101-B64150,1786421291417,sell,0.27,0.27
KXBTC-26AUG1101-B64150,1786421391417,buy,0.27,-0.27
KXBTC-26AUG1101-B64150,1786422143400,sell,0.22,0.22
KXBTC-26AUG1101-B64150,1786422243253,buy,0.27,-0.27
KXBTC-26AUG1102-B63850,1786425546107,sell,0.08,0.08
KXBTC-26AUG1102-B63850,1786425643070,sell,0.13,0.13
KXBTC-26AUG1102-B63850,1786425692861,sell,0.29,0.29
KXBTC-26AUG1102-B63850,1786426293107,sell,0.28,0.28
KXBTC-26AUG1102-B63850,1786426342768,buy,0.29,-0.29
KXBTC-26AUG1102-B63850,1786426442929,buy,0.24,-0.24
KXBTC-26AUG1102-B63850,1786426542989,buy,0.1,-0.1
KXBTC-26AUG1102-B63950,1786425145312,sell,0.45,-0.55
KXBTC-26AUG1102-B63950,1786425395374,sell,0.47,-0.53
KXBTC-26AUG1102-B63950,1786425545285,sell,0.56,-0.43999999999999995
KXBTC-26AUG1102-B63950,1786425643224,buy,0.6,0.4
KXBTC-26AUG1102-B63950,1786426442030,sell,0.61,-0.39
KXBTC-26AUG1102-B63950,1786426542140,buy,0.69,0.31000000000000005
KXBTC-26AUG1102-B63950,1786426591880,buy,0.67,0.32999999999999996
KXBTC-26AUG1102-B63950,1786426692059,sell,0.63,-0.37
KXBTC-26AUG1102-B63950,1786426842057,sell,0.7,-0.30000000000000004
KXBTC-26AUG1102-B63950,1786427142184,buy,0.71,0.29000000000000004
KXBTC-26AUG1102-B63950,1786427192021,sell,0.68,-0.31999999999999995
KXBTC-26AUG1102-B63950,1786427242371,buy,0.78,0.21999999999999997
KXBTC-26AUG1102-B63950,1786427591921,sell,0.89,-0.10999999999999999
KXBTC-26AUG1102-B63950,1786427641659,sell,0.95,-0.050000000000000044
KXBTC-26AUG1102-B64050,1786425145894,buy,0.38,-0.38
KXBTC-26AUG1102-B64050,1786425545956,buy,0.33,-0.33
KXBTC-26AUG1102-B64050,1786426243143,buy,0.17,-0.17
KXBTC-26AUG1102-B64050,1786426442762,sell,0.11,0.11
KXBTC-26AUG1102-B64050,1786426542843,sell,0.17,0.17
KXBTC-26AUG1102-B64050,1786426842785,buy,0.27,-0.27
KXBTC-26AUG1102-B64050,1786426942845,buy,0.22,-0.22
KXBTC-26AUG1102-B64050,1786427143072,sell,0.21,0.21
KXBTC-26AUG1102-B64050,1786427192868,buy,0.27,-0.27
KXBTC-26AUG1102-B64050,1786427592360,buy,0.06,-0.06
KXBTC-26AUG1102-B64050,1786427642092,buy,0.04,-0.04
KXBTC-26AUG1103-B63850,1786428247034,buy,0.25,-0.25
KXBTC-26AUG1103-B63850,1786428348416,sell,0.22,0.22
KXBTC-26AUG1103-B63850,1786428398443,buy,0.25,-0.25
KXBTC-26AUG1103-B63850,1786428549838,buy,0.16,-0.16
KXBTC-26AUG1103-B63850,1786429200510,sell,0.13,0.13
KXBTC-26AUG1103-B63850,1786429350615,sell,0.17,0.17
KXBTC-26AUG1103-B63850,1786429500643,sell,0.2,0.2
KXBTC-26AUG1103-B63850,1786429550759,sell,0.26,0.26
KXBTC-26AUG1103-B63850,1786429600893,sell,0.29,0.29
KXBTC-26AUG1103-B63850,1786429650995,sell,0.39,0.39
KXBTC-26AUG1103-B63850,1786429700829,sell,0.48,0.48
KXBTC-26AUG1103-B63850,1786430399984,buy,0.6,-0.6
KXBTC-26AUG1103-B63850,1786430549923,sell,0.46,0.46
KXBTC-26AUG1103-B63850,1786430750161,buy,0.71,-0.71
KXBTC-26AUG1103-B63850,1786430799949,sell,0.67,0.67
KXBTC-26AUG1103-B63850,1786431200008,buy,0.91,-0.91
KXBTC-26AUG1103-B63850,1786431249824,buy,0.85,-0.85
KXBTC-26AUG1103-B63850,1786431349762,sell,0.78,0.78
KXBTC-26AUG1103-B63850,1786431499763,buy,0.96,-0.96
KXBTC-26AUG1103-B63850,1786431549685,buy,0.93,-0.93
KXBTC-26AUG1103-B63950,1786428196931,sell,0.49,-0.51
KXBTC-26AUG1103-B63950,1786428296811,sell,0.51,-0.49
KXBTC-26AUG1103-B63950,1786428549988,buy,0.56,0.43999999999999995
KXBTC-26AUG1103-B63950,1786428849716,sell,0.53,-0.47
KXBTC-26AUG1103-B63950,1786428899881,sell,0.57,-0.43000000000000005
KXBTC-26AUG1103-B63950,1786428950024,sell,0.59,-0.41000000000000003
KXBTC-26AUG1103-B63950,1786429500495,buy,0.66,0.33999999999999997
KXBTC-26AUG1103-B63950,1786429600748,buy,0.6,0.4
KXBTC-26AUG1103-B63950,1786429650810,buy,0.51,0.49
KXBTC-26AUG1103-B63950,1786429700679,buy,0.46,0.54
KXBTC-26AUG1103-B63950,1786429750823,sell,0.37,-0.63
KXBTC-26AUG1103-B63950,1786429800830,buy,0.38,0.62
KXBTC-26AUG1103-B63950,1786429850804,buy,0.3,0.7
KXBTC-26AUG1103-B63950,1786429900629,sell,0.22,-0.78
KXBTC-26AUG1103-B63950,1786429950612,buy,0.29,0.71
KXBTC-26AUG1103-B63950,1786430049800,buy,0.21,0.79
KXBTC-26AUG1103-B63950,1786430149970,sell,0.19,-0.81
KXBTC-26AUG1103-B63950,1786430204277,buy,0.2,0.8
KXBTC-26AUG1103-B63950,1786430301007,sell,0.18,-0.8200000000000001
KXBTC-26AUG1103-B63950,1786430350868,sell,0.22,-0.78
KXBTC-26AUG1103-B63950,1786430400446,sell,0.29,-0.71
KXBTC-26AUG1103-B63950,1786430550397,buy,0.48,0.52
KXBTC-26AUG1103-B63950,1786430600087,buy,0.4,0.6
KXBTC-26AUG1103-B63950,1786430699964,buy,0.29,0.71
KXBTC-26AUG1103-B63950,1786430750404,sell,0.22,-0.78
KXBTC-26AUG1103-B63950,1786430800096,buy,0.29,0.71
KXBTC-26AUG1103-B63950,1786431050001,buy,0.18,0.8200000000000001
KXBTC-26AUG1103-B63950,1786431150651,buy,0.06,0.94
KXBTC-26AUG1103-B63950,1786431500057,sell,0.03,-0.97
KXBTC-26AUG1103-B63950,1786431549976,sell,0.09,-0.91
KXBTC-26AUG1103-B64050,1786428849991,buy,0.33,-0.33
KXBTC-26AUG1103-B64050,1786429000142,buy,0.24,-0.24
KXBTC-26AUG1103-B64050,1786429200660,buy,0.2,-0.2
KXBTC-26AUG1104-B63750,1786431908808,buy,0.08,-0.08
KXBTC-26AUG1104-B63750,1786432705085,sell,0.09,0.09
KXBTC-26AUG1104-B63750,1786432855247,sell,0.14,0.14
KXBTC-26AUG1104-B63850,1786431904043,buy,0.31,-0.31
KXBTC-26AUG1104-B63850,1786431953796,buy,0.25,-0.25
KXBTC-26AUG1104-B63850,1786432003895,sell,0.22,0.22
KXBTC-26AUG1104-B63850,1786432154777,buy,0.31,-0.31
KXBTC-26AUG1104-B63850,1786432505264,sell,0.35,0.35
KXBTC-26AUG1104-B63850,1786432705274,sell,0.39,0.39
KXBTC-26AUG1104-B63950,1786431904194,sell,0.4,0.4
KXBTC-26AUG1104-B63950,1786432154923,sell,0.39,0.39
KXBTC-26AUG1104-B63950,1786432504959,buy,0.41,-0.41
KXBTC-26AUG1104-B63950,1786432604873,sell,0.38,0.38
KXBTC-26AUG1104-B63950,1786432704942,buy,0.41,-0.41
KXBTC-26AUG1104-B63950,1786432754970,buy,0.27,-0.27
KXBTC-26AUG1104-B63950,1786432855052,buy,0.25,-0.25
KXBTC-26AUG1104-B63950,1786432904713,sell,0.2,0.2
KXBTC-26AUG1104-B63950,1786433253674,sell,0.28,0.28
KXBTC-26AUG1104-B63950,1786433303635,buy,0.31,-0.31
KXBTC-26AUG1104-B63950,1786433453542,sell,0.22,0.22
KXBTC-26AUG1104-B63950,1786433503700,sell,0.45,0.45
KXBTC-26AUG1104-B63950,1786433653722,sell,0.52,0.52
KXBTC-26AUG1104-B63950,1786433703381,sell,0.56,0.56
KXBTC-26AUG1104-B63950,1786433753228,buy,0.58,-0.58
KXBTC-26AUG1104-B63950,1786433903244,buy,0.47,-0.47
KXBTC-26AUG1104-B63950,1786433953172,buy,0.43,-0.43
KXBTC-26AUG1104-B63950,1786434153023,buy,0.39,-0.39
KXBTC-26AUG1104-B63950,1786434353084,buy,0.36,-0.36
KXBTC-26AUG1104-B63950,1786434402949,buy,0.32,-0.32
KXBTC-26AUG1104-B63950,1786434453133,buy,0.27,-0.27
KXBTC-26AUG1104-B63950,1786434502961,buy,0.22,-0.22
KXBTC-26AUG1104-B63950,1786434553310,sell,0.19,0.19
KXBTC-26AUG1104-B63950,1786434603275,buy,0.29,-0.29
KXBTC-26AUG1104-B63950,1786434702943,buy,0.22,-0.22
KXBTC-26AUG1104-B63950,1786434803091,sell,0.07,0.07
KXBTC-26AUG1104-B63950,1786434852904,sell,0.12,0.12
KXBTC-26AUG1104-B63950,1786434902981,sell,0.26,0.26
KXBTC-26AUG1104-B63950,1786435002224,sell,0.63,0.63
KXBTC-26AUG1104-B63950,1786435052088,buy,0.77,-0.77
KXBTC-26AUG1104-B63950,1786435102163,sell,0.65,0.65
KXBTC-26AUG1104-B63950,1786435152200,buy,0.72,-0.72
KXBTC-26AUG1104-B64050,1786431954090,sell,0.2,-0.8
KXBTC-26AUG1104-B64050,1786432004180,buy,0.21,0.79
KXBTC-26AUG1104-B64050,1786432704648,buy,0.08,0.92
KXBTC-26AUG1104-B64050,1786433453688,sell,0.03,-0.97
KXBTC-26AUG1104-B64050,1786433704024,sell,0.13,-0.87
KXBTC-26AUG1104-B64050,1786433753795,sell,0.19,-0.81
KXBTC-26AUG1104-B64050,1786433903799,sell,0.39,-0.61
KXBTC-26AUG1104-B64050,1786433953832,sell,0.45,-0.55
KXBTC-26AUG1104-B64050,1786434153585,sell,0.51,-0.49
KXBTC-26AUG1104-B64050,1786434552874,buy,0.71,0.29000000000000004
KXBTC-26AUG1104-B64050,1786434702510,sell,0.73,-0.27
KXBTC-26AUG1104-B64050,1786434852470,buy,0.84,0.16000000000000003
KXBTC-26AUG1104-B64050,1786434902552,buy,0.73,0.27
KXBTC-26AUG1104-B64050,1786435002516,buy,0.36,0.64
KXBTC-26AUG1104-B64050,1786435052364,sell,0.21,-0.79
KXBTC-26AUG1104-B64050,1786435152489,sell,0.28,-0.72
KXBTC-26AUG1105-B63950,1786435706425,sell,0.28,0.28
KXBTC-26AUG1105-B63950,1786435956873,sell,0.35,0.35
KXBTC-26AUG1105-B63950,1786436156428,buy,0.42,-0.42
KXBTC-26AUG1105-B63950,1786436704276,buy,0.39,-0.39
KXBTC-26AUG1105-B63950,1786436754102,buy,0.33,-0.33
KXBTC-26AUG1105-B63950,1786436804000,sell,0.31,0.31
KXBTC-26AUG1105-B63950,1786436954203,sell,0.39,0.39
KXBTC-26AUG1105-B63950,1786437453912,buy,0.45,-0.45
KXBTC-26AUG1105-B63950,1786437604425,sell,0.31,0.31
KXBTC-26AUG1105-B63950,1786437653700,buy,0.32,-0.32
KXBTC-26AUG1105-B63950,1786437703806,buy,0.16,-0.16
KXBTC-26AUG1105-B63950,1786437753875,buy,0.1,-0.1
KXBTC-26AUG1105-B63950,1786438053541,sell,0.07,0.07
KXBTC-26AUG1105-B63950,1786438252816,buy,0.09,-0.09
KXBTC-26AUG1105-B64050,1786435957012,buy,0.4,0.6
KXBTC-26AUG1105-B64050,1786436156568,sell,0.37,-0.63
KXBTC-26AUG1105-B64050,1786438204804,sell,0.46,-0.54
KXBTC-26AUG1105-B64050,1786438253861,sell,0.84,-0.16000000000000003
KXBTC-26AUG1105-B64050,1786438403630,sell,0.9,-0.09999999999999998
KXBTC-26AUG1105-B64050,1786438453846,buy,0.91,0.08999999999999997
KXBTC-26AUG1105-B64050,1786438503940,buy,0.81,0.18999999999999995
KXBTC-26AUG1105-B64050,1786438553828,sell,0.69,-0.31000000000000005
KXBTC-26AUG1105-B64050,1786438603681,sell,0.75,-0.25
KXBTC-26AUG1105-B64050,1786438653678,buy,0.92,0.07999999999999996
KXBTC-26AUG1105-B64050,1786438703784,sell,0.81,-0.18999999999999995
KXBTC-26AUG1105-B64150,1786435706284,buy,0.19,-0.19
KXBTC-26AUG1105-B64150,1786435956736,buy,0.14,-0.14
KXBTC-26AUG1105-B64150,1786437653862,sell,0.06,0.06
KXBTC-26AUG1105-B64150,1786437754016,sell,0.13,0.13
KXBTC-26AUG1105-B64150,1786437804009,buy,0.18,-0.18
KXBTC-26AUG1105-B64150,1786437904088,buy,0.13,-0.13
KXBTC-26AUG1105-B64150,1786438053676,buy,0.09,-0.09
KXBTC-26AUG1105-B64150,1786438253715,sell,0.03,0.03
KXBTC-26AUG1105-B64150,1786438453702,sell,0.04,0.04
KXBTC-26AUG1105-B64150,1786438503798,sell,0.18,0.18
KXBTC-26AUG1105-B64150,1786438603543,buy,0.25,-0.25
KXBTC-26AUG1105-B64150,1786438653528,sell,0.08,0.08
KXBTC-26AUG1105-B64150,1786438703637,buy,0.18,-0.18
KXBTC-26AUG1106-B64050,1786439907379,buy,0.54,-0.54
KXBTC-26AUG1106-B64050,1786439957450,buy,0.39,-0.39
KXBTC-26AUG1106-B64050,1786440155579,sell,0.33,0.33
KXBTC-26AUG1106-B64050,1786440205719,buy,0.34,-0.34
KXBTC-26AUG1106-B64050,1786440655631,buy,0.22,-0.22
KXBTC-26AUG1106-B64050,1786440805737,sell,0.2,0.2
KXBTC-26AUG1106-B64050,1786441206670,buy,0.17,-0.17
KXBTC-26AUG1106-B64050,1786441256340,sell,0.14,0.14
KXBTC-26AUG1106-B64050,1786441305798,buy,0.15,-0.15
KXBTC-26AUG1106-B64150,1786439907231,sell,0.36,0.36
KXBTC-26AUG1106-B64150,1786439957307,sell,0.45,0.45
KXBTC-26AUG1106-B64150,1786441355315,sell,0.48,0.48
KXBTC-26AUG1106-B64150,1786441405553,buy,0.61,-0.61
KXBTC-26AUG1106-B64150,1786441505714,sell,0.57,0.57
KXBTC-26AUG1106-B64150,1786441705417,buy,0.47,-0.47
KXBTC-26AUG1106-B64150,1786441755563,buy,0.42,-0.42
KXBTC-26AUG1106-B64150,1786441805766,sell,0.4,0.4
KXBTC-26AUG1106-B64150,1786441855820,buy,0.51,-0.51
KXBTC-26AUG1106-B64150,1786441905435,buy,0.46,-0.46
KXBTC-26AUG1106-B64150,1786441955408,buy,0.23,-0.23
KXBTC-26AUG1106-B64150,1786442004458,sell,0.18,0.18
KXBTC-26AUG1106-B64150,1786442054419,buy,0.66,-0.66
KXBTC-26AUG1106-B64150,1786442104769,sell,0.53,0.53
KXBTC-26AUG1106-B64150,1786442154465,buy,0.56,-0.56
KXBTC-26AUG1106-B64150,1786442204530,buy,0.33,-0.33
KXBTC-26AUG1106-B64150,1786442254387,buy,0.24,-0.24
KXBTC-26AUG1106-B64150,1786442304569,buy,0.1,-0.1
KXBTC-26AUG1106-B64250,1786440705754,sell,0.08,-0.92
KXBTC-26AUG1106-B64250,1786440805590,buy,0.15,0.85
KXBTC-26AUG1106-B64250,1786441105419,buy,0.08,0.92
KXBTC-26AUG1106-B64250,1786441305663,sell,0.05,-0.95
KXBTC-26AUG1106-B64250,1786441405845,sell,0.29,-0.71
KXBTC-26AUG1106-B64250,1786441705707,sell,0.5,-0.5
KXBTC-26AUG1106-B64250,1786441755857,sell,0.54,-0.45999999999999996
KXBTC-26AUG1106-B64250,1786441806083,buy,0.57,0.43000000000000005
KXBTC-26AUG1106-B64250,1786441856105,sell,0.46,-0.54
KXBTC-26AUG1106-B64250,1786441905725,sell,0.54,-0.45999999999999996
KXBTC-26AUG1106-B64250,1786441955704,sell,0.73,-0.27
KXBTC-26AUG1106-B64250,1786442004743,buy,0.79,0.20999999999999996
KXBTC-26AUG1106-B64250,1786442054704,sell,0.33,-0.6699999999999999
KXBTC-26AUG1106-B64250,1786442105069,buy,0.46,0.54
KXBTC-26AUG1106-B64250,1786442154752,sell,0.43,-0.5700000000000001
KXBTC-26AUG1107-B64050,1786443363589,sell,0.11,0.11
KXBTC-26AUG1107-B64050,1786443613550,buy,0.12,-0.12
KXBTC-26AUG1107-B64050,1786444459592,buy,0.11,-0.11
KXBTC-26AUG1107-B64150,1786442810517,sell,0.23,-0.77
KXBTC-26AUG1107-B64150,1786443112167,sell,0.32,-0.6799999999999999
KXBTC-26AUG1107-B64150,1786443212279,sell,0.38,-0.62
KXBTC-26AUG1107-B64150,1786443613253,buy,0.47,0.53
KXBTC-26AUG1107-B64150,1786443763031,sell,0.46,-0.54
KXBTC-26AUG1107-B64150,1786443960507,buy,0.49,0.51
KXBTC-26AUG1107-B64150,1786444110359,buy,0.35,0.65
KXBTC-26AUG1107-B64150,1786444160553,buy,0.26,0.74
KXBTC-26AUG1107-B64150,1786444212036,buy,0.19,0.81
KXBTC-26AUG1107-B64150,1786444260579,sell,0.18,-0.8200000000000001
KXBTC-26AUG1107-B64150,1786444310494,sell,0.23,-0.77
KXBTC-26AUG1107-B64150,1786444410666,sell,0.39,-0.61
KXBTC-26AUG1107-B64150,1786444459888,buy,0.4,0.6
KXBTC-26AUG1107-B64150,1786444510130,sell,0.37,-0.63
KXBTC-26AUG1107-B64150,1786444610129,buy,0.42,0.5800000000000001
KXBTC-26AUG1107-B64150,1786444859836,buy,0.3,0.7
KXBTC-26AUG1107-B64150,1786445110424,buy,0.25,0.75
KXBTC-26AUG1107-B64150,1786445209588,sell,0.27,-0.73
KXBTC-26AUG1107-B64150,1786445309515,buy,0.63,0.37
KXBTC-26AUG1107-B64150,1786445359640,sell,0.52,-0.48
KXBTC-26AUG1107-B64150,1786445459592,buy,0.55,0.44999999999999996
KXBTC-26AUG1107-B64150,1786445509444,buy,0.35,0.65
KXBTC-26AUG1107-B64150,1786445559736,sell,0.28,-0.72
KXBTC-26AUG1107-B64150,1786445609637,sell,0.59,-0.41000000000000003
KXBTC-26AUG1107-B64150,1786445709863,sell,0.67,-0.32999999999999996
KXBTC-26AUG1107-B64150,1786445809212,buy,0.91,0.08999999999999997
KXBTC-26AUG1107-B64150,1786445859251,sell,0.85,-0.15000000000000002
KXBTC-26AUG1107-B64150,1786445909290,sell,0.94,-0.06000000000000005
KXBTC-26AUG1107-B64250,1786442760686,sell,0.38,0.38
KXBTC-26AUG1107-B64250,1786442860676,sell,0.44,0.44
KXBTC-26AUG1107-B64250,1786443212809,buy,0.39,-0.39
KXBTC-26AUG1107-B64250,1786443363735,buy,0.38,-0.38
KXBTC-26AUG1107-B64250,1786443763480,buy,0.33,-0.33
KXBTC-26AUG1107-B64250,1786444460766,sell,0.31,0.31
KXBTC-26AUG1107-B64250,1786444511030,buy,0.52,-0.52
KXBTC-26AUG1107-B64250,1786444611017,sell,0.5,0.5
KXBTC-26AUG1107-B64250,1786444960910,sell,0.63,0.63
KXBTC-26AUG1107-B64250,1786445210638,buy,0.69,-0.69
KXBTC-26AUG1107-B64250,1786445260686,sell,0.31,0.31
KXBTC-26AUG1107-B64250,1786445360684,buy,0.42,-0.42
KXBTC-26AUG1107-B64250,1786445460707,sell,0.43,0.43
KXBTC-26AUG1107-B64250,1786445510476,sell,0.63,0.63
KXBTC-26AUG1107-B64250,1786445560833,buy,0.74,-0.74
KXBTC-26AUG1107-B64250,1786445710951,buy,0.32,-0.32
KXBTC-26AUG1107-B64250,1786445809374,sell,0.07,0.07
KXBTC-26AUG1107-B64250,1786445859402,buy,0.14,-0.14
KXBTC-26AUG1107-B64250,1786445909435,buy,0.05,-0.05
KXBTC-26AUG1107-B64350,1786442810660,buy,0.21,-0.21
KXBTC-26AUG1108-B64150,1786446664465,buy,0.12,-0.12
KXBTC-26AUG1108-B64250,1786446664010,buy,0.37,-0.37
KXBTC-26AUG1108-B64250,1786448213310,sell,0.36,0.36
KXBTC-26AUG1108-B64250,1786448263124,sell,0.5,0.5
KXBTC-26AUG1108-B64250,1786448313161,sell,0.55,0.55
KXBTC-26AUG1108-B64250,1786448663160,sell,0.54,0.54
KXBTC-26AUG1108-B64250,1786448963128,buy,0.56,-0.56
KXBTC-26AUG1108-B64250,1786449063260,buy,0.48,-0.48
KXBTC-26AUG1108-B64250,1786449263042,buy,0.22,-0.22
KXBTC-26AUG1108-B64250,1786449313418,buy,0.14,-0.14
KXBTC-26AUG1108-B64350,1786446614149,buy,0.34,0.6599999999999999
KXBTC-26AUG1108-B64350,1786446664160,sell,0.33,-0.6699999999999999
KXBTC-26AUG1108-B64350,1786449512685,sell,0.38,-0.62
KXBTC-26AUG1108-B64450,1786446664315,sell,0.11,0.11
KXBTC-26AUG1108-B64450,1786446864116,buy,0.15,-0.15
KXBTC-26AUG1109-B64150,1786450716253,sell,0.04,0.04
KXBTC-26AUG1109-B64150,1786452663605,buy,0.05,-0.05
KXBTC-26AUG1109-B64250,1786450216634,buy,0.13,0.87
KXBTC-26AUG1109-B64250,1786450265975,sell,0.12,-0.88
KXBTC-26AUG1109-B64250,1786450615788,buy,0.15,0.85
KXBTC-26AUG1109-B64250,1786450666144,sell,0.12,-0.88
KXBTC-26AUG1109-B64250,1786450715961,sell,0.18,-0.8200000000000001
KXBTC-26AUG1109-B64250,1786450963436,sell,0.3,-0.7
KXBTC-26AUG1109-B64250,1786451063482,sell,0.39,-0.61
KXBTC-26AUG1109-B64250,1786451413757,buy,0.44,0.56
KXBTC-26AUG1109-B64250,1786451463433,sell,0.4,-0.6
KXBTC-26AUG1109-B64250,1786451713771,buy,0.41,0.5900000000000001
KXBTC-26AUG1109-B64250,1786451763495,sell,0.28,-0.72
KXBTC-26AUG1109-B64250,1786451963330,buy,0.36,0.64
KXBTC-26AUG1109-B64250,1786452013610,sell,0.35,-0.65
KXBTC-26AUG1109-B64250,1786452062083,sell,0.38,-0.62
KXBTC-26AUG1109-B64250,1786452162218,sell,0.44,-0.56
KXBTC-26AUG1109-B64250,1786452362351,buy,0.57,0.43000000000000005
KXBTC-26AUG1109-B64250,1786452412049,sell,0.56,-0.43999999999999995
KXBTC-26AUG1109-B64250,1786452512147,buy,0.58,0.42000000000000004
KXBTC-26AUG1109-B64250,1786452562168,sell,0.55,-0.44999999999999996
KXBTC-26AUG1109-B64250,1786452661933,buy,0.66,0.33999999999999997
KXBTC-26AUG1109-B64250,1786452711793,sell,0.65,-0.35
KXBTC-26AUG1109-B64350,1786450216785,buy,0.32,-0.32
KXBTC-26AUG1109-B64350,1786450266120,sell,0.28,0.28
KXBTC-26AUG1109-B64350,1786450416079,buy,0.31,-0.31
KXBTC-26AUG1109-B64350,1786450516854,sell,0.31,0.31
KXBTC-26AUG1109-B64350,1786450615935,buy,0.33,-0.33
KXBTC-26AUG1109-B64350,1786450666303,sell,0.32,0.32
KXBTC-26AUG1109-B64350,1786450716107,sell,0.36,0.36
KXBTC-26AUG1109-B64350,1786452063332,sell,0.4,0.4
KXBTC-26AUG1109-B64350,1786452163371,buy,0.45,-0.45
KXBTC-26AUG1109-B64350,1786452213241,buy,0.43,-0.43
KXBTC-26AUG1109-B64350,1786452363677,sell,0.36,0.36
KXBTC-26AUG1109-B64350,1786452413234,buy,0.37,-0.37
KXBTC-26AUG1109-B64350,1786452463251,sell,0.31,0.31
KXBTC-26AUG1109-B64350,1786452513324,sell,0.36,0.36
KXBTC-26AUG1109-B64350,1786452563344,buy,0.38,-0.38
KXBTC-26AUG1109-B64350,1786452613713,buy,0.31,-0.31
KXBTC-26AUG1109-B64350,1786452662385,sell,0.3,0.3
KXBTC-26AUG1109-B64350,1786452762166,buy,0.3,-0.3
KXBTC-26AUG1109-B64350,1786452812627,buy,0.28,-0.28
KXBTC-26AUG1109-B64350,1786452912322,buy,0.18,-0.18
KXBTC-26AUG1109-B64450,1786450217519,sell,0.33,0.33
KXBTC-26AUG1109-B64450,1786450266906,buy,0.35,-0.35
KXBTC-26AUG1109-B64450,1786450316729,sell,0.33,0.33
KXBTC-26AUG1109-B64450,1786450716817,buy,0.31,-0.31
KXBTC-26AUG1109-B64550,1786450217076,sell,0.15,0.15
KXBTC-26AUG1109-B64550,1786450266464,buy,0.17,-0.17
KXBTC-26AUG1109-B64550,1786450416383,sell,0.13,0.13
KXBTC-26AUG1109-B64550,1786450716392,buy,0.13,-0.13
KXBTC-26AUG1110-B64050,1786454018042,sell,0.07,0.07
KXBTC-26AUG1110-B64050,1786454318357,sell,0.09,0.09
KXBTC-26AUG1110-B64050,1786454368284,sell,0.13,0.13
KXBTC-26AUG1110-B64050,1786455766299,sell,0.14,0.14
KXBTC-26AUG1110-B64050,1786455816178,sell,0.22,0.22
KXBTC-26AUG1110-B64050,1786456016206,buy,0.34,-0.34
KXBTC-26AUG1110-B64050,1786456116166,sell,0.34,0.34
KXBTC-26AUG1110-B64050,1786456166456,buy,0.35,-0.35
KXBTC-26AUG1110-B64050,1786456266605,sell,0.32,0.32
KXBTC-26AUG1110-B64050,1786456366329,buy,0.41,-0.41
KXBTC-26AUG1110-B64050,1786456415515,sell,0.39,0.39
KXBTC-26AUG1110-B64050,1786456615783,buy,0.61,-0.61
KXBTC-26AUG1110-B64050,1786456665722,buy,0.38,-0.38
KXBTC-26AUG1110-B64050,1786456715755,buy,0.25,-0.25
KXBTC-26AUG1110-B64150,1786453918397,sell,0.15,-0.85
KXBTC-26AUG1110-B64150,1786454318724,sell,0.22,-0.78
KXBTC-26AUG1110-B64150,1786454419328,sell,0.24,-0.76
KXBTC-26AUG1110-B64150,1786454616270,sell,0.29,-0.71
KXBTC-26AUG1110-B64150,1786455266574,buy,0.3,0.7
KXBTC-26AUG1110-B64150,1786455366515,buy,0.25,0.75
KXBTC-26AUG1110-B64150,1786455416068,buy,0.21,0.79
KXBTC-26AUG1110-B64150,1786455466067,sell,0.19,-0.81
KXBTC-26AUG1110-B64150,1786455516041,buy,0.25,0.75
KXBTC-26AUG1110-B64150,1786455616436,sell,0.2,-0.8
KXBTC-26AUG1110-B64150,1786455666349,sell,0.27,-0.73
KXBTC-26AUG1110-B64150,1786455716332,sell,0.3,-0.7
KXBTC-26AUG1110-B64150,1786455965590,buy,0.33,0.6699999999999999
KXBTC-26AUG1110-B64150,1786456015329,sell,0.28,-0.72
KXBTC-26AUG1110-B64150,1786456115245,buy,0.32,0.6799999999999999
KXBTC-26AUG1110-B64150,1786456165572,sell,0.29,-0.71
KXBTC-26AUG1110-B64150,1786456265636,buy,0.37,0.63
KXBTC-26AUG1110-B64150,1786456315423,buy,0.24,0.76
KXBTC-26AUG1110-B64150,1786456365423,buy,0.19,0.81
KXBTC-26AUG1110-B64150,1786456415088,sell,0.15,-0.85
KXBTC-26AUG1110-B64150,1786456515433,buy,0.24,0.76
KXBTC-26AUG1110-B64150,1786456615347,sell,0.25,-0.75
KXBTC-26AUG1110-B64150,1786456665272,sell,0.58,-0.42000000000000004
KXBTC-26AUG1110-B64150,1786456715320,sell,0.73,-0.27
KXBTC-26AUG1110-B64250,1786455015508,sell,0.2,0.2
KXBTC-26AUG1110-B64250,1786455065455,buy,0.26,-0.26
KXBTC-26AUG1110-B64250,1786455115073,buy,0.22,-0.22
KXBTC-26AUG1110-B64250,1786455165122,sell,0.14,0.14
KXBTC-26AUG1110-B64250,1786455265569,buy,0.22,-0.22
KXBTC-26AUG1110-B64250,1786455365494,buy,0.12,-0.12
KXBTC-26AUG1110-B64250,1786455465030,sell,0.09,0.09
KXBTC-26AUG1110-B64250,1786455515020,buy,0.13,-0.13
KXBTC-26AUG1110-B64250,1786455565544,buy,0.1,-0.1
KXBTC-26AUG1110-B64250,1786455615385,sell,0.08,0.08
KXBTC-26AUG1110-B64250,1786455715241,sell,0.17,0.17
KXBTC-26AUG1110-B64250,1786455765063,sell,0.2,0.2
KXBTC-26AUG1110-B64250,1786455814996,buy,0.23,-0.23
KXBTC-26AUG1110-B64250,1786455965284,buy,0.18,-0.18
KXBTC-26AUG1110-B64250,1786456015027,sell,0.11,0.11
KXBTC-26AUG1110-B64250,1786456114955,buy,0.13,-0.13
KXBTC-26AUG1110-B64250,1786456165298,sell,0.11,0.11
KXBTC-26AUG1110-B64250,1786456265279,buy,0.15,-0.15
KXBTC-26AUG1110-B64350,1786454017850,buy,0.27,-0.27
KXBTC-26AUG1110-B64350,1786454267922,buy,0.25,-0.25
KXBTC-26AUG1110-B64350,1786454318207,buy,0.2,-0.2
KXBTC-26AUG1110-B64350,1786454368142,buy,0.18,-0.18
KXBTC-26AUG1110-B64350,1786455116313,buy,0.16,-0.16
KXBTC-26AUG1110-B64350,1786455616587,sell,0.03,0.03
KXBTC-26AUG1110-B64350,1786455765704,sell,0.07,0.07
KXBTC-26AUG1110-B64350,1786455815596,buy,0.09,-0.09
KXBTC-26AUG1110-B64350,1786455965899,buy,0.05,-0.05
KXBTC-26AUG1110-B64450,1786453421428,buy,0.11,-0.11
KXBTC-26AUG1110-B64450,1786455766872,buy,0.07,-0.07
KXBTC-26AUG1111-B63750,1786457276594,sell,0.03,-0.97
KXBTC-26AUG1111-B63850,1786457272594,sell,0.07,0.07
KXBTC-26AUG1111-B63850,1786458027151,sell,0.07,0.07
KXBTC-26AUG1111-B63850,1786458128037,sell,0.09,0.09
KXBTC-26AUG1111-B63850,1786460225095,buy,0.13,-0.13
KXBTC-26AUG1111-B63950,1786457776405,buy,0.1,-0.1
KXBTC-26AUG1111-B63950,1786458026847,sell,0.14,0.14
KXBTC-26AUG1111-B63950,1786458127736,sell,0.19,0.19
KXBTC-26AUG1111-B63950,1786458177584,sell,0.21,0.21
KXBTC-26AUG1111-B63950,1786459574541,sell,0.23,0.23
KXBTC-26AUG1111-B63950,1786459774376,buy,0.4,-0.4
KXBTC-26AUG1111-B63950,1786459824577,buy,0.35,-0.35
KXBTC-26AUG1111-B63950,1786459924646,buy,0.07,-0.07
KXBTC-26AUG1111-B63950,1786459974357,sell,0.03,0.03
KXBTC-26AUG1111-B63950,1786460024382,buy,0.08,-0.08
KXBTC-26AUG1111-B64050,1786457272453,sell,0.18,0.18
KXBTC-26AUG1111-B64050,1786457776211,buy,0.18,-0.18
KXBTC-26AUG1111-B64150,1786457272316,buy,0.21,-0.21
KXBTC-26AUG1111-B64150,1786457776062,buy,0.23,-0.23
KXBTC-26AUG1111-B64150,1786458127437,buy,0.2,-0.2
KXBTC-26AUG1111-B64150,1786458275133,buy,0.15,-0.15
KXBTC-26AUG1111-B64150,1786459074232,buy,0.09,-0.09
KXBTC-26AUG1111-B64250,1786457276443,buy,0.17,-0.17
KXBTC-26AUG1111-B64250,1786457579260,sell,0.17,0.17
KXBTC-26AUG1111-B64250,1786458026996,buy,0.17,-0.17
KXBTC-26AUG1112-B63650,1786461330882,sell,0.2,0.2
KXBTC-26AUG1112-B63650,1786461381796,buy,0.23,-0.23
KXBTC-26AUG1112-B63650,1786461432144,sell,0.22,0.22
KXBTC-26AUG1112-B63750,1786462129000,sell,0.24,0.24
KXBTC-26AUG1112-B63750,1786462479104,buy,0.31,-0.31
KXBTC-26AUG1112-B63750,1786462579465,buy,0.22,-0.22
KXBTC-26AUG1112-B63750,1786462629373,buy,0.15,-0.15
KXBTC-26AUG1112-B63850,1786461330734,buy,0.17,-0.17
KXBTC-26AUG1113-B63550,1786467233896,buy,0.25,-0.25
KXBTC-26AUG1113-B63550,1786467284056,sell,0.12,0.12
KXBTC-26AUG1113-B63550,1786467333991,buy,0.14,-0.14
KXBTC-26AUG1113-B63650,1786464734409,buy,0.22,-0.22
KXBTC-26AUG1113-B63650,1786465134887,sell,0.22,0.22
KXBTC-26AUG1114-B63250,1786468342337,buy,0.12,-0.12
KXBTC-26AUG1114-B63350,1786468388305,buy,0.21,-0.21
KXBTC-26AUG1114-B63350,1786468839599,sell,0.19,0.19
KXBTC-26AUG1114-B63350,1786468939663,buy,0.23,-0.23
KXBTC-26AUG1114-B63350,1786469039781,buy,0.17,-0.17
KXBTC-26AUG1114-B63450,1786470488918,sell,0.34,0.34
KXBTC-26AUG1114-B63450,1786470588677,sell,0.4,0.4
KXBTC-26AUG1114-B63450,1786470638844,sell,0.52,0.52
KXBTC-26AUG1114-B63450,1786470688840,buy,0.53,-0.53
KXBTC-26AUG1114-B63450,1786470738738,buy,0.49,-0.49
KXBTC-26AUG1114-B63450,1786470788880,sell,0.38,0.38
KXBTC-26AUG1114-B63450,1786470839173,buy,0.39,-0.39
KXBTC-26AUG1114-B63450,1786470889067,buy,0.29,-0.29
KXBTC-26AUG1114-B63450,1786470939474,buy,0.16,-0.16
KXBTC-26AUG1114-B63550,1786468388010,sell,0.22,-0.78
KXBTC-26AUG1114-B63550,1786468839157,buy,0.25,0.75
KXBTC-26AUG1114-B63550,1786468939223,sell,0.22,-0.78
KXBTC-26AUG1114-B63550,1786469089230,sell,0.29,-0.71
KXBTC-26AUG1114-B63550,1786471040098,sell,0.34,-0.6599999999999999
KXBTC-26AUG1114-B63650,1786469090323,sell,0.1,0.1
KXBTC-26AUG1115-B63350,1786471742045,sell,0.14,-0.86
KXBTC-26AUG1115-B63550,1786472641952,sell,0.36,0.36
KXBTC-26AUG1115-B63550,1786472842403,buy,0.39,-0.39
KXBTC-26AUG1115-B63550,1786472992127,buy,0.2,-0.2
KXBTC-26AUG1115-B63550,1786473094155,sell,0.18,0.18
KXBTC-26AUG1115-B63550,1786473143720,buy,0.19,-0.19
KXBTC-26AUG1115-B63550,1786473243903,buy,0.13,-0.13
KXBTC-26AUG1115-B63550,1786473343993,sell,0.11,0.11
KXBTC-26AUG1116-B63050,1786475547429,buy,0.16,-0.16
KXBTC-26AUG1116-B63050,1786475696998,sell,0.14,0.14
KXBTC-26AUG1116-B63050,1786475747430,buy,0.15,-0.15
KXBTC-26AUG1116-B63150,1786475546947,buy,0.27,-0.27
KXBTC-26AUG1116-B63150,1786475696571,sell,0.24,0.24
KXBTC-26AUG1116-B63250,1786475695993,buy,0.31,-0.31
KXBTC-26AUG1116-B63250,1786477296857,buy,0.31,-0.31
KXBTC-26AUG1116-B63250,1786477346673,buy,0.23,-0.23
KXBTC-26AUG1116-B63250,1786477796585,sell,0.13,0.13
KXBTC-26AUG1116-B63250,1786477846657,sell,0.16,0.16
KXBTC-26AUG1116-B63250,1786477896808,buy,0.17,-0.17
KXBTC-26AUG1116-B63350,1786475796371,sell,0.16,0.16
KXBTC-26AUG1116-B63350,1786476647058,sell,0.35,0.35
KXBTC-26AUG1116-B63350,1786477046808,sell,0.41,0.41
KXBTC-26AUG1116-B63350,1786477397050,buy,0.48,-0.48
KXBTC-26AUG1116-B63350,1786477647321,sell,0.43,0.43
KXBTC-26AUG1116-B63350,1786477696974,sell,0.54,0.54
KXBTC-26AUG1116-B63350,1786477797016,sell,0.59,0.59
KXBTC-26AUG1116-B63350,1786478046906,buy,0.64,-0.64
KXBTC-26AUG1116-B63350,1786478096833,buy,0.58,-0.58
KXBTC-26AUG1116-B63350,1786478247023,buy,0.12,-0.12
KXBTC-26AUG1116-B63450,1786475897138,sell,0.07,-0.9299999999999999
KXBTC-26AUG1116-B63450,1786475946919,sell,0.09,-0.91
KXBTC-26AUG1116-B63450,1786477947313,sell,0.12,-0.88
KXBTC-26AUG1116-B63450,1786477997097,sell,0.22,-0.78
KXBTC-26AUG1116-B63450,1786478047337,sell,0.31,-0.69
KXBTC-26AUG1117-B63125,1786396161866,buy,0.07,-0.07
KXBTC-26AUG1117-B63125,1786437605532,buy,0.06,-0.06
KXBTC-26AUG1117-B63125,1786462478349,sell,0.07,0.07
KXBTC-26AUG1117-B63125,1786462578722,sell,0.09,0.09
KXBTC-26AUG1117-B63125,1786462678137,sell,0.13,0.13
KXBTC-26AUG1117-B63125,1786473642401,sell,0.31,0.31
KXBTC-26AUG1117-B63125,1786475494187,sell,0.45,0.45
KXBTC-26AUG1117-B63125,1786476695710,buy,0.32,-0.32
KXBTC-26AUG1117-B63375,1786459123846,sell,0.09,0.09
KXBTC-26AUG1117-B63375,1786466032416,sell,0.24,0.24
KXBTC-26AUG1117-B63375,1786478445983,buy,0.48,-0.48
KXBTC-26AUG1117-B63375,1786478745540,buy,0.27,-0.27
KXBTC-26AUG1117-B63375,1786479448093,sell,0.18,0.18
KXBTC-26AUG1117-B63375,1786479999027,buy,0.18,-0.18
KXBTC-26AUG1117-B63375,1786480348870,buy,0.08,-0.08
KXBTC-26AUG1117-B63625,1786459124770,sell,0.17,-0.83
KXBTC-26AUG1117-B63625,1786459924801,sell,0.19,-0.81
KXBTC-26AUG1117-B63625,1786463477603,buy,0.25,0.75
KXBTC-26AUG1117-B63625,1786469137240,sell,0.29,-0.71
KXBTC-26AUG1117-B63625,1786473241894,buy,0.27,0.73
KXBTC-26AUG1117-B63625,1786473391899,buy,0.24,0.76
KXBTC-26AUG1117-B63625,1786478245449,sell,0.33,-0.6699999999999999
KXBTC-26AUG1117-B63625,1786478795808,sell,0.57,-0.43000000000000005
KXBTC-26AUG1117-B63625,1786479397613,sell,0.64,-0.36
KXBTC-26AUG1117-B63625,1786479598702,buy,0.69,0.31000000000000005
KXBTC-26AUG1117-B63625,1786480749129,sell,0.86,-0.14
KXBTC-26AUG1117-B63625,1786481298981,buy,0.92,0.07999999999999996
KXBTC-26AUG1117-B63875,1786450913003,sell,0.1,0.1
KXBTC-26AUG1117-B63875,1786462479717,buy,0.26,-0.26
KXBTC-26AUG1117-B63875,1786462630100,buy,0.2,-0.2
KXBTC-26AUG1117-B63875,1786466182672,buy,0.16,-0.16
KXBTC-26AUG1117-B63875,1786478846001,sell,0.2,0.2
KXBTC-26AUG1117-B63875,1786479146218,buy,0.21,-0.21
KXBTC-26AUG1117-B63875,1786479448535,buy,0.11,-0.11
KXBTC-26AUG1117-B63875,1786480299341,sell,0.12,0.12
KXBTC-26AUG1117-B63875,1786480399531,buy,0.17,-0.17
KXBTC-26AUG1117-B63875,1786480449500,buy,0.12,-0.12
KXBTC-26AUG1117-B64125,1786457016301,sell,0.22,0.22
KXBTC-26AUG1117-B64125,1786458323592,buy,0.21,-0.21
KXBTC-26AUG1117-B64125,1786462727295,buy,0.11,-0.11
KXBTC-26AUG1117-B64375,1786455117178,buy,0.2,-0.2
KXBTC-26AUG1117-B64375,1786455267602,buy,0.19,-0.19
KXBTC-26AUG1117-B64375,1786456268039,buy,0.19,-0.19
KXBTC-26AUG1117-B64375,1786457271892,buy,0.19,-0.19
KXBTC-26AUG1117-B64625,1786440054862,sell,0.09,0.09
KXBTC-26AUG1117-B64875,1786446110498,sell,0.06,0.06
KXBTC-26AUG1117-B65375,1786395704404,buy,0.06,-0.06
KXBTC-26AUG1117-B65625,1786396210798,buy,0.05,-0.05
KXBTC-26AUG1118-B63550,1786483351906,sell,0.34,0.34
KXBTC-26AUG1118-B63550,1786483701760,sell,0.29,0.29
KXBTC-26AUG1118-B63550,1786484051376,sell,0.47,0.47
KXBTC-26AUG1118-B63550,1786484101600,sell,0.5,0.5
KXBTC-26AUG1118-B63550,1786484151565,sell,0.55,0.55
KXBTC-26AUG1118-B63550,1786484251431,buy,0.56,-0.56
KXBTC-26AUG1118-B63550,1786484451394,buy,0.45,-0.45
KXBTC-26AUG1118-B63550,1786484551430,buy,0.34,-0.34
KXBTC-26AUG1118-B63550,1786484601433,buy,0.3,-0.3
KXBTC-26AUG1118-B63550,1786484701673,sell,0.29,0.29
KXBTC-26AUG1118-B63650,1786482553253,sell,0.39,-0.61
KXBTC-26AUG1118-B63650,1786482703380,buy,0.4,0.6
KXBTC-26AUG1118-B63650,1786482903635,sell,0.37,-0.63
KXBTC-26AUG1118-B63650,1786482954102,buy,0.4,0.6
KXBTC-26AUG1118-B63650,1786484051088,buy,0.33,0.6699999999999999
KXBTC-26AUG1118-B63650,1786484151279,buy,0.25,0.75
KXBTC-26AUG1118-B63650,1786484251138,sell,0.23,-0.77
KXBTC-26AUG1118-B63650,1786484451099,sell,0.39,-0.61
KXBTC-26AUG1118-B63650,1786484601135,sell,0.56,-0.43999999999999995
KXBTC-26AUG1118-B63650,1786485500961,sell,0.92,-0.07999999999999996
KXBTC-26AUG1118-B63750,1786482703232,sell,0.29,0.29
KXBTC-26AUG1118-B63750,1786483001390,buy,0.24,-0.24
KXBTC-26AUG1119-B63550,1786487602298,sell,0.17,0.17
KXBTC-26AUG1119-B63550,1786487652194,buy,0.18,-0.18
KXBTC-26AUG1119-B63550,1786488152038,sell,0.27,0.27
KXBTC-26AUG1119-B63550,1786488202214,sell,0.34,0.34
KXBTC-26AUG1119-B63550,1786488252170,sell,0.4,0.4
KXBTC-26AUG1119-B63550,1786488402126,sell,0.51,0.51
KXBTC-26AUG1119-B63550,1786488502094,sell,0.68,0.68
KXBTC-26AUG1119-B63550,1786488552236,buy,0.74,-0.74
KXBTC-26AUG1119-B63550,1786488752108,buy,0.69,-0.69
KXBTC-26AUG1119-B63550,1786488802516,buy,0.57,-0.57
KXBTC-26AUG1119-B63550,1786488851975,sell,0.38,0.38
KXBTC-26AUG1119-B63550,1786489002136,buy,0.44,-0.44
KXBTC-26AUG1119-B63550,1786489052509,buy,0.3,-0.3
KXBTC-26AUG1119-B63650,1786487151828,sell,0.48,-0.52
KXBTC-26AUG1119-B63650,1786487551806,buy,0.56,0.43999999999999995
KXBTC-26AUG1119-B63650,1786488401537,buy,0.42,0.5800000000000001
KXBTC-26AUG1119-B63650,1786488501521,buy,0.3,0.7
KXBTC-26AUG1119-B63650,1786488551661,sell,0.2,-0.8
KXBTC-26AUG1119-B63650,1786488801608,sell,0.4,-0.6
KXBTC-26AUG1119-B63650,1786488851125,buy,0.57,0.43000000000000005
KXBTC-26AUG1119-B63650,1786489151224,sell,0.91,-0.08999999999999997
KXBTC-26AUG1119-B63750,1786487402752,sell,0.22,0.22
KXBTC-26AUG1119-B63750,1786487552533,sell,0.22,0.22
KXBTC-26AUG1119-B63750,1786487602585,buy,0.26,-0.26
KXBTC-26AUG1119-B63750,1786487652484,sell,0.23,0.23
KXBTC-26AUG1119-B63750,1786487802476,buy,0.25,-0.25
KXBTC-26AUG1120-B63450,1786490057274,sell,0.29,0.29
KXBTC-26AUG1120-B63450,1786490308193,sell,0.34,0.34
KXBTC-26AUG1120-B63450,1786490458600,buy,0.36,-0.36
KXBTC-26AUG1120-B63450,1786490706899,buy,0.3,-0.3
KXBTC-26AUG1120-B63450,1786490806837,buy,0.27,-0.27
KXBTC-26AUG1120-B63450,1786490856770,sell,0.18,0.18
KXBTC-26AUG1120-B63450,1786490956914,buy,0.28,-0.28
KXBTC-26AUG1120-B63450,1786491256507,buy,0.24,-0.24
KXBTC-26AUG1120-B63450,1786491356613,sell,0.14,0.14
KXBTC-26AUG1120-B63450,1786491456524,buy,0.17,-0.17
KXBTC-26AUG1120-B63550,1786490307707,buy,0.42,0.5800000000000001
KXBTC-26AUG1120-B63550,1786490906128,buy,0.58,0.42000000000000004
KXBTC-26AUG1120-B63550,1786492206723,sell,0.78,-0.21999999999999997
KXBTC-26AUG1120-B63550,1786492306234,buy,0.78,0.21999999999999997
KXBTC-26AUG1120-B63550,1786492356127,sell,0.73,-0.27
KXBTC-26AUG1120-B63550,1786492406248,sell,0.79,-0.20999999999999996
KXBTC-26AUG1120-B63550,1786492456368,sell,0.88,-0.12
KXBTC-26AUG1120-B63550,1786492555343,sell,0.94,-0.06000000000000005
KXBTC-26AUG1120-B63650,1786490806106,sell,0.12,0.12
KXBTC-26AUG1120-B63650,1786491306448,sell,0.14,0.14
KXBTC-26AUG1120-B63650,1786491706070,sell,0.18,0.18
KXBTC-26AUG1120-B63650,1786492305946,sell,0.14,0.14
KXBTC-26AUG1120-B63650,1786492355841,buy,0.25,-0.25
KXBTC-26AUG1120-B63650,1786492405951,buy,0.15,-0.15
KXBTC-26AUG1120-B63650,1786492456075,buy,0.06,-0.06
KXBTC-26AUG1121-B63350,1786493418119,sell,0.11,0.11
KXBTC-26AUG1121-B63350,1786493468614,buy,0.12,-0.12
KXBTC-26AUG1121-B63350,1786493619256,buy,0.09,-0.09
KXBTC-26AUG1121-B63450,1786493763156,sell,0.24,0.24
KXBTC-26AUG1121-B63450,1786493913113,buy,0.28,-0.28
KXBTC-26AUG1121-B63550,1786493159292,sell,0.39,0.39
KXBTC-26AUG1121-B63550,1786493260175,buy,0.42,-0.42
KXBTC-26AUG1121-B63550,1786493412226,buy,0.4,-0.4
KXBTC-26AUG1121-B63550,1786493613409,sell,0.37,0.37
KXBTC-26AUG1121-B63550,1786494262220,buy,0.39,-0.39
KXBTC-26AUG1121-B63550,1786494562329,sell,0.28,0.28
KXBTC-26AUG1121-B63550,1786494862343,buy,0.27,-0.27
KXBTC-26AUG1121-B63550,1786495511926,buy,0.13,-0.13
KXBTC-26AUG1121-B63650,1786493413184,buy,0.12,0.88
KXBTC-26AUG1121-B63650,1786493614275,sell,0.1,-0.9
KXBTC-26AUG1121-B63650,1786493664154,sell,0.14,-0.86
KXBTC-26AUG1121-B63650,1786494362709,sell,0.19,-0.81
KXBTC-26AUG1121-B63650,1786494462703,sell,0.48,-0.52
KXBTC-26AUG1121-B63650,1786495162494,sell,0.6,-0.4
KXBTC-26AUG1121-B63650,1786495662015,sell,0.7,-0.30000000000000004
KXBTC-26AUG1121-B63750,1786495012793,sell,0.07,0.07
KXBTC-26AUG1121-B63750,1786495213203,sell,0.17,0.17
KXBTC-26AUG1121-B63750,1786495662454,buy,0.22,-0.22
KXBTC-26AUG1121-B63750,1786495762675,sell,0.19,0.19
KXBTC-26AUG1121-B63750,1786496112655,buy,0.16,-0.16
KXBTC-26AUG1121-B63750,1786496162787,buy,0.1,-0.1
KXBTC-26AUG1122-B63550,1786498865859,buy,0.1,-0.1
KXBTC-26AUG1122-B63650,1786497216109,buy,0.35,-0.35
KXBTC-26AUG1122-B63650,1786497367489,sell,0.31,0.31
KXBTC-26AUG1122-B63650,1786497715327,sell,0.37,0.37
KXBTC-26AUG1122-B63650,1786498215838,sell,0.42,0.42
KXBTC-26AUG1122-B63650,1786498265650,sell,0.48,0.48
KXBTC-26AUG1122-B63650,1786498715576,buy,0.55,-0.55
KXBTC-26AUG1122-B63650,1786498815605,buy,0.42,-0.42
KXBTC-26AUG1122-B63650,1786498866023,buy,0.31,-0.31
KXBTC-26AUG1122-B63650,1786499065747,buy,0.18,-0.18
KXBTC-26AUG1122-B63750,1786497715624,buy,0.4,0.6
KXBTC-26AUG1122-B63750,1786497915808,sell,0.41,-0.5900000000000001
KXBTC-26AUG1122-B63750,1786498215690,buy,0.42,0.5800000000000001
KXBTC-26AUG1122-B63750,1786498265501,buy,0.29,0.71
KXBTC-26AUG1122-B63750,1786498315696,buy,0.23,0.77
KXBTC-26AUG1122-B63750,1786498415571,sell,0.17,-0.83
KXBTC-26AUG1122-B63750,1786498665672,sell,0.27,-0.73
KXBTC-26AUG1122-B63750,1786498715428,sell,0.35,-0.65
KXBTC-26AUG1122-B63750,1786498765343,sell,0.42,-0.5800000000000001
KXBTC-26AUG1122-B63750,1786498865217,sell,0.5,-0.5
KXBTC-26AUG1122-B63750,1786499314962,buy,0.75,0.25
KXBTC-26AUG1122-B63750,1786499415035,buy,0.67,0.32999999999999996
KXBTC-26AUG1122-B63750,1786499465260,buy,0.58,0.42000000000000004
KXBTC-26AUG1122-B63750,1786499714359,sell,0.7,-0.30000000000000004
KXBTC-26AUG1122-B63750,1786499764442,sell,0.9,-0.09999999999999998
KXBTC-26AUG1122-B63850,1786498215235,buy,0.09,-0.09
KXBTC-26AUG1122-B63850,1786499065163,sell,0.1,0.1
KXBTC-26AUG1122-B63850,1786499215167,sell,0.1,0.1
KXBTC-26AUG1122-B63850,1786499315112,sell,0.16,0.16
KXBTC-26AUG1122-B63850,1786499415183,sell,0.28,0.28
KXBTC-26AUG1122-B63850,1786499465402,sell,0.35,0.35
KXBTC-26AUG1122-B63850,1786499715144,buy,0.27,-0.27
KXBTC-26AUG1122-B63850,1786499814881,buy,0.06,-0.06
KXBTC-26AUG1123-B63650,1786500831195,sell,0.1,-0.9
KXBTC-26AUG1123-B63650,1786502687242,sell,0.19,-0.81
KXBTC-26AUG1123-B63650,1786502987509,sell,0.22,-0.78
KXBTC-26AUG1123-B63650,1786503237137,sell,0.24,-0.76
KXBTC-26AUG1123-B63650,1786503287338,buy,0.27,0.73
KXBTC-26AUG1123-B63650,1786503337118,sell,0.22,-0.78
KXBTC-26AUG1123-B63650,1786503387075,sell,0.4,-0.6
KXBTC-26AUG1123-B63750,1786500223731,sell,0.35,0.35
KXBTC-26AUG1123-B63750,1786500427650,buy,0.43,-0.43
KXBTC-26AUG1123-B63750,1786500880862,buy,0.38,-0.38
KXBTC-26AUG1123-B63750,1786501737525,buy,0.35,-0.35
KXBTC-26AUG1123-B63750,1786501887644,sell,0.33,0.33
KXBTC-26AUG1123-B63750,1786502086940,sell,0.49,0.49
KXBTC-26AUG1123-B63750,1786502487198,buy,0.54,-0.54
KXBTC-26AUG1123-B63750,1786502587275,sell,0.56,0.56
KXBTC-26AUG1123-B63750,1786502637182,buy,0.63,-0.63
KXBTC-26AUG1123-B63750,1786502736772,sell,0.59,0.59
KXBTC-26AUG1123-B63750,1786502886897,sell,0.62,0.62
KXBTC-26AUG1123-B63750,1786502936567,sell,0.64,0.64
KXBTC-26AUG1123-B63750,1786502986861,buy,0.71,-0.71
KXBTC-26AUG1123-B63750,1786503286747,sell,0.71,0.71
KXBTC-26AUG1123-B63750,1786503336204,buy,0.77,-0.77
KXBTC-26AUG1123-B63750,1786503386187,buy,0.58,-0.58
KXBTC-26AUG1123-B63750,1786503436332,buy,0.2,-0.2
KXBTC-26AUG1123-B63750,1786503486354,buy,0.07,-0.07
KXBTC-26AUG1123-B63850,1786500223589,buy,0.28,-0.28
KXBTC-26AUG1123-B63850,1786500427497,sell,0.34,0.34
KXBTC-26AUG1123-B63850,1786500880714,sell,0.34,0.34
KXBTC-26AUG1123-B63850,1786501289067,buy,0.28,-0.28
KXBTC-26AUG1123-B63850,1786501339274,buy,0.23,-0.23
KXBTC-26AUG1123-B63850,1786501687809,sell,0.3,0.3
KXBTC-26AUG1123-B63850,1786501737377,sell,0.34,0.34
KXBTC-26AUG1123-B63850,1786501787453,sell,0.45,0.45
KXBTC-26AUG1123-B63850,1786501887501,buy,0.46,-0.46
KXBTC-26AUG1123-B63850,1786502086799,buy,0.33,-0.33
KXBTC-26AUG1123-B63850,1786502187039,buy,0.25,-0.25
KXBTC-26AUG1123-B63850,1786502237121,buy,0.18,-0.18
KXBTC-26AUG1123-B63950,1786500781054,buy,0.12,-0.12
KXBTC-26AUG1123-B63950,1786500881296,sell,0.1,0.1
KXBTC-26AUG1200-B63550,1786504446913,sell,0.14,0.14
KXBTC-26AUG1200-B63650,1786504190813,sell,0.35,0.35
KXBTC-26AUG1200-B63650,1786504241123,sell,0.39,0.39
KXBTC-26AUG1200-B63650,1786504291449,sell,0.42,0.42
KXBTC-26AUG1200-B63650,1786504802662,sell,0.47,0.47
KXBTC-26AUG1200-B63650,1786505062995,buy,0.46,-0.46
KXBTC-26AUG1200-B63650,1786505262844,sell,0.34,0.34
KXBTC-26AUG1200-B63650,1786505312874,buy,0.48,-0.48
KXBTC-26AUG1200-B63650,1786505512857,buy,0.42,-0.42
KXBTC-26AUG1200-B63650,1786505712843,buy,0.26,-0.26
KXBTC-26AUG1200-B63750,1786504190224,buy,0.44,0.56
KXBTC-26AUG1200-B63750,1786504240541,buy,0.36,0.64
KXBTC-26AUG1200-B63750,1786504692524,sell,0.26,-0.74
KXBTC-26AUG1200-B63750,1786505062258,sell,0.34,-0.6599999999999999
KXBTC-26AUG1200-B63750,1786505211925,sell,0.4,-0.6
KXBTC-26AUG1200-B63750,1786505262268,buy,0.49,0.51
KXBTC-26AUG1200-B63750,1786505312283,sell,0.35,-0.65
KXBTC-26AUG1200-B63750,1786505512252,sell,0.44,-0.56
KXBTC-26AUG1200-B63750,1786505912032,buy,0.58,0.42000000000000004
KXBTC-26AUG1200-B63750,1786506962134,sell,0.9,-0.09999999999999998
KXBTC-26AUG1200-B63750,1786507061968,sell,0.93,-0.06999999999999995
KXBTC-26AUG1200-B63850,1786505862855,sell,0.08,0.08
KXBTC-26AUG1200-B63850,1786505912961,sell,0.24,0.24
KXBTC-26AUG1200-B63850,1786506262797,buy,0.16,-0.16
KXBTC-26AUG1201-B63650,1786507916157,sell,0.26,0.26
KXBTC-26AUG1201-B63650,1786508218641,buy,0.29,-0.29
KXBTC-26AUG1201-B63750,1786507866020,sell,0.45,-0.55
KXBTC-26AUG1201-B63750,1786507915861,buy,0.47,0.53
KXBTC-26AUG1201-B63750,1786508473051,buy,0.5,0.5
KXBTC-26AUG1201-B63750,1786508573097,buy,0.42,0.5800000000000001
KXBTC-26AUG1201-B63750,1786508622900,sell,0.29,-0.71
KXBTC-26AUG1201-B63750,1786508823179,sell,0.4,-0.6
KXBTC-26AUG1201-B63750,1786508872999,sell,0.47,-0.53
KXBTC-26AUG1201-B63750,1786509023263,buy,0.53,0.47
KXBTC-26AUG1201-B63750,1786509572648,sell,0.4,-0.6
KXBTC-26AUG1201-B63750,1786509672539,sell,0.44,-0.56
KXBTC-26AUG1201-B63750,1786509722471,sell,0.58,-0.42000000000000004
KXBTC-26AUG1201-B63750,1786509822515,buy,0.61,0.39
KXBTC-26AUG1201-B63750,1786510022638,sell,0.64,-0.36
KXBTC-26AUG1201-B63750,1786510072303,sell,0.69,-0.31000000000000005
KXBTC-26AUG1201-B63750,1786510172815,sell,0.79,-0.20999999999999996
KXBTC-26AUG1201-B63850,1786507916009,buy,0.17,-0.17
KXBTC-26AUG1201-B63850,1786509073291,buy,0.15,-0.15
KXBTC-26AUG1202-B63750,1786514180228,sell,0.52,-0.48
KXBTC-26AUG1202-B63850,1786512183342,sell,0.28,0.28
KXBTC-26AUG1202-B63850,1786513530612,sell,0.3,0.3
KXBTC-26AUG1202-B63850,1786513730488,sell,0.44,0.44
KXBTC-26AUG1202-B63850,1786513780624,buy,0.52,-0.52
KXBTC-26AUG1202-B63850,1786513830619,buy,0.28,-0.28
KXBTC-26AUG1202-B63850,1786513880539,buy,0.12,-0.12
KXBTC-26AUG1202-B63850,1786513930632,sell,0.09,0.09
KXBTC-26AUG1202-B63850,1786514030443,buy,0.18,-0.18
KXBTC-26AUG1203-B63550,1786515341148,sell,0.21,0.21
KXBTC-26AUG1203-B63550,1786515440021,buy,0.2,-0.2
KXBTC-26AUG1203-B63550,1786515540273,sell,0.14,0.14
KXBTC-26AUG1203-B63550,1786515640828,sell,0.22,0.22
KXBTC-26AUG1203-B63550,1786515790212,sell,0.29,0.29
KXBTC-26AUG1203-B63550,1786515840172,sell,0.39,0.39
KXBTC-26AUG1203-B63550,1786516239687,sell,0.42,0.42
KXBTC-26AUG1203-B63550,1786516439605,buy,0.46,-0.46
KXBTC-26AUG1203-B63550,1786516889094,sell,0.5,0.5
KXBTC-26AUG1203-B63550,1786517139324,buy,0.49,-0.49
KXBTC-26AUG1203-B63550,1786517189074,sell,0.33,0.33
KXBTC-26AUG1203-B63550,1786517239248,buy,0.34,-0.34
KXBTC-26AUG1203-B63550,1786517339086,sell,0.31,0.31
KXBTC-26AUG1203-B63550,1786517838845,buy,0.79,-0.79
KXBTC-26AUG1203-B63550,1786517938711,buy,0.16,-0.16
KXBTC-26AUG1203-B63650,1786514883918,sell,0.28,-0.72
KXBTC-26AUG1203-B63650,1786514936067,sell,0.36,-0.64
KXBTC-26AUG1203-B63650,1786515038365,sell,0.42,-0.5800000000000001
KXBTC-26AUG1203-B63650,1786515790514,buy,0.37,0.63
KXBTC-26AUG1203-B63650,1786515990532,buy,0.31,0.69
KXBTC-26AUG1203-B63650,1786516240140,buy,0.3,0.7
KXBTC-26AUG1203-B63650,1786516390310,sell,0.21,-0.79
KXBTC-26AUG1203-B63650,1786516490151,sell,0.31,-0.69
KXBTC-26AUG1203-B63650,1786516889856,buy,0.38,0.62
KXBTC-26AUG1203-B63650,1786517140047,sell,0.41,-0.5900000000000001
KXBTC-26AUG1203-B63650,1786517239995,sell,0.57,-0.43000000000000005
KXBTC-26AUG1203-B63650,1786517490269,buy,0.54,0.45999999999999996
KXBTC-26AUG1203-B63650,1786517589941,buy,0.42,0.5800000000000001
KXBTC-26AUG1203-B63650,1786517839911,sell,0.18,-0.8200000000000001
KXBTC-26AUG1203-B63650,1786517890244,sell,0.52,-0.48
KXBTC-26AUG1203-B63650,1786517939749,sell,0.89,-0.10999999999999999
KXBTC-26AUG1203-B63750,1786514935915,buy,0.42,-0.42
KXBTC-26AUG1203-B63750,1786515240131,buy,0.24,-0.24
KXBTC-26AUG1203-B63750,1786515341609,buy,0.16,-0.16
KXBTC-26AUG1204-B63550,1786520540830,sell,0.14,0.14
KXBTC-26AUG1204-B63550,1786520691002,sell,0.13,0.13
KXBTC-26AUG1204-B63550,1786520740949,sell,0.22,0.22
KXBTC-26AUG1204-B63550,1786520840802,buy,0.49,-0.49
KXBTC-26AUG1204-B63550,1786520890869,buy,0.33,-0.33
KXBTC-26AUG1204-B63550,1786520940740,buy,0.21,-0.21
KXBTC-26AUG1204-B63550,1786521090780,buy,0.11,-0.11
KXBTC-26AUG1204-B63650,1786519941148,buy,0.45,-0.45
KXBTC-26AUG1204-B63650,1786520191378,sell,0.52,0.52
KXBTC-26AUG1204-B63650,1786520291304,sell,0.55,0.55
KXBTC-26AUG1204-B63650,1786520341296,sell,0.6,0.6
KXBTC-26AUG1204-B63650,1786520741521,buy,0.71,-0.71
KXBTC-26AUG1204-B63650,1786520791506,buy,0.5,-0.5
KXBTC-26AUG1204-B63650,1786520841391,sell,0.44,0.44
KXBTC-26AUG1204-B63650,1786520891473,sell,0.61,0.61
KXBTC-26AUG1204-B63650,1786520941325,sell,0.7,0.7
KXBTC-26AUG1204-B63650,1786521091377,sell,0.82,0.82
KXBTC-26AUG1204-B63650,1786521290854,buy,0.84,-0.84
KXBTC-26AUG1204-B63650,1786521341033,buy,0.56,-0.56
KXBTC-26AUG1204-B63650,1786521440988,buy,0.27,-0.27
KXBTC-26AUG1205-B63650,1786522043880,buy,0.16,-0.16
KXBTC-26AUG1205-B63650,1786522093661,sell,0.12,0.12
KXBTC-26AUG1205-B63650,1786522493927,sell,0.24,0.24
KXBTC-26AUG1205-B63650,1786523291247,buy,0.2,-0.2
KXBTC-26AUG1205-B63650,1786523441501,sell,0.21,0.21
KXBTC-26AUG1205-B63650,1786523641389,buy,0.3,-0.3
KXBTC-26AUG1205-B63650,1786523791118,sell,0.27,0.27
KXBTC-26AUG1205-B63650,1786523841263,buy,0.3,-0.3
KXBTC-26AUG1205-B63650,1786524041728,sell,0.2,0.2
KXBTC-26AUG1205-B63650,1786524141363,sell,0.29,0.29
KXBTC-26AUG1205-B63650,1786524390871,buy,0.23,-0.23
KXBTC-26AUG1205-B63650,1786524641014,sell,0.12,0.12
KXBTC-26AUG1205-B63650,1786524840644,buy,0.15,-0.15
KXBTC-26AUG1205-B63750,1786522043733,buy,0.39,0.61
KXBTC-26AUG1205-B63750,1786524990303,sell,0.5,-0.5
KXBTC-26AUG1205-B63750,1786525140384,sell,0.96,-0.040000000000000036
KXBTC-26AUG1206-B63650,1786525643631,buy,0.2,-0.2
KXBTC-26AUG1206-B63850,1786525643920,sell,0.19,0.19
KXBTC-26AUG1206-B63850,1786525794012,sell,0.3,0.3
KXBTC-26AUG1206-B63950,1786527492374,sell,0.09,0.09
KXBTC-26AUG1206-B63950,1786527542558,sell,0.34,0.34
KXBTC-26AUG1206-B63950,1786527642344,sell,0.38,0.38
KXBTC-26AUG1206-B63950,1786527742330,sell,0.45,0.45
KXBTC-26AUG1206-B63950,1786527792226,sell,0.49,0.49
KXBTC-26AUG1206-B63950,1786528241905,buy,0.41,-0.41
KXBTC-26AUG1206-B63950,1786528291733,sell,0.37,0.37
KXBTC-26AUG1206-B63950,1786528391895,buy,0.6,-0.6
KXBTC-26AUG1206-B63950,1786528641987,buy,0.13,-0.13
KXBTC-26AUG1206-B63950,1786528691858,buy,0.04,-0.04
KXBTC-26AUG1207-B63950,1786529845643,sell,0.25,0.25
KXBTC-26AUG1207-B63950,1786531942890,buy,0.27,-0.27
KXBTC-26AUG1207-B64050,1786531942122,sell,0.38,-0.62
KXBTC-26AUG1207-B64050,1786532042099,buy,0.55,0.44999999999999996
KXBTC-26AUG1207-B64050,1786532092188,buy,0.47,0.53
KXBTC-26AUG1207-B64050,1786532142183,sell,0.46,-0.54
KXBTC-26AUG1207-B64050,1786532192007,sell,0.55,-0.44999999999999996
KXBTC-26AUG1207-B64150,1786529845788,buy,0.19,-0.19
KXBTC-26AUG1207-B64250,1786529845974,buy,0.1,-0.1
KXBTC-26AUG1208-B63950,1786533547236,sell,0.14,0.14
KXBTC-26AUG1208-B63950,1786533647374,buy,0.16,-0.16
KXBTC-26AUG1208-B64150,1786533447499,sell,0.28,-0.72
KXBTC-26AUG1208-B64150,1786533747455,sell,0.38,-0.62
KXBTC-26AUG1208-B64150,1786535144826,sell,0.4,-0.6
KXBTC-26AUG1208-B64150,1786535194636,sell,0.65,-0.35
KXBTC-26AUG1208-B64150,1786535444678,buy,0.67,0.32999999999999996
KXBTC-26AUG1208-B64150,1786535544621,sell,0.65,-0.35
KXBTC-26AUG1208-B64150,1786535694567,sell,0.82,-0.18000000000000005
KXBTC-26AUG1208-B64250,1786535793869,buy,0.11,-0.11
KXBTC-26AUG1209-B63850,1786538647057,buy,0.14,-0.14
KXBTC-26AUG1209-B63850,1786538796893,sell,0.13,0.13
KXBTC-26AUG1209-B63850,1786539047099,buy,0.22,-0.22
KXBTC-26AUG1209-B63850,1786539146913,buy,0.12,-0.12
KXBTC-26AUG1209-B63850,1786539197043,buy,0.04,-0.04
KXBTC-26AUG1209-B64050,1786537146979,sell,0.09,-0.91
KXBTC-26AUG1209-B64050,1786537696613,buy,0.11,0.89
KXBTC-26AUG1209-B64050,1786537746613,buy,0.08,0.92
KXBTC-26AUG1209-B64050,1786537846718,sell,0.07,-0.9299999999999999
KXBTC-26AUG1209-B64050,1786538146533,sell,0.16,-0.84
KXBTC-26AUG1209-B64050,1786538196672,sell,0.23,-0.77
KXBTC-26AUG1209-B64050,1786538696670,sell,0.3,-0.7
KXBTC-26AUG1209-B64050,1786538796453,buy,0.3,0.7
KXBTC-26AUG1209-B64050,1786539095757,sell,0.2,-0.8
KXBTC-26AUG1209-B64050,1786539145710,sell,0.3,-0.7
KXBTC-26AUG1209-B64050,1786539195874,sell,0.37,-0.63
KXBTC-26AUG1209-B64150,1786536497484,buy,0.29,-0.29
KXBTC-26AUG1209-B64150,1786536547429,buy,0.26,-0.26
KXBTC-26AUG1209-B64150,1786536648100,sell,0.25,0.25
KXBTC-26AUG1209-B64150,1786536697748,sell,0.3,0.3
KXBTC-26AUG1209-B64150,1786536747845,buy,0.31,-0.31
KXBTC-26AUG1209-B64150,1786536897998,sell,0.27,0.27
KXBTC-26AUG1209-B64150,1786536949196,buy,0.28,-0.28
KXBTC-26AUG1209-B64150,1786537697069,buy,0.21,-0.21
KXBTC-26AUG1209-B64150,1786537747058,buy,0.18,-0.18
KXBTC-26AUG1209-B64150,1786537847168,sell,0.13,0.13
KXBTC-26AUG1209-B64150,1786538395730,buy,0.26,-0.26
KXBTC-26AUG1209-B64150,1786538445763,sell,0.19,0.19
KXBTC-26AUG1209-B64150,1786538545708,buy,0.17,-0.17
KXBTC-26AUG1209-B64150,1786538595836,sell,0.16,0.16
KXBTC-26AUG1209-B64150,1786538795720,buy,0.17,-0.17
KXBTC-26AUG1209-B64150,1786539196009,sell,0.07,0.07
KXBTC-26AUG1209-B64150,1786539295827,sell,0.34,0.34
KXBTC-26AUG1209-B64150,1786539395939,buy,0.36,-0.36
KXBTC-26AUG1209-B64150,1786539446398,buy,0.18,-0.18
KXBTC-26AUG1209-B64250,1786537647004,buy,0.3,-0.3
KXBTC-26AUG1209-B64250,1786537696926,sell,0.28,0.28
KXBTC-26AUG1209-B64250,1786537796945,buy,0.25,-0.25
KXBTC-26AUG1209-B64250,1786538146819,buy,0.19,-0.19
KXBTC-26AUG1209-B64250,1786538246930,sell,0.13,0.13
KXBTC-26AUG1209-B64250,1786538395579,buy,0.14,-0.14
KXBTC-26AUG1209-B64250,1786538795571,buy,0.05,-0.05
KXBTC-26AUG1209-B64250,1786539195417,sell,0.03,0.03
KXBTC-26AUG1209-B64350,1786536648669,buy,0.18,-0.18
KXBTC-26AUG1209-B64350,1786536748430,sell,0.14,0.14
KXBTC-26AUG1209-B64350,1786536898669,buy,0.17,-0.17
KXBTC-26AUG1209-B64350,1786536949786,sell,0.14,0.14
KXBTC-26AUG1210-B64150,1786541502382,buy,0.1,-0.1
KXBTC-26AUG1210-B64150,1786541552547,sell,0.07,0.07
KXBTC-26AUG1210-B64150,1786542052574,buy,0.06,-0.06
KXBTC-26AUG1210-B64150,1786542352210,sell,0.08,0.08
KXBTC-26AUG1210-B64150,1786542402520,buy,0.15,-0.15
KXBTC-26AUG1210-B64150,1786542552365,sell,0.09,0.09
KXBTC-26AUG1210-B64150,1786542602108,buy,0.1,-0.1
KXBTC-26AUG1211-B63450,1786543860058,buy,0.08,-0.08
KXBTC-26AUG1211-B63450,1786545862569,sell,0.09,0.09
KXBTC-26AUG1211-B63450,1786546012542,buy,0.22,-0.22
KXBTC-26AUG1211-B63450,1786546062672,sell,0.19,0.19
KXBTC-26AUG1211-B63450,1786546213259,buy,0.26,-0.26
KXBTC-26AUG1211-B63450,1786546264411,sell,0.25,0.25
KXBTC-26AUG1211-B63450,1786546312468,sell,0.33,0.33
KXBTC-26AUG1211-B63450,1786546362597,sell,0.4,0.4
KXBTC-26AUG1211-B63450,1786546412587,sell,0.45,0.45
KXBTC-26AUG1211-B63450,1786546462627,sell,0.5,0.5
KXBTC-26AUG1211-B63450,1786546612410,buy,0.6,-0.6
KXBTC-26AUG1211-B63450,1786546712302,buy,0.27,-0.27
KXBTC-26AUG1211-B63550,1786543864819,buy,0.11,-0.11
KXBTC-26AUG1211-B63550,1786546613470,buy,0.06,-0.06
KXBTC-26AUG1211-B63750,1786544212897,sell,0.14,0.14
KXBTC-26AUG1211-B63750,1786544963462,buy,0.21,-0.21
KXBTC-26AUG1211-B63750,1786545262972,buy,0.14,-0.14
KXBTC-26AUG1211-B63750,1786545312978,buy,0.08,-0.08
KXBTC-26AUG1211-B63750,1786546012833,sell,0.07,0.07
KXBTC-26AUG1211-B63750,1786546062971,buy,0.09,-0.09
KXBTC-26AUG1211-B63850,1786543864668,sell,0.14,0.14
KXBTC-26AUG1211-B63950,1786543864524,sell,0.1,0.1
KXBTC-26AUG1211-B64050,1786543864378,sell,0.06,0.06
KXBTC-26AUG1212-B63350,1786549743274,sell,0.18,-0.8200000000000001
KXBTC-26AUG1212-B63350,1786549843747,buy,0.29,0.71
KXBTC-26AUG1212-B63350,1786549893237,sell,0.23,-0.77
KXBTC-26AUG1212-B63350,1786549992950,buy,0.27,0.73
KXBTC-26AUG1212-B63350,1786550043248,sell,0.21,-0.79
KXBTC-26AUG1212-B63350,1786550093032,buy,0.27,0.73
KXBTC-26AUG1212-B63350,1786550143221,buy,0.16,0.84
KXBTC-26AUG1212-B63350,1786550343137,sell,0.17,-0.83
KXBTC-26AUG1212-B63450,1786548842983,buy,0.2,-0.2
KXBTC-26AUG1212-B63450,1786548892993,sell,0.19,0.19
KXBTC-26AUG1212-B63450,1786548943230,sell,0.27,0.27
KXBTC-26AUG1212-B63450,1786549143290,sell,0.3,0.3
KXBTC-26AUG1212-B63450,1786549493074,sell,0.38,0.38
KXBTC-26AUG1212-B63450,1786549593008,sell,0.42,0.42
KXBTC-26AUG1212-B63450,1786549843171,sell,0.51,0.51
KXBTC-26AUG1212-B63450,1786549892647,buy,0.54,-0.54
KXBTC-26AUG1212-B63450,1786549992362,sell,0.56,0.56
KXBTC-26AUG1212-B63550,1786547534206,sell,0.14,0.14
KXBTC-26AUG1213-B63250,1786551248395,buy,0.2,-0.2
KXBTC-26AUG1213-B63250,1786551500889,buy,0.13,-0.13
KXBTC-26AUG1213-B63350,1786551147643,sell,0.24,0.24
KXBTC-26AUG1213-B63350,1786551500583,buy,0.23,-0.23
KXBTC-26AUG1213-B63350,1786553599061,buy,0.19,-0.19
KXBTC-26AUG1213-B63350,1786553748969,buy,0.17,-0.17
KXBTC-26AUG1213-B63350,1786553849512,sell,0.08,0.08
KXBTC-26AUG1213-B63350,1786553899342,buy,0.12,-0.12
KXBTC-26AUG1213-B63450,1786551097191,buy,0.17,0.83
KXBTC-26AUG1213-B63450,1786551247469,sell,0.21,-0.79
KXBTC-26AUG1213-B63450,1786551297710,sell,0.23,-0.77
KXBTC-26AUG1213-B63450,1786551399790,sell,0.24,-0.76
KXBTC-26AUG1213-B63450,1786552299529,sell,0.3,-0.7
KXBTC-26AUG1213-B63450,1786552499589,sell,0.33,-0.6699999999999999
KXBTC-26AUG1213-B63450,1786552599280,sell,0.35,-0.65
KXBTC-26AUG1213-B63450,1786552999176,buy,0.47,0.53
KXBTC-26AUG1213-B63450,1786553049694,sell,0.42,-0.5800000000000001
KXBTC-26AUG1213-B63550,1786551247947,sell,0.1,0.1
KXBTC-26AUG1213-B63550,1786551500435,sell,0.18,0.18
KXBTC-26AUG1213-B63550,1786553599979,buy,0.18,-0.18
KXBTC-26AUG1213-B63550,1786553649956,buy,0.1,-0.1
KXBTC-26AUG1213-B63550,1786553699945,buy,0.06,-0.06
KXBTC-26AUG1213-B63650,1786551252037,sell,0.05,0.05
KXBTC-26AUG1213-B63650,1786551504299,sell,0.09,0.09
KXBTC-26AUG1213-B63650,1786552949772,buy,0.09,-0.09
KXBTC-26AUG1214-B63250,1786555314952,sell,0.09,0.09
KXBTC-26AUG1214-B63250,1786555415294,sell,0.15,0.15
KXBTC-26AUG1214-B63350,1786555212410,sell,0.2,0.2
KXBTC-26AUG1214-B63350,1786555262022,sell,0.26,0.26
KXBTC-26AUG1214-B63350,1786555362414,sell,0.29,0.29
KXBTC-26AUG1214-B63350,1786555412225,sell,0.34,0.34
KXBTC-26AUG1214-B63350,1786557368167,buy,0.36,-0.36
KXBTC-26AUG1214-B63350,1786557418389,buy,0.22,-0.22
KXBTC-26AUG1214-B63350,1786557468315,buy,0.14,-0.14
KXBTC-26AUG1214-B63450,1786555411783,buy,0.32,0.6799999999999999
KXBTC-26AUG1214-B63450,1786556761265,sell,0.25,-0.75
KXBTC-26AUG1214-B63450,1786556811135,sell,0.39,-0.61
KXBTC-26AUG1214-B63450,1786556911083,sell,0.45,-0.55
KXBTC-26AUG1214-B63450,1786557017743,sell,0.52,-0.48
KXBTC-26AUG1214-B63450,1786557318491,buy,0.68,0.31999999999999995
KXBTC-26AUG1214-B63450,1786557367426,sell,0.66,-0.33999999999999997
KXBTC-26AUG1214-B63450,1786557417608,sell,0.77,-0.22999999999999998
KXBTC-26AUG1214-B63450,1786557467562,sell,0.83,-0.17000000000000004
KXBTC-26AUG1214-B63550,1786554911862,sell,0.24,0.24
KXBTC-26AUG1214-B63550,1786555112172,sell,0.27,0.27
KXBTC-26AUG1214-B63550,1786555213023,buy,0.26,-0.26
KXBTC-26AUG1215-B63250,1786558223238,sell,0.15,0.15
KXBTC-26AUG1215-B63250,1786558323211,buy,0.15,-0.15
KXBTC-26AUG1215-B63250,1786558523384,sell,0.13,0.13
KXBTC-26AUG1215-B63350,1786558072411,sell,0.33,-0.6699999999999999
KXBTC-26AUG1215-B63350,1786558122601,buy,0.34,0.6599999999999999
KXBTC-26AUG1215-B63350,1786558322455,buy,0.33,0.6699999999999999
KXBTC-26AUG1215-B63350,1786558422495,sell,0.27,-0.73
KXBTC-26AUG1215-B63350,1786558522671,sell,0.31,-0.69
KXBTC-26AUG1215-B63350,1786560521386,sell,0.34,-0.6599999999999999
KXBTC-26AUG1215-B63350,1786560571511,sell,0.7,-0.30000000000000004
KXBTC-26AUG1215-B63350,1786560871409,buy,0.76,0.24
KXBTC-26AUG1215-B63350,1786560971463,sell,0.63,-0.37
KXBTC-26AUG1215-B63350,1786561121350,sell,0.89,-0.10999999999999999
KXBTC-26AUG1215-B63450,1786558322609,sell,0.31,0.31
KXBTC-26AUG1215-B63450,1786558522814,buy,0.33,-0.33
KXBTC-26AUG1215-B63450,1786560072430,sell,0.31,0.31
KXBTC-26AUG1215-B63450,1786560171869,buy,0.33,-0.33
KXBTC-26AUG1215-B63450,1786560222072,buy,0.26,-0.26
KXBTC-26AUG1215-B63450,1786560271954,sell,0.19,0.19
KXBTC-26AUG1215-B63450,1786560422026,buy,0.23,-0.23
KXBTC-26AUG1215-B63450,1786560820940,buy,0.06,-0.06
KXBTC-26AUG1215-B63550,1786558072693,buy,0.15,-0.15
KXBTC-26AUG1215-B63550,1786558322763,sell,0.13,0.13
KXBTC-26AUG1215-B63550,1786558422787,buy,0.19,-0.19
KXBTC-26AUG1215-B63550,1786558522951,buy,0.14,-0.14
KXBTC-26AUG1216-B63150,1786563022798,sell,0.06,0.06
KXBTC-26AUG1216-B63150,1786564022554,sell,0.1,0.1
KXBTC-26AUG1216-B63150,1786564072667,buy,0.14,-0.14
KXBTC-26AUG1216-B63250,1786562073245,sell,0.28,0.28
KXBTC-26AUG1216-B63250,1786562173185,buy,0.31,-0.31
KXBTC-26AUG1216-B63250,1786562223572,buy,0.29,-0.29
KXBTC-26AUG1216-B63250,1786562273300,buy,0.22,-0.22
KXBTC-26AUG1216-B63250,1786562323149,buy,0.16,-0.16
KXBTC-26AUG1216-B63250,1786563022948,sell,0.19,0.19
KXBTC-26AUG1216-B63250,1786563123136,buy,0.31,-0.31
KXBTC-26AUG1216-B63250,1786563172696,sell,0.29,0.29
KXBTC-26AUG1216-B63250,1786563572616,sell,0.35,0.35
KXBTC-26AUG1216-B63250,1786563672308,buy,0.39,-0.39
KXBTC-26AUG1216-B63250,1786563722559,sell,0.34,0.34
KXBTC-26AUG1216-B63250,1786563772499,sell,0.44,0.44
KXBTC-26AUG1216-B63250,1786563822289,buy,0.49,-0.49
KXBTC-26AUG1216-B63250,1786563872142,sell,0.48,0.48
KXBTC-26AUG1216-B63250,1786563922464,sell,0.51,0.51
KXBTC-26AUG1216-B63250,1786564022116,sell,0.59,0.59
KXBTC-26AUG1216-B63250,1786564072184,buy,0.6,-0.6
KXBTC-26AUG1216-B63250,1786564122241,buy,0.51,-0.51
KXBTC-26AUG1216-B63250,1786564172178,sell,0.48,0.48
KXBTC-26AUG1216-B63250,1786564222171,sell,0.59,0.59
KXBTC-26AUG1216-B63250,1786564472062,buy,0.68,-0.68
KXBTC-26AUG1216-B63250,1786564622166,buy,0.12,-0.12
KXBTC-26AUG1216-B63350,1786562722092,buy,0.4,0.6
KXBTC-26AUG1216-B63350,1786562821906,sell,0.25,-0.75
KXBTC-26AUG1216-B63350,1786563122055,sell,0.4,-0.6
KXBTC-26AUG1216-B63350,1786563171648,buy,0.44,0.56
KXBTC-26AUG1216-B63350,1786563221836,buy,0.41,0.5900000000000001
KXBTC-26AUG1216-B63350,1786563271730,sell,0.39,-0.61
KXBTC-26AUG1216-B63350,1786563371631,sell,0.42,-0.5800000000000001
KXBTC-26AUG1216-B63350,1786563571548,buy,0.45,0.55
KXBTC-26AUG1216-B63350,1786563671860,sell,0.41,-0.5900000000000001
KXBTC-26AUG1216-B63350,1786563722052,buy,0.48,0.52
KXBTC-26AUG1216-B63350,1786563772057,buy,0.41,0.5900000000000001
KXBTC-26AUG1216-B63350,1786563821827,sell,0.35,-0.65
KXBTC-26AUG1216-B63350,1786563922027,buy,0.33,0.6699999999999999
KXBTC-26AUG1216-B63350,1786564021671,buy,0.28,0.72
KXBTC-26AUG1216-B63350,1786564071747,sell,0.21,-0.79
KXBTC-26AUG1216-B63350,1786564121807,sell,0.4,-0.6
KXBTC-26AUG1216-B63350,1786564171730,buy,0.43,0.5700000000000001
KXBTC-26AUG1216-B63350,1786564221747,buy,0.33,0.6699999999999999
KXBTC-26AUG1216-B63350,1786564471297,sell,0.31,-0.69
KXBTC-26AUG1216-B63350,1786564621416,sell,0.85,-0.15000000000000002
KXBTC-26AUG1216-B63350,1786564670994,sell,0.93,-0.06999999999999995
KXBTC-26AUG1216-B63450,1786561973974,buy,0.25,-0.25
KXBTC-26AUG1216-B63450,1786562224350,sell,0.18,0.18
KXBTC-26AUG1216-B63450,1786562274081,sell,0.24,0.24
KXBTC-26AUG1216-B63450,1786562323867,sell,0.29,0.29
KXBTC-26AUG1216-B63450,1786562373929,buy,0.32,-0.32
KXBTC-26AUG1217-B63125,1786555411352,sell,0.19,0.19
KXBTC-26AUG1217-B63125,1786557768995,sell,0.22,0.22
KXBTC-26AUG1217-B63125,1786558872314,sell,0.24,0.24
KXBTC-26AUG1217-B63125,1786559472462,buy,0.23,-0.23
KXBTC-26AUG1217-B63125,1786563773708,sell,0.34,0.34
KXBTC-26AUG1217-B63125,1786564023282,sell,0.4,0.4
KXBTC-26AUG1217-B63375,1786560371590,sell,0.42,0.42
KXBTC-26AUG1217-B63375,1786564071601,sell,0.48,0.48
KXBTC-26AUG1217-B63375,1786564471893,sell,0.57,0.57
KXBTC-26AUG1217-B63375,1786564971626,sell,0.62,0.62
KXBTC-26AUG1217-B63375,1786565021507,buy,0.63,-0.63
KXBTC-26AUG1217-B63375,1786566028549,buy,0.74,-0.74
KXBTC-26AUG1217-B63375,1786566079320,sell,0.71,0.71
KXBTC-26AUG1217-B63375,1786566428820,buy,0.71,-0.71
KXBTC-26AUG1217-B63375,1786566928752,buy,0.66,-0.66
KXBTC-26AUG1217-B63375,1786567128735,buy,0.57,-0.57
KXBTC-26AUG1217-B63375,1786567228690,sell,0.49,0.49
KXBTC-26AUG1217-B63375,1786567328823,buy,0.58,-0.58
KXBTC-26AUG1217-B63375,1786567429042,sell,0.52,0.52
KXBTC-26AUG1217-B63375,1786567528656,sell,0.64,0.64
KXBTC-26AUG1217-B63375,1786567578536,buy,0.65,-0.65
KXBTC-26AUG1217-B63375,1786567728350,buy,0.58,-0.58
KXBTC-26AUG1217-B63375,1786567778459,sell,0.56,0.56
KXBTC-26AUG1217-B63375,1786567828492,sell,0.76,0.76
KXBTC-26AUG1217-B63375,1786567878417,buy,0.81,-0.81
KXBTC-26AUG1217-B63625,1786540449110,sell,0.12,-0.88
KXBTC-26AUG1217-B63625,1786557766786,buy,0.24,0.76
KXBTC-26AUG1217-B63625,1786558520329,buy,0.28,0.72
KXBTC-26AUG1217-B63625,1786562270521,sell,0.14,-0.86
KXBTC-26AUG1217-B63625,1786562670190,buy,0.14,0.86
KXBTC-26AUG1217-B63625,1786565021074,sell,0.25,-0.75
KXBTC-26AUG1217-B63625,1786565171329,buy,0.3,0.7
KXBTC-26AUG1217-B63625,1786565220967,buy,0.22,0.78
KXBTC-26AUG1217-B63625,1786566178847,buy,0.18,0.8200000000000001
KXBTC-26AUG1217-B63625,1786566428673,sell,0.24,-0.76
KXBTC-26AUG1217-B63625,1786566928604,sell,0.3,-0.7
KXBTC-26AUG1217-B63625,1786567128594,sell,0.4,-0.6
KXBTC-26AUG1217-B63625,1786567228543,buy,0.48,0.52
KXBTC-26AUG1217-B63625,1786567328684,sell,0.4,-0.6
KXBTC-26AUG1217-B63625,1786567378572,buy,0.55,0.44999999999999996
KXBTC-26AUG1217-B63625,1786567428893,buy,0.45,0.55
KXBTC-26AUG1217-B63625,1786567578382,sell,0.4,-0.6
KXBTC-26AUG1217-B63625,1786568178707,sell,0.1,-0.9
KXBTC-26AUG1217-B64375,1786543910100,sell,0.08,0.08
KXBTC-26AUG1218-B63250,1786570232589,sell,0.07,0.07
KXBTC-26AUG1218-B63250,1786570332543,buy,0.1,-0.1
KXBTC-26AUG1218-B63450,1786568883792,sell,0.36,-0.64
KXBTC-26AUG1218-B63450,1786569184019,buy,0.3,0.7
KXBTC-26AUG1218-B63450,1786569532190,sell,0.36,-0.64
KXBTC-26AUG1218-B63450,1786569832051,sell,0.39,-0.61
KXBTC-26AUG1218-B63450,1786569882231,sell,0.42,-0.5800000000000001
KXBTC-26AUG1218-B63450,1786570232004,buy,0.48,0.52
KXBTC-26AUG1218-B63450,1786570331974,sell,0.37,-0.63
KXBTC-26AUG1218-B63450,1786570532183,buy,0.44,0.56
KXBTC-26AUG1218-B63450,1786570582066,sell,0.43,-0.5700000000000001
KXBTC-26AUG1218-B63450,1786570631938,buy,0.45,0.55
KXBTC-26AUG1218-B63450,1786570681846,sell,0.38,-0.62
KXBTC-26AUG1218-B63450,1786571831487,sell,0.88,-0.12
KXBTC-26AUG1218-B63450,1786571881437,sell,0.94,-0.06000000000000005
KXBTC-26AUG1218-B63550,1786571582518,sell,0.19,0.19
KXBTC-26AUG1218-B63550,1786571682217,sell,0.5,0.5
KXBTC-26AUG1218-B63650,1786569532053,buy,0.16,-0.16
KXBTC-26AUG1219-B63350,1786572686259,buy,0.25,0.75
KXBTC-26AUG1219-B63350,1786572736368,buy,0.19,0.81
KXBTC-26AUG1219-B63350,1786572836499,sell,0.18,-0.8200000000000001
KXBTC-26AUG1219-B63350,1786573036419,buy,0.25,0.75
KXBTC-26AUG1219-B63350,1786573086465,sell,0.19,-0.81
KXBTC-26AUG1219-B63350,1786574434102,sell,0.26,-0.74
KXBTC-26AUG1219-B63350,1786574834140,sell,0.65,-0.35
KXBTC-26AUG1219-B63350,1786574983908,sell,0.71,-0.29000000000000004
KXBTC-26AUG1219-B63350,1786575333811,sell,0.88,-0.12
KXBTC-26AUG1219-B63350,1786575483778,sell,0.95,-0.050000000000000044
KXBTC-26AUG1219-B63450,1786573434227,sell,0.44,0.44
KXBTC-26AUG1219-B63450,1786573634431,buy,0.5,-0.5
KXBTC-26AUG1219-B63450,1786574034259,buy,0.43,-0.43
KXBTC-26AUG1219-B63450,1786574134107,buy,0.23,-0.23
KXBTC-26AUG1219-B63450,1786574234188,sell,0.16,0.16
KXBTC-26AUG1219-B63450,1786574284266,buy,0.21,-0.21
KXBTC-26AUG1219-B63450,1786574734141,sell,0.16,0.16
KXBTC-26AUG1219-B63450,1786574784006,buy,0.18,-0.18
KXBTC-26AUG1219-B63450,1786574834286,sell,0.11,0.11
KXBTC-26AUG1219-B63450,1786574884149,buy,0.14,-0.14
KXBTC-26AUG1219-B63450,1786575233896,buy,0.07,-0.07
KXBTC-26AUG1219-B63450,1786575284051,sell,0.06,0.06
KXBTC-26AUG1219-B63450,1786575334107,buy,0.1,-0.1
KXBTC-26AUG1219-B63550,1786572684808,sell,0.21,0.21
KXBTC-26AUG1219-B63550,1786572835037,buy,0.28,-0.28
KXBTC-26AUG1219-B63550,1786573034942,sell,0.26,0.26
KXBTC-26AUG1219-B63550,1786573084946,buy,0.27,-0.27
KXBTC-26AUG1219-B63550,1786573183450,buy,0.23,-0.23
KXBTC-26AUG1219-B63550,1786573333443,buy,0.22,-0.22
KXBTC-26AUG1219-B63550,1786573483490,sell,0.21,0.21
KXBTC-26AUG1219-B63550,1786573583562,buy,0.23,-0.23
KXBTC-26AUG1219-B63550,1786573783457,buy,0.17,-0.17
KXBTC-26AUG1219-B63550,1786574033660,buy,0.11,-0.11
KXBTC-26AUG1220-B63250,1786576537479,buy,0.2,-0.2
KXBTC-26AUG1220-B63250,1786576587514,sell,0.19,0.19
KXBTC-26AUG1220-B63250,1786576937560,sell,0.2,0.2
KXBTC-26AUG1220-B63250,1786577084886,sell,0.29,0.29
KXBTC-26AUG1220-B63250,1786577234917,sell,0.34,0.34
KXBTC-26AUG1220-B63250,1786577384903,buy,0.26,-0.26
KXBTC-26AUG1220-B63250,1786577484758,buy,0.15,-0.15
KXBTC-26AUG1220-B63250,1786578084908,sell,0.07,0.07
KXBTC-26AUG1220-B63250,1786578184985,sell,0.14,0.14
KXBTC-26AUG1220-B63250,1786578334657,buy,0.19,-0.19
KXBTC-26AUG1220-B63250,1786578534654,buy,0.14,-0.14
KXBTC-26AUG1220-B63250,1786578684477,buy,0.09,-0.09
KXBTC-26AUG1220-B63350,1786577735399,buy,0.45,-0.45
KXBTC-26AUG1220-B63350,1786577785402,sell,0.44,0.44
KXBTC-26AUG1220-B63350,1786578085357,sell,0.45,0.45
KXBTC-26AUG1220-B63350,1786578135338,sell,0.6,0.6
KXBTC-26AUG1220-B63350,1786578485000,sell,0.71,0.71
KXBTC-26AUG1220-B63350,1786578535106,sell,0.75,0.75
KXBTC-26AUG1220-B63350,1786578734903,sell,0.81,0.81
KXBTC-26AUG1220-B63350,1786579134800,buy,0.97,-0.97
KXBTC-26AUG1220-B63450,1786575987219,buy,0.19,0.81
KXBTC-26AUG1220-B63450,1786576137442,sell,0.17,-0.83
KXBTC-26AUG1220-B63450,1786576337808,buy,0.26,0.74
KXBTC-26AUG1220-B63450,1786576537616,sell,0.25,-0.75
KXBTC-26AUG1220-B63450,1786576587656,buy,0.27,0.73
KXBTC-26AUG1220-B63450,1786576837839,sell,0.26,-0.74
KXBTC-26AUG1220-B63450,1786576887660,buy,0.27,0.73
KXBTC-26AUG1220-B63450,1786576937693,buy,0.23,0.77
KXBTC-26AUG1220-B63450,1786577085186,buy,0.17,0.83
KXBTC-26AUG1220-B63450,1786577235204,buy,0.15,0.85
KXBTC-26AUG1220-B63450,1786577385197,sell,0.19,-0.81
KXBTC-26AUG1220-B63450,1786577535189,sell,0.3,-0.7
KXBTC-26AUG1220-B63450,1786577635134,sell,0.34,-0.6599999999999999
KXBTC-26AUG1220-B63450,1786577735224,sell,0.39,-0.61
KXBTC-26AUG1220-B63450,1786577785250,buy,0.42,0.5800000000000001
KXBTC-26AUG1220-B63450,1786578085206,buy,0.45,0.55
KXBTC-26AUG1220-B63450,1786578335245,sell,0.14,-0.86
KXBTC-26AUG1220-B63450,1786578385071,buy,0.18,0.8200000000000001
KXBTC-26AUG1220-B63450,1786578685051,sell,0.1,-0.9
KXBTC-26AUG1220-B63450,1786578735041,buy,0.14,0.86
KXBTC-26AUG1220-B63450,1786579135087,sell,0.03,-0.97
KXBTC-26AUG1221-B63350,1786579638476,buy,0.22,-0.22
KXBTC-26AUG1221-B63350,1786579738852,buy,0.18,-0.18
KXBTC-26AUG1221-B63350,1786581740427,sell,0.08,0.08
KXBTC-26AUG1221-B63350,1786581840324,buy,0.16,-0.16
KXBTC-26AUG1221-B63350,1786581890435,sell,0.1,0.1
KXBTC-26AUG1221-B63350,1786581990306,buy,0.18,-0.18
KXBTC-26AUG1221-B63350,1786582090397,buy,0.08,-0.08
KXBTC-26AUG1221-B63450,1786580141039,buy,0.26,-0.26
KXBTC-26AUG1221-B63450,1786580241072,buy,0.22,-0.22
KXBTC-26AUG1221-B63450,1786580291094,sell,0.12,0.12
KXBTC-26AUG1221-B63450,1786580340788,sell,0.14,0.14
KXBTC-26AUG1221-B63450,1786580540797,buy,0.21,-0.21
KXBTC-26AUG1221-B63450,1786580690690,sell,0.19,0.19
KXBTC-26AUG1221-B63450,1786580790685,sell,0.25,0.25
KXBTC-26AUG1221-B63450,1786580940608,buy,0.28,-0.28
KXBTC-26AUG1221-B63450,1786581040754,sell,0.23,0.23
KXBTC-26AUG1221-B63450,1786581090651,sell,0.28,0.28
KXBTC-26AUG1221-B63450,1786581190461,sell,0.37,0.37
KXBTC-26AUG1221-B63450,1786581290753,buy,0.36,-0.36
KXBTC-26AUG1221-B63450,1786581490440,sell,0.34,0.34
KXBTC-26AUG1221-B63450,1786581740570,sell,0.4,0.4
KXBTC-26AUG1221-B63450,1786581790604,sell,0.55,0.55
KXBTC-26AUG1221-B63450,1786581840478,buy,0.56,-0.56
KXBTC-26AUG1221-B63450,1786581890593,sell,0.52,0.52
KXBTC-26AUG1221-B63450,1786582090694,buy,0.58,-0.58
KXBTC-26AUG1221-B63450,1786582140826,buy,0.43,-0.43
KXBTC-26AUG1221-B63450,1786582190440,sell,0.32,0.32
KXBTC-26AUG1221-B63450,1786582240613,buy,0.36,-0.36
KXBTC-26AUG1221-B63450,1786582440695,buy,0.32,-0.32
KXBTC-26AUG1221-B63450,1786582540650,sell,0.3,0.3
KXBTC-26AUG1221-B63450,1786582590527,buy,0.37,-0.37
KXBTC-26AUG1221-B63450,1786582640586,sell,0.15,0.15
KXBTC-26AUG1221-B63450,1786582690637,buy,0.29,-0.29
KXBTC-26AUG1221-B63450,1786582739903,buy,0.15,-0.15
KXBTC-26AUG1221-B63550,1786579639685,sell,0.19,-0.81
KXBTC-26AUG1221-B63550,1786579740017,sell,0.28,-0.72
KXBTC-26AUG1221-B63550,1786580241883,buy,0.31,0.69
KXBTC-26AUG1221-B63550,1786581191190,buy,0.4,0.6
KXBTC-26AUG1221-B63550,1786581291464,sell,0.41,-0.5900000000000001
KXBTC-26AUG1221-B63550,1786581741148,buy,0.48,0.52
KXBTC-26AUG1221-B63550,1786581841071,sell,0.22,-0.78
KXBTC-26AUG1221-B63550,1786581891179,buy,0.37,0.63
KXBTC-26AUG1221-B63550,1786581991025,sell,0.21,-0.79
KXBTC-26AUG1221-B63550,1786582090986,sell,0.31,-0.69
KXBTC-26AUG1221-B63550,1786582141123,sell,0.49,-0.51
KXBTC-26AUG1221-B63550,1786582190730,buy,0.61,0.39
KXBTC-26AUG1221-B63550,1786582240903,sell,0.59,-0.41000000000000003
KXBTC-26AUG1221-B63550,1786582540940,buy,0.67,0.32999999999999996
KXBTC-26AUG1221-B63550,1786582590815,sell,0.62,-0.38
KXBTC-26AUG1221-B63550,1786582640865,buy,0.76,0.24
KXBTC-26AUG1221-B63550,1786582690931,sell,0.7,-0.30000000000000004
KXBTC-26AUG1221-B63550,1786582740627,sell,0.84,-0.16000000000000003
KXBTC-26AUG1221-B63550,1786582790531,sell,0.96,-0.040000000000000036
KXBTC-26AUG1221-B63650,1786582091717,buy,0.17,-0.17
KXBTC-26AUG1222-B63350,1786583944445,sell,0.09,-0.91
KXBTC-26AUG1222-B63350,1786585892111,sell,0.14,-0.86
KXBTC-26AUG1222-B63350,1786585941980,buy,0.59,0.41000000000000003
KXBTC-26AUG1222-B63350,1786585992067,buy,0.44,0.56
KXBTC-26AUG1222-B63350,1786586042070,buy,0.36,0.64
KXBTC-26AUG1222-B63350,1786586091959,buy,0.18,0.8200000000000001
KXBTC-26AUG1222-B63350,1786586142245,buy,0.15,0.85
KXBTC-26AUG1222-B63350,1786586192122,sell,0.08,-0.92
KXBTC-26AUG1222-B63350,1786586241987,buy,0.35,0.65
KXBTC-26AUG1222-B63350,1786586292100,sell,0.13,-0.87
KXBTC-26AUG1222-B63350,1786586342308,sell,0.22,-0.78
KXBTC-26AUG1222-B63450,1786583444389,buy,0.31,-0.31
KXBTC-26AUG1222-B63450,1786583694228,buy,0.25,-0.25
KXBTC-26AUG1222-B63450,1786583894188,sell,0.27,0.27
KXBTC-26AUG1222-B63450,1786584641026,buy,0.36,-0.36
KXBTC-26AUG1222-B63450,1786584691005,sell,0.29,0.29
KXBTC-26AUG1222-B63450,1786584791280,sell,0.31,0.31
KXBTC-26AUG1222-B63450,1786584841036,sell,0.38,0.38
KXBTC-26AUG1222-B63450,1786584941121,sell,0.48,0.48
KXBTC-26AUG1222-B63450,1786585141058,sell,0.52,0.52
KXBTC-26AUG1222-B63450,1786585340961,buy,0.56,-0.56
KXBTC-26AUG1222-B63450,1786585441082,buy,0.48,-0.48
KXBTC-26AUG1222-B63450,1786585490890,buy,0.37,-0.37
KXBTC-26AUG1222-B63450,1786585541336,buy,0.2,-0.2
KXBTC-26AUG1222-B63450,1786585641186,sell,0.1,0.1
KXBTC-26AUG1222-B63450,1786585741230,sell,0.27,0.27
KXBTC-26AUG1222-B63450,1786585791166,buy,0.31,-0.31
KXBTC-26AUG1222-B63450,1786585841323,sell,0.27,0.27
KXBTC-26AUG1222-B63450,1786585890676,sell,0.38,0.38
KXBTC-26AUG1222-B63450,1786585940564,sell,0.43,0.43
KXBTC-26AUG1222-B63450,1786585990595,sell,0.53,0.53
KXBTC-26AUG1222-B63450,1786586040593,sell,0.61,0.61
KXBTC-26AUG1222-B63450,1786586190634,buy,0.9,-0.9
KXBTC-26AUG1222-B63450,1786586240551,sell,0.79,0.79
KXBTC-26AUG1222-B63450,1786586290666,buy,0.89,-0.89
KXBTC-26AUG1222-B63450,1786586340756,buy,0.75,-0.75
KXBTC-26AUG1222-B63550,1786583444095,sell,0.36,0.36
KXBTC-26AUG1222-B63550,1786583943955,buy,0.36,-0.36
KXBTC-26AUG1222-B63550,1786584041792,sell,0.3,0.3
KXBTC-26AUG1222-B63550,1786584141904,buy,0.27,-0.27
KXBTC-26AUG1222-B63550,1786584191787,sell,0.21,0.21
KXBTC-26AUG1222-B63550,1786584241780,buy,0.22,-0.22
KXBTC-26AUG1222-B63550,1786584941708,sell,0.13,0.13
KXBTC-26AUG1222-B63550,1786584991616,buy,0.17,-0.17
KXBTC-26AUG1222-B63550,1786585041739,sell,0.16,0.16
KXBTC-26AUG1222-B63550,1786585191865,sell,0.19,0.19
KXBTC-26AUG1222-B63550,1786585241514,buy,0.26,-0.26
KXBTC-26AUG1222-B63550,1786585292270,buy,0.2,-0.2
KXBTC-26AUG1222-B63550,1786585341389,buy,0.12,-0.12
KXBTC-26AUG1222-B63650,1786583694084,sell,0.18,0.18
KXBTC-26AUG1222-B63650,1786583744329,buy,0.25,-0.25
KXBTC-26AUG1223-B63250,1786587051831,sell,0.13,0.13
KXBTC-26AUG1223-B63250,1786587348033,sell,0.12,0.12
KXBTC-26AUG1223-B63350,1786587447518,sell,0.34,0.34
KXBTC-26AUG1223-B63350,1786587745889,sell,0.41,0.41
KXBTC-26AUG1223-B63350,1786588096062,buy,0.38,-0.38
KXBTC-26AUG1223-B63350,1786588195823,sell,0.36,0.36
KXBTC-26AUG1223-B63350,1786588246045,sell,0.43,0.43
KXBTC-26AUG1223-B63350,1786588945638,buy,0.58,-0.58
KXBTC-26AUG1223-B63350,1786588994870,buy,0.54,-0.54
KXBTC-26AUG1223-B63350,1786589094937,buy,0.32,-0.32
KXBTC-26AUG1223-B63350,1786589195038,sell,0.33,0.33
KXBTC-26AUG1223-B63350,1786589245041,buy,0.43,-0.43
KXBTC-26AUG1223-B63350,1786589295058,buy,0.27,-0.27
KXBTC-26AUG1223-B63350,1786589344996,buy,0.13,-0.13
KXBTC-26AUG1223-B63450,1786587695834,sell,0.36,-0.64
KXBTC-26AUG1223-B63450,1786587745745,buy,0.37,0.63
KXBTC-26AUG1223-B63450,1786587945842,sell,0.36,-0.64
KXBTC-26AUG1223-B63450,1786587995947,sell,0.41,-0.5900000000000001
KXBTC-26AUG1223-B63450,1786588095921,sell,0.42,-0.5800000000000001
KXBTC-26AUG1223-B63450,1786588245897,buy,0.41,0.5900000000000001
KXBTC-26AUG1223-B63450,1786588395274,buy,0.17,0.83
KXBTC-26AUG1223-B63450,1786588445535,sell,0.16,-0.84
KXBTC-26AUG1223-B63450,1786588495380,sell,0.24,-0.76
KXBTC-26AUG1223-B63450,1786588645484,buy,0.26,0.74
KXBTC-26AUG1223-B63450,1786588695350,sell,0.22,-0.78
KXBTC-26AUG1223-B63450,1786588745563,buy,0.29,0.71
KXBTC-26AUG1223-B63450,1786588795430,sell,0.24,-0.76
KXBTC-26AUG1223-B63450,1786588845348,buy,0.28,0.72
KXBTC-26AUG1223-B63450,1786588895396,sell,0.22,-0.78
KXBTC-26AUG1223-B63450,1786588945488,sell,0.3,-0.7
KXBTC-26AUG1223-B63450,1786588995295,sell,0.38,-0.62
KXBTC-26AUG1223-B63450,1786589195476,buy,0.59,0.41000000000000003
KXBTC-26AUG1223-B63450,1786589245476,sell,0.54,-0.45999999999999996
KXBTC-26AUG1223-B63450,1786589445474,buy,0.73,0.27
KXBTC-26AUG1223-B63450,1786589495325,sell,0.68,-0.31999999999999995
KXBTC-26AUG1223-B63450,1786589644782,buy,0.68,0.31999999999999995
KXBTC-26AUG1223-B63550,1786589645367,sell,0.11,0.11
KXBTC-26AUG1223-B63550,1786589745552,buy,0.39,-0.39
KXBTC-26AUG1223-B63550,1786589795625,sell,0.35,0.35
KXBTC-26AUG1223-B63550,1786589895385,buy,0.17,-0.17
KXBTC-26AUG1300-B63350,1786590348334,sell,0.16,0.16
KXBTC-26AUG1300-B63350,1786590649184,buy,0.2,-0.2
KXBTC-26AUG1300-B63350,1786590799270,buy,0.15,-0.15
KXBTC-26AUG1300-B63450,1786590799705,buy,0.35,-0.35
KXBTC-26AUG1300-B63450,1786591262982,buy,0.31,-0.31
KXBTC-26AUG1300-B63450,1786591743515,sell,0.26,0.26
KXBTC-26AUG1300-B63450,1786591893281,sell,0.38,0.38
KXBTC-26AUG1300-B63450,1786591943080,buy,0.43,-0.43
KXBTC-26AUG1300-B63450,1786592092998,buy,0.37,-0.37
KXBTC-26AUG1300-B63450,1786592442745,sell,0.24,0.24
KXBTC-26AUG1300-B63450,1786592492782,sell,0.28,0.28
KXBTC-26AUG1300-B63450,1786592692720,sell,0.35,0.35
KXBTC-26AUG1300-B63450,1786592743045,buy,0.36,-0.36
KXBTC-26AUG1300-B63450,1786592792746,buy,0.28,-0.28
KXBTC-26AUG1300-B63450,1786592942594,buy,0.22,-0.22
KXBTC-26AUG1300-B63550,1786590348479,buy,0.29,0.71
KXBTC-26AUG1300-B63550,1786590498547,sell,0.26,-0.74
KXBTC-26AUG1300-B63550,1786590598649,buy,0.27,0.73
KXBTC-26AUG1300-B63550,1786590649331,sell,0.24,-0.76
KXBTC-26AUG1300-B63550,1786590799412,sell,0.3,-0.7
KXBTC-26AUG1300-B63550,1786591445733,sell,0.39,-0.61
KXBTC-26AUG1300-B63550,1786591642607,sell,0.45,-0.55
KXBTC-26AUG1300-B63550,1786591743067,buy,0.47,0.53
KXBTC-26AUG1300-B63550,1786591842721,sell,0.44,-0.56
KXBTC-26AUG1300-B63550,1786591892847,buy,0.45,0.55
KXBTC-26AUG1300-B63550,1786591942633,sell,0.42,-0.5800000000000001
KXBTC-26AUG1300-B63550,1786592092536,sell,0.48,-0.52
KXBTC-26AUG1300-B63550,1786592742890,sell,0.6,-0.4
KXBTC-26AUG1300-B63550,1786592942737,buy,0.72,0.28
KXBTC-26AUG1300-B63550,1786593042930,buy,0.66,0.33999999999999997
KXBTC-26AUG1300-B63550,1786593142657,buy,0.54,0.45999999999999996
KXBTC-26AUG1300-B63550,1786593242882,sell,0.44,-0.56
KXBTC-26AUG1300-B63550,1786593342848,sell,0.58,-0.42000000000000004
KXBTC-26AUG1300-B63550,1786593442872,sell,0.66,-0.33999999999999997
KXBTC-26AUG1300-B63650,1786590803894,sell,0.1,0.1
KXBTC-26AUG1300-B63650,1786591268542,sell,0.15,0.15
KXBTC-26AUG1300-B63650,1786591326758,sell,0.21,0.21
KXBTC-26AUG1300-B63650,1786591742920,buy,0.16,-0.16
KXBTC-26AUG1300-B63650,1786591942489,sell,0.09,0.09
KXBTC-26AUG1300-B63650,1786592092394,sell,0.12,0.12
KXBTC-26AUG1300-B63650,1786592242606,buy,0.2,-0.2
KXBTC-26AUG1300-B63650,1786592942308,sell,0.06,0.06
KXBTC-26AUG1300-B63650,1786593042471,sell,0.28,0.28
KXBTC-26AUG1300-B63650,1786593242390,buy,0.52,-0.52
KXBTC-26AUG1300-B63650,1786593492053,buy,0.23,-0.23
KXBTC-26AUG1301-B63450,1786594296456,sell,0.16,0.16
KXBTC-26AUG1301-B63450,1786594396666,buy,0.18,-0.18
KXBTC-26AUG1301-B63450,1786594546781,sell,0.13,0.13
KXBTC-26AUG1301-B63450,1786596043777,buy,0.17,-0.17
KXBTC-26AUG1301-B63550,1786594346085,sell,0.42,0.42
KXBTC-26AUG1301-B63550,1786594396472,buy,0.43,-0.43
KXBTC-26AUG1301-B63550,1786594546636,sell,0.36,0.36
KXBTC-26AUG1301-B63550,1786596044214,buy,0.43,-0.43
KXBTC-26AUG1301-B63550,1786596193919,buy,0.28,-0.28
KXBTC-26AUG1301-B63550,1786596244002,buy,0.23,-0.23
KXBTC-26AUG1301-B63550,1786596293855,sell,0.22,0.22
KXBTC-26AUG1301-B63550,1786596344086,buy,0.25,-0.25
KXBTC-26AUG1301-B63550,1786596444090,buy,0.13,-0.13
KXBTC-26AUG1301-B63550,1786596544152,sell,0.08,0.08
KXBTC-26AUG1301-B63550,1786596643974,buy,0.07,-0.07
KXBTC-26AUG1301-B63650,1786594296176,buy,0.31,0.69
KXBTC-26AUG1301-B63650,1786594396324,sell,0.24,-0.76
KXBTC-26AUG1301-B63650,1786594445895,sell,0.34,-0.6599999999999999
KXBTC-26AUG1301-B63650,1786594546490,buy,0.37,0.63
KXBTC-26AUG1301-B63650,1786595393615,buy,0.25,0.75
KXBTC-26AUG1301-B63650,1786595443824,sell,0.14,-0.86
KXBTC-26AUG1301-B63650,1786595643729,sell,0.17,-0.83
KXBTC-26AUG1301-B63650,1786595743622,sell,0.24,-0.76
KXBTC-26AUG1301-B63650,1786595793611,sell,0.36,-0.64
KXBTC-26AUG1301-B63650,1786595843640,sell,0.45,-0.55
KXBTC-26AUG1301-B63650,1786595893843,sell,0.53,-0.47
KXBTC-26AUG1301-B63650,1786596393175,buy,0.64,0.36
KXBTC-26AUG1301-B63650,1786596443231,buy,0.59,0.41000000000000003
KXBTC-26AUG1301-B63650,1786596543274,sell,0.56,-0.43999999999999995
KXBTC-26AUG1301-B63650,1786596592942,sell,0.69,-0.31000000000000005
KXBTC-26AUG1301-B63650,1786596892751,buy,0.85,0.15000000000000002
KXBTC-26AUG1301-B63650,1786596942892,sell,0.84,-0.16000000000000003
KXBTC-26AUG1301-B63750,1786594500134,sell,0.1,0.1
KXBTC-26AUG1301-B63750,1786596693620,sell,0.07,0.07
KXBTC-26AUG1301-B63750,1786596793806,buy,0.12,-0.12
KXBTC-26AUG1301-B63750,1786596893464,sell,0.06,0.06
KXBTC-26AUG1301-B63750,1786596943624,buy,0.12,-0.12
KXBTC-26AUG1306-B63450,1786612500925,sell,0.09,0.09
KXBTC-26AUG1306-B63450,1786612600381,sell,0.22,0.22
KXBTC-26AUG1306-B63450,1786612650389,buy,0.23,-0.23
KXBTC-26AUG1306-B63550,1786612496920,sell,0.39,0.39
KXBTC-26AUG1306-B63650,1786612496771,buy,0.37,-0.37
KXBTC-26AUG1306-B63650,1786612646346,sell,0.2,0.2
KXBTC-26AUG1308-B63350,1786620150214,sell,0.06,0.06
KXBTC-26AUG1308-B63350,1786620200595,sell,0.09,0.09
KXBTC-26AUG1308-B63450,1786619600698,buy,0.17,0.83
KXBTC-26AUG1308-B63450,1786622294243,sell,0.48,-0.52
KXBTC-26AUG1308-B63550,1786619796521,sell,0.56,0.56
KXBTC-26AUG1308-B63550,1786620046333,buy,0.58,-0.58
KXBTC-26AUG1308-B63550,1786620146373,buy,0.5,-0.5
KXBTC-26AUG1308-B63550,1786620196760,buy,0.35,-0.35
KXBTC-26AUG1308-B63550,1786621643345,sell,0.08,0.08
KXBTC-26AUG1309-B63250,1786624344408,sell,0.09,0.09
KXBTC-26AUG1309-B63250,1786624394644,buy,0.12,-0.12
KXBTC-26AUG1309-B63350,1786623046995,sell,0.17,0.17
KXBTC-26AUG1309-B63350,1786623146623,buy,0.17,-0.17
KXBTC-26AUG1309-B63350,1786623296867,buy,0.15,-0.15
KXBTC-26AUG1309-B63450,1786623494378,sell,0.29,0.29
KXBTC-26AUG1309-B63450,1786624493641,buy,0.28,-0.28
KXBTC-26AUG1309-B63450,1786624643495,sell,0.2,0.2
KXBTC-26AUG1309-B63450,1786624843295,sell,0.33,0.33
KXBTC-26AUG1309-B63450,1786624943236,buy,0.37,-0.37
KXBTC-26AUG1309-B63450,1786625193367,sell,0.32,0.32
KXBTC-26AUG1309-B63450,1786625293421,buy,0.36,-0.36
KXBTC-26AUG1309-B63450,1786625343173,sell,0.34,0.34
KXBTC-26AUG1309-B63450,1786625393246,buy,0.37,-0.37
KXBTC-26AUG1309-B63450,1786625443397,buy,0.2,-0.2
KXBTC-26AUG1309-B63450,1786625593270,sell,0.07,0.07
KXBTC-26AUG1309-B63450,1786625643371,buy,0.13,-0.13
KXBTC-26AUG1309-B63450,1786625693490,buy,0.04,-0.04
KXBTC-26AUG1310-B63550,1786629195214,buy,0.2,-0.2
KXBTC-26AUG1310-B63550,1786629295368,buy,0.08,-0.08
KXBTC-26AUG1310-B63550,1786629445178,buy,0.05,-0.05
KXBTC-26AUG1310-B63650,1786628595444,buy,0.21,0.79
KXBTC-26AUG1310-B63650,1786628745380,sell,0.26,-0.74
KXBTC-26AUG1310-B63650,1786628895459,buy,0.33,0.6699999999999999
KXBTC-26AUG1310-B63650,1786628945339,sell,0.19,-0.81
KXBTC-26AUG1310-B63650,1786628995642,buy,0.26,0.74
KXBTC-26AUG1310-B63650,1786629045911,sell,0.19,-0.81
KXBTC-26AUG1310-B63650,1786629095510,sell,0.28,-0.72
KXBTC-26AUG1310-B63650,1786629145489,sell,0.4,-0.6
KXBTC-26AUG1310-B63650,1786629245254,sell,0.46,-0.54
KXBTC-26AUG1310-B63650,1786629295230,buy,0.47,0.53
KXBTC-26AUG1310-B63650,1786629345171,sell,0.41,-0.5900000000000001
KXBTC-26AUG1310-B63650,1786629395048,sell,0.5,-0.5
KXBTC-26AUG1310-B63650,1786629445038,sell,0.65,-0.35
KXBTC-26AUG1310-B63650,1786629495131,buy,0.66,0.33999999999999997
KXBTC-26AUG1310-B63650,1786629545108,sell,0.56,-0.43999999999999995
KXBTC-26AUG1310-B63750,1786627295423,buy,0.15,-0.15
KXBTC-26AUG1310-B63750,1786628045624,sell,0.14,0.14
KXBTC-26AUG1310-B63750,1786628095262,sell,0.19,0.19
KXBTC-26AUG1310-B63750,1786628744932,buy,0.35,-0.35
KXBTC-26AUG1310-B63750,1786628795167,buy,0.26,-0.26
KXBTC-26AUG1310-B63750,1786628845022,sell,0.24,0.24
KXBTC-26AUG1310-B63750,1786628895020,sell,0.34,0.34
KXBTC-26AUG1310-B63750,1786629095085,buy,0.41,-0.41
KXBTC-26AUG1310-B63750,1786629294806,sell,0.37,0.37
KXBTC-26AUG1310-B63750,1786629344720,buy,0.46,-0.46
KXBTC-26AUG1310-B63750,1786629394600,buy,0.38,-0.38
KXBTC-26AUG1310-B63750,1786629444613,sell,0.27,0.27
KXBTC-26AUG1311-B63450,1786630154020,sell,0.1,0.1
KXBTC-26AUG1311-B63550,1786630099472,buy,0.18,-0.18
KXBTC-26AUG1311-B63550,1786630550544,buy,0.1,-0.1
KXBTC-26AUG1311-B63650,1786631251244,sell,0.19,0.19
KXBTC-26AUG1311-B63650,1786631451182,sell,0.22,0.22
KXBTC-26AUG1311-B63650,1786631501277,buy,0.24,-0.24
KXBTC-26AUG1311-B63650,1786631551287,buy,0.15,-0.15
KXBTC-26AUG1311-B63750,1786631003734,sell,0.21,0.21
KXBTC-26AUG1311-B63750,1786631701147,buy,0.22,-0.22
KXBTC-26AUG1311-B63750,1786631951463,sell,0.12,0.12
KXBTC-26AUG1311-B63750,1786632051323,buy,0.15,-0.15
KXBTC-26AUG1311-B63750,1786632350896,sell,0.14,0.14
KXBTC-26AUG1311-B63750,1786632400818,sell,0.19,0.19
KXBTC-26AUG1311-B63750,1786632450789,buy,0.21,-0.21
KXBTC-26AUG1311-B63750,1786632551206,sell,0.17,0.17
KXBTC-26AUG1311-B63750,1786632700899,buy,0.15,-0.15
KXBTC-26AUG1311-B63750,1786632800884,sell,0.12,0.12
KXBTC-26AUG1311-B63750,1786632900664,buy,0.24,-0.24
KXBTC-26AUG1311-B63750,1786632950748,sell,0.13,0.13
KXBTC-26AUG1311-B63750,1786633000948,sell,0.26,0.26
KXBTC-26AUG1311-B63750,1786633051068,buy,0.32,-0.32
KXBTC-26AUG1311-B63750,1786633100826,sell,0.19,0.19
KXBTC-26AUG1311-B63750,1786633151001,buy,0.39,-0.39
KXBTC-26AUG1311-B63850,1786630304149,sell,0.13,-0.87
KXBTC-26AUG1311-B63850,1786633001238,sell,0.22,-0.78
KXBTC-26AUG1311-B63850,1786633051369,sell,0.67,-0.32999999999999996
KXBTC-26AUG1311-B63850,1786633101113,buy,0.81,0.18999999999999995
KXBTC-26AUG1311-B63850,1786633151304,sell,0.59,-0.41000000000000003
KXBTC-26AUG1311-B63950,1786630403976,sell,0.09,0.09
KXBTC-26AUG1311-B63950,1786630551126,sell,0.12,0.12
KXBTC-26AUG1311-B63950,1786631004504,buy,0.14,-0.14
KXBTC-26AUG1311-B63950,1786632351635,sell,0.13,0.13
KXBTC-26AUG1311-B63950,1786632401554,buy,0.27,-0.27
KXBTC-26AUG1311-B63950,1786632451515,sell,0.24,0.24
KXBTC-26AUG1311-B63950,1786632551943,buy,0.27,-0.27
KXBTC-26AUG1311-B63950,1786632701604,sell,0.25,0.25
KXBTC-26AUG1311-B63950,1786632801621,buy,0.24,-0.24
KXBTC-26AUG1311-B63950,1786632901403,sell,0.09,0.09
KXBTC-26AUG1311-B63950,1786632951519,buy,0.12,-0.12
KXBTC-26AUG1311-B64050,1786630851740,buy,0.08,-0.08
KXBTC-26AUG1312-B63550,1786635551396,sell,0.12,0.12
KXBTC-26AUG1312-B63550,1786635601447,buy,0.26,-0.26
KXBTC-26AUG1312-B63550,1786635751897,buy,0.25,-0.25
KXBTC-26AUG1312-B63550,1786635901113,sell,0.16,0.16
KXBTC-26AUG1312-B63550,1786635951257,sell,0.21,0.21
KXBTC-26AUG1312-B63550,1786636051137,sell,0.27,0.27
KXBTC-26AUG1312-B63550,1786636101294,sell,0.35,0.35
KXBTC-26AUG1312-B63550,1786636201271,sell,0.48,0.48
KXBTC-26AUG1312-B63550,1786636251504,buy,0.5,-0.5
KXBTC-26AUG1312-B63550,1786636351278,sell,0.48,0.48
KXBTC-26AUG1312-B63550,1786636401501,sell,0.58,0.58
KXBTC-26AUG1312-B63550,1786636651399,buy,0.83,-0.83
KXBTC-26AUG1312-B63550,1786636701345,buy,0.46,-0.46
KXBTC-26AUG1312-B63650,1786636251360,sell,0.3,0.3
KXBTC-26AUG1312-B63650,1786636301274,buy,0.46,-0.46
KXBTC-26AUG1312-B63650,1786636351138,buy,0.39,-0.39
KXBTC-26AUG1312-B63650,1786636401364,buy,0.28,-0.28
KXBTC-26AUG1312-B63650,1786636551233,sell,0.15,0.15
KXBTC-26AUG1312-B63650,1786636601217,buy,0.18,-0.18
KXBTC-26AUG1312-B63750,1786636201417,buy,0.28,-0.28
KXBTC-26AUG1312-B63750,1786636251701,sell,0.06,0.06
KXBTC-26AUG1312-B63750,1786636301560,buy,0.11,-0.11
KXBTC-26AUG1312-B63750,1786636351418,buy,0.05,-0.05
KXBTC-26AUG1312-B63850,1786633704144,buy,0.25,-0.25
KXBTC-26AUG1312-B63950,1786634154298,buy,0.13,-0.13
KXBTC-26AUG1313-B63150,1786640001680,sell,0.06,0.06
KXBTC-26AUG1313-B63150,1786640051784,sell,0.14,0.14
KXBTC-26AUG1313-B63150,1786640101950,buy,0.16,-0.16
KXBTC-26AUG1313-B63150,1786640201674,sell,0.14,0.14
KXBTC-26AUG1313-B63150,1786640251834,buy,0.27,-0.27
KXBTC-26AUG1313-B63350,1786639351243,buy,0.21,-0.21
KXBTC-26AUG1313-B63350,1786639951519,buy,0.04,-0.04
KXBTC-26AUG1313-B63450,1786638701332,buy,0.27,-0.27
KXBTC-26AUG1313-B63450,1786638951462,sell,0.23,0.23
KXBTC-26AUG1313-B63450,1786639001295,buy,0.25,-0.25
KXBTC-26AUG1313-B63450,1786639051328,buy,0.16,-0.16
KXBTC-26AUG1313-B63450,1786639101151,buy,0.11,-0.11
KXBTC-26AUG1314-B62850,1786641708321,buy,0.07,-0.07
KXBTC-26AUG1314-B62950,1786641405465,buy,0.16,-0.16
KXBTC-26AUG1314-B62950,1786641705925,buy,0.17,-0.17
KXBTC-26AUG1314-B63050,1786641704925,buy,0.23,0.77
KXBTC-26AUG1314-B63050,1786643805224,sell,0.21,-0.79
KXBTC-26AUG1314-B63050,1786643855047,buy,0.42,0.5800000000000001
KXBTC-26AUG1314-B63050,1786643905026,buy,0.37,0.63
KXBTC-26AUG1314-B63050,1786643955195,sell,0.21,-0.79
KXBTC-26AUG1314-B63150,1786640805048,sell,0.17,0.17
KXBTC-26AUG1314-B63150,1786641405031,sell,0.2,0.2
KXBTC-26AUG1314-B63150,1786641555641,buy,0.22,-0.22
KXBTC-26AUG1314-B63150,1786641705497,sell,0.22,0.22
KXBTC-26AUG1314-B63150,1786643804933,sell,0.26,0.26
KXBTC-26AUG1314-B63150,1786643854746,sell,0.55,0.55
KXBTC-26AUG1314-B63150,1786643904728,sell,0.62,0.62
KXBTC-26AUG1314-B63150,1786643954889,buy,0.78,-0.78
KXBTC-26AUG1314-B63250,1786641558447,buy,0.13,-0.13
KXBTC-26AUG1314-B63250,1786641708177,sell,0.12,0.12
KXBTC-26AUG1314-B63350,1786641705069,sell,0.07,0.07
KXBTC-26AUG1315-B63050,1786644607616,sell,0.17,0.17
KXBTC-26AUG1315-B63150,1786646259447,sell,0.32,0.32
KXBTC-26AUG1315-B63150,1786646359494,buy,0.33,-0.33
KXBTC-26AUG1315-B63150,1786646409338,sell,0.31,0.31
KXBTC-26AUG1315-B63150,1786646509269,sell,0.33,0.33
KXBTC-26AUG1315-B63150,1786646609271,sell,0.42,0.42
KXBTC-26AUG1315-B63150,1786646659341,sell,0.45,0.45
KXBTC-26AUG1315-B63150,1786647009538,sell,0.6,0.6
KXBTC-26AUG1315-B63150,1786647109062,buy,0.66,-0.66
KXBTC-26AUG1315-B63150,1786647159001,buy,0.53,-0.53
KXBTC-26AUG1315-B63150,1786647208905,buy,0.48,-0.48
KXBTC-26AUG1315-B63150,1786647258762,buy,0.17,-0.17
KXBTC-26AUG1315-B63150,1786647408772,buy,0.05,-0.05
KXBTC-26AUG1315-B63250,1786646908831,buy,0.22,0.78
KXBTC-26AUG1315-B63250,1786647058956,sell,0.17,-0.83
KXBTC-26AUG1315-B63250,1786647109223,sell,0.25,-0.75
KXBTC-26AUG1315-B63250,1786647159148,sell,0.41,-0.5900000000000001
KXBTC-26AUG1315-B63250,1786647209053,sell,0.48,-0.52
KXBTC-26AUG1315-B63250,1786647258909,buy,0.65,0.35
KXBTC-26AUG1315-B63250,1786647309684,sell,0.51,-0.49
KXBTC-26AUG1315-B63250,1786647359301,sell,0.62,-0.38
KXBTC-26AUG1315-B63250,1786647408920,buy,0.75,0.25
KXBTC-26AUG1315-B63250,1786647458922,sell,0.73,-0.27
KXBTC-26AUG1315-B63250,1786647508830,sell,0.82,-0.18000000000000005
KXBTC-26AUG1316-B63250,1786648211140,sell,0.12,0.12
KXBTC-26AUG1316-B63250,1786648660533,buy,0.25,-0.25
KXBTC-26AUG1316-B63350,1786650709970,sell,0.32,-0.6799999999999999
KXBTC-26AUG1316-B63350,1786650760098,sell,0.7,-0.30000000000000004
KXBTC-26AUG1316-B63350,1786650809936,sell,0.76,-0.24
KXBTC-26AUG1316-B63350,1786650859976,sell,0.78,-0.21999999999999997
KXBTC-26AUG1316-B63350,1786650910958,sell,0.83,-0.17000000000000004
KXBTC-26AUG1316-B63450,1786648461130,buy,0.21,-0.21
KXBTC-26AUG1316-B63450,1786648660966,sell,0.19,0.19
KXBTC-26AUG1316-B63550,1786648461421,buy,0.12,-0.12
KXBTC-26AUG1317-B62375,1786639403142,sell,0.1,0.1
KXBTC-26AUG1317-B62625,1786639203089,sell,0.06,0.06
KXBTC-26AUG1317-B62625,1786639500715,buy,0.17,-0.17
KXBTC-26AUG1317-B63125,1786634952219,sell,0.1,0.1
KXBTC-26AUG1317-B63125,1786636702486,sell,0.13,0.13
KXBTC-26AUG1317-B63125,1786638552428,sell,0.19,0.19
KXBTC-26AUG1317-B63125,1786639152693,sell,0.24,0.24
KXBTC-26AUG1317-B63125,1786639302626,buy,0.24,-0.24
KXBTC-26AUG1317-B63125,1786647960315,buy,0.36,-0.36
KXBTC-26AUG1317-B63125,1786648110291,buy,0.24,-0.24
KXBTC-26AUG1317-B63125,1786649760132,sell,0.26,0.26
KXBTC-26AUG1317-B63125,1786649809888,buy,0.27,-0.27
KXBTC-26AUG1317-B63125,1786650209917,sell,0.24,0.24
KXBTC-26AUG1317-B63125,1786650310452,buy,0.25,-0.25
KXBTC-26AUG1317-B63125,1786651261112,sell,0.23,0.23
KXBTC-26AUG1317-B63125,1786651360591,sell,0.27,0.27
KXBTC-26AUG1317-B63125,1786651860985,sell,0.12,0.12
KXBTC-26AUG1317-B63125,1786651960925,sell,0.18,0.18
KXBTC-26AUG1317-B63125,1786652060999,buy,0.2,-0.2
KXBTC-26AUG1317-B63125,1786652111580,buy,0.16,-0.16
KXBTC-26AUG1317-B63125,1786652211065,buy,0.13,-0.13
KXBTC-26AUG1317-B63125,1786652461019,buy,0.09,-0.09
KXBTC-26AUG1317-B63375,1786639201304,buy,0.23,0.77
KXBTC-26AUG1317-B63375,1786640001398,buy,0.18,0.8200000000000001
KXBTC-26AUG1317-B63375,1786645657780,buy,0.21,0.79
KXBTC-26AUG1317-B63375,1786647208613,sell,0.3,-0.7
KXBTC-26AUG1317-B63375,1786648009138,sell,0.43,-0.5700000000000001
KXBTC-26AUG1317-B63375,1786650959120,sell,0.58,-0.42000000000000004
KXBTC-26AUG1317-B63375,1786651259907,buy,0.63,0.37
KXBTC-26AUG1317-B63375,1786651610028,sell,0.67,-0.32999999999999996
KXBTC-26AUG1317-B63375,1786652359459,sell,0.73,-0.27
KXBTC-26AUG1317-B63375,1786652757044,sell,0.82,-0.18000000000000005
KXBTC-26AUG1317-B63375,1786652957080,sell,0.85,-0.15000000000000002
KXBTC-26AUG1317-B63375,1786653307055,sell,0.88,-0.12
KXBTC-26AUG1317-B63375,1786653406712,sell,0.9,-0.09999999999999998
KXBTC-26AUG1317-B63625,1786637301997,buy,0.23,-0.23
KXBTC-26AUG1317-B63625,1786639200137,buy,0.12,-0.12
KXBTC-26AUG1317-B63625,1786639750096,sell,0.07,0.07
KXBTC-26AUG1317-B63625,1786639850155,sell,0.09,0.09
KXBTC-26AUG1317-B63625,1786648108111,sell,0.21,0.21
KXBTC-26AUG1317-B63625,1786648208479,buy,0.29,-0.29
KXBTC-26AUG1317-B63625,1786649758545,buy,0.16,-0.16
KXBTC-26AUG1317-B63625,1786650308958,sell,0.15,0.15
KXBTC-26AUG1317-B63625,1786650408610,buy,0.17,-0.17
KXBTC-26AUG1317-B63625,1786651709136,sell,0.16,0.16
KXBTC-26AUG1317-B63625,1786651859333,buy,0.16,-0.16
KXBTC-26AUG1318-B63250,1786655712644,buy,0.14,-0.14
KXBTC-26AUG1318-B63250,1786655762107,sell,0.13,0.13
KXBTC-26AUG1318-B63250,1786656457659,buy,0.16,-0.16
KXBTC-26AUG1318-B63250,1786657458145,sell,0.04,0.04
KXBTC-26AUG1318-B63350,1786655361016,sell,0.35,0.35
KXBTC-26AUG1318-B63350,1786655660929,sell,0.42,0.42
KXBTC-26AUG1318-B63350,1786655711772,buy,0.45,-0.45
KXBTC-26AUG1318-B63350,1786656358242,sell,0.46,0.46
KXBTC-26AUG1318-B63350,1786656608804,buy,0.45,-0.45
KXBTC-26AUG1318-B63350,1786656658384,buy,0.39,-0.39
KXBTC-26AUG1318-B63350,1786656708359,sell,0.37,0.37
KXBTC-26AUG1318-B63350,1786656908763,sell,0.4,0.4
KXBTC-26AUG1318-B63350,1786657058362,buy,0.44,-0.44
KXBTC-26AUG1318-B63350,1786657107770,buy,0.39,-0.39
KXBTC-26AUG1318-B63350,1786657157726,sell,0.35,0.35
KXBTC-26AUG1318-B63350,1786657208759,buy,0.38,-0.38
KXBTC-26AUG1318-B63350,1786657257931,sell,0.28,0.28
KXBTC-26AUG1318-B63350,1786657357847,sell,0.36,0.36
KXBTC-26AUG1318-B63350,1786657407915,buy,0.5,-0.5
KXBTC-26AUG1318-B63350,1786657458003,sell,0.38,0.38
KXBTC-26AUG1318-B63350,1786658007575,sell,0.65,0.65
KXBTC-26AUG1318-B63350,1786658057695,buy,0.71,-0.71
KXBTC-26AUG1318-B63350,1786658107686,sell,0.44,0.44
KXBTC-26AUG1318-B63350,1786658157506,sell,0.62,0.62
KXBTC-26AUG1318-B63350,1786658207476,buy,0.76,-0.76
KXBTC-26AUG1318-B63350,1786658257619,sell,0.31,0.31
KXBTC-26AUG1318-B63350,1786658307739,buy,0.41,-0.41
KXBTC-26AUG1318-B63350,1786658357618,buy,0.08,-0.08
KXBTC-26AUG1318-B63450,1786655311775,sell,0.38,-0.62
KXBTC-26AUG1318-B63450,1786655361450,buy,0.39,0.61
KXBTC-26AUG1318-B63450,1786655712222,sell,0.28,-0.72
KXBTC-26AUG1318-B63450,1786655761661,buy,0.3,0.7
KXBTC-26AUG1318-B63450,1786655857951,sell,0.25,-0.75
KXBTC-26AUG1318-B63450,1786656108180,buy,0.3,0.7
KXBTC-26AUG1318-B63450,1786656358096,buy,0.31,0.69
KXBTC-26AUG1318-B63450,1786656608065,sell,0.27,-0.73
KXBTC-26AUG1318-B63450,1786656657645,sell,0.38,-0.62
KXBTC-26AUG1318-B63450,1786656807590,sell,0.42,-0.5800000000000001
KXBTC-26AUG1318-B63450,1786656908007,buy,0.44,0.56
KXBTC-26AUG1318-B63450,1786657007396,sell,0.42,-0.5800000000000001
KXBTC-26AUG1318-B63450,1786657107282,sell,0.49,-0.51
KXBTC-26AUG1318-B63450,1786657157301,buy,0.5,0.5
KXBTC-26AUG1318-B63450,1786657208294,sell,0.49,-0.51
KXBTC-26AUG1318-B63450,1786657257506,buy,0.52,0.48
KXBTC-26AUG1318-B63450,1786657357409,buy,0.47,0.53
KXBTC-26AUG1318-B63450,1786657407469,sell,0.36,-0.64
KXBTC-26AUG1318-B63450,1786657457573,buy,0.47,0.53
KXBTC-26AUG1318-B63450,1786657607232,sell,0.32,-0.6799999999999999
KXBTC-26AUG1318-B63450,1786658007288,buy,0.33,0.6699999999999999
KXBTC-26AUG1318-B63450,1786658057405,sell,0.25,-0.75
KXBTC-26AUG1318-B63450,1786658107391,buy,0.53,0.47
KXBTC-26AUG1318-B63450,1786658157228,buy,0.38,0.62
KXBTC-26AUG1318-B63450,1786658207195,sell,0.21,-0.79
KXBTC-26AUG1318-B63450,1786658257349,buy,0.68,0.31999999999999995
KXBTC-26AUG1318-B63450,1786658307449,sell,0.65,-0.35
KXBTC-26AUG1318-B63450,1786658357326,sell,0.86,-0.14
KXBTC-26AUG1318-B63550,1786657209511,sell,0.12,0.12
KXBTC-26AUG1318-B63550,1786657258669,buy,0.14,-0.14
KXBTC-26AUG1318-B63550,1786657358591,buy,0.09,-0.09
KXBTC-26AUG1319-B63450,1786659361073,buy,0.25,0.75
KXBTC-26AUG1319-B63450,1786659611517,sell,0.28,-0.72
KXBTC-26AUG1319-B63450,1786659758194,buy,0.34,0.6599999999999999
KXBTC-26AUG1319-B63450,1786660258516,sell,0.19,-0.81
KXBTC-26AUG1319-B63450,1786660607990,sell,0.27,-0.73
KXBTC-26AUG1319-B63450,1786660708156,buy,0.34,0.6599999999999999
KXBTC-26AUG1319-B63450,1786660808767,sell,0.31,-0.69
KXBTC-26AUG1319-B63450,1786661058049,sell,0.42,-0.5800000000000001
KXBTC-26AUG1319-B63450,1786661158011,sell,0.45,-0.55
KXBTC-26AUG1319-B63450,1786661207837,sell,0.5,-0.5
KXBTC-26AUG1319-B63450,1786661308090,sell,0.55,-0.44999999999999996
KXBTC-26AUG1319-B63450,1786661557918,buy,0.78,0.21999999999999997
KXBTC-26AUG1319-B63450,1786661607316,sell,0.7,-0.30000000000000004
KXBTC-26AUG1319-B63550,1786660707400,sell,0.51,0.51
KXBTC-26AUG1319-B63550,1786661057336,buy,0.5,-0.5
KXBTC-26AUG1319-B63550,1786661107773,sell,0.43,0.43
KXBTC-26AUG1319-B63550,1786661257438,buy,0.43,-0.43
KXBTC-26AUG1319-B63550,1786661307313,buy,0.38,-0.38
KXBTC-26AUG1319-B63550,1786661357445,buy,0.32,-0.32
KXBTC-26AUG1319-B63550,1786661507038,buy,0.23,-0.23
KXBTC-26AUG1319-B63550,1786661557219,sell,0.2,0.2
KXBTC-26AUG1319-B63550,1786661607170,buy,0.28,-0.28
KXBTC-26AUG1319-B63550,1786661657214,sell,0.15,0.15
KXBTC-26AUG1319-B63550,1786661707281,buy,0.16,-0.16
KXBTC-26AUG1319-B63550,1786661807113,buy,0.1,-0.1
KXBTC-26AUG1319-B63650,1786659611661,buy,0.21,-0.21
KXBTC-26AUG1320-B63350,1786662661405,buy,0.26,-0.26
KXBTC-26AUG1320-B63350,1786662711515,sell,0.22,0.22
KXBTC-26AUG1320-B63350,1786662811503,sell,0.29,0.29
KXBTC-26AUG1320-B63350,1786663111467,sell,0.34,0.34
KXBTC-26AUG1320-B63350,1786663361411,buy,0.31,-0.31
KXBTC-26AUG1320-B63350,1786663461381,sell,0.3,0.3
KXBTC-26AUG1320-B63350,1786664758392,sell,0.39,0.39
KXBTC-26AUG1320-B63350,1786664908028,buy,0.59,-0.59
KXBTC-26AUG1320-B63350,1786664958079,sell,0.56,0.56
KXBTC-26AUG1320-B63350,1786665008715,sell,0.73,0.73
KXBTC-26AUG1320-B63350,1786665258095,sell,0.89,0.89
KXBTC-26AUG1320-B63350,1786665407391,buy,0.94,-0.94
KXBTC-26AUG1320-B63350,1786665457533,buy,0.63,-0.63
KXBTC-26AUG1320-B63350,1786665507526,buy,0.28,-0.28
KXBTC-26AUG1320-B63450,1786662911140,sell,0.42,-0.5800000000000001
KXBTC-26AUG1320-B63450,1786663110907,buy,0.43,0.5700000000000001
KXBTC-26AUG1320-B63450,1786663460766,buy,0.49,0.51
KXBTC-26AUG1320-B63450,1786664207906,buy,0.55,0.44999999999999996
KXBTC-26AUG1320-B63450,1786664257969,sell,0.54,-0.45999999999999996
KXBTC-26AUG1320-B63450,1786664307676,buy,0.58,0.42000000000000004
KXBTC-26AUG1320-B63450,1786664657845,sell,0.43,-0.5700000000000001
KXBTC-26AUG1320-B63450,1786664708427,buy,0.45,0.55
KXBTC-26AUG1320-B63450,1786664907345,sell,0.41,-0.5900000000000001
KXBTC-26AUG1320-B63450,1786664957371,buy,0.43,0.5700000000000001
KXBTC-26AUG1320-B63450,1786665157466,buy,0.13,0.87
KXBTC-26AUG1320-B63450,1786665407125,sell,0.04,-0.96
KXBTC-26AUG1320-B63450,1786665457246,sell,0.38,-0.62
KXBTC-26AUG1320-B63450,1786665507206,sell,0.71,-0.29000000000000004
KXBTC-26AUG1320-B63450,1786665557346,sell,0.82,-0.18000000000000005
KXBTC-26AUG1320-B63550,1786662311590,buy,0.2,-0.2
KXBTC-26AUG1320-B63550,1786662661261,sell,0.16,0.16
KXBTC-26AUG1320-B63550,1786662711372,buy,0.2,-0.2
KXBTC-26AUG1320-B63550,1786662811357,buy,0.15,-0.15
KXBTC-26AUG1320-B63550,1786663111334,buy,0.11,-0.11
KXBTC-26AUG1320-B63550,1786663361218,sell,0.12,0.12
KXBTC-26AUG1320-B63550,1786663461240,buy,0.12,-0.12
KXBTC-26AUG1321-B63350,1786666162082,buy,0.27,-0.27
KXBTC-26AUG1321-B63350,1786666561733,buy,0.22,-0.22
KXBTC-26AUG1321-B63350,1786666611844,sell,0.18,0.18
KXBTC-26AUG1321-B63350,1786667308221,sell,0.2,0.2
KXBTC-26AUG1321-B63350,1786667358235,sell,0.39,0.39
KXBTC-26AUG1321-B63350,1786667408825,sell,0.42,0.42
KXBTC-26AUG1321-B63350,1786667458242,buy,0.43,-0.43
KXBTC-26AUG1321-B63350,1786668158320,buy,0.35,-0.35
KXBTC-26AUG1321-B63350,1786668208441,buy,0.24,-0.24
KXBTC-26AUG1321-B63350,1786668258593,buy,0.12,-0.12
KXBTC-26AUG1321-B63350,1786668308871,sell,0.1,0.1
KXBTC-26AUG1321-B63350,1786668358404,sell,0.16,0.16
KXBTC-26AUG1321-B63350,1786668408421,sell,0.25,0.25
KXBTC-26AUG1321-B63350,1786668458628,buy,0.31,-0.31
KXBTC-26AUG1321-B63350,1786668558610,buy,0.19,-0.19
KXBTC-26AUG1321-B63350,1786668657857,buy,0.12,-0.12
KXBTC-26AUG1321-B63350,1786668757820,buy,0.06,-0.06
KXBTC-26AUG1321-B63450,1786667157811,sell,0.43,-0.5700000000000001
KXBTC-26AUG1321-B63450,1786667258097,buy,0.44,0.56
KXBTC-26AUG1321-B63450,1786667408041,buy,0.38,0.62
KXBTC-26AUG1321-B63450,1786667507536,buy,0.3,0.7
KXBTC-26AUG1321-B63450,1786667557687,sell,0.28,-0.72
KXBTC-26AUG1321-B63450,1786667607416,buy,0.3,0.7
KXBTC-26AUG1321-B63450,1786667707619,sell,0.26,-0.74
KXBTC-26AUG1321-B63450,1786667757560,sell,0.31,-0.69
KXBTC-26AUG1321-B63450,1786667807504,buy,0.33,0.6699999999999999
KXBTC-26AUG1321-B63450,1786667857489,sell,0.31,-0.69
KXBTC-26AUG1321-B63450,1786667907541,buy,0.38,0.62
KXBTC-26AUG1321-B63450,1786668007650,sell,0.36,-0.64
KXBTC-26AUG1321-B63450,1786668157452,sell,0.47,-0.53
KXBTC-26AUG1321-B63450,1786668207478,sell,0.6,-0.4
KXBTC-26AUG1321-B63450,1786668257705,buy,0.62,0.38
KXBTC-26AUG1321-B63450,1786668307985,sell,0.61,-0.39
KXBTC-26AUG1321-B63450,1786668357543,sell,0.65,-0.35
KXBTC-26AUG1321-B63450,1786668407551,buy,0.67,0.32999999999999996
KXBTC-26AUG1321-B63450,1786668457729,sell,0.6,-0.4
KXBTC-26AUG1321-B63450,1786668607876,sell,0.69,-0.31000000000000005
KXBTC-26AUG1321-B63450,1786668757672,buy,0.75,0.25
KXBTC-26AUG1321-B63450,1786668807527,sell,0.59,-0.41000000000000003
KXBTC-26AUG1321-B63450,1786668857671,buy,0.72,0.28
KXBTC-26AUG1321-B63450,1786668907863,sell,0.65,-0.35
KXBTC-26AUG1321-B63450,1786669007497,sell,0.86,-0.14
KXBTC-26AUG1321-B63550,1786666561888,sell,0.2,0.2
KXBTC-26AUG1321-B63550,1786666612016,buy,0.25,-0.25
KXBTC-26AUG1321-B63550,1786667308362,buy,0.2,-0.2
KXBTC-26AUG1321-B63550,1786668208579,sell,0.12,0.12
KXBTC-26AUG1321-B63550,1786668258737,sell,0.22,0.22
KXBTC-26AUG1321-B63550,1786668309027,buy,0.29,-0.29
KXBTC-26AUG1321-B63550,1786668358545,buy,0.17,-0.17
KXBTC-26AUG1321-B63550,1786668458804,sell,0.09,0.09
KXBTC-26AUG1321-B63550,1786668658264,sell,0.11,0.11
KXBTC-26AUG1321-B63550,1786668707991,buy,0.17,-0.17
KXBTC-26AUG1321-B63550,1786668758255,sell,0.16,0.16
KXBTC-26AUG1321-B63550,1786668808121,buy,0.38,-0.38
KXBTC-26AUG1321-B63550,1786668858227,sell,0.21,0.21
KXBTC-26AUG1321-B63550,1786668908495,buy,0.32,-0.32
KXBTC-26AUG1321-B63550,1786669008078,buy,0.12,-0.12
KXBTC-26AUG1321-B63550,1786669108115,buy,0.05,-0.05
KXBTC-26AUG1322-B63350,1786669911814,sell,0.23,0.23
KXBTC-26AUG1322-B63350,1786670011983,buy,0.24,-0.24
KXBTC-26AUG1322-B63350,1786670261788,sell,0.26,0.26
KXBTC-26AUG1322-B63350,1786670458245,buy,0.34,-0.34
KXBTC-26AUG1322-B63350,1786670558227,buy,0.21,-0.21
KXBTC-26AUG1322-B63350,1786670958263,sell,0.21,0.21
KXBTC-26AUG1322-B63350,1786671258194,buy,0.29,-0.29
KXBTC-26AUG1322-B63350,1786671358316,buy,0.24,-0.24
KXBTC-26AUG1322-B63350,1786671558242,buy,0.16,-0.16
KXBTC-26AUG1322-B63350,1786671658228,buy,0.1,-0.1
KXBTC-26AUG1322-B63350,1786671958274,sell,0.05,0.05
KXBTC-26AUG1322-B63350,1786672008475,buy,0.08,-0.08
KXBTC-26AUG1322-B63450,1786670457953,sell,0.37,0.37
KXBTC-26AUG1322-B63450,1786670557892,buy,0.41,-0.41
KXBTC-26AUG1322-B63450,1786670608197,buy,0.35,-0.35
KXBTC-26AUG1322-B63450,1786670757998,sell,0.36,0.36
KXBTC-26AUG1322-B63450,1786670907884,sell,0.4,0.4
KXBTC-26AUG1322-B63450,1786671157574,sell,0.46,0.46
KXBTC-26AUG1322-B63450,1786671257468,sell,0.5,0.5
KXBTC-26AUG1322-B63450,1786671807532,buy,0.53,-0.53
KXBTC-26AUG1322-B63450,1786671957423,sell,0.51,0.51
KXBTC-26AUG1322-B63450,1786672007564,sell,0.65,0.65
KXBTC-26AUG1322-B63450,1786672107358,buy,0.68,-0.68
KXBTC-26AUG1322-B63450,1786672507979,sell,0.65,0.65
KXBTC-26AUG1322-B63450,1786672607480,sell,0.82,0.82
KXBTC-26AUG1322-B63450,1786672707411,buy,0.89,-0.89
KXBTC-26AUG1322-B63550,1786669911375,buy,0.22,0.78
KXBTC-26AUG1322-B63550,1786670011530,sell,0.22,-0.78
KXBTC-26AUG1322-B63550,1786670261348,buy,0.21,0.79
KXBTC-26AUG1322-B63550,1786670458537,sell,0.16,-0.84
KXBTC-26AUG1322-B63550,1786670558640,sell,0.28,-0.72
KXBTC-26AUG1322-B63550,1786670708597,sell,0.33,-0.6699999999999999
KXBTC-26AUG1322-B63550,1786670958532,buy,0.25,0.75
KXBTC-26AUG1322-B63550,1786671258341,sell,0.18,-0.8200000000000001
KXBTC-26AUG1322-B63550,1786671358461,sell,0.2,-0.8
KXBTC-26AUG1322-B63550,1786671508126,buy,0.26,0.74
KXBTC-26AUG1322-B63550,1786671658387,sell,0.31,-0.69
KXBTC-26AUG1322-B63550,1786671808529,sell,0.39,-0.61
KXBTC-26AUG1322-B63550,1786671958420,buy,0.42,0.5800000000000001
KXBTC-26AUG1322-B63550,1786672108426,sell,0.26,-0.74
KXBTC-26AUG1322-B63550,1786672158562,buy,0.37,0.63
KXBTC-26AUG1322-B63550,1786672308648,buy,0.31,0.69
KXBTC-26AUG1322-B63550,1786672358581,sell,0.27,-0.73
KXBTC-26AUG1322-B63550,1786672509107,buy,0.32,0.6799999999999999
KXBTC-26AUG1322-B63550,1786672608444,buy,0.15,0.85
KXBTC-26AUG1322-B63550,1786672658577,buy,0.13,0.87
KXBTC-26AUG1322-B63550,1786672708510,sell,0.1,-0.9
KXBTC-26AUG1322-B63550,1786672758553,sell,0.58,-0.42000000000000004
KXBTC-26AUG1323-B63350,1786673211655,buy,0.13,-0.13
KXBTC-26AUG1323-B63350,1786673662364,sell,0.12,0.12
KXBTC-26AUG1323-B63350,1786673712711,buy,0.16,-0.16
KXBTC-26AUG1323-B63350,1786673912488,sell,0.16,0.16
KXBTC-26AUG1323-B63350,1786674062288,buy,0.24,-0.24
KXBTC-26AUG1323-B63350,1786674112111,buy,0.18,-0.18
KXBTC-26AUG1323-B63350,1786674162314,sell,0.17,0.17
KXBTC-26AUG1323-B63350,1786674212417,buy,0.21,-0.21
KXBTC-26AUG1323-B63350,1786674909680,buy,0.18,-0.18
KXBTC-26AUG1323-B63350,1786675259099,sell,0.11,0.11
KXBTC-26AUG1323-B63350,1786675309099,buy,0.18,-0.18
KXBTC-26AUG1323-B63350,1786675559175,buy,0.09,-0.09
KXBTC-26AUG1323-B63350,1786675609309,sell,0.05,0.05
KXBTC-26AUG1323-B63350,1786676259424,sell,0.04,0.04
KXBTC-26AUG1323-B63450,1786673713018,buy,0.36,0.64
KXBTC-26AUG1323-B63450,1786675559321,sell,0.48,-0.52
KXBTC-26AUG1323-B63450,1786675609452,sell,0.65,-0.35
KXBTC-26AUG1323-B63450,1786675809719,buy,0.68,0.31999999999999995
KXBTC-26AUG1323-B63450,1786675859432,sell,0.67,-0.32999999999999996
KXBTC-26AUG1323-B63450,1786675909344,buy,0.69,0.31000000000000005
KXBTC-26AUG1323-B63450,1786675959346,buy,0.59,0.41000000000000003
KXBTC-26AUG1323-B63450,1786676009322,buy,0.56,0.43999999999999995
KXBTC-26AUG1323-B63450,1786676059314,sell,0.52,-0.48
KXBTC-26AUG1323-B63450,1786676109816,sell,0.73,-0.27
KXBTC-26AUG1323-B63450,1786676159341,sell,0.8,-0.19999999999999996
KXBTC-26AUG1323-B63550,1786673061569,sell,0.34,0.34
KXBTC-26AUG1323-B63550,1786673161683,buy,0.32,-0.32
KXBTC-26AUG1323-B63550,1786673211370,sell,0.31,0.31
KXBTC-26AUG1323-B63550,1786673662206,buy,0.34,-0.34
KXBTC-26AUG1323-B63550,1786673712570,sell,0.31,0.31
KXBTC-26AUG1323-B63550,1786673912331,buy,0.3,-0.3
KXBTC-26AUG1323-B63550,1786673962140,buy,0.26,-0.26
KXBTC-26AUG1323-B63550,1786674062146,sell,0.24,0.24
KXBTC-26AUG1323-B63550,1786674162165,buy,0.28,-0.28
KXBTC-26AUG1323-B63550,1786674259204,buy,0.25,-0.25
KXBTC-26AUG1323-B63550,1786674309615,buy,0.22,-0.22
KXBTC-26AUG1323-B63550,1786674359035,sell,0.19,0.19
KXBTC-26AUG1323-B63550,1786674409123,buy,0.2,-0.2
KXBTC-26AUG1323-B63550,1786674559434,buy,0.15,-0.15
KXBTC-26AUG1323-B63550,1786674609823,sell,0.14,0.14
KXBTC-26AUG1323-B63550,1786674659059,sell,0.18,0.18
KXBTC-26AUG1323-B63550,1786674709198,sell,0.21,0.21
KXBTC-26AUG1323-B63550,1786674859155,buy,0.32,-0.32
KXBTC-26AUG1323-B63550,1786674909228,sell,0.28,0.28
KXBTC-26AUG1323-B63550,1786675258664,buy,0.24,-0.24
KXBTC-26AUG1323-B63550,1786675308663,sell,0.17,0.17
KXBTC-26AUG1323-B63550,1786675558449,sell,0.23,0.23
KXBTC-26AUG1323-B63550,1786675608587,buy,0.3,-0.3
KXBTC-26AUG1323-B63550,1786675808809,sell,0.29,0.29
KXBTC-26AUG1323-B63550,1786675858491,buy,0.32,-0.32
KXBTC-26AUG1323-B63550,1786675908476,sell,0.29,0.29
KXBTC-26AUG1323-B63550,1786676008434,sell,0.42,0.42
KXBTC-26AUG1323-B63550,1786676058425,buy,0.47,-0.47
KXBTC-26AUG1323-B63550,1786676108974,buy,0.25,-0.25
KXBTC-26AUG1323-B63550,1786676158486,buy,0.16,-0.16
KXBTC-26AUG1323-B63650,1786673211516,sell,0.11,0.11
KXBTC-26AUG1323-B63650,1786673261639,sell,0.16,0.16
KXBTC-26AUG1323-B63650,1786673412407,sell,0.21,0.21
KXBTC-26AUG1323-B63650,1786673561839,buy,0.19,-0.19
KXBTC-26AUG1323-B63650,1786673662980,buy,0.12,-0.12
KXBTC-26AUG1323-B63650,1786673713333,sell,0.11,0.11
KXBTC-26AUG1323-B63650,1786673913079,buy,0.1,-0.1
KXBTC-26AUG1400-B63250,1786678659061,sell,0.07,-0.9299999999999999
KXBTC-26AUG1400-B63250,1786678759015,sell,0.3,-0.7
KXBTC-26AUG1400-B63250,1786678809260,buy,0.38,0.62
KXBTC-26AUG1400-B63250,1786678909093,sell,0.31,-0.69
KXBTC-26AUG1400-B63250,1786678959126,buy,0.38,0.62
KXBTC-26AUG1400-B63250,1786679009032,buy,0.32,0.6799999999999999
KXBTC-26AUG1400-B63250,1786679059019,sell,0.24,-0.76
KXBTC-26AUG1400-B63250,1786679209193,sell,0.31,-0.69
KXBTC-26AUG1400-B63250,1786679259046,buy,0.44,0.56
KXBTC-26AUG1400-B63250,1786679309240,sell,0.4,-0.6
KXBTC-26AUG1400-B63250,1786679359250,sell,0.52,-0.48
KXBTC-26AUG1400-B63250,1786679559292,sell,0.61,-0.39
KXBTC-26AUG1400-B63250,1786679659131,sell,0.71,-0.29000000000000004
KXBTC-26AUG1400-B63250,1786679809132,buy,0.77,0.22999999999999998
KXBTC-26AUG1400-B63250,1786679859045,sell,0.72,-0.28
KXBTC-26AUG1400-B63350,1786677211798,buy,0.37,-0.37
KXBTC-26AUG1400-B63350,1786677262130,buy,0.3,-0.3
KXBTC-26AUG1400-B63350,1786677361920,buy,0.25,-0.25
KXBTC-26AUG1400-B63350,1786678059394,sell,0.22,0.22
KXBTC-26AUG1400-B63350,1786678159348,sell,0.27,0.27
KXBTC-26AUG1400-B63350,1786678209967,sell,0.39,0.39
KXBTC-26AUG1400-B63350,1786678359471,sell,0.45,0.45
KXBTC-26AUG1400-B63350,1786678459408,sell,0.48,0.48
KXBTC-26AUG1400-B63350,1786678509974,sell,0.51,0.51
KXBTC-26AUG1400-B63350,1786678559346,sell,0.54,0.54
KXBTC-26AUG1400-B63350,1786678609193,sell,0.58,0.58
KXBTC-26AUG1400-B63350,1786679309516,buy,0.59,-0.59
KXBTC-26AUG1400-B63350,1786679359538,buy,0.38,-0.38
KXBTC-26AUG1400-B63350,1786679559577,buy,0.38,-0.38
KXBTC-26AUG1400-B63350,1786679759512,buy,0.24,-0.24
KXBTC-26AUG1400-B63350,1786679809428,sell,0.21,0.21
KXBTC-26AUG1400-B63350,1786679859347,buy,0.27,-0.27
KXBTC-26AUG1400-B63450,1786676862060,sell,0.34,0.34
KXBTC-26AUG1400-B63450,1786677212092,sell,0.35,0.35
KXBTC-26AUG1400-B63450,1786677262425,sell,0.39,0.39
KXBTC-26AUG1400-B63450,1786677563350,buy,0.4,-0.4
KXBTC-26AUG1400-B63450,1786677662132,sell,0.36,0.36
KXBTC-26AUG1400-B63450,1786677958900,sell,0.5,0.5
KXBTC-26AUG1400-B63450,1786678209497,buy,0.46,-0.46
KXBTC-26AUG1400-B63450,1786678308876,buy,0.39,-0.39
KXBTC-26AUG1400-B63450,1786678359028,buy,0.31,-0.31
KXBTC-26AUG1400-B63450,1786678558903,buy,0.24,-0.24
KXBTC-26AUG1400-B63450,1786678658327,buy,0.17,-0.17
KXBTC-26AUG1400-B63450,1786678708261,buy,0.11,-0.11
KXBTC-26AUG1400-B63550,1786677262571,sell,0.14,0.14
KXBTC-26AUG1400-B63550,1786677362387,sell,0.19,0.19
KXBTC-26AUG1401-B63250,1786680862700,buy,0.24,-0.24
KXBTC-26AUG1401-B63250,1786680962721,sell,0.22,0.22
KXBTC-26AUG1401-B63250,1786681012457,buy,0.23,-0.23
KXBTC-26AUG1401-B63250,1786681062512,sell,0.11,0.11
KXBTC-26AUG1401-B63250,1786681162777,sell,0.14,0.14
KXBTC-26AUG1401-B63250,1786683158557,buy,0.18,-0.18
KXBTC-26AUG1401-B63250,1786683408444,sell,0.12,0.12
KXBTC-26AUG1401-B63250,1786683458316,buy,0.35,-0.35
KXBTC-26AUG1401-B63250,1786683508513,sell,0.24,0.24
KXBTC-26AUG1401-B63250,1786683558467,buy,0.26,-0.26
KXBTC-26AUG1401-B63350,1786681012174,buy,0.45,0.55
KXBTC-26AUG1401-B63350,1786683159131,sell,0.49,-0.51
KXBTC-26AUG1401-B63350,1786683309280,sell,0.82,-0.18000000000000005
KXBTC-26AUG1401-B63350,1786683409024,buy,0.88,0.12
KXBTC-26AUG1401-B63350,1786683458889,sell,0.63,-0.37
KXBTC-26AUG1401-B63350,1786683509094,buy,0.76,0.24
KXBTC-26AUG1401-B63350,1786683559043,sell,0.73,-0.27
KXBTC-26AUG1401-B63450,1786681012319,sell,0.16,0.16
KXBTC-26AUG1401-B63450,1786681112403,buy,0.35,-0.35
KXBTC-26AUG1401-B63450,1786681162635,buy,0.32,-0.32
KXBTC-26AUG1401-B63450,1786681959144,buy,0.22,-0.22
KXBTC-26AUG1401-B63450,1786682459166,sell,0.09,0.09
KXBTC-26AUG1401-B63550,1786681012899,sell,0.07,0.07
KXBTC-26AUG1402-B63150,1786684165877,sell,0.11,0.11
KXBTC-26AUG1402-B63150,1786684266187,buy,0.13,-0.13
KXBTC-26AUG1402-B63150,1786684562132,sell,0.14,0.14
KXBTC-26AUG1402-B63150,1786684612269,buy,0.17,-0.17
KXBTC-26AUG1402-B63150,1786684662000,buy,0.13,-0.13
KXBTC-26AUG1402-B63150,1786684812660,sell,0.12,0.12
KXBTC-26AUG1402-B63150,1786685011971,sell,0.13,0.13
KXBTC-26AUG1402-B63150,1786685058895,sell,0.24,0.24
KXBTC-26AUG1402-B63150,1786685109049,buy,0.28,-0.28
KXBTC-26AUG1402-B63150,1786685158665,buy,0.24,-0.24
KXBTC-26AUG1402-B63150,1786685258615,buy,0.16,-0.16
KXBTC-26AUG1402-B63150,1786685409182,sell,0.13,0.13
KXBTC-26AUG1402-B63150,1786685458606,buy,0.2,-0.2
KXBTC-26AUG1402-B63150,1786685608777,buy,0.1,-0.1
KXBTC-26AUG1402-B63250,1786685509390,sell,0.56,0.56
KXBTC-26AUG1402-B63250,1786685609368,buy,0.57,-0.57
KXBTC-26AUG1402-B63250,1786685659257,sell,0.55,0.55
KXBTC-26AUG1402-B63250,1786686109307,buy,0.61,-0.61
KXBTC-26AUG1402-B63250,1786686159136,buy,0.51,-0.51
KXBTC-26AUG1402-B63250,1786686259050,sell,0.52,0.52
KXBTC-26AUG1402-B63250,1786686309700,sell,0.6,0.6
KXBTC-26AUG1402-B63250,1786686408568,buy,0.62,-0.62
KXBTC-26AUG1402-B63250,1786686608914,sell,0.56,0.56
KXBTC-26AUG1402-B63250,1786686758569,buy,0.69,-0.69
KXBTC-26AUG1402-B63250,1786686908863,buy,0.5,-0.5
KXBTC-26AUG1402-B63250,1786686958386,buy,0.3,-0.3
KXBTC-26AUG1402-B63250,1786687058259,sell,0.06,0.06
KXBTC-26AUG1402-B63250,1786687108347,buy,0.26,-0.26
KXBTC-26AUG1402-B63250,1786687158337,buy,0.04,-0.04
KXBTC-26AUG1402-B63350,1786683962284,buy,0.41,0.5900000000000001
KXBTC-26AUG1402-B63350,1786684262325,sell,0.29,-0.71
KXBTC-26AUG1402-B63350,1786684412487,buy,0.28,0.72
KXBTC-26AUG1402-B63350,1786684562431,buy,0.26,0.74
KXBTC-26AUG1402-B63350,1786684612555,sell,0.21,-0.79
KXBTC-26AUG1402-B63350,1786684662278,sell,0.27,-0.73
KXBTC-26AUG1402-B63350,1786684812948,buy,0.28,0.72
KXBTC-26AUG1402-B63350,1786684862249,sell,0.23,-0.77
KXBTC-26AUG1402-B63350,1786684912259,sell,0.26,-0.74
KXBTC-26AUG1402-B63350,1786685012252,buy,0.3,0.7
KXBTC-26AUG1402-B63350,1786685158962,sell,0.18,-0.8200000000000001
KXBTC-26AUG1402-B63350,1786685409481,buy,0.21,0.79
KXBTC-26AUG1402-B63350,1786685458895,sell,0.18,-0.8200000000000001
KXBTC-26AUG1402-B63350,1786685609070,sell,0.26,-0.74
KXBTC-26AUG1402-B63350,1786685808901,sell,0.34,-0.6599999999999999
KXBTC-26AUG1402-B63350,1786685858768,buy,0.35,0.65
KXBTC-26AUG1402-B63350,1786686109014,sell,0.38,-0.62
KXBTC-26AUG1402-B63350,1786686158848,sell,0.44,-0.56
KXBTC-26AUG1402-B63350,1786686258753,buy,0.41,0.5900000000000001
KXBTC-26AUG1402-B63350,1786686309405,buy,0.33,0.6699999999999999
KXBTC-26AUG1402-B63350,1786686408856,sell,0.33,-0.6699999999999999
KXBTC-26AUG1402-B63350,1786686558891,sell,0.39,-0.61
KXBTC-26AUG1402-B63350,1786686609202,buy,0.41,0.5900000000000001
KXBTC-26AUG1402-B63350,1786686658514,buy,0.24,0.76
KXBTC-26AUG1402-B63350,1786686708775,sell,0.23,-0.77
KXBTC-26AUG1402-B63350,1786686758862,sell,0.27,-0.73
KXBTC-26AUG1402-B63350,1786686808504,sell,0.45,-0.55
KXBTC-26AUG1402-B63350,1786687058116,buy,0.92,0.07999999999999996
KXBTC-26AUG1402-B63350,1786687108202,sell,0.72,-0.28
KXBTC-26AUG1402-B63450,1786683962428,buy,0.13,-0.13
KXBTC-26AUG1403-B63050,1786688914763,sell,0.09,0.09
KXBTC-26AUG1403-B63050,1786689015305,buy,0.25,-0.25
KXBTC-26AUG1403-B63050,1786689114683,buy,0.18,-0.18
KXBTC-26AUG1403-B63050,1786689264662,sell,0.1,0.1
KXBTC-26AUG1403-B63050,1786689414597,sell,0.15,0.15
KXBTC-26AUG1403-B63050,1786689514889,sell,0.23,0.23
KXBTC-26AUG1403-B63050,1786689614933,buy,0.18,-0.18
KXBTC-26AUG1403-B63050,1786689664826,sell,0.16,0.16
KXBTC-26AUG1403-B63050,1786689764910,sell,0.26,0.26
KXBTC-26AUG1403-B63050,1786689864792,sell,0.28,0.28
KXBTC-26AUG1403-B63050,1786689915051,buy,0.29,-0.29
KXBTC-26AUG1403-B63050,1786690014919,buy,0.19,-0.19
KXBTC-26AUG1403-B63050,1786690065432,sell,0.14,0.14
KXBTC-26AUG1403-B63050,1786690114861,sell,0.29,0.29
KXBTC-26AUG1403-B63050,1786690215264,buy,0.47,-0.47
KXBTC-26AUG1403-B63050,1786690264934,buy,0.21,-0.21
KXBTC-26AUG1403-B63050,1786690314919,sell,0.15,0.15
KXBTC-26AUG1403-B63050,1786690364909,buy,0.47,-0.47
KXBTC-26AUG1403-B63050,1786690414744,sell,0.23,0.23
KXBTC-26AUG1403-B63050,1786690464651,sell,0.32,0.32
KXBTC-26AUG1403-B63050,1786690565023,sell,0.39,0.39
KXBTC-26AUG1403-B63050,1786690664767,buy,0.4,-0.4
KXBTC-26AUG1403-B63150,1786687817973,sell,0.14,0.14
KXBTC-26AUG1403-B63150,1786687917600,buy,0.22,-0.22
KXBTC-26AUG1403-B63150,1786687967590,buy,0.18,-0.18
KXBTC-26AUG1403-B63150,1786688017696,sell,0.17,0.17
KXBTC-26AUG1403-B63150,1786688168160,sell,0.25,0.25
KXBTC-26AUG1403-B63150,1786688217626,sell,0.29,0.29
KXBTC-26AUG1403-B63150,1786688264758,sell,0.34,0.34
KXBTC-26AUG1403-B63150,1786688314769,sell,0.39,0.39
KXBTC-26AUG1403-B63150,1786688714970,sell,0.48,0.48
KXBTC-26AUG1403-B63150,1786688864768,buy,0.51,-0.51
KXBTC-26AUG1403-B63150,1786689014381,sell,0.49,0.49
KXBTC-26AUG1403-B63150,1786689213981,buy,0.55,-0.55
KXBTC-26AUG1403-B63150,1786689263805,sell,0.53,0.53
KXBTC-26AUG1403-B63150,1786689513857,buy,0.59,-0.59
KXBTC-26AUG1403-B63150,1786689663711,sell,0.59,0.59
KXBTC-26AUG1403-B63150,1786689763864,buy,0.61,-0.61
KXBTC-26AUG1403-B63150,1786689813899,sell,0.55,0.55
KXBTC-26AUG1403-B63150,1786690064372,buy,0.72,-0.72
KXBTC-26AUG1403-B63150,1786690113842,buy,0.66,-0.66
KXBTC-26AUG1403-B63150,1786690163814,sell,0.39,0.39
KXBTC-26AUG1403-B63150,1786690214162,sell,0.46,0.46
KXBTC-26AUG1403-B63150,1786690313893,buy,0.75,-0.75
KXBTC-26AUG1403-B63150,1786690363883,buy,0.4,-0.4
KXBTC-26AUG1403-B63250,1786689514293,buy,0.38,-0.38
KXBTC-26AUG1403-B63250,1786689764350,buy,0.15,-0.15
KXBTC-26AUG1403-B63250,1786690064861,buy,0.11,-0.11
KXBTC-26AUG1403-B63250,1786690314333,buy,0.06,-0.06
KXBTC-26AUG1403-B63350,1786687712138,buy,0.28,-0.28
KXBTC-26AUG1403-B63350,1786687818123,buy,0.23,-0.23
KXBTC-26AUG1403-B63350,1786687917736,sell,0.18,0.18
KXBTC-26AUG1403-B63350,1786687967750,sell,0.21,0.21
KXBTC-26AUG1403-B63350,1786688017842,buy,0.23,-0.23
KXBTC-26AUG1403-B63350,1786688168296,buy,0.17,-0.17
KXBTC-26AUG1403-B63350,1786688313892,buy,0.09,-0.09
KXBTC-26AUG1404-B62850,1786691518257,buy,0.12,0.88
KXBTC-26AUG1404-B62850,1786693964843,sell,0.09,-0.91
KXBTC-26AUG1404-B62850,1786694014765,buy,0.36,0.64
KXBTC-26AUG1404-B62850,1786694114824,buy,0.24,0.76
KXBTC-26AUG1404-B62850,1786694164994,sell,0.15,-0.85
KXBTC-26AUG1404-B62850,1786694215058,sell,0.18,-0.8200000000000001
KXBTC-26AUG1404-B62850,1786694264789,sell,0.65,-0.35
KXBTC-26AUG1404-B62850,1786694315224,sell,0.88,-0.12
KXBTC-26AUG1404-B62950,1786693364701,sell,0.29,0.29
KXBTC-26AUG1404-B62950,1786693564746,sell,0.61,0.61
KXBTC-26AUG1404-B62950,1786693664815,buy,0.65,-0.65
KXBTC-26AUG1404-B62950,1786693764606,sell,0.63,0.63
KXBTC-26AUG1404-B62950,1786693864726,buy,0.67,-0.67
KXBTC-26AUG1404-B62950,1786693963823,buy,0.57,-0.57
KXBTC-26AUG1404-B62950,1786694013757,sell,0.54,0.54
KXBTC-26AUG1404-B62950,1786694063901,buy,0.72,-0.72
KXBTC-26AUG1404-B62950,1786694113818,sell,0.71,0.71
KXBTC-26AUG1404-B62950,1786694213996,buy,0.79,-0.79
KXBTC-26AUG1404-B62950,1786694263761,buy,0.32,-0.32
KXBTC-26AUG1404-B62950,1786694314178,buy,0.09,-0.09
KXBTC-26AUG1404-B63050,1786691567461,sell,0.33,0.33
KXBTC-26AUG1404-B63050,1786692414748,sell,0.45,0.45
KXBTC-26AUG1404-B63050,1786692764810,buy,0.51,-0.51
KXBTC-26AUG1404-B63050,1786692814746,buy,0.33,-0.33
KXBTC-26AUG1404-B63050,1786692864925,buy,0.27,-0.27
KXBTC-26AUG1404-B63050,1786692964997,buy,0.25,-0.25
KXBTC-26AUG1404-B63050,1786693114904,buy,0.2,-0.2
KXBTC-26AUG1404-B63050,1786693265030,sell,0.14,0.14
KXBTC-26AUG1404-B63050,1786693664054,buy,0.19,-0.19
KXBTC-26AUG1404-B63150,1786691817666,sell,0.14,0.14
KXBTC-26AUG1404-B63150,1786692114615,sell,0.16,0.16
KXBTC-26AUG1404-B63150,1786692764666,buy,0.14,-0.14
KXBTC-26AUG1405-B62650,1786695517805,sell,0.03,0.03
KXBTC-26AUG1405-B62650,1786695717801,buy,0.09,-0.09
KXBTC-26AUG1405-B62650,1786695767786,sell,0.06,0.06
KXBTC-26AUG1405-B62650,1786695817936,sell,0.14,0.14
KXBTC-26AUG1405-B62650,1786696514976,sell,0.19,0.19
KXBTC-26AUG1405-B62650,1786696564901,buy,0.27,-0.27
KXBTC-26AUG1405-B62650,1786696714677,buy,0.11,-0.11
KXBTC-26AUG1405-B62650,1786696964855,sell,0.13,0.13
KXBTC-26AUG1405-B62650,1786697164403,buy,0.14,-0.14
KXBTC-26AUG1405-B62650,1786697214618,buy,0.09,-0.09
KXBTC-26AUG1405-B62750,1786695268034,sell,0.21,0.21
KXBTC-26AUG1405-B62750,1786695317845,buy,0.22,-0.22
KXBTC-26AUG1405-B62750,1786695417658,buy,0.14,-0.14
KXBTC-26AUG1405-B62750,1786695467813,sell,0.11,0.11
KXBTC-26AUG1405-B62750,1786695517667,sell,0.14,0.14
KXBTC-26AUG1405-B62750,1786695667715,sell,0.26,0.26
KXBTC-26AUG1405-B62750,1786695717671,buy,0.29,-0.29
KXBTC-26AUG1405-B62750,1786695767640,sell,0.18,0.18
KXBTC-26AUG1405-B62750,1786695914820,buy,0.31,-0.31
KXBTC-26AUG1405-B62750,1786695964947,buy,0.29,-0.29
KXBTC-26AUG1405-B62750,1786696064845,sell,0.26,0.26
KXBTC-26AUG1405-B62750,1786696314841,buy,0.26,-0.26
KXBTC-26AUG1405-B62750,1786696464933,sell,0.2,0.2
KXBTC-26AUG1405-B62750,1786696565050,sell,0.33,0.33
KXBTC-26AUG1405-B62750,1786696714823,buy,0.36,-0.36
KXBTC-26AUG1405-B62750,1786696914825,sell,0.4,0.4
KXBTC-26AUG1405-B62750,1786697015004,sell,0.45,0.45
KXBTC-26AUG1405-B62750,1786697115031,sell,0.48,0.48
KXBTC-26AUG1405-B62750,1786697214917,buy,0.49,-0.49
KXBTC-26AUG1405-B62750,1786697314762,buy,0.35,-0.35
KXBTC-26AUG1405-B62750,1786697414924,sell,0.26,0.26
KXBTC-26AUG1405-B62750,1786697464778,buy,0.27,-0.27
KXBTC-26AUG1405-B62750,1786697514811,buy,0.17,-0.17
KXBTC-26AUG1405-B62850,1786695417507,buy,0.36,0.64
KXBTC-26AUG1405-B62850,1786695467680,sell,0.31,-0.69
KXBTC-26AUG1405-B62850,1786695667564,buy,0.36,0.64
KXBTC-26AUG1405-B62850,1786695717527,sell,0.35,-0.65
KXBTC-26AUG1405-B62850,1786695767493,buy,0.36,0.64
KXBTC-26AUG1405-B62850,1786695914970,buy,0.25,0.75
KXBTC-26AUG1405-B62850,1786696465082,sell,0.13,-0.87
KXBTC-26AUG1405-B62850,1786696514093,sell,0.21,-0.79
KXBTC-26AUG1405-B62850,1786696564012,sell,0.27,-0.73
KXBTC-26AUG1405-B62850,1786696713810,sell,0.34,-0.6599999999999999
KXBTC-26AUG1405-B62850,1786696913807,buy,0.42,0.5800000000000001
KXBTC-26AUG1405-B62850,1786696963980,buy,0.35,0.65
KXBTC-26AUG1405-B62850,1786697113935,buy,0.29,0.71
KXBTC-26AUG1405-B62850,1786697163810,sell,0.27,-0.73
KXBTC-26AUG1405-B62850,1786697214027,sell,0.37,-0.63
KXBTC-26AUG1405-B62850,1786697313873,sell,0.54,-0.45999999999999996
KXBTC-26AUG1405-B62850,1786697463922,sell,0.65,-0.35
KXBTC-26AUG1405-B62850,1786697513924,sell,0.74,-0.26
KXBTC-26AUG1405-B62850,1786697764007,sell,0.86,-0.14
KXBTC-26AUG1405-B62950,1786695318307,sell,0.23,0.23
KXBTC-26AUG1405-B62950,1786695418146,sell,0.29,0.29
KXBTC-26AUG1405-B62950,1786695468215,buy,0.36,-0.36
KXBTC-26AUG1405-B62950,1786695518100,buy,0.26,-0.26
KXBTC-26AUG1405-B62950,1786695668160,buy,0.2,-0.2
KXBTC-26AUG1405-B62950,1786695718061,sell,0.16,0.16
KXBTC-26AUG1405-B62950,1786695768083,buy,0.26,-0.26
KXBTC-26AUG1405-B63050,1786695421598,sell,0.09,0.09
KXBTC-26AUG1405-B63050,1786695471556,buy,0.12,-0.12
KXBTC-26AUG1405-B63050,1786695721517,sell,0.04,0.04
KXBTC-26AUG1405-B63050,1786695771466,buy,0.07,-0.07
KXBTC-26AUG1406-B62650,1786699714700,sell,0.09,0.09
KXBTC-26AUG1406-B62650,1786699764762,sell,0.13,0.13
KXBTC-26AUG1406-B62650,1786699815119,sell,0.19,0.19
KXBTC-26AUG1406-B62650,1786699865047,sell,0.29,0.29
KXBTC-26AUG1406-B62650,1786700014880,buy,0.29,-0.29
KXBTC-26AUG1406-B62650,1786700115001,buy,0.26,-0.26
KXBTC-26AUG1406-B62650,1786700164932,sell,0.18,0.18
KXBTC-26AUG1406-B62650,1786700265019,sell,0.25,0.25
KXBTC-26AUG1406-B62650,1786700314955,sell,0.29,0.29
KXBTC-26AUG1406-B62750,1786699064748,buy,0.33,0.6699999999999999
KXBTC-26AUG1406-B62750,1786699614662,buy,0.22,0.78
KXBTC-26AUG1406-B62750,1786699664926,sell,0.21,-0.79
KXBTC-26AUG1406-B62750,1786699714408,sell,0.34,-0.6599999999999999
KXBTC-26AUG1406-B62750,1786699764472,sell,0.45,-0.55
KXBTC-26AUG1406-B62750,1786699814835,buy,0.49,0.51
KXBTC-26AUG1406-B62750,1786700364804,buy,0.46,0.54
KXBTC-26AUG1406-B62750,1786700414840,buy,0.39,0.61
KXBTC-26AUG1406-B62750,1786700464616,sell,0.37,-0.63
KXBTC-26AUG1406-B62750,1786700514615,buy,0.45,0.55
KXBTC-26AUG1406-B62750,1786700614783,sell,0.42,-0.5800000000000001
KXBTC-26AUG1406-B62750,1786700714977,sell,0.48,-0.52
KXBTC-26AUG1406-B62750,1786700764613,sell,0.56,-0.43999999999999995
KXBTC-26AUG1406-B62750,1786700864714,sell,0.6,-0.4
KXBTC-26AUG1406-B62750,1786700914543,sell,0.64,-0.36
KXBTC-26AUG1406-B62750,1786700964557,sell,0.7,-0.30000000000000004
KXBTC-26AUG1406-B62750,1786701014696,buy,0.77,0.22999999999999998
KXBTC-26AUG1406-B62750,1786701064648,sell,0.69,-0.31000000000000005
KXBTC-26AUG1406-B62750,1786701164558,buy,0.75,0.25
KXBTC-26AUG1406-B62750,1786701214711,sell,0.73,-0.27
KXBTC-26AUG1406-B62750,1786701314602,sell,0.87,-0.13
KXBTC-26AUG1407-B62650,1786702618650,buy,0.12,-0.12
KXBTC-26AUG1407-B62750,1786702618499,buy,0.36,0.64
KXBTC-26AUG1407-B62850,1786704915115,sell,0.12,0.12
KXBTC-26AUG1407-B62850,1786704965095,buy,0.13,-0.13
KXBTC-26AUG1407-B62950,1786702622154,sell,0.14,0.14
KXBTC-26AUG1407-B63050,1786702618349,sell,0.04,0.04
KXBTC-26AUG1407-B63050,1786703365115,buy,0.03,-0.03
KXBTC-26AUG1408-B62650,1786705519066,sell,0.13,0.13
KXBTC-26AUG1408-B62650,1786705719208,buy,0.19,-0.19
KXBTC-26AUG1408-B62650,1786706019379,buy,0.17,-0.17
KXBTC-26AUG1408-B62650,1786706218438,buy,0.13,-0.13
KXBTC-26AUG1408-B62750,1786706018621,buy,0.36,0.64
KXBTC-26AUG1408-B62750,1786706068302,sell,0.32,-0.6799999999999999
KXBTC-26AUG1408-B62750,1786706218149,buy,0.34,0.6599999999999999
KXBTC-26AUG1408-B62750,1786706418323,buy,0.3,0.7
KXBTC-26AUG1408-B62750,1786706518276,sell,0.23,-0.77
KXBTC-26AUG1408-B62750,1786706765555,buy,0.3,0.7
KXBTC-26AUG1408-B62750,1786707066321,sell,0.31,-0.69
KXBTC-26AUG1408-B62750,1786707165452,buy,0.34,0.6599999999999999
KXBTC-26AUG1408-B62750,1786707215737,sell,0.32,-0.6799999999999999
KXBTC-26AUG1408-B62750,1786707265556,buy,0.34,0.6599999999999999
KXBTC-26AUG1408-B62750,1786707515609,buy,0.18,0.8200000000000001
KXBTC-26AUG1408-B62750,1786707565476,sell,0.14,-0.86
KXBTC-26AUG1408-B62750,1786707615932,sell,0.32,-0.6799999999999999
KXBTC-26AUG1408-B62750,1786707665650,sell,0.42,-0.5800000000000001
KXBTC-26AUG1408-B62750,1786707865644,buy,0.46,0.54
KXBTC-26AUG1408-B62750,1786707915712,buy,0.28,0.72
KXBTC-26AUG1408-B62750,1786707965689,sell,0.25,-0.75
KXBTC-26AUG1408-B62750,1786708015588,sell,0.35,-0.65
KXBTC-26AUG1408-B62750,1786708115684,sell,0.41,-0.5900000000000001
KXBTC-26AUG1408-B62750,1786708165454,buy,0.51,0.49
KXBTC-26AUG1408-B62750,1786708215793,buy,0.4,0.6
KXBTC-26AUG1408-B62750,1786708265580,buy,0.27,0.73
KXBTC-26AUG1408-B62750,1786708365857,buy,0.16,0.84
KXBTC-26AUG1408-B62750,1786708465549,buy,0.09,0.91
KXBTC-26AUG1408-B62750,1786708515785,buy,0.04,0.96
KXBTC-26AUG1408-B62750,1786708715307,sell,0.06,-0.94
KXBTC-26AUG1408-B62850,1786705518926,buy,0.32,-0.32
KXBTC-26AUG1408-B62850,1786705719059,sell,0.25,0.25
KXBTC-26AUG1408-B62850,1786706019220,sell,0.28,0.28
KXBTC-26AUG1408-B62850,1786706269176,sell,0.34,0.34
KXBTC-26AUG1408-B62850,1786708665132,sell,0.44,0.44
KXBTC-26AUG1408-B62850,1786708715014,buy,0.93,-0.93
KXBTC-26AUG1408-B62850,1786708765233,buy,0.68,-0.68
KXBTC-26AUG1408-B62950,1786706019072,sell,0.1,0.1
KXBTC-26AUG1408-B62950,1786706218586,sell,0.11,0.11
KXBTC-26AUG1408-B62950,1786706368551,sell,0.15,0.15
KXBTC-26AUG1408-B62950,1786706518701,buy,0.23,-0.23
KXBTC-26AUG1408-B62950,1786707515307,sell,0.2,0.2
KXBTC-26AUG1408-B62950,1786707565193,buy,0.23,-0.23
KXBTC-26AUG1408-B62950,1786707615639,buy,0.1,-0.1
KXBTC-26AUG1408-B62950,1786707865352,sell,0.05,0.05
KXBTC-26AUG1408-B62950,1786708515466,sell,0.07,0.07
KXBTC-26AUG1408-B62950,1786708615379,buy,0.07,-0.07
KXBTC-26AUG1409-B62550,1786710564488,buy,0.06,-0.06
KXBTC-26AUG1409-B62550,1786711464853,sell,0.05,0.05
KXBTC-26AUG1409-B62550,1786712064900,buy,0.04,-0.04
KXBTC-26AUG1409-B62650,1786710664976,sell,0.13,-0.87
KXBTC-26AUG1409-B62650,1786710714960,buy,0.14,0.86
KXBTC-26AUG1409-B62650,1786710915228,sell,0.12,-0.88
KXBTC-26AUG1409-B62650,1786711114935,sell,0.14,-0.86
KXBTC-26AUG1409-B62650,1786711164952,sell,0.17,-0.83
KXBTC-26AUG1409-B62650,1786711264709,sell,0.22,-0.78
KXBTC-26AUG1409-B62650,1786711314713,buy,0.32,0.6799999999999999
KXBTC-26AUG1409-B62650,1786711364557,buy,0.28,0.72
KXBTC-26AUG1409-B62650,1786711414765,sell,0.27,-0.73
KXBTC-26AUG1409-B62650,1786711464707,sell,0.3,-0.7
KXBTC-26AUG1409-B62650,1786711614662,sell,0.44,-0.56
KXBTC-26AUG1409-B62650,1786711764771,buy,0.5,0.5
KXBTC-26AUG1409-B62650,1786711814904,buy,0.43,0.5700000000000001
KXBTC-26AUG1409-B62650,1786711864559,buy,0.32,0.6799999999999999
KXBTC-26AUG1409-B62650,1786711914298,sell,0.19,-0.81
KXBTC-26AUG1409-B62650,1786711964425,sell,0.36,-0.64
KXBTC-26AUG1409-B62650,1786712014328,sell,0.58,-0.42000000000000004
KXBTC-26AUG1409-B62650,1786712064456,buy,0.66,0.33999999999999997
KXBTC-26AUG1409-B62650,1786712114632,buy,0.36,0.64
KXBTC-26AUG1409-B62650,1786712164461,buy,0.27,0.73
KXBTC-26AUG1409-B62650,1786712264556,sell,0.24,-0.76
KXBTC-26AUG1409-B62650,1786712314347,sell,0.59,-0.41000000000000003
KXBTC-26AUG1409-B62750,1786710564340,sell,0.28,0.28
KXBTC-26AUG1409-B62750,1786710664677,sell,0.32,0.32
KXBTC-26AUG1409-B62750,1786710714684,buy,0.33,-0.33
KXBTC-26AUG1409-B62750,1786710764486,sell,0.24,0.24
KXBTC-26AUG1409-B62750,1786710814691,sell,0.27,0.27
KXBTC-26AUG1409-B62750,1786710914930,sell,0.29,0.29
KXBTC-26AUG1409-B62750,1786711114641,sell,0.41,0.41
KXBTC-26AUG1409-B62750,1786711464530,buy,0.49,-0.49
KXBTC-26AUG1409-B62750,1786711614517,buy,0.43,-0.43
KXBTC-26AUG1409-B62750,1786711664560,buy,0.39,-0.39
KXBTC-26AUG1409-B62750,1786711714674,sell,0.36,0.36
KXBTC-26AUG1409-B62750,1786711764625,sell,0.4,0.4
KXBTC-26AUG1409-B62750,1786711814754,sell,0.5,0.5
KXBTC-26AUG1409-B62750,1786711914599,buy,0.69,-0.69
KXBTC-26AUG1409-B62750,1786711964733,buy,0.58,-0.58
KXBTC-26AUG1409-B62750,1786712014622,buy,0.36,-0.36
KXBTC-26AUG1409-B62750,1786712064753,sell,0.3,0.3
KXBTC-26AUG1409-B62750,1786712114927,sell,0.61,0.61
KXBTC-26AUG1409-B62750,1786712164753,sell,0.73,0.73
KXBTC-26AUG1409-B62750,1786712264854,buy,0.77,-0.77
KXBTC-26AUG1409-B62750,1786712314641,buy,0.41,-0.41
KXBTC-26AUG1409-B62850,1786709369089,buy,0.24,-0.24
KXBTC-26AUG1409-B62850,1786710066335,sell,0.25,0.25
KXBTC-26AUG1409-B62850,1786710116006,buy,0.27,-0.27
KXBTC-26AUG1409-B62850,1786710265456,sell,0.29,0.29
KXBTC-26AUG1409-B62850,1786710615374,sell,0.32,0.32
KXBTC-26AUG1409-B62850,1786710715103,sell,0.34,0.34
KXBTC-26AUG1409-B62850,1786710915391,buy,0.34,-0.34
KXBTC-26AUG1409-B62850,1786711115078,buy,0.33,-0.33
KXBTC-26AUG1409-B62850,1786711165088,buy,0.27,-0.27
KXBTC-26AUG1409-B62850,1786711264996,buy,0.23,-0.23
KXBTC-26AUG1409-B62850,1786711465002,buy,0.13,-0.13
KXBTC-26AUG1409-B62850,1786711865298,sell,0.11,0.11
KXBTC-26AUG1409-B62850,1786711915056,buy,0.12,-0.12
KXBTC-26AUG1409-B62850,1786711965208,buy,0.04,-0.04
KXBTC-26AUG1410-B62450,1786712669137,sell,0.13,0.13
KXBTC-26AUG1410-B62450,1786712719542,buy,0.14,-0.14
KXBTC-26AUG1410-B62550,1786712668996,sell,0.17,-0.83
KXBTC-26AUG1410-B62550,1786712719405,buy,0.19,0.81
KXBTC-26AUG1410-B62550,1786713319091,sell,0.19,-0.81
KXBTC-26AUG1410-B62550,1786713866009,buy,0.2,0.8
KXBTC-26AUG1410-B62550,1786714065683,buy,0.18,0.8200000000000001
KXBTC-26AUG1410-B62550,1786714266165,sell,0.13,-0.87
KXBTC-26AUG1410-B62550,1786714315886,sell,0.19,-0.81
KXBTC-26AUG1410-B62550,1786714716194,buy,0.22,0.78
KXBTC-26AUG1410-B62550,1786714766195,sell,0.19,-0.81
KXBTC-26AUG1410-B62550,1786715216093,sell,0.23,-0.77
KXBTC-26AUG1410-B62550,1786715315887,buy,0.28,0.72
KXBTC-26AUG1410-B62550,1786715366114,sell,0.27,-0.73
KXBTC-26AUG1410-B62550,1786715416247,sell,0.36,-0.64
KXBTC-26AUG1410-B62550,1786715466350,sell,0.38,-0.62
KXBTC-26AUG1410-B62550,1786715665870,sell,0.44,-0.56
KXBTC-26AUG1410-B62650,1786713168650,sell,0.19,0.19
KXBTC-26AUG1410-B62650,1786714415342,sell,0.22,0.22
KXBTC-26AUG1410-B62650,1786714765303,buy,0.27,-0.27
KXBTC-26AUG1410-B62650,1786714865332,sell,0.24,0.24
KXBTC-26AUG1410-B62650,1786715015315,sell,0.28,0.28
KXBTC-26AUG1410-B62650,1786715314727,sell,0.36,0.36
KXBTC-26AUG1410-B62650,1786715564918,sell,0.32,0.32
KXBTC-26AUG1410-B62650,1786715715066,buy,0.35,-0.35
KXBTC-26AUG1410-B62650,1786715765617,sell,0.24,0.24
KXBTC-26AUG1410-B62650,1786715814879,buy,0.27,-0.27
KXBTC-26AUG1410-B62750,1786713269713,sell,0.15,0.15
KXBTC-26AUG1411-B62350,1786716674546,buy,0.09,-0.09
KXBTC-26AUG1411-B62450,1786716674398,buy,0.15,-0.15
KXBTC-26AUG1411-B62550,1786717667176,buy,0.23,0.77
KXBTC-26AUG1411-B62550,1786717917328,buy,0.24,0.76
KXBTC-26AUG1411-B62550,1786718217468,buy,0.18,0.8200000000000001
KXBTC-26AUG1411-B62550,1786718567351,sell,0.14,-0.86
KXBTC-26AUG1411-B62550,1786718917500,buy,0.14,0.86
KXBTC-26AUG1411-B62550,1786719067402,sell,0.14,-0.86
KXBTC-26AUG1411-B62550,1786719117475,sell,0.32,-0.6799999999999999
KXBTC-26AUG1411-B62550,1786719167555,sell,0.39,-0.61
KXBTC-26AUG1411-B62550,1786719217302,sell,0.46,-0.54
KXBTC-26AUG1411-B62550,1786719367408,sell,0.55,-0.44999999999999996
KXBTC-26AUG1411-B62550,1786719417381,sell,0.66,-0.33999999999999997
KXBTC-26AUG1411-B62550,1786719467468,sell,0.78,-0.21999999999999997
KXBTC-26AUG1411-B62550,1786719517309,sell,0.82,-0.18000000000000005
KXBTC-26AUG1411-B62650,1786717617697,sell,0.19,0.19
KXBTC-26AUG1411-B62650,1786717917826,sell,0.25,0.25
KXBTC-26AUG1411-B62650,1786718817639,sell,0.36,0.36
KXBTC-26AUG1411-B62650,1786718917355,buy,0.42,-0.42
KXBTC-26AUG1411-B62650,1786718967197,sell,0.41,0.41
KXBTC-26AUG1411-B62650,1786719117329,buy,0.47,-0.47
KXBTC-26AUG1411-B62650,1786719317488,sell,0.37,0.37
KXBTC-26AUG1411-B62650,1786719367262,buy,0.43,-0.43
KXBTC-26AUG1411-B62650,1786719417237,buy,0.21,-0.21
KXBTC-26AUG1411-B62650,1786719517171,buy,0.1,-0.1
KXBTC-26AUG1411-B62750,1786716674243,sell,0.13,0.13
KXBTC-26AUG1411-B62850,1786716674101,sell,0.07,0.07
KXBTC-26AUG1412-B62550,1786720270820,buy,0.21,-0.21
KXBTC-26AUG1412-B62650,1786721017143,buy,0.29,-0.29
KXBTC-26AUG1412-B62650,1786721067183,sell,0.27,0.27
KXBTC-26AUG1412-B62650,1786721417632,buy,0.25,-0.25
KXBTC-26AUG1412-B62650,1786721467228,sell,0.17,0.17
KXBTC-26AUG1412-B62650,1786721567048,buy,0.24,-0.24
KXBTC-26AUG1412-B62650,1786721617158,buy,0.19,-0.19
KXBTC-26AUG1412-B62650,1786721717299,buy,0.12,-0.12
KXBTC-26AUG1412-B62750,1786721467866,sell,0.21,0.21
KXBTC-26AUG1412-B62750,1786721667821,buy,0.32,-0.32
KXBTC-26AUG1412-B62750,1786721717964,buy,0.27,-0.27
KXBTC-26AUG1412-B62750,1786721868036,buy,0.2,-0.2
KXBTC-26AUG1412-B62750,1786721967780,buy,0.13,-0.13
KXBTC-26AUG1412-B62750,1786722018007,sell,0.1,0.1
KXBTC-26AUG1412-B62750,1786722517984,sell,0.05,0.05
KXBTC-26AUG1412-B62750,1786722767515,buy,0.05,-0.05
KXBTC-26AUG1412-B62850,1786722117941,sell,0.1,0.1
KXBTC-26AUG1412-B62850,1786722368146,buy,0.31,-0.31
KXBTC-26AUG1412-B62850,1786722417931,buy,0.24,-0.24
KXBTC-26AUG1412-B62850,1786722468008,sell,0.17,0.17
KXBTC-26AUG1412-B62850,1786722518278,sell,0.24,0.24
KXBTC-26AUG1412-B62850,1786722767663,buy,0.38,-0.38
KXBTC-26AUG1412-B62850,1786722817717,buy,0.28,-0.28
KXBTC-26AUG1412-B62850,1786722867926,buy,0.19,-0.19
KXBTC-26AUG1412-B62850,1786722917640,buy,0.15,-0.15
KXBTC-26AUG1413-B62750,1786723521351,sell,0.09,0.09
KXBTC-26AUG1413-B62850,1786724273700,buy,0.16,-0.16
KXBTC-26AUG1413-B62850,1786724573517,buy,0.12,-0.12
KXBTC-26AUG1413-B62950,1786723873896,buy,0.26,-0.26
KXBTC-26AUG1413-B62950,1786724023734,sell,0.23,0.23
KXBTC-26AUG1413-B62950,1786724573667,buy,0.27,-0.27
KXBTC-26AUG1413-B62950,1786724870856,buy,0.19,-0.19
KXBTC-26AUG1413-B62950,1786724920623,sell,0.17,0.17
KXBTC-26AUG1413-B62950,1786725120872,sell,0.23,0.23
KXBTC-26AUG1413-B62950,1786725170506,buy,0.24,-0.24
KXBTC-26AUG1413-B62950,1786726020633,sell,0.06,0.06
KXBTC-26AUG1413-B62950,1786726470744,sell,0.04,0.04
KXBTC-26AUG1413-B62950,1786726520915,buy,0.12,-0.12
KXBTC-26AUG1413-B63050,1786726620643,sell,0.34,-0.6599999999999999
KXBTC-26AUG1413-B63050,1786726770698,sell,0.9,-0.09999999999999998
KXBTC-26AUG1413-B63150,1786723524842,buy,0.12,-0.12
KXBTC-26AUG1413-B63150,1786723675207,sell,0.09,0.09
KXBTC-26AUG1413-B63150,1786723877589,sell,0.13,0.13
KXBTC-26AUG1413-B63150,1786724024019,buy,0.17,-0.17
KXBTC-26AUG1413-B63150,1786724573985,sell,0.16,0.16
KXBTC-26AUG1413-B63250,1786725170360,sell,0.07,0.07
KXBTC-26AUG1413-B63250,1786725420579,sell,0.14,0.14
KXBTC-26AUG1413-B63250,1786725470437,sell,0.19,0.19
KXBTC-26AUG1413-B63250,1786725520623,buy,0.2,-0.2
KXBTC-26AUG1413-B63250,1786725670594,sell,0.22,0.22
KXBTC-26AUG1413-B63250,1786725970574,buy,0.18,-0.18
KXBTC-26AUG1413-B63250,1786726020492,buy,0.11,-0.11
KXBTC-26AUG1414-B62950,1786727421937,buy,0.21,0.79
KXBTC-26AUG1414-B62950,1786727671960,buy,0.17,0.83
KXBTC-26AUG1414-B62950,1786728121082,sell,0.07,-0.9299999999999999
KXBTC-26AUG1414-B62950,1786728171192,buy,0.08,0.92
KXBTC-26AUG1414-B62950,1786728971134,sell,0.06,-0.94
KXBTC-26AUG1414-B62950,1786729120753,sell,0.12,-0.88
KXBTC-26AUG1414-B62950,1786729420918,sell,0.15,-0.85
KXBTC-26AUG1414-B62950,1786729470898,sell,0.23,-0.77
KXBTC-26AUG1414-B62950,1786729521191,buy,0.33,0.6699999999999999
KXBTC-26AUG1414-B62950,1786729821296,sell,0.18,-0.8200000000000001
KXBTC-26AUG1414-B62950,1786729871056,buy,0.22,0.78
KXBTC-26AUG1414-B62950,1786729920888,sell,0.2,-0.8
KXBTC-26AUG1414-B62950,1786730020837,sell,0.28,-0.72
KXBTC-26AUG1414-B62950,1786730070953,buy,0.31,0.69
KXBTC-26AUG1414-B62950,1786730121121,sell,0.27,-0.73
KXBTC-26AUG1414-B62950,1786730171165,sell,0.64,-0.36
KXBTC-26AUG1414-B62950,1786730321010,sell,0.92,-0.07999999999999996
KXBTC-26AUG1414-B63050,1786727672535,buy,0.32,-0.32
KXBTC-26AUG1414-B63050,1786727823069,buy,0.27,-0.27
KXBTC-26AUG1414-B63050,1786729821147,sell,0.26,0.26
KXBTC-26AUG1414-B63050,1786729870906,sell,0.69,0.69
KXBTC-26AUG1414-B63050,1786729920739,buy,0.7,-0.7
KXBTC-26AUG1414-B63050,1786730020687,buy,0.68,-0.68
KXBTC-26AUG1414-B63050,1786730070764,sell,0.67,0.67
KXBTC-26AUG1414-B63050,1786730120988,buy,0.72,-0.72
KXBTC-26AUG1414-B63050,1786730171018,buy,0.34,-0.34
KXBTC-26AUG1414-B63050,1786730270884,sell,0.07,0.07
KXBTC-26AUG1414-B63050,1786730320864,buy,0.08,-0.08
KXBTC-26AUG1414-B63150,1786727622483,sell,0.26,0.26
KXBTC-26AUG1414-B63150,1786727672394,sell,0.3,0.3
KXBTC-26AUG1414-B63150,1786729320791,buy,0.3,-0.3
KXBTC-26AUG1414-B63150,1786729420778,buy,0.23,-0.23
KXBTC-26AUG1414-B63150,1786729470752,buy,0.15,-0.15
KXBTC-26AUG1414-B63150,1786729521041,sell,0.11,0.11
KXBTC-26AUG1414-B63250,1786727673162,sell,0.13,0.13
KXBTC-26AUG1415-B62850,1786731222983,sell,0.14,-0.86
KXBTC-26AUG1415-B62850,1786731372944,buy,0.21,0.79
KXBTC-26AUG1415-B62950,1786731222836,sell,0.33,0.33
KXBTC-26AUG1415-B62950,1786733670995,buy,0.38,-0.38
KXBTC-26AUG1415-B62950,1786733721418,buy,0.05,-0.05
KXBTC-26AUG1415-B63050,1786731222256,buy,0.31,-0.31
KXBTC-26AUG1415-B63050,1786731372163,sell,0.22,0.22
KXBTC-26AUG1415-B63050,1786732370995,buy,0.28,-0.28
KXBTC-26AUG1415-B63050,1786732420834,buy,0.17,-0.17
KXBTC-26AUG1415-B63050,1786732720956,sell,0.11,0.11
KXBTC-26AUG1415-B63050,1786732770956,sell,0.14,0.14
KXBTC-26AUG1415-B63050,1786732871071,sell,0.2,0.2
KXBTC-26AUG1415-B63050,1786732920946,buy,0.22,-0.22
KXBTC-26AUG1415-B63150,1786731274383,buy,0.11,-0.11
KXBTC-26AUG1416-B62650,1786734723417,sell,0.12,0.12
KXBTC-26AUG1416-B62750,1786734522448,buy,0.34,-0.34
KXBTC-26AUG1416-B62750,1786734572398,buy,0.29,-0.29
KXBTC-26AUG1416-B62750,1786734672368,sell,0.3,0.3
KXBTC-26AUG1416-B62750,1786734971198,sell,0.34,0.34
KXBTC-26AUG1416-B62750,1786735371165,buy,0.35,-0.35
KXBTC-26AUG1416-B62750,1786735670961,buy,0.31,-0.31
KXBTC-26AUG1416-B62750,1786735821144,sell,0.2,0.2
KXBTC-26AUG1416-B62750,1786735920901,sell,0.29,0.29
KXBTC-26AUG1416-B62750,1786735970802,buy,0.3,-0.3
KXBTC-26AUG1416-B62750,1786736070895,sell,0.22,0.22
KXBTC-26AUG1416-B62750,1786736120906,buy,0.24,-0.24
KXBTC-26AUG1416-B62750,1786736171117,buy,0.19,-0.19
KXBTC-26AUG1416-B62750,1786736471177,buy,0.15,-0.15
KXBTC-26AUG1416-B62750,1786736521219,buy,0.09,-0.09
KXBTC-26AUG1416-B62750,1786736820879,sell,0.04,0.04
KXBTC-26AUG1416-B62850,1786734523031,sell,0.31,-0.69
KXBTC-26AUG1416-B62850,1786734672993,buy,0.36,0.64
KXBTC-26AUG1416-B62850,1786736220825,sell,0.37,-0.63
KXBTC-26AUG1416-B62850,1786736521084,buy,0.55,0.44999999999999996
KXBTC-26AUG1416-B62850,1786736671011,sell,0.39,-0.61
KXBTC-26AUG1416-B62850,1786736721005,buy,0.4,0.6
KXBTC-26AUG1416-B62850,1786736820742,sell,0.38,-0.62
KXBTC-26AUG1416-B62850,1786736970676,sell,0.62,-0.38
KXBTC-26AUG1416-B62850,1786737020885,buy,0.64,0.36
KXBTC-26AUG1416-B62850,1786737120807,sell,0.6,-0.4
KXBTC-26AUG1416-B62850,1786737170721,sell,0.68,-0.31999999999999995
KXBTC-26AUG1416-B62850,1786737270674,buy,0.66,0.33999999999999997
KXBTC-26AUG1416-B62850,1786737420514,sell,0.51,-0.49
KXBTC-26AUG1416-B62850,1786737520354,sell,0.78,-0.21999999999999997
KXBTC-26AUG1416-B62950,1786734574520,sell,0.13,0.13
KXBTC-26AUG1416-B62950,1786734674465,buy,0.13,-0.13
KXBTC-26AUG1416-B62950,1786736870615,sell,0.13,0.13
KXBTC-26AUG1416-B62950,1786736970533,buy,0.32,-0.32
KXBTC-26AUG1416-B62950,1786737020740,sell,0.3,0.3
KXBTC-26AUG1416-B62950,1786737120659,buy,0.37,-0.37
KXBTC-26AUG1416-B62950,1786737170578,buy,0.29,-0.29
KXBTC-26AUG1416-B62950,1786737420371,buy,0.47,-0.47
KXBTC-26AUG1418-B62750,1786742375287,sell,0.22,0.22
KXBTC-26AUG1418-B62750,1786742425366,sell,0.29,0.29
KXBTC-26AUG1418-B62750,1786742873238,buy,0.22,-0.22
KXBTC-26AUG1418-B62750,1786742973180,sell,0.18,0.18
KXBTC-26AUG1418-B62750,1786743023811,buy,0.29,-0.29
KXBTC-26AUG1418-B62750,1786743272946,sell,0.33,0.33
KXBTC-26AUG1418-B62750,1786743472987,buy,0.38,-0.38
KXBTC-26AUG1418-B62750,1786743623396,buy,0.26,-0.26
KXBTC-26AUG1418-B62750,1786743772923,sell,0.19,0.19
KXBTC-26AUG1418-B62750,1786744022083,buy,0.3,-0.3
KXBTC-26AUG1418-B62750,1786744172261,buy,0.14,-0.14
KXBTC-26AUG1418-B62750,1786744222746,buy,0.08,-0.08
KXBTC-26AUG1418-B62750,1786744372016,sell,0.1,0.1
KXBTC-26AUG1418-B62850,1786742374519,buy,0.54,0.45999999999999996
KXBTC-26AUG1418-B62850,1786743171954,buy,0.58,0.42000000000000004
KXBTC-26AUG1418-B62850,1786743471959,sell,0.53,-0.47
KXBTC-26AUG1418-B62850,1786743871537,buy,0.68,0.31999999999999995
KXBTC-26AUG1418-B62850,1786744222225,sell,0.83,-0.17000000000000004
KXBTC-26AUG1418-B62850,1786744371593,buy,0.85,0.15000000000000002
KXBTC-26AUG1418-B62850,1786744471278,sell,0.81,-0.18999999999999995
KXBTC-26AUG1418-B62850,1786744621311,sell,0.9,-0.09999999999999998
KXBTC-26AUG1418-B62950,1786742374803,buy,0.16,-0.16
KXBTC-26AUG1418-B62950,1786742872704,sell,0.13,0.13
KXBTC-26AUG1418-B62950,1786742972648,buy,0.14,-0.14
KXBTC-26AUG1419-B62650,1786745775354,sell,0.13,0.13
KXBTC-26AUG1419-B62650,1786745825769,sell,0.21,0.21
KXBTC-26AUG1419-B62650,1786745925344,buy,0.22,-0.22
KXBTC-26AUG1419-B62650,1786745975448,buy,0.15,-0.15
KXBTC-26AUG1419-B62650,1786746275110,sell,0.12,0.12
KXBTC-26AUG1419-B62650,1786746472799,buy,0.14,-0.14
KXBTC-26AUG1419-B62650,1786746672868,buy,0.09,-0.09
KXBTC-26AUG1419-B62750,1786746074768,sell,0.51,0.51
KXBTC-26AUG1419-B62750,1786746571905,sell,0.62,0.62
KXBTC-26AUG1419-B62750,1786746671957,buy,0.64,-0.64
KXBTC-26AUG1419-B62750,1786746772120,sell,0.44,0.44
KXBTC-26AUG1419-B62750,1786746821893,buy,0.55,-0.55
KXBTC-26AUG1419-B62750,1786746871898,buy,0.51,-0.51
KXBTC-26AUG1419-B62750,1786746921915,buy,0.45,-0.45
KXBTC-26AUG1419-B62750,1786746972066,buy,0.39,-0.39
KXBTC-26AUG1419-B62750,1786747021946,buy,0.37,-0.37
KXBTC-26AUG1419-B62750,1786747221958,sell,0.35,0.35
KXBTC-26AUG1419-B62750,1786747271867,buy,0.37,-0.37
KXBTC-26AUG1419-B62750,1786747321991,buy,0.34,-0.34
KXBTC-26AUG1419-B62750,1786747421894,buy,0.29,-0.29
KXBTC-26AUG1419-B62750,1786747621585,sell,0.17,0.17
KXBTC-26AUG1419-B62750,1786747671504,buy,0.37,-0.37
KXBTC-26AUG1419-B62750,1786747971495,sell,0.19,0.19
KXBTC-26AUG1419-B62750,1786748021368,buy,0.31,-0.31
KXBTC-26AUG1419-B62750,1786748121475,sell,0.11,0.11
KXBTC-26AUG1419-B62750,1786748171641,sell,0.27,0.27
KXBTC-26AUG1419-B62750,1786748271420,buy,0.35,-0.35
KXBTC-26AUG1419-B62850,1786745125102,buy,0.48,0.52
KXBTC-26AUG1419-B62850,1786745225242,sell,0.46,-0.54
KXBTC-26AUG1419-B62850,1786745475243,buy,0.5,0.5
KXBTC-26AUG1419-B62850,1786745525250,buy,0.45,0.55
KXBTC-26AUG1419-B62850,1786745774562,buy,0.26,0.74
KXBTC-26AUG1419-B62850,1786745824977,buy,0.18,0.8200000000000001
KXBTC-26AUG1419-B62850,1786745924546,sell,0.15,-0.85
KXBTC-26AUG1419-B62850,1786745974703,sell,0.21,-0.79
KXBTC-26AUG1419-B62850,1786746274376,buy,0.22,0.78
KXBTC-26AUG1419-B62850,1786746671796,sell,0.2,-0.8
KXBTC-26AUG1419-B62850,1786746721922,sell,0.39,-0.61
KXBTC-26AUG1419-B62850,1786746771965,buy,0.44,0.56
KXBTC-26AUG1419-B62850,1786746821744,sell,0.3,-0.7
KXBTC-26AUG1419-B62850,1786746871754,sell,0.34,-0.6599999999999999
KXBTC-26AUG1419-B62850,1786746921768,sell,0.41,-0.5900000000000001
KXBTC-26AUG1419-B62850,1786747371202,sell,0.61,-0.39
KXBTC-26AUG1419-B62850,1786747571549,sell,0.67,-0.32999999999999996
KXBTC-26AUG1419-B62850,1786747621434,buy,0.76,0.24
KXBTC-26AUG1419-B62850,1786747671357,sell,0.58,-0.42000000000000004
KXBTC-26AUG1419-B62850,1786747771349,sell,0.69,-0.31000000000000005
KXBTC-26AUG1419-B62850,1786747871558,sell,0.72,-0.28
KXBTC-26AUG1419-B62850,1786747971348,buy,0.77,0.22999999999999998
KXBTC-26AUG1419-B62850,1786748021238,sell,0.65,-0.35
KXBTC-26AUG1419-B62850,1786748121334,buy,0.85,0.15000000000000002
KXBTC-26AUG1419-B62850,1786748171497,buy,0.74,0.26
KXBTC-26AUG1419-B62850,1786748271274,sell,0.67,-0.32999999999999996
KXBTC-26AUG1419-B62850,1786748321282,sell,0.96,-0.040000000000000036
KXBTC-26AUG1419-B62950,1786745274923,buy,0.25,-0.25
KXBTC-26AUG1419-B62950,1786745524960,buy,0.13,-0.13
KXBTC-26AUG1419-B62950,1786747472031,buy,0.05,-0.05
KXBTC-26AUG1420-B62750,1786749074811,buy,0.24,-0.24
KXBTC-26AUG1420-B62750,1786749174581,buy,0.19,-0.19
KXBTC-26AUG1420-B62750,1786749274956,buy,0.12,-0.12
KXBTC-26AUG1420-B62750,1786749375239,sell,0.11,0.11
KXBTC-26AUG1420-B62750,1786749475062,sell,0.13,0.13
KXBTC-26AUG1420-B62750,1786749572825,buy,0.16,-0.16
KXBTC-26AUG1420-B62750,1786749622775,sell,0.14,0.14
KXBTC-26AUG1420-B62750,1786749672686,sell,0.34,0.34
KXBTC-26AUG1420-B62750,1786749772681,buy,0.39,-0.39
KXBTC-26AUG1420-B62750,1786749822937,buy,0.23,-0.23
KXBTC-26AUG1420-B62750,1786749872636,buy,0.13,-0.13
KXBTC-26AUG1420-B62750,1786749972734,sell,0.1,0.1
KXBTC-26AUG1420-B62750,1786750522191,sell,0.05,0.05
KXBTC-26AUG1420-B62850,1786749025524,sell,0.56,0.56
KXBTC-26AUG1420-B62850,1786749075404,sell,0.59,0.59
KXBTC-26AUG1420-B62850,1786749125917,sell,0.62,0.62
KXBTC-26AUG1420-B62850,1786749375871,sell,0.61,0.61
KXBTC-26AUG1420-B62850,1786749622624,buy,0.63,-0.63
KXBTC-26AUG1420-B62850,1786749672541,buy,0.53,-0.53
KXBTC-26AUG1420-B62850,1786749772529,sell,0.49,0.49
KXBTC-26AUG1420-B62850,1786749822731,sell,0.58,0.58
KXBTC-26AUG1420-B62850,1786749872493,buy,0.59,-0.59
KXBTC-26AUG1420-B62850,1786749922579,sell,0.49,0.49
KXBTC-26AUG1420-B62850,1786749972588,sell,0.57,0.57
KXBTC-26AUG1420-B62850,1786750171859,buy,0.58,-0.58
KXBTC-26AUG1420-B62850,1786750471908,sell,0.54,0.54
KXBTC-26AUG1420-B62850,1786750621930,buy,0.69,-0.69
KXBTC-26AUG1420-B62850,1786750722096,buy,0.63,-0.63
KXBTC-26AUG1420-B62850,1786750771895,buy,0.5,-0.5
KXBTC-26AUG1420-B62850,1786750821839,buy,0.42,-0.42
KXBTC-26AUG1420-B62850,1786750871975,buy,0.37,-0.37
KXBTC-26AUG1420-B62850,1786750921800,buy,0.19,-0.19
KXBTC-26AUG1420-B62850,1786750972038,sell,0.15,0.15
KXBTC-26AUG1420-B62850,1786751171634,buy,0.17,-0.17
KXBTC-26AUG1420-B62850,1786751321807,buy,0.13,-0.13
KXBTC-26AUG1420-B62850,1786751471683,sell,0.04,0.04
KXBTC-26AUG1420-B62850,1786751571655,buy,0.04,-0.04
KXBTC-26AUG1420-B62950,1786749174880,sell,0.13,-0.87
KXBTC-26AUG1420-B62950,1786749275247,sell,0.19,-0.81
KXBTC-26AUG1420-B62950,1786749325277,sell,0.24,-0.76
KXBTC-26AUG1420-B62950,1786749375575,buy,0.25,0.75
KXBTC-26AUG1420-B62950,1786749425080,sell,0.19,-0.81
KXBTC-26AUG1420-B62950,1786749475345,buy,0.21,0.79
KXBTC-26AUG1420-B62950,1786749622037,buy,0.15,0.85
KXBTC-26AUG1420-B62950,1786749771953,sell,0.07,-0.9299999999999999
KXBTC-26AUG1420-B62950,1786749822110,sell,0.14,-0.86
KXBTC-26AUG1420-B62950,1786749871919,sell,0.21,-0.79
KXBTC-26AUG1420-B62950,1786749922007,buy,0.37,0.63
KXBTC-26AUG1420-B62950,1786749972013,buy,0.27,0.73
KXBTC-26AUG1420-B62950,1786750021978,sell,0.24,-0.76
KXBTC-26AUG1420-B62950,1786750171999,sell,0.28,-0.72
KXBTC-26AUG1420-B62950,1786750221967,sell,0.33,-0.6699999999999999
KXBTC-26AUG1420-B62950,1786750371964,buy,0.39,0.61
KXBTC-26AUG1420-B62950,1786750472055,buy,0.37,0.63
KXBTC-26AUG1420-B62950,1786750522044,buy,0.28,0.72
KXBTC-26AUG1420-B62950,1786750572182,buy,0.22,0.78
KXBTC-26AUG1420-B62950,1786750622088,sell,0.17,-0.83
KXBTC-26AUG1420-B62950,1786750672052,sell,0.26,-0.74
KXBTC-26AUG1420-B62950,1786750722244,sell,0.29,-0.71
KXBTC-26AUG1420-B62950,1786750772039,sell,0.41,-0.5900000000000001
KXBTC-26AUG1420-B62950,1786751371587,buy,0.77,0.22999999999999998
KXBTC-26AUG1420-B62950,1786751421552,sell,0.67,-0.32999999999999996
KXBTC-26AUG1420-B62950,1786751571504,buy,0.83,0.17000000000000004
KXBTC-26AUG1420-B62950,1786751621276,buy,0.78,0.21999999999999997
KXBTC-26AUG1420-B62950,1786751671391,sell,0.75,-0.25
KXBTC-26AUG1420-B62950,1786751771617,sell,0.87,-0.13
KXBTC-26AUG1420-B63050,1786750923039,sell,0.09,0.09
KXBTC-26AUG1420-B63050,1786750973282,buy,0.16,-0.16
KXBTC-26AUG1420-B63050,1786751272990,buy,0.09,-0.09
KXBTC-26AUG1420-B63050,1786751323017,sell,0.08,0.08
KXBTC-26AUG1420-B63050,1786751372963,sell,0.17,0.17
KXBTC-26AUG1420-B63050,1786751422921,buy,0.29,-0.29
KXBTC-26AUG1420-B63050,1786751473007,buy,0.22,-0.22
KXBTC-26AUG1420-B63050,1786751572996,sell,0.11,0.11
KXBTC-26AUG1420-B63050,1786751622737,sell,0.19,0.19
KXBTC-26AUG1420-B63050,1786751672846,buy,0.25,-0.25
KXBTC-26AUG1421-B62850,1786752825799,sell,0.16,0.16
KXBTC-26AUG1421-B62850,1786752926171,buy,0.19,-0.19
KXBTC-26AUG1421-B62850,1786753125876,buy,0.17,-0.17
KXBTC-26AUG1421-B62850,1786753273705,buy,0.14,-0.14
KXBTC-26AUG1421-B62850,1786753423499,sell,0.13,0.13
KXBTC-26AUG1421-B62850,1786753473603,buy,0.16,-0.16
KXBTC-26AUG1421-B62850,1786753623661,sell,0.12,0.12
KXBTC-26AUG1421-B62850,1786753723359,buy,0.14,-0.14
KXBTC-26AUG1421-B62850,1786753773494,sell,0.1,0.1
KXBTC-26AUG1421-B62850,1786753922956,buy,0.14,-0.14
KXBTC-26AUG1421-B62850,1786754022931,buy,0.13,-0.13
KXBTC-26AUG1421-B62850,1786754073134,sell,0.12,0.12
KXBTC-26AUG1421-B62850,1786754123067,buy,0.15,-0.15
KXBTC-26AUG1421-B62850,1786754173060,sell,0.14,0.14
KXBTC-26AUG1421-B62850,1786754222916,buy,0.15,-0.15
KXBTC-26AUG1421-B62850,1786754272778,sell,0.13,0.13
KXBTC-26AUG1421-B62850,1786754422710,buy,0.16,-0.16
KXBTC-26AUG1421-B62850,1786754572954,buy,0.1,-0.1
KXBTC-26AUG1421-B62850,1786754672867,buy,0.08,-0.08
KXBTC-26AUG1421-B62950,1786752126448,buy,0.47,0.53
KXBTC-26AUG1421-B62950,1786752176464,buy,0.45,0.55
KXBTC-26AUG1421-B62950,1786752226023,sell,0.44,-0.56
KXBTC-26AUG1421-B62950,1786752326478,sell,0.47,-0.53
KXBTC-26AUG1421-B62950,1786753321945,sell,0.55,-0.44999999999999996
KXBTC-26AUG1421-B62950,1786753721755,buy,0.62,0.38
KXBTC-26AUG1421-B62950,1786753921825,sell,0.63,-0.37
KXBTC-26AUG1421-B62950,1786754921798,sell,0.86,-0.14
KXBTC-26AUG1421-B62950,1786755171768,sell,0.94,-0.06000000000000005
KXBTC-26AUG1421-B63050,1786752126302,sell,0.27,0.27
KXBTC-26AUG1421-B63050,1786752326323,buy,0.26,-0.26
KXBTC-26AUG1421-B63050,1786752375969,buy,0.21,-0.21
KXBTC-26AUG1421-B63050,1786752475841,buy,0.2,-0.2
KXBTC-26AUG1421-B63050,1786752525668,sell,0.19,0.19
KXBTC-26AUG1421-B63050,1786752825023,buy,0.23,-0.23
KXBTC-26AUG1421-B63050,1786753125147,sell,0.19,0.19
KXBTC-26AUG1421-B63050,1786753225442,buy,0.21,-0.21
KXBTC-26AUG1421-B63050,1786753272818,sell,0.2,0.2
KXBTC-26AUG1421-B63050,1786753322678,buy,0.21,-0.21
KXBTC-26AUG1421-B63050,1786753422591,buy,0.19,-0.19
KXBTC-26AUG1421-B63050,1786753472708,sell,0.13,0.13
KXBTC-26AUG1421-B63050,1786753622702,buy,0.17,-0.17
KXBTC-26AUG1421-B63050,1786753722479,sell,0.14,0.14
KXBTC-26AUG1421-B63050,1786753772512,buy,0.23,-0.23
KXBTC-26AUG1421-B63050,1786753872640,sell,0.14,0.14
KXBTC-26AUG1421-B63050,1786753971913,buy,0.17,-0.17
KXBTC-26AUG1421-B63050,1786754022023,sell,0.14,0.14
KXBTC-26AUG1421-B63050,1786754072212,buy,0.16,-0.16
KXBTC-26AUG1421-B63050,1786754922096,buy,0.09,-0.09
KXBTC-26AUG1421-B63050,1786754972080,buy,0.06,-0.06
KXBTC-26AUG1422-B62850,1786756176013,buy,0.23,-0.23
KXBTC-26AUG1422-B62850,1786756376045,buy,0.19,-0.19
KXBTC-26AUG1422-B62850,1786756475533,sell,0.14,0.14
KXBTC-26AUG1422-B62850,1786756525622,buy,0.2,-0.2
KXBTC-26AUG1422-B62850,1786756575903,sell,0.19,0.19
KXBTC-26AUG1422-B62850,1786757025537,sell,0.18,0.18
KXBTC-26AUG1422-B62850,1786757075647,buy,0.21,-0.21
KXBTC-26AUG1422-B62850,1786757123352,buy,0.11,-0.11
KXBTC-26AUG1422-B62950,1786756174810,sell,0.54,-0.45999999999999996
KXBTC-26AUG1422-B62950,1786756225240,sell,0.58,-0.42000000000000004
KXBTC-26AUG1422-B62950,1786756574220,buy,0.57,0.43000000000000005
KXBTC-26AUG1422-B62950,1786756773999,sell,0.57,-0.43000000000000005
KXBTC-26AUG1422-B62950,1786757121831,buy,0.64,0.36
KXBTC-26AUG1422-B62950,1786757171893,sell,0.61,-0.39
KXBTC-26AUG1422-B62950,1786757471891,sell,0.64,-0.36
KXBTC-26AUG1422-B62950,1786757871860,sell,0.69,-0.31000000000000005
KXBTC-26AUG1422-B62950,1786758022003,buy,0.74,0.26
KXBTC-26AUG1422-B62950,1786758071822,sell,0.68,-0.31999999999999995
KXBTC-26AUG1422-B62950,1786758121524,sell,0.76,-0.24
KXBTC-26AUG1422-B63050,1786757075797,sell,0.13,0.13
KXBTC-26AUG1422-B63050,1786757122126,sell,0.22,0.22
KXBTC-26AUG1422-B63050,1786757222216,buy,0.24,-0.24
KXBTC-26AUG1422-B63050,1786757271771,sell,0.22,0.22
KXBTC-26AUG1422-B63050,1786757472172,buy,0.24,-0.24
KXBTC-26AUG1422-B63050,1786757722168,sell,0.19,0.19
KXBTC-26AUG1422-B63050,1786757872168,buy,0.24,-0.24
KXBTC-26AUG1422-B63050,1786758022287,sell,0.18,0.18
KXBTC-26AUG1422-B63050,1786758072162,buy,0.25,-0.25
KXBTC-26AUG1422-B63050,1786758422080,buy,0.12,-0.12
KXBTC-26AUG1423-B62950,1786759725048,sell,0.54,0.54
KXBTC-26AUG1423-B62950,1786759825173,buy,0.58,-0.58
KXBTC-26AUG1423-B62950,1786759925628,sell,0.55,0.55
KXBTC-26AUG1423-B62950,1786759975208,sell,0.59,0.59
KXBTC-26AUG1423-B62950,1786760025078,buy,0.61,-0.61
KXBTC-26AUG1423-B62950,1786760075318,buy,0.57,-0.57
KXBTC-26AUG1423-B62950,1786760125246,buy,0.52,-0.52
KXBTC-26AUG1423-B62950,1786760271937,buy,0.42,-0.42
KXBTC-26AUG1423-B62950,1786760321741,sell,0.31,0.31
KXBTC-26AUG1423-B62950,1786760471909,buy,0.33,-0.33
KXBTC-26AUG1423-B62950,1786760572017,buy,0.28,-0.28
KXBTC-26AUG1423-B62950,1786760621778,sell,0.18,0.18
KXBTC-26AUG1423-B62950,1786760671970,buy,0.26,-0.26
KXBTC-26AUG1423-B62950,1786760721966,buy,0.18,-0.18
KXBTC-26AUG1423-B62950,1786760772067,sell,0.17,0.17
KXBTC-26AUG1423-B62950,1786760822020,buy,0.2,-0.2
KXBTC-26AUG1423-B62950,1786760871847,sell,0.19,0.19
KXBTC-26AUG1423-B62950,1786760971862,buy,0.2,-0.2
KXBTC-26AUG1423-B62950,1786761121859,buy,0.14,-0.14
KXBTC-26AUG1423-B62950,1786761421998,sell,0.11,0.11
KXBTC-26AUG1423-B62950,1786761471939,buy,0.13,-0.13
KXBTC-26AUG1423-B63050,1786759725773,buy,0.33,0.6699999999999999
KXBTC-26AUG1423-B63050,1786759775909,sell,0.27,-0.73
KXBTC-26AUG1423-B63050,1786759926415,buy,0.32,0.6799999999999999
KXBTC-26AUG1423-B63050,1786760025833,sell,0.27,-0.73
KXBTC-26AUG1423-B63050,1786760076050,sell,0.3,-0.7
KXBTC-26AUG1423-B63050,1786760125982,sell,0.36,-0.64
KXBTC-26AUG1423-B63050,1786760272555,sell,0.45,-0.55
KXBTC-26AUG1423-B63050,1786760372512,buy,0.54,0.45999999999999996
KXBTC-26AUG1423-B63050,1786760422702,sell,0.53,-0.47
KXBTC-26AUG1423-B63050,1786760472508,sell,0.56,-0.43999999999999995
KXBTC-26AUG1423-B63050,1786760572602,sell,0.61,-0.39
KXBTC-26AUG1423-B63050,1786760622358,buy,0.66,0.33999999999999997
KXBTC-26AUG1423-B63050,1786760672557,sell,0.62,-0.38
KXBTC-26AUG1423-B63050,1786760772673,buy,0.67,0.32999999999999996
KXBTC-26AUG1423-B63050,1786760822636,sell,0.66,-0.33999999999999997
KXBTC-26AUG1423-B63050,1786760872125,buy,0.67,0.32999999999999996
KXBTC-26AUG1423-B63050,1786760922108,sell,0.65,-0.35
KXBTC-26AUG1423-B63150,1786760573623,sell,0.09,0.09
KXBTC-26AUG1423-B63150,1786760623442,buy,0.11,-0.11
KXBTC-26AUG1423-B63150,1786760723641,sell,0.11,0.11
KXBTC-26AUG1423-B63150,1786761223591,sell,0.15,0.15
KXBTC-26AUG1423-B63150,1786761373721,buy,0.15,-0.15
KXBTC-26AUG1423-B63150,1786761423781,buy,0.11,-0.11
KXBTC-26AUG1423-B63150,1786761522547,sell,0.12,0.12
KXBTC-26AUG1423-B63150,1786761572383,buy,0.15,-0.15
KXBTC-26AUG1423-B63150,1786761772595,buy,0.13,-0.13
KXBTC-26AUG1423-B63150,1786762172177,sell,0.07,0.07
KXBTC-26AUG1500-B62950,1786764010523,sell,0.04,-0.96
KXBTC-26AUG1500-B62950,1786764081250,sell,0.09,-0.91
KXBTC-26AUG1500-B62950,1786764379048,sell,0.15,-0.85
KXBTC-26AUG1500-B62950,1786764429074,buy,0.26,0.74
KXBTC-26AUG1500-B62950,1786764678992,buy,0.22,0.78
KXBTC-26AUG1500-B62950,1786764828570,sell,0.18,-0.8200000000000001
KXBTC-26AUG1500-B62950,1786764928864,sell,0.21,-0.79
KXBTC-26AUG1500-B62950,1786764978869,sell,0.29,-0.71
KXBTC-26AUG1500-B62950,1786765028693,buy,0.38,0.62
KXBTC-26AUG1500-B62950,1786765078720,sell,0.3,-0.7
KXBTC-26AUG1500-B62950,1786765128667,sell,0.45,-0.55
KXBTC-26AUG1500-B62950,1786765178747,buy,0.58,0.42000000000000004
KXBTC-26AUG1500-B62950,1786765228724,buy,0.55,0.44999999999999996
KXBTC-26AUG1500-B62950,1786765478226,buy,0.43,0.5700000000000001
KXBTC-26AUG1500-B62950,1786765828346,sell,0.47,-0.53
KXBTC-26AUG1500-B62950,1786765878410,buy,0.67,0.32999999999999996
KXBTC-26AUG1500-B62950,1786765977955,buy,0.34,0.6599999999999999
KXBTC-26AUG1500-B62950,1786766377979,sell,0.05,-0.95
KXBTC-26AUG1500-B63050,1786763625274,buy,0.62,-0.62
KXBTC-26AUG1500-B63050,1786763725422,buy,0.6,-0.6
KXBTC-26AUG1500-B63050,1786763775897,buy,0.46,-0.46
KXBTC-26AUG1500-B63050,1786763825598,buy,0.42,-0.42
KXBTC-26AUG1500-B63050,1786763880867,buy,0.37,-0.37
KXBTC-26AUG1500-B63050,1786763938647,sell,0.31,0.31
KXBTC-26AUG1500-B63050,1786764011713,sell,0.4,0.4
KXBTC-26AUG1500-B63050,1786764080313,sell,0.64,0.64
KXBTC-26AUG1500-B63050,1786764230281,sell,0.7,0.7
KXBTC-26AUG1500-B63050,1786764378459,buy,0.72,-0.72
KXBTC-26AUG1500-B63050,1786764428497,sell,0.65,0.65
KXBTC-26AUG1500-B63050,1786764778487,sell,0.72,0.72
KXBTC-26AUG1500-B63050,1786764928566,buy,0.72,-0.72
KXBTC-26AUG1500-B63050,1786764978430,buy,0.65,-0.65
KXBTC-26AUG1500-B63050,1786765028406,sell,0.55,0.55
KXBTC-26AUG1500-B63050,1786765078429,buy,0.62,-0.62
KXBTC-26AUG1500-B63050,1786765128368,buy,0.5,-0.5
KXBTC-26AUG1500-B63050,1786765178451,sell,0.35,0.35
KXBTC-26AUG1500-B63050,1786765228432,sell,0.37,0.37
KXBTC-26AUG1500-B63050,1786765728548,buy,0.52,-0.52
KXBTC-26AUG1500-B63050,1786765828490,buy,0.5,-0.5
KXBTC-26AUG1500-B63050,1786765878555,sell,0.26,0.26
KXBTC-26AUG1500-B63050,1786765978244,sell,0.67,0.67
KXBTC-26AUG1500-B63050,1786766178478,sell,0.85,0.85
KXBTC-26AUG1500-B63050,1786766278308,sell,0.94,0.94
KXBTC-26AUG1500-B63150,1786763725721,sell,0.3,0.3
KXBTC-26AUG1500-B63150,1786763881192,sell,0.51,0.51
KXBTC-26AUG1500-B63150,1786763939118,buy,0.57,-0.57
KXBTC-26AUG1500-B63150,1786764012167,buy,0.5,-0.5
KXBTC-26AUG1500-B63150,1786764081018,buy,0.19,-0.19
KXBTC-26AUG1500-B63250,1786764012616,buy,0.06,-0.06
KXBTC-26AUG1501-B62950,1786767331842,buy,0.18,-0.18
KXBTC-26AUG1501-B62950,1786767381913,sell,0.16,0.16
KXBTC-26AUG1501-B62950,1786767483286,buy,0.18,-0.18
KXBTC-26AUG1501-B62950,1786767583091,buy,0.12,-0.12
KXBTC-26AUG1501-B63050,1786766882375,buy,0.52,0.48
KXBTC-26AUG1501-B63050,1786766932385,sell,0.47,-0.53
KXBTC-26AUG1501-B63050,1786767182806,sell,0.53,-0.47
KXBTC-26AUG1501-B63050,1786767232440,sell,0.57,-0.43000000000000005
KXBTC-26AUG1501-B63050,1786767332581,sell,0.65,-0.35
KXBTC-26AUG1501-B63050,1786767382665,buy,0.66,0.33999999999999997
KXBTC-26AUG1501-B63050,1786767484049,sell,0.65,-0.35
KXBTC-26AUG1501-B63050,1786767833535,sell,0.7,-0.30000000000000004
KXBTC-26AUG1501-B63050,1786768579711,buy,0.76,0.24
KXBTC-26AUG1501-B63050,1786768629826,sell,0.71,-0.29000000000000004
KXBTC-26AUG1501-B63050,1786769129473,buy,0.72,0.28
KXBTC-26AUG1501-B63050,1786769179555,sell,0.69,-0.31000000000000005
KXBTC-26AUG1501-B63050,1786769229412,sell,0.72,-0.28
KXBTC-26AUG1501-B63150,1786767232295,sell,0.07,0.07
KXBTC-26AUG1501-B63150,1786767434134,sell,0.13,0.13
KXBTC-26AUG1501-B63150,1786767583653,sell,0.14,0.14
KXBTC-26AUG1501-B63150,1786767783687,buy,0.19,-0.19
KXBTC-26AUG1501-B63150,1786768029513,sell,0.15,0.15
KXBTC-26AUG1501-B63150,1786768579562,sell,0.16,0.16
KXBTC-26AUG1501-B63150,1786768629677,buy,0.23,-0.23
KXBTC-26AUG1501-B63150,1786768729605,sell,0.17,0.17
KXBTC-26AUG1501-B63150,1786768779604,sell,0.21,0.21
KXBTC-26AUG1501-B63150,1786768829507,buy,0.23,-0.23
KXBTC-26AUG1501-B63150,1786769129330,sell,0.24,0.24
KXBTC-26AUG1501-B63150,1786769179731,buy,0.27,-0.27
KXBTC-26AUG1501-B63150,1786769579850,buy,0.06,-0.06
KXBTC-26AUG1502-B62950,1786770533785,buy,0.07,-0.07
KXBTC-26AUG1502-B62950,1786772280585,sell,0.04,0.04
KXBTC-26AUG1502-B62950,1786772330686,sell,0.28,0.28
KXBTC-26AUG1502-B62950,1786772381038,sell,0.36,0.36
KXBTC-26AUG1502-B62950,1786772430943,sell,0.46,0.46
KXBTC-26AUG1502-B62950,1786772480628,buy,0.49,-0.49
KXBTC-26AUG1502-B62950,1786772580741,sell,0.31,0.31
KXBTC-26AUG1502-B62950,1786772680908,buy,0.33,-0.33
KXBTC-26AUG1502-B62950,1786772730778,buy,0.2,-0.2
KXBTC-26AUG1502-B62950,1786772830990,sell,0.12,0.12
KXBTC-26AUG1502-B62950,1786772880518,sell,0.18,0.18
KXBTC-26AUG1502-B62950,1786772979893,sell,0.25,0.25
KXBTC-26AUG1502-B62950,1786773029558,sell,0.39,0.39
KXBTC-26AUG1502-B62950,1786773179604,buy,0.48,-0.48
KXBTC-26AUG1502-B62950,1786773279818,buy,0.18,-0.18
KXBTC-26AUG1502-B62950,1786773379659,sell,0.2,0.2
KXBTC-26AUG1502-B62950,1786773429569,sell,0.7,0.7
KXBTC-26AUG1502-B62950,1786773479593,buy,0.88,-0.88
KXBTC-26AUG1502-B63050,1786770533207,buy,0.65,0.35
KXBTC-26AUG1502-B63050,1786770882927,buy,0.61,0.39
KXBTC-26AUG1502-B63050,1786770933199,sell,0.54,-0.45999999999999996
KXBTC-26AUG1502-B63050,1786770983320,buy,0.56,0.43999999999999995
KXBTC-26AUG1502-B63050,1786771030673,sell,0.54,-0.45999999999999996
KXBTC-26AUG1502-B63050,1786771280697,sell,0.64,-0.36
KXBTC-26AUG1502-B63050,1786771330773,sell,0.67,-0.32999999999999996
KXBTC-26AUG1502-B63050,1786771380403,sell,0.74,-0.26
KXBTC-26AUG1502-B63050,1786771580602,sell,0.78,-0.21999999999999997
KXBTC-26AUG1502-B63050,1786771779724,sell,0.8,-0.19999999999999996
KXBTC-26AUG1502-B63050,1786771929984,sell,0.83,-0.17000000000000004
KXBTC-26AUG1502-B63050,1786772179928,buy,0.86,0.14
KXBTC-26AUG1502-B63050,1786772229953,buy,0.83,0.17000000000000004
KXBTC-26AUG1502-B63050,1786772279630,buy,0.78,0.21999999999999997
KXBTC-26AUG1502-B63050,1786772329797,buy,0.68,0.31999999999999995
KXBTC-26AUG1502-B63050,1786772380098,buy,0.57,0.43000000000000005
KXBTC-26AUG1502-B63050,1786772430044,buy,0.48,0.52
KXBTC-26AUG1502-B63050,1786772479748,sell,0.43,-0.5700000000000001
KXBTC-26AUG1502-B63050,1786772680027,sell,0.64,-0.36
KXBTC-26AUG1502-B63050,1786772729907,sell,0.77,-0.22999999999999998
KXBTC-26AUG1502-B63050,1786772830078,buy,0.84,0.16000000000000003
KXBTC-26AUG1502-B63050,1786772879647,buy,0.79,0.20999999999999996
KXBTC-26AUG1502-B63050,1786772979597,buy,0.7,0.30000000000000004
KXBTC-26AUG1502-B63050,1786773029262,buy,0.58,0.42000000000000004
KXBTC-26AUG1502-B63050,1786773179286,sell,0.53,-0.47
KXBTC-26AUG1502-B63050,1786773279524,sell,0.81,-0.18999999999999995
KXBTC-26AUG1502-B63050,1786773379383,buy,0.83,0.17000000000000004
KXBTC-26AUG1502-B63050,1786773429290,buy,0.32,0.6799999999999999
KXBTC-26AUG1502-B63050,1786773479305,sell,0.09,-0.91
KXBTC-26AUG1502-B63150,1786770532605,sell,0.21,0.21
KXBTC-26AUG1502-B63150,1786770682557,sell,0.26,0.26
KXBTC-26AUG1502-B63150,1786770882341,sell,0.3,0.3
KXBTC-26AUG1502-B63150,1786770932620,sell,0.36,0.36
KXBTC-26AUG1502-B63150,1786770982748,sell,0.38,0.38
KXBTC-26AUG1502-B63150,1786771080385,buy,0.38,-0.38
KXBTC-26AUG1502-B63150,1786771329874,buy,0.29,-0.29
KXBTC-26AUG1502-B63150,1786771529663,buy,0.13,-0.13
KXBTC-26AUG1502-B63150,1786771779426,buy,0.1,-0.1
KXBTC-26AUG1502-B63150,1786772129637,buy,0.08,-0.08
KXBTC-26AUG1503-B62950,1786774283739,buy,0.28,-0.28
KXBTC-26AUG1503-B62950,1786774333853,sell,0.22,0.22
KXBTC-26AUG1503-B62950,1786774384138,sell,0.37,0.37
KXBTC-26AUG1503-B62950,1786774433923,sell,0.45,0.45
KXBTC-26AUG1503-B62950,1786774483830,sell,0.48,0.48
KXBTC-26AUG1503-B62950,1786774533836,buy,0.6,-0.6
KXBTC-26AUG1503-B62950,1786774634006,buy,0.55,-0.55
KXBTC-26AUG1503-B62950,1786774783874,sell,0.53,0.53
KXBTC-26AUG1503-B62950,1786774931042,buy,0.55,-0.55
KXBTC-26AUG1503-B62950,1786775030762,sell,0.4,0.4
KXBTC-26AUG1503-B62950,1786775081103,sell,0.45,0.45
KXBTC-26AUG1503-B62950,1786775130932,buy,0.5,-0.5
KXBTC-26AUG1503-B62950,1786775180880,sell,0.39,0.39
KXBTC-26AUG1503-B62950,1786775231138,sell,0.58,0.58
KXBTC-26AUG1503-B62950,1786775330732,sell,0.64,0.64
KXBTC-26AUG1503-B62950,1786775380746,buy,0.68,-0.68
KXBTC-26AUG1503-B62950,1786775430900,buy,0.62,-0.62
KXBTC-26AUG1503-B62950,1786775479733,sell,0.45,0.45
KXBTC-26AUG1503-B62950,1786775829579,sell,0.5,0.5
KXBTC-26AUG1503-B62950,1786775979478,buy,0.64,-0.64
KXBTC-26AUG1503-B62950,1786776029636,buy,0.58,-0.58
KXBTC-26AUG1503-B62950,1786776079772,sell,0.44,0.44
KXBTC-26AUG1503-B62950,1786776129874,buy,0.62,-0.62
KXBTC-26AUG1503-B62950,1786776180034,buy,0.36,-0.36
KXBTC-26AUG1503-B62950,1786776379849,buy,0.37,-0.37
KXBTC-26AUG1503-B62950,1786776479786,buy,0.33,-0.33
KXBTC-26AUG1503-B62950,1786776629921,buy,0.21,-0.21
KXBTC-26AUG1503-B62950,1786776679369,buy,0.11,-0.11
KXBTC-26AUG1503-B62950,1786776779431,buy,0.09,-0.09
KXBTC-26AUG1503-B63050,1786774283454,sell,0.62,-0.38
KXBTC-26AUG1503-B63050,1786774333557,buy,0.67,0.32999999999999996
KXBTC-26AUG1503-B63050,1786774383821,buy,0.52,0.48
KXBTC-26AUG1503-B63050,1786774483540,buy,0.4,0.6
KXBTC-26AUG1503-B63050,1786774533541,sell,0.29,-0.71
KXBTC-26AUG1503-B63050,1786774633693,sell,0.34,-0.6599999999999999
KXBTC-26AUG1503-B63050,1786774783576,buy,0.37,0.63
KXBTC-26AUG1503-B63050,1786774930412,sell,0.38,-0.62
KXBTC-26AUG1503-B63050,1786775030196,buy,0.52,0.48
KXBTC-26AUG1503-B63050,1786775080393,buy,0.46,0.54
KXBTC-26AUG1503-B63050,1786775130347,sell,0.41,-0.5900000000000001
KXBTC-26AUG1503-B63050,1786775180302,buy,0.53,0.47
KXBTC-26AUG1503-B63050,1786775230539,buy,0.37,0.63
KXBTC-26AUG1503-B63050,1786775330151,buy,0.28,0.72
KXBTC-26AUG1503-B63050,1786775380178,sell,0.23,-0.77
KXBTC-26AUG1503-B63050,1786775430306,sell,0.31,-0.69
KXBTC-26AUG1503-B63050,1786775479884,buy,0.48,0.52
KXBTC-26AUG1503-B63050,1786775629649,sell,0.47,-0.53
KXBTC-26AUG1503-B63050,1786775679589,buy,0.48,0.52
KXBTC-26AUG1503-B63050,1786775879588,buy,0.4,0.6
KXBTC-26AUG1503-B63050,1786775929786,buy,0.37,0.63
KXBTC-26AUG1503-B63050,1786775979629,sell,0.29,-0.71
KXBTC-26AUG1503-B63050,1786776029770,sell,0.35,-0.65
KXBTC-26AUG1503-B63050,1786776079479,buy,0.48,0.52
KXBTC-26AUG1503-B63050,1786776129582,sell,0.3,-0.7
KXBTC-26AUG1503-B63050,1786776179734,sell,0.57,-0.43000000000000005
KXBTC-26AUG1503-B63050,1786776229493,buy,0.61,0.39
KXBTC-26AUG1503-B63050,1786776379551,sell,0.58,-0.42000000000000004
KXBTC-26AUG1503-B63050,1786776479515,sell,0.63,-0.37
KXBTC-26AUG1503-B63050,1786776629622,sell,0.74,-0.26
KXBTC-26AUG1503-B63050,1786776679669,sell,0.85,-0.15000000000000002
KXBTC-26AUG1503-B63050,1786776779724,sell,0.9,-0.09999999999999998
KXBTC-26AUG1503-B63150,1786776981076,sell,0.04,0.04
KXBTC-26AUG1504-B62950,1786777683666,sell,0.18,0.18
KXBTC-26AUG1504-B62950,1786777733489,sell,0.23,0.23
KXBTC-26AUG1504-B62950,1786777833527,buy,0.38,-0.38
KXBTC-26AUG1504-B62950,1786777883409,sell,0.34,0.34
KXBTC-26AUG1504-B62950,1786777933112,buy,0.39,-0.39
KXBTC-26AUG1504-B62950,1786777983208,buy,0.35,-0.35
KXBTC-26AUG1504-B62950,1786778032924,buy,0.3,-0.3
KXBTC-26AUG1504-B62950,1786778083005,sell,0.13,0.13
KXBTC-26AUG1504-B62950,1786778133115,buy,0.14,-0.14
KXBTC-26AUG1504-B62950,1786778182972,sell,0.13,0.13
KXBTC-26AUG1504-B62950,1786778382706,sell,0.17,0.17
KXBTC-26AUG1504-B62950,1786778579680,sell,0.24,0.24
KXBTC-26AUG1504-B62950,1786778629969,buy,0.34,-0.34
KXBTC-26AUG1504-B62950,1786778729788,sell,0.23,0.23
KXBTC-26AUG1504-B62950,1786778779835,buy,0.24,-0.24
KXBTC-26AUG1504-B62950,1786778830007,sell,0.14,0.14
KXBTC-26AUG1504-B62950,1786778879874,sell,0.19,0.19
KXBTC-26AUG1504-B62950,1786779029957,sell,0.28,0.28
KXBTC-26AUG1504-B62950,1786779079995,buy,0.35,-0.35
KXBTC-26AUG1504-B62950,1786779229718,sell,0.28,0.28
KXBTC-26AUG1504-B62950,1786779379820,buy,0.3,-0.3
KXBTC-26AUG1504-B62950,1786779429999,sell,0.15,0.15
KXBTC-26AUG1504-B62950,1786779729866,sell,0.21,0.21
KXBTC-26AUG1504-B62950,1786779929848,buy,0.25,-0.25
KXBTC-26AUG1504-B62950,1786780279673,buy,0.23,-0.23
KXBTC-26AUG1504-B62950,1786780379621,buy,0.14,-0.14
KXBTC-26AUG1504-B62950,1786780429792,buy,0.12,-0.12
KXBTC-26AUG1504-B62950,1786780529680,buy,0.08,-0.08
KXBTC-26AUG1504-B62950,1786780579459,sell,0.04,0.04
KXBTC-26AUG1504-B62950,1786780729613,buy,0.14,-0.14
KXBTC-26AUG1504-B63050,1786777683814,buy,0.67,0.32999999999999996
KXBTC-26AUG1504-B63050,1786777733641,buy,0.64,0.36
KXBTC-26AUG1504-B63050,1786777833673,sell,0.52,-0.48
KXBTC-26AUG1504-B63050,1786777883556,buy,0.55,0.44999999999999996
KXBTC-26AUG1504-B63050,1786777933705,sell,0.51,-0.49
KXBTC-26AUG1504-B63050,1786777983808,sell,0.53,-0.47
KXBTC-26AUG1504-B63050,1786778183543,sell,0.59,-0.41000000000000003
KXBTC-26AUG1504-B63050,1786778333650,sell,0.63,-0.37
KXBTC-26AUG1504-B63050,1786778579534,buy,0.67,0.32999999999999996
KXBTC-26AUG1504-B63050,1786778629816,sell,0.56,-0.43999999999999995
KXBTC-26AUG1504-B63050,1786778679610,sell,0.68,-0.31999999999999995
KXBTC-26AUG1504-B63050,1786778729642,buy,0.69,0.31000000000000005
KXBTC-26AUG1504-B63050,1786778779693,sell,0.67,-0.32999999999999996
KXBTC-26AUG1504-B63050,1786778879733,buy,0.72,0.28
KXBTC-26AUG1504-B63050,1786778979506,sell,0.64,-0.36
KXBTC-26AUG1504-B63050,1786779029804,buy,0.66,0.33999999999999997
KXBTC-26AUG1504-B63050,1786779079845,sell,0.57,-0.43000000000000005
KXBTC-26AUG1504-B63050,1786779329519,sell,0.64,-0.36
KXBTC-26AUG1504-B63050,1786779379528,sell,0.68,-0.31999999999999995
KXBTC-26AUG1504-B63050,1786779429705,buy,0.78,0.21999999999999997
KXBTC-26AUG1504-B63050,1786779529424,sell,0.73,-0.27
KXBTC-26AUG1504-B63050,1786779879386,buy,0.73,0.27
KXBTC-26AUG1504-B63050,1786780279393,sell,0.78,-0.21999999999999997
KXBTC-26AUG1504-B63050,1786780579316,buy,0.96,0.040000000000000036
KXBTC-26AUG1504-B63050,1786780729475,sell,0.86,-0.14
KXBTC-26AUG1504-B63150,1786778033373,sell,0.07,0.07
KXBTC-26AUG1504-B63150,1786778083447,buy,0.23,-0.23
KXBTC-26AUG1504-B63150,1786778133550,sell,0.21,0.21
KXBTC-26AUG1504-B63150,1786778183411,buy,0.22,-0.22
KXBTC-26AUG1504-B63150,1786778283649,buy,0.16,-0.16
KXBTC-26AUG1504-B63150,1786778680325,sell,0.05,0.05
KXBTC-26AUG1504-B63150,1786778780435,sell,0.08,0.08
KXBTC-26AUG1504-B63150,1786778880456,buy,0.07,-0.07
KXBTC-26AUG1505-B62850,1786783531308,buy,0.05,0.95
KXBTC-26AUG1505-B62850,1786784080574,sell,0.03,-0.97
KXBTC-26AUG1505-B62850,1786784130724,buy,0.42,0.5800000000000001
KXBTC-26AUG1505-B62850,1786784180427,sell,0.24,-0.76
KXBTC-26AUG1505-B62850,1786784230398,buy,0.48,0.52
KXBTC-26AUG1505-B62850,1786784280718,sell,0.43,-0.5700000000000001
KXBTC-26AUG1505-B62850,1786784329492,buy,0.64,0.36
KXBTC-26AUG1505-B62950,1786781780329,sell,0.48,0.48
KXBTC-26AUG1505-B62950,1786781930365,buy,0.5,-0.5
KXBTC-26AUG1505-B62950,1786781980426,buy,0.39,-0.39
KXBTC-26AUG1505-B62950,1786782030717,sell,0.37,0.37
KXBTC-26AUG1505-B62950,1786782230126,buy,0.5,-0.5
KXBTC-26AUG1505-B62950,1786782280361,sell,0.49,0.49
KXBTC-26AUG1505-B62950,1786782430552,sell,0.56,0.56
KXBTC-26AUG1505-B62950,1786782480605,buy,0.63,-0.63
KXBTC-26AUG1505-B62950,1786782630544,buy,0.57,-0.57
KXBTC-26AUG1505-B62950,1786782730304,sell,0.56,0.56
KXBTC-26AUG1505-B62950,1786782880762,sell,0.64,0.64
KXBTC-26AUG1505-B62950,1786782930583,sell,0.73,0.73
KXBTC-26AUG1505-B62950,1786782980653,sell,0.75,0.75
KXBTC-26AUG1505-B62950,1786783229818,sell,0.8,0.8
KXBTC-26AUG1505-B62950,1786783579879,buy,0.85,-0.85
KXBTC-26AUG1505-B62950,1786783629860,sell,0.79,0.79
KXBTC-26AUG1505-B62950,1786783679956,buy,0.84,-0.84
KXBTC-26AUG1505-B62950,1786783780033,sell,0.68,0.68
KXBTC-26AUG1505-B62950,1786783829797,sell,0.78,0.78
KXBTC-26AUG1505-B62950,1786784079990,buy,0.92,-0.92
KXBTC-26AUG1505-B62950,1786784130113,sell,0.47,0.47
KXBTC-26AUG1505-B62950,1786784179856,buy,0.76,-0.76
KXBTC-26AUG1505-B62950,1786784229833,sell,0.47,0.47
KXBTC-26AUG1505-B62950,1786784280113,buy,0.55,-0.55
KXBTC-26AUG1505-B62950,1786784329347,sell,0.37,0.37
KXBTC-26AUG1505-B63050,1786781533953,buy,0.48,-0.48
KXBTC-26AUG1505-B63050,1786781633531,buy,0.4,-0.4
KXBTC-26AUG1505-B63050,1786782430845,buy,0.4,-0.4
KXBTC-26AUG1505-B63050,1786782630820,sell,0.32,0.32
KXBTC-26AUG1505-B63050,1786782780717,buy,0.35,-0.35
KXBTC-26AUG1505-B63050,1786782830917,buy,0.32,-0.32
KXBTC-26AUG1505-B63050,1786782881067,buy,0.27,-0.27
KXBTC-26AUG1505-B63050,1786783530511,sell,0.07,0.07
KXBTC-26AUG1505-B63050,1786783580304,sell,0.1,0.1
KXBTC-26AUG1505-B63050,1786783630292,buy,0.17,-0.17
KXBTC-26AUG1505-B63050,1786783679664,sell,0.11,0.11
KXBTC-26AUG1505-B63050,1786783779748,buy,0.28,-0.28
KXBTC-26AUG1505-B63050,1786783829488,buy,0.19,-0.19
KXBTC-26AUG1506-B62850,1786785383741,sell,0.49,0.49
KXBTC-26AUG1506-B62850,1786785433769,buy,0.55,-0.55
KXBTC-26AUG1506-B62850,1786785483783,buy,0.5,-0.5
KXBTC-26AUG1506-B62850,1786785580734,buy,0.44,-0.44
KXBTC-26AUG1506-B62850,1786785630746,sell,0.39,0.39
KXBTC-26AUG1506-B62850,1786785930765,buy,0.46,-0.46
KXBTC-26AUG1506-B62850,1786785980592,buy,0.41,-0.41
KXBTC-26AUG1506-B62850,1786786080599,buy,0.36,-0.36
KXBTC-26AUG1506-B62850,1786786180623,sell,0.29,0.29
KXBTC-26AUG1506-B62850,1786786229927,buy,0.35,-0.35
KXBTC-26AUG1506-B62850,1786786280012,buy,0.27,-0.27
KXBTC-26AUG1506-B62850,1786786479844,sell,0.19,0.19
KXBTC-26AUG1506-B62850,1786786529913,buy,0.22,-0.22
KXBTC-26AUG1506-B62950,1786785033649,sell,0.36,-0.64
KXBTC-26AUG1506-B62950,1786785383453,buy,0.41,0.5900000000000001
KXBTC-26AUG1506-B62950,1786785483490,sell,0.42,-0.5800000000000001
KXBTC-26AUG1506-B62950,1786786230659,sell,0.48,-0.52
KXBTC-26AUG1506-B62950,1786786280797,sell,0.66,-0.33999999999999997
KXBTC-26AUG1506-B62950,1786786330786,sell,0.68,-0.31999999999999995
KXBTC-26AUG1506-B62950,1786786430447,sell,0.7,-0.30000000000000004
KXBTC-26AUG1506-B62950,1786786480557,buy,0.74,0.26
KXBTC-26AUG1506-B62950,1786786530694,sell,0.71,-0.29000000000000004
KXBTC-26AUG1507-B62850,1786788184036,sell,0.13,0.13
KXBTC-26AUG1507-B62850,1786788434201,buy,0.18,-0.18
KXBTC-26AUG1507-B62850,1786788534143,buy,0.14,-0.14
KXBTC-26AUG1507-B62850,1786789033589,buy,0.09,-0.09
KXBTC-26AUG1507-B62950,1786788183877,buy,0.69,0.31000000000000005
KXBTC-26AUG1507-B62950,1786788484163,sell,0.7,-0.30000000000000004
KXBTC-26AUG1507-B62950,1786788933492,sell,0.75,-0.25
KXBTC-26AUG1507-B62950,1786789780879,sell,0.86,-0.14
KXBTC-26AUG1507-B62950,1786789931083,buy,0.86,0.14
KXBTC-26AUG1507-B62950,1786789980879,sell,0.79,-0.20999999999999996
KXBTC-26AUG1507-B62950,1786790130566,sell,0.84,-0.16000000000000003
KXBTC-26AUG1507-B62950,1786790180516,sell,0.86,-0.14
KXBTC-26AUG1507-B62950,1786790780167,buy,0.87,0.13
KXBTC-26AUG1507-B62950,1786790829885,buy,0.85,0.15000000000000002
KXBTC-26AUG1507-B62950,1786790979903,buy,0.85,0.15000000000000002
KXBTC-26AUG1507-B62950,1786791129997,sell,0.86,-0.14
KXBTC-26AUG1507-B63050,1786789083108,buy,0.1,-0.1
KXBTC-26AUG1507-B63050,1786789931372,sell,0.05,0.05
KXBTC-26AUG1507-B63050,1786790131022,buy,0.08,-0.08
KXBTC-26AUG1507-B63050,1786790380971,sell,0.06,0.06
KXBTC-26AUG1507-B63050,1786790781211,sell,0.07,0.07
KXBTC-26AUG1507-B63050,1786790880924,buy,0.11,-0.11
KXBTC-26AUG1507-B63050,1786791080982,buy,0.11,-0.11
KXBTC-26AUG1507-B63050,1786791181482,buy,0.07,-0.07
KXBTC-26AUG1508-B62950,1786792083529,buy,0.73,0.27
KXBTC-26AUG1508-B62950,1786792183577,sell,0.66,-0.33999999999999997
KXBTC-26AUG1508-B62950,1786792233679,sell,0.71,-0.29000000000000004
KXBTC-26AUG1508-B62950,1786792533561,buy,0.77,0.22999999999999998
KXBTC-26AUG1508-B62950,1786792630925,buy,0.73,0.27
KXBTC-26AUG1508-B62950,1786792730661,buy,0.68,0.31999999999999995
KXBTC-26AUG1508-B62950,1786792780636,sell,0.65,-0.35
KXBTC-26AUG1508-B62950,1786793180765,sell,0.78,-0.21999999999999997
KXBTC-26AUG1508-B62950,1786793280623,buy,0.8,0.19999999999999996
KXBTC-26AUG1508-B62950,1786793430584,buy,0.78,0.21999999999999997
KXBTC-26AUG1508-B62950,1786793530669,sell,0.75,-0.25
KXBTC-26AUG1508-B62950,1786793580543,sell,0.8,-0.19999999999999996
KXBTC-26AUG1508-B62950,1786793630856,sell,0.82,-0.18000000000000005
KXBTC-26AUG1508-B62950,1786793879660,sell,0.85,-0.15000000000000002
KXBTC-26AUG1508-B62950,1786793929759,buy,0.87,0.13
KXBTC-26AUG1508-B62950,1786794029830,sell,0.84,-0.16000000000000003
KXBTC-26AUG1508-B62950,1786794279997,buy,0.86,0.14
KXBTC-26AUG1508-B62950,1786794379855,sell,0.76,-0.24
KXBTC-26AUG1508-B63050,1786792083686,sell,0.15,0.15
KXBTC-26AUG1508-B63050,1786792183724,buy,0.22,-0.22
KXBTC-26AUG1508-B63050,1786792233827,buy,0.18,-0.18
KXBTC-26AUG1508-B63050,1786792630213,sell,0.15,0.15
KXBTC-26AUG1508-B63050,1786792779921,buy,0.23,-0.23
KXBTC-26AUG1508-B63050,1786792830111,sell,0.12,0.12
KXBTC-26AUG1508-B63050,1786793180061,buy,0.12,-0.12
KXBTC-26AUG1508-B63050,1786793429550,sell,0.13,0.13
KXBTC-26AUG1508-B63050,1786793529628,buy,0.15,-0.15
KXBTC-26AUG1508-B63050,1786793629555,buy,0.09,-0.09
KXBTC-26AUG1508-B63050,1786793929613,sell,0.07,0.07
KXBTC-26AUG1508-B63050,1786794279854,sell,0.09,0.09
KXBTC-26AUG1508-B63050,1786794329738,sell,0.17,0.17
KXBTC-26AUG1508-B63050,1786794379706,buy,0.18,-0.18
KXBTC-26AUG1509-B62850,1786795933391,sell,0.18,0.18
KXBTC-26AUG1509-B62850,1786795983361,buy,0.21,-0.21
KXBTC-26AUG1509-B62850,1786796083307,sell,0.21,0.21
KXBTC-26AUG1509-B62850,1786796133325,sell,0.23,0.23
KXBTC-26AUG1509-B62850,1786796183564,buy,0.29,-0.29
KXBTC-26AUG1509-B62850,1786796233466,buy,0.23,-0.23
KXBTC-26AUG1509-B62850,1786796781059,buy,0.2,-0.2
KXBTC-26AUG1509-B62850,1786797180662,sell,0.17,0.17
KXBTC-26AUG1509-B62850,1786797230422,sell,0.25,0.25
KXBTC-26AUG1509-B62850,1786797280694,buy,0.26,-0.26
KXBTC-26AUG1509-B62850,1786797630590,sell,0.21,0.21
KXBTC-26AUG1509-B62850,1786797679725,buy,0.43,-0.43
KXBTC-26AUG1509-B62850,1786797729682,sell,0.3,0.3
KXBTC-26AUG1509-B62850,1786797779417,sell,0.39,0.39
KXBTC-26AUG1509-B62850,1786797829419,sell,0.45,0.45
KXBTC-26AUG1509-B62850,1786797879599,buy,0.55,-0.55
KXBTC-26AUG1509-B62850,1786797929560,sell,0.44,0.44
KXBTC-26AUG1509-B62850,1786797979555,sell,0.65,0.65
KXBTC-26AUG1509-B62850,1786798079329,buy,0.66,-0.66
KXBTC-26AUG1509-B62850,1786798129559,sell,0.62,0.62
KXBTC-26AUG1509-B62850,1786798279624,sell,0.72,0.72
KXBTC-26AUG1509-B62850,1786798479522,buy,0.76,-0.76
KXBTC-26AUG1509-B62850,1786798529674,buy,0.63,-0.63
KXBTC-26AUG1509-B62950,1786795933698,buy,0.72,0.28
KXBTC-26AUG1509-B62950,1786795983648,sell,0.71,-0.29000000000000004
KXBTC-26AUG1509-B62950,1786796033816,buy,0.72,0.28
KXBTC-26AUG1509-B62950,1786796083603,buy,0.68,0.31999999999999995
KXBTC-26AUG1509-B62950,1786796183849,sell,0.64,-0.36
KXBTC-26AUG1509-B62950,1786796233778,sell,0.67,-0.32999999999999996
KXBTC-26AUG1509-B62950,1786797030957,sell,0.69,-0.31000000000000005
KXBTC-26AUG1509-B62950,1786797180996,buy,0.73,0.27
KXBTC-26AUG1509-B62950,1786797280980,sell,0.67,-0.32999999999999996
KXBTC-26AUG1509-B62950,1786797630887,buy,0.77,0.22999999999999998
KXBTC-26AUG1509-B62950,1786797679861,sell,0.51,-0.49
KXBTC-26AUG1509-B62950,1786797729829,buy,0.65,0.35
KXBTC-26AUG1509-B62950,1786797779564,buy,0.57,0.43000000000000005
KXBTC-26AUG1509-B62950,1786797829564,buy,0.51,0.49
KXBTC-26AUG1509-B62950,1786797879754,sell,0.41,-0.5900000000000001
KXBTC-26AUG1509-B62950,1786797929701,buy,0.54,0.45999999999999996
KXBTC-26AUG1509-B62950,1786797979739,buy,0.31,0.69
KXBTC-26AUG1509-B62950,1786798029707,sell,0.29,-0.71
KXBTC-26AUG1509-B62950,1786798079476,sell,0.32,-0.6799999999999999
KXBTC-26AUG1509-B62950,1786798279770,buy,0.26,0.74
KXBTC-26AUG1509-B62950,1786798479664,sell,0.24,-0.76
KXBTC-26AUG1509-B62950,1786798529824,sell,0.45,-0.55
KXBTC-26AUG1509-B62950,1786798579729,sell,0.73,-0.27
KXBTC-26AUG1509-B62950,1786798629708,sell,0.88,-0.12
KXBTC-26AUG1510-B62950,1786799033717,buy,0.59,0.41000000000000003
KXBTC-26AUG1510-B62950,1786799083612,buy,0.49,0.51
KXBTC-26AUG1510-B62950,1786799133899,buy,0.4,0.6
KXBTC-26AUG1510-B62950,1786799233668,sell,0.39,-0.61
KXBTC-26AUG1510-B62950,1786799383909,sell,0.42,-0.5800000000000001
KXBTC-26AUG1510-B62950,1786799533756,buy,0.52,0.48
KXBTC-26AUG1510-B62950,1786799683377,buy,0.46,0.54
KXBTC-26AUG1510-B62950,1786799833267,sell,0.41,-0.5900000000000001
KXBTC-26AUG1510-B62950,1786799933308,sell,0.51,-0.49
KXBTC-26AUG1510-B62950,1786799983291,buy,0.61,0.39
KXBTC-26AUG1510-B62950,1786800033424,buy,0.56,0.43999999999999995
KXBTC-26AUG1510-B62950,1786800133299,sell,0.53,-0.47
KXBTC-26AUG1510-B62950,1786800430934,sell,0.62,-0.38
KXBTC-26AUG1510-B62950,1786800480642,buy,0.65,0.35
KXBTC-26AUG1510-B62950,1786800530616,sell,0.64,-0.36
KXBTC-26AUG1510-B62950,1786800580753,sell,0.66,-0.33999999999999997
KXBTC-26AUG1510-B62950,1786800979979,sell,0.7,-0.30000000000000004
KXBTC-26AUG1510-B62950,1786801130031,buy,0.74,0.26
KXBTC-26AUG1510-B62950,1786801180184,sell,0.67,-0.32999999999999996
KXBTC-26AUG1510-B62950,1786801280145,sell,0.81,-0.18999999999999995
KXBTC-26AUG1510-B62950,1786801380349,sell,0.84,-0.16000000000000003
KXBTC-26AUG1510-B62950,1786801879905,buy,0.89,0.10999999999999999
KXBTC-26AUG1510-B62950,1786801930144,sell,0.77,-0.22999999999999998
KXBTC-26AUG1510-B62950,1786802079990,sell,0.9,-0.09999999999999998
KXBTC-26AUG1510-B62950,1786802279696,sell,0.89,-0.10999999999999999
KXBTC-26AUG1510-B63050,1786799033573,sell,0.23,0.23
KXBTC-26AUG1510-B63050,1786799083433,sell,0.38,0.38
KXBTC-26AUG1510-B63050,1786799133759,sell,0.43,0.43
KXBTC-26AUG1510-B63050,1786799183692,sell,0.45,0.45
KXBTC-26AUG1510-B63050,1786799233527,buy,0.48,-0.48
KXBTC-26AUG1510-B63050,1786799383760,buy,0.44,-0.44
KXBTC-26AUG1510-B63050,1786799483695,sell,0.34,0.34
KXBTC-26AUG1510-B63050,1786799683683,sell,0.41,0.41
KXBTC-26AUG1510-B63050,1786799833582,buy,0.49,-0.49
KXBTC-26AUG1510-B63050,1786799933583,buy,0.39,-0.39
KXBTC-26AUG1510-B63050,1786799983588,sell,0.29,0.29
KXBTC-26AUG1510-B63050,1786800033715,sell,0.33,0.33
KXBTC-26AUG1510-B63050,1786800133588,buy,0.37,-0.37
KXBTC-26AUG1510-B63050,1786800230804,buy,0.29,-0.29
KXBTC-26AUG1510-B63050,1786800480789,sell,0.27,0.27
KXBTC-26AUG1510-B63050,1786800580898,buy,0.25,-0.25
KXBTC-26AUG1510-B63050,1786800730955,sell,0.22,0.22
KXBTC-26AUG1510-B63050,1786800780786,buy,0.25,-0.25
KXBTC-26AUG1510-B63050,1786800880897,sell,0.25,0.25
KXBTC-26AUG1510-B63050,1786800980740,buy,0.26,-0.26
KXBTC-26AUG1510-B63050,1786801080858,buy,0.2,-0.2
KXBTC-26AUG1510-B63050,1786801130752,sell,0.18,0.18
KXBTC-26AUG1510-B63050,1786801180917,buy,0.27,-0.27
KXBTC-26AUG1510-B63050,1786801330908,buy,0.13,-0.13
KXBTC-26AUG1510-B63050,1786801381085,buy,0.1,-0.1
KXBTC-26AUG1510-B63050,1786801880638,sell,0.1,0.1
KXBTC-26AUG1510-B63050,1786801930847,buy,0.19,-0.19
KXBTC-26AUG1511-B62950,1786803283717,sell,0.64,-0.36
KXBTC-26AUG1511-B62950,1786803333884,buy,0.65,0.35
KXBTC-26AUG1511-B62950,1786804031011,sell,0.63,-0.37
KXBTC-26AUG1511-B62950,1786804130999,sell,0.73,-0.27
KXBTC-26AUG1511-B62950,1786804280992,sell,0.75,-0.25
KXBTC-26AUG1511-B62950,1786804530833,buy,0.79,0.20999999999999996
KXBTC-26AUG1511-B62950,1786804730102,sell,0.77,-0.22999999999999998
KXBTC-26AUG1511-B62950,1786804830333,buy,0.84,0.16000000000000003
KXBTC-26AUG1511-B62950,1786804881582,sell,0.78,-0.21999999999999997
KXBTC-26AUG1511-B62950,1786805180389,buy,0.86,0.14
KXBTC-26AUG1511-B62950,1786805230421,sell,0.85,-0.15000000000000002
KXBTC-26AUG1511-B63050,1786802833885,sell,0.27,0.27
KXBTC-26AUG1511-B63050,1786803083801,buy,0.28,-0.28
KXBTC-26AUG1511-B63050,1786803333735,sell,0.27,0.27
KXBTC-26AUG1511-B63050,1786803431058,buy,0.29,-0.29
KXBTC-26AUG1511-B63050,1786803531026,buy,0.25,-0.25
KXBTC-26AUG1511-B63050,1786803581404,buy,0.17,-0.17
KXBTC-26AUG1511-B63050,1786803731254,buy,0.15,-0.15
KXBTC-26AUG1511-B63050,1786803881418,sell,0.07,0.07
KXBTC-26AUG1511-B63050,1786803931215,sell,0.13,0.13
KXBTC-26AUG1511-B63050,1786804031432,sell,0.19,0.19
KXBTC-26AUG1511-B63050,1786804281433,buy,0.17,-0.17
KXBTC-26AUG1511-B63050,1786804431265,buy,0.16,-0.16
KXBTC-26AUG1511-B63050,1786804531264,sell,0.14,0.14
KXBTC-26AUG1511-B63050,1786804730977,buy,0.17,-0.17
KXBTC-26AUG1511-B63050,1786804831251,sell,0.1,0.1
KXBTC-26AUG1511-B63050,1786804882783,buy,0.18,-0.18
KXBTC-26AUG1511-B63050,1786804931135,sell,0.11,0.11
KXBTC-26AUG1511-B63050,1786805081397,buy,0.12,-0.12
KXBTC-26AUG1512-B62850,1786806984738,buy,0.09,-0.09
KXBTC-26AUG1512-B62950,1786806733354,buy,0.67,-0.67
KXBTC-26AUG1512-B62950,1786806933272,sell,0.68,0.68
KXBTC-26AUG1512-B62950,1786806984446,buy,0.69,-0.69
KXBTC-26AUG1512-B62950,1786807036935,buy,0.53,-0.53
KXBTC-26AUG1512-B62950,1786807134495,buy,0.5,-0.5
KXBTC-26AUG1512-B62950,1786807181397,buy,0.48,-0.48
KXBTC-26AUG1512-B62950,1786807231510,sell,0.4,0.4
KXBTC-26AUG1512-B62950,1786807331819,sell,0.48,0.48
KXBTC-26AUG1512-B62950,1786807581432,buy,0.51,-0.51
KXBTC-26AUG1512-B62950,1786807681270,sell,0.43,0.43
KXBTC-26AUG1512-B62950,1786807881606,sell,0.44,0.44
KXBTC-26AUG1512-B62950,1786807931728,buy,0.48,-0.48
KXBTC-26AUG1512-B62950,1786807981332,buy,0.41,-0.41
KXBTC-26AUG1512-B62950,1786808031233,buy,0.33,-0.33
KXBTC-26AUG1512-B62950,1786808081348,sell,0.19,0.19
KXBTC-26AUG1512-B62950,1786808131371,buy,0.22,-0.22
KXBTC-26AUG1512-B62950,1786808181370,buy,0.16,-0.16
KXBTC-26AUG1512-B63050,1786806733496,sell,0.23,-0.77
KXBTC-26AUG1512-B63050,1786806933419,buy,0.24,0.76
KXBTC-26AUG1512-B63050,1786806984593,sell,0.23,-0.77
KXBTC-26AUG1512-B63050,1786807182258,sell,0.44,-0.56
KXBTC-26AUG1512-B63050,1786807232382,buy,0.52,0.48
KXBTC-26AUG1512-B63050,1786807332694,buy,0.42,0.5800000000000001
KXBTC-26AUG1512-B63050,1786807482573,sell,0.39,-0.61
KXBTC-26AUG1512-B63050,1786807582324,sell,0.42,-0.5800000000000001
KXBTC-26AUG1512-B63050,1786807982130,sell,0.53,-0.47
KXBTC-26AUG1512-B63050,1786808031956,sell,0.61,-0.39
KXBTC-26AUG1512-B63050,1786808082086,buy,0.72,0.28
KXBTC-26AUG1512-B63050,1786808132126,sell,0.71,-0.29000000000000004
KXBTC-26AUG1512-B63050,1786808182115,sell,0.75,-0.25
KXBTC-26AUG1513-B62950,1786809984907,sell,0.28,0.28
KXBTC-26AUG1513-B62950,1786810035230,sell,0.3,0.3
KXBTC-26AUG1513-B62950,1786810085260,sell,0.34,0.34
KXBTC-26AUG1513-B62950,1786810134925,buy,0.41,-0.41
KXBTC-26AUG1513-B62950,1786810185149,buy,0.36,-0.36
KXBTC-26AUG1513-B62950,1786810384761,sell,0.26,0.26
KXBTC-26AUG1513-B62950,1786810584431,sell,0.41,0.41
KXBTC-26AUG1513-B62950,1786810734150,buy,0.48,-0.48
KXBTC-26AUG1513-B62950,1786810834436,sell,0.33,0.33
KXBTC-26AUG1513-B62950,1786810984618,buy,0.34,-0.34
KXBTC-26AUG1513-B62950,1786811031394,buy,0.26,-0.26
KXBTC-26AUG1513-B62950,1786811131541,buy,0.16,-0.16
KXBTC-26AUG1513-B62950,1786811231763,buy,0.13,-0.13
KXBTC-26AUG1513-B62950,1786811431901,sell,0.1,0.1
KXBTC-26AUG1513-B62950,1786811481761,buy,0.11,-0.11
KXBTC-26AUG1513-B62950,1786811631513,sell,0.11,0.11
KXBTC-26AUG1513-B62950,1786811681338,sell,0.18,0.18
KXBTC-26AUG1513-B62950,1786811731389,buy,0.2,-0.2
KXBTC-26AUG1513-B62950,1786811781343,buy,0.14,-0.14
KXBTC-26AUG1513-B62950,1786811831549,sell,0.13,0.13
KXBTC-26AUG1513-B62950,1786811881370,buy,0.19,-0.19
KXBTC-26AUG1513-B62950,1786811931513,buy,0.14,-0.14
KXBTC-26AUG1513-B62950,1786811981401,buy,0.12,-0.12
KXBTC-26AUG1513-B62950,1786812031546,sell,0.11,0.11
KXBTC-26AUG1513-B62950,1786812131335,buy,0.13,-0.13
KXBTC-26AUG1513-B63050,1786809834694,sell,0.62,-0.38
KXBTC-26AUG1513-B63050,1786809984765,buy,0.66,0.33999999999999997
KXBTC-26AUG1513-B63050,1786810085112,buy,0.62,0.38
KXBTC-26AUG1513-B63050,1786810134782,sell,0.5,-0.5
KXBTC-26AUG1513-B63050,1786810184999,sell,0.56,-0.43999999999999995
KXBTC-26AUG1513-B63050,1786810235072,sell,0.65,-0.35
KXBTC-26AUG1513-B63050,1786810383426,buy,0.67,0.32999999999999996
KXBTC-26AUG1513-B63050,1786810533066,buy,0.59,0.41000000000000003
KXBTC-26AUG1513-B63050,1786810583126,buy,0.51,0.49
KXBTC-26AUG1513-B63050,1786810633355,buy,0.48,0.52
KXBTC-26AUG1513-B63050,1786810732884,sell,0.45,-0.55
KXBTC-26AUG1513-B63050,1786810983267,sell,0.6,-0.4
KXBTC-26AUG1513-B63050,1786811030809,sell,0.64,-0.36
KXBTC-26AUG1513-B63050,1786811231181,sell,0.76,-0.24
KXBTC-26AUG1513-B63050,1786811281024,sell,0.79,-0.20999999999999996
KXBTC-26AUG1513-B63050,1786811530957,sell,0.8,-0.19999999999999996
KXBTC-26AUG1513-B63050,1786811630923,buy,0.81,0.18999999999999995
KXBTC-26AUG1513-B63050,1786811730873,sell,0.74,-0.26
KXBTC-26AUG1513-B63050,1786811831077,buy,0.8,0.19999999999999996
KXBTC-26AUG1513-B63050,1786811880917,sell,0.75,-0.25
KXBTC-26AUG1513-B63050,1786812430972,sell,0.88,-0.12
KXBTC-26AUG1513-B63150,1786810584862,buy,0.04,-0.04
KXBTC-26AUG1514-B62950,1786814034881,buy,0.22,-0.22
KXBTC-26AUG1514-B62950,1786814784242,sell,0.18,0.18
KXBTC-26AUG1514-B62950,1786814834090,sell,0.39,0.39
KXBTC-26AUG1514-B62950,1786814884136,sell,0.48,0.48
KXBTC-26AUG1514-B62950,1786814934002,buy,0.5,-0.5
KXBTC-26AUG1514-B62950,1786814983978,buy,0.41,-0.41
KXBTC-26AUG1514-B62950,1786815134039,sell,0.4,0.4
KXBTC-26AUG1514-B62950,1786815283923,buy,0.39,-0.39
KXBTC-26AUG1514-B62950,1786815433468,sell,0.33,0.33
KXBTC-26AUG1514-B62950,1786815483182,buy,0.42,-0.42
KXBTC-26AUG1514-B62950,1786815533165,buy,0.37,-0.37
KXBTC-26AUG1514-B62950,1786815583299,sell,0.34,0.34
KXBTC-26AUG1514-B62950,1786815733316,buy,0.43,-0.43
KXBTC-26AUG1514-B62950,1786815833063,sell,0.39,0.39
KXBTC-26AUG1514-B62950,1786816533363,buy,0.51,-0.51
KXBTC-26AUG1514-B62950,1786816583308,sell,0.2,0.2
KXBTC-26AUG1514-B62950,1786816633656,buy,0.31,-0.31
KXBTC-26AUG1514-B62950,1786816733203,buy,0.23,-0.23
KXBTC-26AUG1514-B63050,1786814783659,buy,0.72,0.28
KXBTC-26AUG1514-B63050,1786814833512,buy,0.52,0.48
KXBTC-26AUG1514-B63050,1786814883513,buy,0.44,0.56
KXBTC-26AUG1514-B63050,1786814933429,sell,0.43,-0.5700000000000001
KXBTC-26AUG1514-B63050,1786814983355,sell,0.52,-0.48
KXBTC-26AUG1514-B63050,1786815033578,sell,0.55,-0.44999999999999996
KXBTC-26AUG1514-B63050,1786815083645,buy,0.57,0.43000000000000005
KXBTC-26AUG1514-B63050,1786815133414,buy,0.53,0.47
KXBTC-26AUG1514-B63050,1786815283335,sell,0.52,-0.48
KXBTC-26AUG1514-B63050,1786815333348,sell,0.6,-0.4
KXBTC-26AUG1514-B63050,1786815383446,buy,0.62,0.38
KXBTC-26AUG1514-B63050,1786815433628,buy,0.6,0.4
KXBTC-26AUG1514-B63050,1786815483324,sell,0.49,-0.51
KXBTC-26AUG1514-B63050,1786815583443,buy,0.59,0.41000000000000003
KXBTC-26AUG1514-B63050,1786815733466,sell,0.49,-0.51
KXBTC-26AUG1514-B63050,1786815833211,buy,0.55,0.44999999999999996
KXBTC-26AUG1514-B63050,1786815883339,sell,0.5,-0.5
KXBTC-26AUG1514-B63050,1786816333057,sell,0.55,-0.44999999999999996
KXBTC-26AUG1514-B63050,1786816533059,sell,0.51,-0.49
KXBTC-26AUG1514-B63050,1786816583016,buy,0.8,0.19999999999999996
KXBTC-26AUG1514-B63050,1786816633342,sell,0.69,-0.31000000000000005
KXBTC-26AUG1514-B63050,1786816733063,sell,0.77,-0.22999999999999998
KXBTC-26AUG1515-B62950,1786817385125,sell,0.29,-0.71
KXBTC-26AUG1515-B62950,1786817434801,buy,0.32,0.6799999999999999
KXBTC-26AUG1515-B62950,1786817485504,buy,0.21,0.79
KXBTC-26AUG1515-B62950,1786817535138,buy,0.16,0.84
KXBTC-26AUG1515-B62950,1786817585145,buy,0.14,0.86
KXBTC-26AUG1515-B62950,1786817634871,sell,0.12,-0.88
KXBTC-26AUG1515-B62950,1786817735086,sell,0.16,-0.84
KXBTC-26AUG1515-B62950,1786817834992,sell,0.26,-0.74
KXBTC-26AUG1515-B62950,1786817885127,sell,0.39,-0.61
KXBTC-26AUG1515-B62950,1786817934878,sell,0.44,-0.56
KXBTC-26AUG1515-B62950,1786817983836,sell,0.56,-0.43999999999999995
KXBTC-26AUG1515-B62950,1786818233851,buy,0.59,0.41000000000000003
KXBTC-26AUG1515-B62950,1786818283878,sell,0.49,-0.51
KXBTC-26AUG1515-B62950,1786818333967,sell,0.53,-0.47
KXBTC-26AUG1515-B62950,1786818433773,sell,0.55,-0.44999999999999996
KXBTC-26AUG1515-B62950,1786818633488,buy,0.64,0.36
KXBTC-26AUG1515-B62950,1786818683652,sell,0.61,-0.39
KXBTC-26AUG1515-B62950,1786819985184,buy,0.92,0.07999999999999996
KXBTC-26AUG1515-B62950,1786820085189,buy,0.9,0.09999999999999998
KXBTC-26AUG1515-B62950,1786820185048,sell,0.91,-0.08999999999999997
KXBTC-26AUG1515-B63050,1786817433674,sell,0.62,0.62
KXBTC-26AUG1515-B63050,1786817484346,sell,0.68,0.68
KXBTC-26AUG1515-B63050,1786817633697,sell,0.73,0.73
KXBTC-26AUG1515-B63050,1786817733903,buy,0.74,-0.74
KXBTC-26AUG1515-B63050,1786817833830,buy,0.65,-0.65
KXBTC-26AUG1515-B63050,1786817883962,buy,0.52,-0.52
KXBTC-26AUG1515-B63050,1786817933658,buy,0.46,-0.46
KXBTC-26AUG1515-B63050,1786817983407,buy,0.36,-0.36
KXBTC-26AUG1515-B63050,1786818033404,sell,0.29,0.29
KXBTC-26AUG1515-B63050,1786818233412,sell,0.34,0.34
KXBTC-26AUG1515-B63050,1786818283432,buy,0.44,-0.44
KXBTC-26AUG1515-B63050,1786818333531,buy,0.39,-0.39
KXBTC-26AUG1515-B63050,1786818483419,buy,0.34,-0.34
KXBTC-26AUG1515-B63050,1786818633358,sell,0.3,0.3
KXBTC-26AUG1515-B63050,1786818683502,buy,0.31,-0.31
KXBTC-26AUG1515-B63050,1786818983412,buy,0.27,-0.27
KXBTC-26AUG1515-B63050,1786819485237,buy,0.21,-0.21
KXBTC-26AUG1515-B63150,1786817485648,sell,0.06,0.06
KXBTC-26AUG1516-B62950,1786821286814,sell,0.25,0.25
KXBTC-26AUG1516-B62950,1786821386713,buy,0.29,-0.29
KXBTC-26AUG1516-B62950,1786821536635,buy,0.22,-0.22
KXBTC-26AUG1516-B62950,1786821586853,buy,0.16,-0.16
KXBTC-26AUG1516-B62950,1786821786765,buy,0.14,-0.14
KXBTC-26AUG1516-B62950,1786822036835,sell,0.09,0.09
KXBTC-26AUG1516-B63050,1786821236137,buy,0.68,0.31999999999999995
KXBTC-26AUG1516-B63050,1786821385990,sell,0.68,-0.31999999999999995
KXBTC-26AUG1516-B63050,1786821436386,buy,0.73,0.27
KXBTC-26AUG1516-B63050,1786821486206,sell,0.69,-0.31000000000000005
KXBTC-26AUG1516-B63050,1786821586137,sell,0.75,-0.25
KXBTC-26AUG1516-B63050,1786822035360,buy,0.79,0.20999999999999996
KXBTC-26AUG1516-B63050,1786822335810,sell,0.79,-0.20999999999999996
KXBTC-26AUG1516-B63050,1786823035408,sell,0.9,-0.09999999999999998
KXBTC-26AUG1516-B63050,1786823285391,buy,0.94,0.06000000000000005
KXBTC-26AUG1516-B63050,1786823335501,sell,0.9,-0.09999999999999998
KXBTC-26AUG1517-B62625,1786743321420,sell,0.18,0.18
KXBTC-26AUG1517-B62625,1786745523706,sell,0.2,0.2
KXBTC-26AUG1517-B62625,1786745773535,sell,0.22,0.22
KXBTC-26AUG1517-B62625,1786750871680,buy,0.21,-0.21
KXBTC-26AUG1517-B62625,1786751621869,buy,0.17,-0.17
KXBTC-26AUG1517-B62625,1786772179464,sell,0.08,0.08
KXBTC-26AUG1517-B62625,1786783379371,sell,0.12,0.12
KXBTC-26AUG1517-B62625,1786784079408,sell,0.13,0.13
KXBTC-26AUG1517-B62625,1786798679747,buy,0.16,-0.16
KXBTC-26AUG1517-B62875,1786753671337,sell,0.32,0.32
KXBTC-26AUG1517-B62875,1786754671405,sell,0.34,0.34
KXBTC-26AUG1517-B62875,1786755973701,buy,0.36,-0.36
KXBTC-26AUG1517-B62875,1786756573923,sell,0.35,0.35
KXBTC-26AUG1517-B62875,1786763823791,buy,0.26,-0.26
KXBTC-26AUG1517-B62875,1786764009084,sell,0.25,0.25
KXBTC-26AUG1517-B62875,1786782179093,sell,0.32,0.32
KXBTC-26AUG1517-B62875,1786783729127,buy,0.34,-0.34
KXBTC-26AUG1517-B62875,1786784029009,sell,0.34,0.34
KXBTC-26AUG1517-B62875,1786798779095,buy,0.37,-0.37
KXBTC-26AUG1517-B62875,1786806931408,sell,0.42,0.42
KXBTC-26AUG1517-B62875,1786807035053,buy,0.41,-0.41
KXBTC-26AUG1517-B62875,1786814532792,sell,0.39,0.39
KXBTC-26AUG1517-B62875,1786816532766,buy,0.46,-0.46
KXBTC-26AUG1517-B62875,1786817432655,buy,0.42,-0.42
KXBTC-26AUG1517-B62875,1786817483309,buy,0.39,-0.39
KXBTC-26AUG1517-B62875,1786817682628,sell,0.32,0.32
KXBTC-26AUG1517-B62875,1786817732831,sell,0.35,0.35
KXBTC-26AUG1517-B62875,1786817832741,sell,0.37,0.37
KXBTC-26AUG1517-B62875,1786817982795,sell,0.5,0.5
KXBTC-26AUG1517-B62875,1786818232825,buy,0.51,-0.51
KXBTC-26AUG1517-B62875,1786818482808,sell,0.5,0.5
KXBTC-26AUG1517-B62875,1786820934687,buy,0.43,-0.43
KXBTC-26AUG1517-B62875,1786821134760,buy,0.39,-0.39
KXBTC-26AUG1517-B62875,1786821284598,sell,0.37,0.37
KXBTC-26AUG1517-B62875,1786821534415,buy,0.36,-0.36
KXBTC-26AUG1517-B62875,1786821584694,buy,0.31,-0.31
KXBTC-26AUG1517-B62875,1786821784669,buy,0.27,-0.27
KXBTC-26AUG1517-B62875,1786821884705,buy,0.24,-0.24
KXBTC-26AUG1517-B62875,1786821984613,buy,0.21,-0.21
KXBTC-26AUG1517-B62875,1786822034751,sell,0.19,0.19
KXBTC-26AUG1517-B62875,1786822635112,buy,0.27,-0.27
KXBTC-26AUG1517-B62875,1786822734673,buy,0.19,-0.19
KXBTC-26AUG1517-B62875,1786822784626,sell,0.17,0.17
KXBTC-26AUG1517-B62875,1786823234683,buy,0.22,-0.22
KXBTC-26AUG1517-B62875,1786823434797,buy,0.18,-0.18
KXBTC-26AUG1517-B62875,1786824035086,sell,0.12,0.12
KXBTC-26AUG1517-B62875,1786824434647,sell,0.18,0.18
KXBTC-26AUG1517-B62875,1786824484734,buy,0.29,-0.29
KXBTC-26AUG1517-B62875,1786824635003,sell,0.28,0.28
KXBTC-26AUG1517-B62875,1786824734723,buy,0.38,-0.38
KXBTC-26AUG1517-B62875,1786824982516,sell,0.32,0.32
KXBTC-26AUG1517-B62875,1786825082646,buy,0.38,-0.38
KXBTC-26AUG1517-B62875,1786825532444,sell,0.32,0.32
KXBTC-26AUG1517-B62875,1786825732514,buy,0.34,-0.34
KXBTC-26AUG1517-B62875,1786825782514,sell,0.22,0.22
KXBTC-26AUG1517-B62875,1786826332485,buy,0.24,-0.24
KXBTC-26AUG1517-B62875,1786826632540,buy,0.18,-0.18
KXBTC-26AUG1517-B62875,1786826682525,buy,0.11,-0.11
KXBTC-26AUG1517-B63125,1786745723955,buy,0.18,0.8200000000000001
KXBTC-26AUG1517-B63125,1786749274038,sell,0.19,-0.81
KXBTC-26AUG1517-B63125,1786750921967,sell,0.24,-0.76
KXBTC-26AUG1517-B63125,1786751621720,sell,0.27,-0.73
KXBTC-26AUG1517-B63125,1786753721460,sell,0.28,-0.72
KXBTC-26AUG1517-B63125,1786753771510,buy,0.3,0.7
KXBTC-26AUG1517-B63125,1786756373921,sell,0.29,-0.71
KXBTC-26AUG1517-B63125,1786756473761,buy,0.3,0.7
KXBTC-26AUG1517-B63125,1786757073834,sell,0.29,-0.71
KXBTC-26AUG1517-B63125,1786759171682,sell,0.31,-0.69
KXBTC-26AUG1517-B63125,1786777681542,buy,0.35,0.65
KXBTC-26AUG1517-B63125,1786794429426,buy,0.34,0.6599999999999999
KXBTC-26AUG1517-B63125,1786795629313,sell,0.31,-0.69
KXBTC-26AUG1517-B63125,1786798929532,buy,0.35,0.65
KXBTC-26AUG1517-B63125,1786799931561,buy,0.36,0.64
KXBTC-26AUG1517-B63125,1786800629300,buy,0.37,0.63
KXBTC-26AUG1517-B63125,1786807035191,sell,0.38,-0.62
KXBTC-26AUG1517-B63125,1786807331027,buy,0.41,0.5900000000000001
KXBTC-26AUG1517-B63125,1786808030526,sell,0.44,-0.56
KXBTC-26AUG1517-B63125,1786810732597,sell,0.46,-0.54
KXBTC-26AUG1517-B63125,1786811280726,sell,0.55,-0.44999999999999996
KXBTC-26AUG1517-B63125,1786814532937,buy,0.54,0.45999999999999996
KXBTC-26AUG1517-B63125,1786817732980,buy,0.62,0.38
KXBTC-26AUG1517-B63125,1786817832885,buy,0.58,0.42000000000000004
KXBTC-26AUG1517-B63125,1786820934838,sell,0.54,-0.45999999999999996
KXBTC-26AUG1517-B63125,1786821534566,sell,0.64,-0.36
KXBTC-26AUG1517-B63125,1786821784823,sell,0.7,-0.30000000000000004
KXBTC-26AUG1517-B63125,1786822034901,buy,0.75,0.25
KXBTC-26AUG1517-B63125,1786822635263,sell,0.71,-0.29000000000000004
KXBTC-26AUG1517-B63125,1786822784776,buy,0.78,0.21999999999999997
KXBTC-26AUG1517-B63125,1786823234825,sell,0.76,-0.24
KXBTC-26AUG1517-B63125,1786824035240,buy,0.86,0.14
KXBTC-26AUG1517-B63125,1786824335194,buy,0.83,0.17000000000000004
KXBTC-26AUG1517-B63125,1786824484877,sell,0.72,-0.28
KXBTC-26AUG1517-B63125,1786824635153,buy,0.76,0.24
KXBTC-26AUG1517-B63125,1786824684980,buy,0.64,0.36
KXBTC-26AUG1517-B63125,1786824734873,sell,0.58,-0.42000000000000004
KXBTC-26AUG1517-B63125,1786824982656,buy,0.64,0.36
KXBTC-26AUG1517-B63125,1786825082799,sell,0.57,-0.43000000000000005
KXBTC-26AUG1517-B63125,1786825532592,buy,0.61,0.39
KXBTC-26AUG1517-B63125,1786825632797,sell,0.59,-0.41000000000000003
KXBTC-26AUG1517-B63125,1786825732663,sell,0.68,-0.31999999999999995
KXBTC-26AUG1517-B63125,1786826082575,buy,0.65,0.35
KXBTC-26AUG1517-B63125,1786826332629,sell,0.74,-0.26
KXBTC-26AUG1517-B63125,1786826632684,sell,0.8,-0.19999999999999996
KXBTC-26AUG1517-B63125,1786826832880,sell,0.9,-0.09999999999999998
KXBTC-26AUG1517-B63375,1786754323774,buy,0.11,-0.11
KXBTC-26AUG1517-B63375,1786756474792,buy,0.1,-0.1
KXBTC-26AUG1518-B63050,1786828384890,buy,0.7,0.30000000000000004
KXBTC-26AUG1518-B63050,1786828734775,buy,0.71,0.29000000000000004
KXBTC-26AUG1518-B63050,1786829182606,buy,0.7,0.30000000000000004
KXBTC-26AUG1518-B63050,1786829932537,buy,0.69,0.31000000000000005
KXBTC-26AUG1518-B63050,1786830032457,buy,0.62,0.38
KXBTC-26AUG1518-B63050,1786830132789,sell,0.49,-0.51
KXBTC-26AUG1518-B63050,1786830182644,sell,0.69,-0.31000000000000005
KXBTC-26AUG1518-B63050,1786830232512,buy,0.7,0.30000000000000004
KXBTC-26AUG1518-B63050,1786830282524,buy,0.57,0.43000000000000005
KXBTC-26AUG1518-B63050,1786830332530,sell,0.55,-0.44999999999999996
KXBTC-26AUG1518-B63050,1786830432496,buy,0.63,0.37
KXBTC-26AUG1518-B63050,1786830833020,sell,0.62,-0.38
KXBTC-26AUG1518-B63050,1786830882432,buy,0.83,0.17000000000000004
KXBTC-26AUG1518-B63050,1786830932527,sell,0.71,-0.29000000000000004
KXBTC-26AUG1518-B63050,1786830982532,buy,0.78,0.21999999999999997
KXBTC-26AUG1518-B63050,1786831032642,sell,0.57,-0.43000000000000005
KXBTC-26AUG1518-B63150,1786829033006,sell,0.1,0.1
KXBTC-26AUG1518-B63150,1786829182900,sell,0.18,0.18
KXBTC-26AUG1518-B63150,1786829432908,buy,0.29,-0.29
KXBTC-26AUG1518-B63150,1786830032606,sell,0.3,0.3
KXBTC-26AUG1518-B63150,1786830082553,sell,0.39,0.39
KXBTC-26AUG1518-B63150,1786830132936,buy,0.45,-0.45
KXBTC-26AUG1518-B63150,1786830182797,buy,0.36,-0.36
KXBTC-26AUG1518-B63150,1786830232651,sell,0.33,0.33
KXBTC-26AUG1518-B63150,1786830282669,sell,0.41,0.41
KXBTC-26AUG1518-B63150,1786830332685,buy,0.46,-0.46
KXBTC-26AUG1518-B63150,1786830432645,sell,0.35,0.35
KXBTC-26AUG1518-B63150,1786830782877,sell,0.3,0.3
KXBTC-26AUG1518-B63150,1786830833168,buy,0.34,-0.34
KXBTC-26AUG1518-B63150,1786830882579,sell,0.16,0.16
KXBTC-26AUG1518-B63150,1786830932673,buy,0.29,-0.29
KXBTC-26AUG1518-B63150,1786830982679,sell,0.21,0.21
KXBTC-26AUG1518-B63150,1786831032788,buy,0.42,-0.42
KXBTC-26AUG1519-B63050,1786831637630,sell,0.54,-0.45999999999999996
KXBTC-26AUG1519-B63050,1786831889029,sell,0.54,-0.45999999999999996
KXBTC-26AUG1519-B63050,1786831937998,sell,0.59,-0.41000000000000003
KXBTC-26AUG1519-B63050,1786831987950,buy,0.62,0.38
KXBTC-26AUG1519-B63050,1786832135972,sell,0.62,-0.38
KXBTC-26AUG1519-B63050,1786832336121,sell,0.7,-0.30000000000000004
KXBTC-26AUG1519-B63050,1786832386092,buy,0.72,0.28
KXBTC-26AUG1519-B63050,1786832486167,sell,0.68,-0.31999999999999995
KXBTC-26AUG1519-B63050,1786832535884,buy,0.7,0.30000000000000004
KXBTC-26AUG1519-B63050,1786832683344,sell,0.63,-0.37
KXBTC-26AUG1519-B63050,1786832733531,sell,0.66,-0.33999999999999997
KXBTC-26AUG1519-B63050,1786832983428,buy,0.68,0.31999999999999995
KXBTC-26AUG1519-B63050,1786833083310,sell,0.63,-0.37
KXBTC-26AUG1519-B63050,1786833133636,buy,0.66,0.33999999999999997
KXBTC-26AUG1519-B63050,1786833483824,sell,0.68,-0.31999999999999995
KXBTC-26AUG1519-B63050,1786834083734,buy,0.72,0.28
KXBTC-26AUG1519-B63050,1786834133611,buy,0.62,0.38
KXBTC-26AUG1519-B63050,1786834183420,sell,0.34,-0.6599999999999999
KXBTC-26AUG1519-B63050,1786834233487,sell,0.46,-0.54
KXBTC-26AUG1519-B63150,1786831637786,buy,0.38,-0.38
KXBTC-26AUG1519-B63150,1786831787020,sell,0.36,0.36
KXBTC-26AUG1519-B63150,1786831889184,buy,0.37,-0.37
KXBTC-26AUG1519-B63150,1786831938153,buy,0.34,-0.34
KXBTC-26AUG1519-B63150,1786832136587,buy,0.31,-0.31
KXBTC-26AUG1519-B63150,1786832336715,buy,0.24,-0.24
KXBTC-26AUG1519-B63150,1786832386687,sell,0.18,0.18
KXBTC-26AUG1519-B63150,1786832486770,buy,0.23,-0.23
KXBTC-26AUG1519-B63150,1786832536449,sell,0.22,0.22
KXBTC-26AUG1519-B63150,1786832586612,sell,0.27,0.27
KXBTC-26AUG1519-B63150,1786832734120,buy,0.28,-0.28
KXBTC-26AUG1519-B63150,1786832983955,sell,0.24,0.24
KXBTC-26AUG1519-B63150,1786834084034,sell,0.19,0.19
KXBTC-26AUG1519-B63150,1786834133894,sell,0.48,0.48
KXBTC-26AUG1519-B63150,1786834183716,buy,0.6,-0.6
KXBTC-26AUG1519-B63150,1786834233781,buy,0.51,-0.51
KXBTC-26AUG1519-B63150,1786834283910,buy,0.29,-0.29
KXBTC-26AUG1520-B62950,1786835537931,sell,0.05,0.05
KXBTC-26AUG1520-B62950,1786835588176,sell,0.07,0.07
KXBTC-26AUG1520-B62950,1786835638217,buy,0.08,-0.08
KXBTC-26AUG1520-B62950,1786836384529,sell,0.07,0.07
KXBTC-26AUG1520-B62950,1786836934340,sell,0.07,0.07
KXBTC-26AUG1520-B63050,1786835536326,sell,0.7,-0.30000000000000004
KXBTC-26AUG1520-B63050,1786835636598,buy,0.74,0.26
KXBTC-26AUG1520-B63050,1786835736432,sell,0.68,-0.31999999999999995
KXBTC-26AUG1520-B63050,1786835833581,sell,0.72,-0.28
KXBTC-26AUG1520-B63050,1786835883578,sell,0.74,-0.26
KXBTC-26AUG1520-B63050,1786837033615,sell,0.86,-0.14
KXBTC-26AUG1520-B63150,1786835536779,buy,0.21,-0.21
KXBTC-26AUG1520-B63150,1786835637048,sell,0.11,0.11
KXBTC-26AUG1520-B63150,1786835736890,buy,0.21,-0.21
KXBTC-26AUG1520-B63150,1786836034094,buy,0.15,-0.15
KXBTC-26AUG1520-B63150,1786836284598,buy,0.1,-0.1
KXBTC-26AUG1520-B63150,1786836584254,buy,0.08,-0.08
KXBTC-26AUG1520-B63150,1786836784155,buy,0.06,-0.06
KXBTC-26AUG1521-B62950,1786839287778,sell,0.31,0.31
KXBTC-26AUG1521-B62950,1786839387734,buy,0.36,-0.36
KXBTC-26AUG1521-B62950,1786839488007,buy,0.33,-0.33
KXBTC-26AUG1521-B62950,1786839587879,buy,0.3,-0.3
KXBTC-26AUG1521-B62950,1786839638758,sell,0.28,0.28
KXBTC-26AUG1521-B62950,1786840384244,sell,0.35,0.35
KXBTC-26AUG1521-B62950,1786840634014,buy,0.4,-0.4
KXBTC-26AUG1521-B62950,1786840683874,sell,0.21,0.21
KXBTC-26AUG1521-B62950,1786840833807,sell,0.3,0.3
KXBTC-26AUG1521-B62950,1786840883857,buy,0.41,-0.41
KXBTC-26AUG1521-B62950,1786840934015,buy,0.35,-0.35
KXBTC-26AUG1521-B62950,1786840983666,buy,0.27,-0.27
KXBTC-26AUG1521-B62950,1786841184118,buy,0.16,-0.16
KXBTC-26AUG1521-B62950,1786841233668,sell,0.12,0.12
KXBTC-26AUG1521-B62950,1786841333853,sell,0.13,0.13
KXBTC-26AUG1521-B62950,1786841383656,sell,0.15,0.15
KXBTC-26AUG1521-B62950,1786841433834,buy,0.39,-0.39
KXBTC-26AUG1521-B62950,1786841483682,sell,0.29,0.29
KXBTC-26AUG1521-B62950,1786841533710,buy,0.35,-0.35
KXBTC-26AUG1521-B62950,1786841583892,buy,0.25,-0.25
KXBTC-26AUG1521-B62950,1786841833715,buy,0.1,-0.1
KXBTC-26AUG1521-B63050,1786839285975,buy,0.58,0.42000000000000004
KXBTC-26AUG1521-B63050,1786839486181,sell,0.56,-0.43999999999999995
KXBTC-26AUG1521-B63050,1786839536153,sell,0.59,-0.41000000000000003
KXBTC-26AUG1521-B63050,1786840283886,buy,0.59,0.41000000000000003
KXBTC-26AUG1521-B63050,1786840383951,buy,0.58,0.42000000000000004
KXBTC-26AUG1521-B63050,1786840633720,sell,0.55,-0.44999999999999996
KXBTC-26AUG1521-B63050,1786840833517,buy,0.67,0.32999999999999996
KXBTC-26AUG1521-B63050,1786840883561,sell,0.55,-0.44999999999999996
KXBTC-26AUG1521-B63050,1786840933714,sell,0.61,-0.39
KXBTC-26AUG1521-B63050,1786840983516,sell,0.71,-0.29000000000000004
KXBTC-26AUG1521-B63050,1786841183968,sell,0.78,-0.21999999999999997
KXBTC-26AUG1521-B63050,1786841383507,buy,0.78,0.21999999999999997
KXBTC-26AUG1521-B63050,1786841433689,sell,0.59,-0.41000000000000003
KXBTC-26AUG1521-B63050,1786841483533,buy,0.71,0.29000000000000004
KXBTC-26AUG1521-B63050,1786841533558,sell,0.62,-0.38
KXBTC-26AUG1521-B63050,1786841583702,sell,0.75,-0.25
KXBTC-26AUG1521-B63050,1786841883916,sell,0.94,-0.06000000000000005
KXBTC-26AUG1522-B62950,1786843036129,sell,0.58,0.58
KXBTC-26AUG1522-B62950,1786843136175,buy,0.62,-0.62
KXBTC-26AUG1522-B62950,1786843236071,sell,0.52,0.52
KXBTC-26AUG1522-B62950,1786843286081,buy,0.57,-0.57
KXBTC-26AUG1522-B62950,1786843336104,buy,0.5,-0.5
KXBTC-26AUG1522-B62950,1786843386203,buy,0.42,-0.42
KXBTC-26AUG1522-B62950,1786843533685,sell,0.33,0.33
KXBTC-26AUG1522-B62950,1786843583771,sell,0.41,0.41
KXBTC-26AUG1522-B62950,1786843633810,sell,0.52,0.52
KXBTC-26AUG1522-B62950,1786843683727,buy,0.59,-0.59
KXBTC-26AUG1522-B62950,1786843783509,sell,0.54,0.54
KXBTC-26AUG1522-B62950,1786843833651,buy,0.55,-0.55
KXBTC-26AUG1522-B62950,1786843883426,buy,0.52,-0.52
KXBTC-26AUG1522-B62950,1786843933740,sell,0.47,0.47
KXBTC-26AUG1522-B62950,1786843983593,buy,0.55,-0.55
KXBTC-26AUG1522-B62950,1786844083657,buy,0.48,-0.48
KXBTC-26AUG1522-B62950,1786844183650,sell,0.49,0.49
KXBTC-26AUG1522-B62950,1786844283700,sell,0.53,0.53
KXBTC-26AUG1522-B62950,1786844333544,sell,0.59,0.59
KXBTC-26AUG1522-B62950,1786844433534,sell,0.73,0.73
KXBTC-26AUG1522-B62950,1786844483539,sell,0.78,0.78
KXBTC-26AUG1522-B62950,1786844533632,sell,0.81,0.81
KXBTC-26AUG1522-B62950,1786844583633,buy,0.84,-0.84
KXBTC-26AUG1522-B62950,1786844633541,buy,0.72,-0.72
KXBTC-26AUG1522-B62950,1786844683606,buy,0.57,-0.57
KXBTC-26AUG1522-B62950,1786844733681,sell,0.4,0.4
KXBTC-26AUG1522-B62950,1786844883712,sell,0.47,0.47
KXBTC-26AUG1522-B62950,1786844933565,sell,0.51,0.51
KXBTC-26AUG1522-B62950,1786844983558,buy,0.56,-0.56
KXBTC-26AUG1522-B62950,1786845183927,sell,0.56,0.56
KXBTC-26AUG1522-B62950,1786845233558,sell,0.75,0.75
KXBTC-26AUG1522-B63050,1786842437963,buy,0.57,0.43000000000000005
KXBTC-26AUG1522-B63050,1786842587603,buy,0.54,0.45999999999999996
KXBTC-26AUG1522-B63050,1786842637758,buy,0.38,0.62
KXBTC-26AUG1522-B63050,1786842737828,sell,0.36,-0.64
KXBTC-26AUG1522-B63050,1786842986743,buy,0.37,0.63
KXBTC-26AUG1522-B63050,1786843036419,buy,0.35,0.65
KXBTC-26AUG1522-B63050,1786843136468,sell,0.33,-0.6699999999999999
KXBTC-26AUG1522-B63050,1786843236371,buy,0.42,0.5800000000000001
KXBTC-26AUG1522-B63050,1786843286374,sell,0.38,-0.62
KXBTC-26AUG1522-B63050,1786843336395,sell,0.42,-0.5800000000000001
KXBTC-26AUG1522-B63050,1786843386504,sell,0.5,-0.5
KXBTC-26AUG1522-B63050,1786843436409,sell,0.58,-0.42000000000000004
KXBTC-26AUG1522-B63050,1786843533837,buy,0.59,0.41000000000000003
KXBTC-26AUG1522-B63050,1786843583921,buy,0.51,0.49
KXBTC-26AUG1522-B63050,1786843633953,buy,0.42,0.5800000000000001
KXBTC-26AUG1522-B63050,1786843683876,sell,0.34,-0.6599999999999999
KXBTC-26AUG1522-B63050,1786843833800,sell,0.39,-0.61
KXBTC-26AUG1522-B63050,1786843883575,sell,0.46,-0.54
KXBTC-26AUG1522-B63050,1786843933890,buy,0.48,0.52
KXBTC-26AUG1522-B63050,1786844083818,sell,0.43,-0.5700000000000001
KXBTC-26AUG1522-B63050,1786844133788,buy,0.48,0.52
KXBTC-26AUG1522-B63050,1786844183800,buy,0.43,0.5700000000000001
KXBTC-26AUG1522-B63050,1786844283852,buy,0.37,0.63
KXBTC-26AUG1522-B63050,1786844333684,buy,0.31,0.69
KXBTC-26AUG1522-B63050,1786844433673,buy,0.2,0.8
KXBTC-26AUG1522-B63050,1786844583841,sell,0.13,-0.87
KXBTC-26AUG1522-B63050,1786844633682,sell,0.25,-0.75
KXBTC-26AUG1522-B63050,1786844683776,sell,0.38,-0.62
KXBTC-26AUG1522-B63050,1786844733830,buy,0.58,0.42000000000000004
KXBTC-26AUG1522-B63050,1786844783731,sell,0.51,-0.49
KXBTC-26AUG1522-B63050,1786844833798,buy,0.56,0.43999999999999995
KXBTC-26AUG1522-B63050,1786844883863,buy,0.5,0.5
KXBTC-26AUG1522-B63050,1786844933713,buy,0.45,0.55
KXBTC-26AUG1522-B63050,1786844983711,sell,0.42,-0.5800000000000001
KXBTC-26AUG1522-B63050,1786845184083,buy,0.43,0.5700000000000001
KXBTC-26AUG1523-B62950,1786846236332,sell,0.61,0.61
KXBTC-26AUG1523-B62950,1786846436194,sell,0.7,0.7
KXBTC-26AUG1523-B62950,1786846686174,sell,0.74,0.74
KXBTC-26AUG1523-B62950,1786846783868,buy,0.75,-0.75
KXBTC-26AUG1523-B62950,1786846833866,buy,0.69,-0.69
KXBTC-26AUG1523-B62950,1786846884221,buy,0.55,-0.55
KXBTC-26AUG1523-B62950,1786846983996,buy,0.2,-0.2
KXBTC-26AUG1523-B62950,1786847134017,buy,0.16,-0.16
KXBTC-26AUG1523-B62950,1786847184317,buy,0.14,-0.14
KXBTC-26AUG1523-B62950,1786847333858,sell,0.11,0.11
KXBTC-26AUG1523-B62950,1786847383686,buy,0.13,-0.13
KXBTC-26AUG1523-B62950,1786847833889,buy,0.1,-0.1
KXBTC-26AUG1523-B62950,1786847983793,buy,0.09,-0.09
KXBTC-26AUG1523-B63050,1786846236048,buy,0.3,0.7
KXBTC-26AUG1523-B63050,1786846286030,buy,0.23,0.77
KXBTC-26AUG1523-B63050,1786846536108,sell,0.17,-0.83
KXBTC-26AUG1523-B63050,1786846783723,sell,0.19,-0.81
KXBTC-26AUG1523-B63050,1786846833715,sell,0.27,-0.73
KXBTC-26AUG1523-B63050,1786846884069,sell,0.41,-0.5900000000000001
KXBTC-26AUG1523-B63050,1786847083928,sell,0.68,-0.31999999999999995
KXBTC-26AUG1523-B63050,1786847333714,sell,0.75,-0.25
KXBTC-26AUG1523-B63050,1786847533815,sell,0.8,-0.19999999999999996
KXBTC-26AUG1523-B63050,1786848033693,buy,0.86,0.14
KXBTC-26AUG1523-B63050,1786848133677,buy,0.85,0.15000000000000002
KXBTC-26AUG1523-B63050,1786848183676,buy,0.77,0.22999999999999998
KXBTC-26AUG1523-B63050,1786848283710,buy,0.73,0.27
KXBTC-26AUG1523-B63050,1786848333554,sell,0.7,-0.30000000000000004
KXBTC-26AUG1523-B63050,1786848383607,buy,0.82,0.18000000000000005
KXBTC-26AUG1523-B63050,1786848433715,sell,0.8,-0.19999999999999996
KXBTC-26AUG1523-B63050,1786848583731,sell,0.88,-0.12
KXBTC-26AUG1523-B63050,1786848683584,sell,0.92,-0.07999999999999996
KXBTC-26AUG1523-B63150,1786846884524,sell,0.03,0.03
KXBTC-26AUG1523-B63150,1786846984313,sell,0.09,0.09
KXBTC-26AUG1523-B63150,1786847684288,buy,0.09,-0.09
KXBTC-26AUG1523-B63150,1786847834338,sell,0.08,0.08
KXBTC-26AUG1523-B63150,1786847884319,buy,0.09,-0.09
KXBTC-26AUG1523-B63150,1786848034304,sell,0.08,0.08
KXBTC-26AUG1523-B63150,1786848134251,sell,0.11,0.11
KXBTC-26AUG1523-B63150,1786848184291,sell,0.19,0.19
KXBTC-26AUG1523-B63150,1786848284321,sell,0.22,0.22
KXBTC-26AUG1523-B63150,1786848334159,buy,0.25,-0.25
KXBTC-26AUG1523-B63150,1786848384208,sell,0.13,0.13
KXBTC-26AUG1523-B63150,1786848484377,buy,0.14,-0.14
KXBTC-26AUG1523-B63150,1786848634103,buy,0.08,-0.08
KXBTC-26AUG1600-B63050,1786850364532,sell,0.81,-0.18999999999999995
KXBTC-26AUG1600-B63050,1786850610060,sell,0.83,-0.17000000000000004
KXBTC-26AUG1600-B63150,1786850186817,buy,0.09,-0.09
KXBTC-26AUG1601-B63050,1786853908518,buy,0.85,0.15000000000000002
KXBTC-26AUG1601-B63050,1786854008471,buy,0.69,0.31000000000000005
KXBTC-26AUG1601-B63050,1786854208151,sell,0.66,-0.33999999999999997
KXBTC-26AUG1601-B63050,1786854508202,buy,0.72,0.28
KXBTC-26AUG1601-B63050,1786854708046,sell,0.72,-0.28
KXBTC-26AUG1601-B63050,1786854908602,sell,0.84,-0.16000000000000003
KXBTC-26AUG1601-B63050,1786855407944,sell,0.95,-0.050000000000000044
KXBTC-26AUG1601-B63150,1786853858277,sell,0.1,0.1
KXBTC-26AUG1601-B63150,1786853908831,sell,0.14,0.14
KXBTC-26AUG1601-B63150,1786853958808,sell,0.18,0.18
KXBTC-26AUG1601-B63150,1786854208472,buy,0.29,-0.29
KXBTC-26AUG1601-B63150,1786854557860,sell,0.24,0.24
KXBTC-26AUG1601-B63150,1786854707760,buy,0.19,-0.19
KXBTC-26AUG1601-B63150,1786855358035,buy,0.05,-0.05
KXBTC-26AUG1602-B62950,1786857461497,sell,0.17,0.17
KXBTC-26AUG1602-B62950,1786857511458,sell,0.22,0.22
KXBTC-26AUG1602-B62950,1786857561547,sell,0.29,0.29
KXBTC-26AUG1602-B62950,1786857609050,sell,0.38,0.38
KXBTC-26AUG1602-B62950,1786857708423,sell,0.39,0.39
KXBTC-26AUG1602-B62950,1786857808632,buy,0.4,-0.4
KXBTC-26AUG1602-B62950,1786857858558,buy,0.38,-0.38
KXBTC-26AUG1602-B62950,1786857908934,sell,0.29,0.29
KXBTC-26AUG1602-B62950,1786858158586,sell,0.33,0.33
KXBTC-26AUG1602-B62950,1786858258276,buy,0.41,-0.41
KXBTC-26AUG1602-B62950,1786858608445,buy,0.29,-0.29
KXBTC-26AUG1602-B62950,1786858957992,buy,0.2,-0.2
KXBTC-26AUG1602-B62950,1786859057951,sell,0.18,0.18
KXBTC-26AUG1602-B62950,1786859108268,sell,0.53,0.53
KXBTC-26AUG1602-B62950,1786859158021,sell,0.58,0.58
KXBTC-26AUG1602-B62950,1786859207924,buy,0.66,-0.66
KXBTC-26AUG1602-B62950,1786859257943,sell,0.56,0.56
KXBTC-26AUG1602-B62950,1786859557949,buy,0.7,-0.7
KXBTC-26AUG1602-B62950,1786859608106,buy,0.63,-0.63
KXBTC-26AUG1602-B62950,1786859708320,sell,0.53,0.53
KXBTC-26AUG1602-B62950,1786859908071,sell,0.78,0.78
KXBTC-26AUG1602-B62950,1786859957845,buy,0.96,-0.96
KXBTC-26AUG1602-B63050,1786857460315,buy,0.71,0.29000000000000004
KXBTC-26AUG1602-B63050,1786857510330,buy,0.68,0.31999999999999995
KXBTC-26AUG1602-B63050,1786857560397,buy,0.61,0.39
KXBTC-26AUG1602-B63050,1786857858259,sell,0.54,-0.45999999999999996
KXBTC-26AUG1602-B63050,1786858008076,buy,0.63,0.37
KXBTC-26AUG1602-B63050,1786858058168,buy,0.61,0.39
KXBTC-26AUG1602-B63050,1786858158287,buy,0.59,0.41000000000000003
KXBTC-26AUG1602-B63050,1786858258130,sell,0.53,-0.47
KXBTC-26AUG1602-B63050,1786858608304,sell,0.67,-0.32999999999999996
KXBTC-26AUG1602-B63050,1786859057820,buy,0.74,0.26
KXBTC-26AUG1602-B63050,1786859108116,buy,0.46,0.54
KXBTC-26AUG1602-B63050,1786859207781,sell,0.29,-0.71
KXBTC-26AUG1602-B63050,1786859357853,buy,0.38,0.62
KXBTC-26AUG1602-B63050,1786859557802,sell,0.25,-0.75
KXBTC-26AUG1602-B63050,1786859607957,sell,0.35,-0.65
KXBTC-26AUG1602-B63050,1786859708173,buy,0.48,0.52
KXBTC-26AUG1602-B63050,1786859907929,buy,0.24,0.76
KXBTC-26AUG1602-B63050,1786859957703,sell,0.05,-0.95
KXBTC-26AUG1603-B62950,1786860362382,buy,0.36,-0.36
KXBTC-26AUG1603-B62950,1786860462095,sell,0.35,0.35
KXBTC-26AUG1603-B62950,1786860860995,buy,0.33,-0.33
KXBTC-26AUG1603-B62950,1786860911392,sell,0.29,0.29
KXBTC-26AUG1603-B62950,1786861110900,buy,0.54,-0.54
KXBTC-26AUG1603-B62950,1786861161080,sell,0.51,0.51
KXBTC-26AUG1603-B62950,1786861211381,buy,0.54,-0.54
KXBTC-26AUG1603-B62950,1786861310919,sell,0.48,0.48
KXBTC-26AUG1603-B62950,1786861608208,buy,0.57,-0.57
KXBTC-26AUG1603-B62950,1786861808768,sell,0.38,0.38
KXBTC-26AUG1603-B62950,1786861858393,buy,0.57,-0.57
KXBTC-26AUG1603-B62950,1786861908269,sell,0.55,0.55
KXBTC-26AUG1603-B62950,1786861958299,buy,0.58,-0.58
KXBTC-26AUG1603-B62950,1786862008220,sell,0.48,0.48
KXBTC-26AUG1603-B62950,1786862358083,buy,0.58,-0.58
KXBTC-26AUG1603-B62950,1786862708390,buy,0.4,-0.4
KXBTC-26AUG1603-B62950,1786862957997,buy,0.31,-0.31
KXBTC-26AUG1603-B62950,1786863008227,sell,0.14,0.14
KXBTC-26AUG1603-B62950,1786863108129,buy,0.3,-0.3
KXBTC-26AUG1603-B62950,1786863208058,sell,0.27,0.27
KXBTC-26AUG1603-B62950,1786863258029,buy,0.29,-0.29
KXBTC-26AUG1603-B62950,1786863358039,sell,0.23,0.23
KXBTC-26AUG1603-B62950,1786863408106,buy,0.32,-0.32
KXBTC-26AUG1603-B62950,1786863508029,buy,0.27,-0.27
KXBTC-26AUG1603-B62950,1786863558119,buy,0.18,-0.18
KXBTC-26AUG1603-B63050,1786860311436,sell,0.52,-0.48
KXBTC-26AUG1603-B63050,1786860410700,sell,0.55,-0.44999999999999996
KXBTC-26AUG1603-B63050,1786860460513,buy,0.58,0.42000000000000004
KXBTC-26AUG1603-B63050,1786860560626,sell,0.54,-0.45999999999999996
KXBTC-26AUG1603-B63050,1786860860354,sell,0.61,-0.39
KXBTC-26AUG1603-B63050,1786860910804,buy,0.62,0.38
KXBTC-26AUG1603-B63050,1786861110313,sell,0.38,-0.62
KXBTC-26AUG1603-B63050,1786861210792,sell,0.4,-0.6
KXBTC-26AUG1603-B63050,1786861310342,buy,0.46,0.54
KXBTC-26AUG1603-B63050,1786861607774,sell,0.36,-0.64
KXBTC-26AUG1603-B63050,1786861808326,buy,0.55,0.44999999999999996
KXBTC-26AUG1603-B63050,1786861857943,sell,0.38,-0.62
KXBTC-26AUG1603-B63050,1786861907837,buy,0.39,0.61
KXBTC-26AUG1603-B63050,1786861957866,sell,0.37,-0.63
KXBTC-26AUG1603-B63050,1786862007774,buy,0.49,0.51
KXBTC-26AUG1603-B63050,1786862057801,buy,0.45,0.55
KXBTC-26AUG1603-B63050,1786862157664,buy,0.38,0.62
KXBTC-26AUG1603-B63050,1786862207962,sell,0.37,-0.63
KXBTC-26AUG1603-B63050,1786862357937,sell,0.41,-0.5900000000000001
KXBTC-26AUG1603-B63050,1786862408366,sell,0.5,-0.5
KXBTC-26AUG1603-B63050,1786862457694,buy,0.53,0.47
KXBTC-26AUG1603-B63050,1786862557881,sell,0.5,-0.5
KXBTC-26AUG1603-B63050,1786862607883,sell,0.54,-0.45999999999999996
KXBTC-26AUG1603-B63050,1786862657819,buy,0.55,0.44999999999999996
KXBTC-26AUG1603-B63050,1786862708245,sell,0.54,-0.45999999999999996
KXBTC-26AUG1603-B63050,1786862907920,buy,0.69,0.31000000000000005
KXBTC-26AUG1603-B63050,1786862957856,sell,0.64,-0.36
KXBTC-26AUG1603-B63050,1786863008082,buy,0.81,0.18999999999999995
KXBTC-26AUG1603-B63050,1786863107983,sell,0.67,-0.32999999999999996
KXBTC-26AUG1603-B63050,1786863207916,buy,0.71,0.29000000000000004
KXBTC-26AUG1603-B63050,1786863257882,sell,0.68,-0.31999999999999995
KXBTC-26AUG1603-B63050,1786863357893,buy,0.79,0.20999999999999996
KXBTC-26AUG1603-B63050,1786863557978,sell,0.82,-0.18000000000000005
KXBTC-26AUG1603-B63150,1786860911242,buy,0.05,-0.05
KXBTC-26AUG1604-B62950,1786864060680,sell,0.53,-0.47
KXBTC-26AUG1604-B62950,1786864110867,sell,0.55,-0.44999999999999996
KXBTC-26AUG1604-B62950,1786864160751,buy,0.57,0.43000000000000005
KXBTC-26AUG1604-B62950,1786864311003,buy,0.55,0.44999999999999996
KXBTC-26AUG1604-B62950,1786864360746,sell,0.53,-0.47
KXBTC-26AUG1604-B62950,1786864511175,buy,0.55,0.44999999999999996
KXBTC-26AUG1604-B62950,1786864858018,buy,0.52,0.48
KXBTC-26AUG1604-B62950,1786864958260,sell,0.44,-0.56
KXBTC-26AUG1604-B62950,1786865008541,sell,0.47,-0.53
KXBTC-26AUG1604-B62950,1786865108673,buy,0.49,0.51
KXBTC-26AUG1604-B62950,1786865357878,sell,0.45,-0.55
KXBTC-26AUG1604-B62950,1786865408211,buy,0.49,0.51
KXBTC-26AUG1604-B62950,1786865708146,sell,0.49,-0.51
KXBTC-26AUG1604-B62950,1786865958037,buy,0.51,0.49
KXBTC-26AUG1604-B62950,1786866258082,sell,0.52,-0.48
KXBTC-26AUG1604-B62950,1786866507972,sell,0.69,-0.31000000000000005
KXBTC-26AUG1604-B62950,1786867158144,sell,0.91,-0.08999999999999997
KXBTC-26AUG1604-B63050,1786864511470,sell,0.37,0.37
KXBTC-26AUG1604-B63050,1786864608296,buy,0.38,-0.38
KXBTC-26AUG1604-B63050,1786864858164,sell,0.38,0.38
KXBTC-26AUG1604-B63050,1786864958408,buy,0.47,-0.47
KXBTC-26AUG1604-B63050,1786865358163,buy,0.48,-0.48
KXBTC-26AUG1604-B63050,1786865708454,buy,0.42,-0.42
KXBTC-26AUG1604-B63050,1786865958186,sell,0.41,0.41
KXBTC-26AUG1604-B63050,1786866258230,buy,0.44,-0.44
KXBTC-26AUG1604-B63050,1786866508111,buy,0.3,-0.3
KXBTC-26AUG1604-B63050,1786867157995,buy,0.07,-0.07
KXBTC-26AUG1605-B62950,1786867960530,sell,0.5,0.5
KXBTC-26AUG1605-B62950,1786868260628,buy,0.57,-0.57
KXBTC-26AUG1605-B62950,1786868360482,sell,0.5,0.5
KXBTC-26AUG1605-B62950,1786868658174,buy,0.51,-0.51
KXBTC-26AUG1605-B62950,1786868808388,buy,0.31,-0.31
KXBTC-26AUG1605-B62950,1786868858295,sell,0.3,0.3
KXBTC-26AUG1605-B62950,1786869058440,sell,0.38,0.38
KXBTC-26AUG1605-B62950,1786869257811,buy,0.4,-0.4
KXBTC-26AUG1605-B62950,1786869807708,sell,0.41,0.41
KXBTC-26AUG1605-B62950,1786869957845,buy,0.51,-0.51
KXBTC-26AUG1605-B62950,1786870107803,buy,0.43,-0.43
KXBTC-26AUG1605-B63050,1786867960385,buy,0.44,0.56
KXBTC-26AUG1605-B63050,1786868657886,sell,0.43,-0.5700000000000001
KXBTC-26AUG1605-B63050,1786868758315,sell,0.63,-0.37
KXBTC-26AUG1605-B63050,1786868808110,sell,0.65,-0.35
KXBTC-26AUG1605-B63050,1786869058142,buy,0.6,0.4
KXBTC-26AUG1605-B63050,1786869257941,sell,0.62,-0.38
KXBTC-26AUG1605-B63050,1786869608442,sell,0.68,-0.31999999999999995
KXBTC-26AUG1605-B63050,1786869807851,buy,0.6,0.4
KXBTC-26AUG1605-B63050,1786869957991,sell,0.51,-0.49
KXBTC-26AUG1605-B63050,1786870107943,sell,0.56,-0.43999999999999995
KXBTC-26AUG1605-B63050,1786870258183,buy,0.64,0.36
KXBTC-26AUG1605-B63050,1786870357773,sell,0.66,-0.33999999999999997
KXBTC-26AUG1605-B63050,1786870557919,sell,0.69,-0.31000000000000005
KXBTC-26AUG1606-B62850,1786873459542,sell,0.06,0.06
KXBTC-26AUG1606-B62850,1786873509891,sell,0.14,0.14
KXBTC-26AUG1606-B62850,1786873559226,sell,0.23,0.23
KXBTC-26AUG1606-B62850,1786873609063,buy,0.29,-0.29
KXBTC-26AUG1606-B62850,1786873659271,buy,0.14,-0.14
KXBTC-26AUG1606-B62950,1786871062394,sell,0.4,-0.6
KXBTC-26AUG1606-B62950,1786871711488,buy,0.41,0.5900000000000001
KXBTC-26AUG1606-B62950,1786872558569,sell,0.38,-0.62
KXBTC-26AUG1606-B62950,1786872608985,sell,0.44,-0.56
KXBTC-26AUG1606-B62950,1786872658704,sell,0.49,-0.51
KXBTC-26AUG1606-B62950,1786872858480,sell,0.53,-0.47
KXBTC-26AUG1606-B62950,1786872908282,buy,0.84,0.16000000000000003
KXBTC-26AUG1606-B62950,1786873458079,buy,0.88,0.12
KXBTC-26AUG1606-B62950,1786873508340,buy,0.8,0.19999999999999996
KXBTC-26AUG1606-B62950,1786873558050,buy,0.7,0.30000000000000004
KXBTC-26AUG1606-B62950,1786873607916,sell,0.63,-0.37
KXBTC-26AUG1606-B62950,1786873658024,sell,0.8,-0.19999999999999996
KXBTC-26AUG1606-B62950,1786873707892,sell,0.87,-0.13
KXBTC-26AUG1606-B62950,1786873808361,sell,0.9,-0.09999999999999998
KXBTC-26AUG1606-B62950,1786873958067,sell,0.93,-0.06999999999999995
KXBTC-26AUG1606-B63050,1786871212438,buy,0.53,-0.53
KXBTC-26AUG1606-B63050,1786871262628,buy,0.5,-0.5
KXBTC-26AUG1606-B63050,1786871462783,sell,0.49,0.49
KXBTC-26AUG1606-B63050,1786871810699,buy,0.51,-0.51
KXBTC-26AUG1606-B63050,1786871910474,sell,0.49,0.49
KXBTC-26AUG1606-B63050,1786872010989,buy,0.5,-0.5
KXBTC-26AUG1606-B63050,1786872258240,sell,0.5,0.5
KXBTC-26AUG1606-B63050,1786872308412,sell,0.52,0.52
KXBTC-26AUG1606-B63050,1786872508126,sell,0.58,0.58
KXBTC-26AUG1606-B63050,1786872558144,buy,0.59,-0.59
KXBTC-26AUG1606-B63050,1786872908136,buy,0.43,-0.43
KXBTC-26AUG1606-B63050,1786872957754,sell,0.25,0.25
KXBTC-26AUG1606-B63050,1786873208270,buy,0.23,-0.23
KXBTC-26AUG1607-B62850,1786874962291,buy,0.37,-0.37
KXBTC-26AUG1607-B62850,1786875162387,buy,0.23,-0.23
KXBTC-26AUG1607-B62850,1786875262417,sell,0.25,0.25
KXBTC-26AUG1607-B62850,1786875312604,buy,0.28,-0.28
KXBTC-26AUG1607-B62850,1786875610018,sell,0.23,0.23
KXBTC-26AUG1607-B62850,1786875659548,buy,0.28,-0.28
KXBTC-26AUG1607-B62850,1786875809605,buy,0.22,-0.22
KXBTC-26AUG1607-B62850,1786875959593,buy,0.19,-0.19
KXBTC-26AUG1607-B62850,1786876259052,sell,0.08,0.08
KXBTC-26AUG1607-B62950,1786874960834,sell,0.53,-0.47
KXBTC-26AUG1607-B62950,1786875160947,sell,0.65,-0.35
KXBTC-26AUG1607-B62950,1786875210854,buy,0.68,0.31999999999999995
KXBTC-26AUG1607-B62950,1786875260883,buy,0.66,0.33999999999999997
KXBTC-26AUG1607-B62950,1786875311142,sell,0.6,-0.4
KXBTC-26AUG1607-B62950,1786875410595,sell,0.64,-0.36
KXBTC-26AUG1607-B62950,1786875458493,sell,0.66,-0.33999999999999997
KXBTC-26AUG1607-B62950,1786875608830,buy,0.67,0.32999999999999996
KXBTC-26AUG1607-B62950,1786875658384,sell,0.65,-0.35
KXBTC-26AUG1607-B62950,1786875858582,sell,0.7,-0.30000000000000004
KXBTC-26AUG1607-B62950,1786875958384,sell,0.73,-0.27
KXBTC-26AUG1607-B63050,1786877409589,buy,0.05,-0.05
KXBTC-26AUG1608-B62850,1786879959128,sell,0.09,0.09
KXBTC-26AUG1608-B62850,1786880308680,buy,0.15,-0.15
KXBTC-26AUG1608-B62850,1786880808816,sell,0.08,0.08
KXBTC-26AUG1608-B62850,1786880858740,buy,0.27,-0.27
KXBTC-26AUG1608-B62850,1786881058913,buy,0.22,-0.22
KXBTC-26AUG1608-B62850,1786881208603,buy,0.12,-0.12
KXBTC-26AUG1608-B62850,1786881308714,buy,0.05,-0.05
KXBTC-26AUG1608-B62950,1786878710693,sell,0.77,-0.22999999999999998
KXBTC-26AUG1608-B62950,1786879308580,buy,0.81,0.18999999999999995
KXBTC-26AUG1608-B62950,1786879608694,buy,0.76,0.24
KXBTC-26AUG1608-B62950,1786879758534,buy,0.75,0.25
KXBTC-26AUG1608-B62950,1786879809045,buy,0.72,0.28
KXBTC-26AUG1608-B62950,1786879908649,sell,0.68,-0.31999999999999995
KXBTC-26AUG1608-B62950,1786880008096,sell,0.73,-0.27
KXBTC-26AUG1608-B62950,1786880307997,sell,0.8,-0.19999999999999996
KXBTC-26AUG1608-B62950,1786880758029,sell,0.86,-0.14
KXBTC-26AUG1608-B62950,1786880808094,buy,0.87,0.13
KXBTC-26AUG1608-B62950,1786881358350,sell,0.94,-0.06000000000000005
KXBTC-26AUG1608-B63050,1786879309303,buy,0.06,-0.06
KXBTC-26AUG1609-B62850,1786881912706,buy,0.17,-0.17
KXBTC-26AUG1609-B62850,1786883508874,sell,0.06,0.06
KXBTC-26AUG1609-B62850,1786883559223,sell,0.12,0.12
KXBTC-26AUG1609-B62850,1786883659044,buy,0.13,-0.13
KXBTC-26AUG1609-B62850,1786884208958,sell,0.07,0.07
KXBTC-26AUG1609-B62850,1786884258738,buy,0.12,-0.12
KXBTC-26AUG1609-B62950,1786881911228,sell,0.69,-0.31000000000000005
KXBTC-26AUG1609-B62950,1786881961008,buy,0.7,0.30000000000000004
KXBTC-26AUG1609-B62950,1786882010795,sell,0.69,-0.31000000000000005
KXBTC-26AUG1609-B62950,1786883508014,buy,0.85,0.15000000000000002
KXBTC-26AUG1609-B62950,1786883558344,buy,0.79,0.20999999999999996
KXBTC-26AUG1609-B62950,1786883658135,sell,0.8,-0.19999999999999996
KXBTC-26AUG1609-B62950,1786884208209,buy,0.89,0.10999999999999999
KXBTC-26AUG1609-B63050,1786881912856,sell,0.1,0.1
KXBTC-26AUG1609-B63050,1786882511574,buy,0.12,-0.12
KXBTC-26AUG1610-B62950,1786885861070,buy,0.54,0.45999999999999996
KXBTC-26AUG1610-B62950,1786886161259,buy,0.54,0.45999999999999996
KXBTC-26AUG1610-B62950,1786886658946,sell,0.51,-0.49
KXBTC-26AUG1610-B62950,1786887009690,buy,0.55,0.44999999999999996
KXBTC-26AUG1610-B62950,1786887158715,sell,0.52,-0.48
KXBTC-26AUG1610-B62950,1786887259063,buy,0.55,0.44999999999999996
KXBTC-26AUG1610-B62950,1786887309028,sell,0.52,-0.48
KXBTC-26AUG1610-B62950,1786887408768,sell,0.58,-0.42000000000000004
KXBTC-26AUG1610-B62950,1786887458804,buy,0.63,0.37
KXBTC-26AUG1610-B62950,1786887658379,buy,0.59,0.41000000000000003
KXBTC-26AUG1610-B62950,1786887958393,sell,0.56,-0.43999999999999995
KXBTC-26AUG1610-B62950,1786888458293,sell,0.54,-0.45999999999999996
KXBTC-26AUG1610-B62950,1786888658233,sell,0.68,-0.31999999999999995
KXBTC-26AUG1610-B62950,1786888758152,sell,0.9,-0.09999999999999998
KXBTC-26AUG1610-B63050,1786885760412,sell,0.34,0.34
KXBTC-26AUG1610-B63050,1786886658211,buy,0.44,-0.44
KXBTC-26AUG1610-B63050,1786887009028,sell,0.42,0.42
KXBTC-26AUG1610-B63050,1786887108303,buy,0.43,-0.43
KXBTC-26AUG1610-B63050,1786887258466,sell,0.44,0.44
KXBTC-26AUG1610-B63050,1786887408145,buy,0.37,-0.37
KXBTC-26AUG1610-B63050,1786887458252,sell,0.3,0.3
KXBTC-26AUG1610-B63050,1786887658090,sell,0.35,0.35
KXBTC-26AUG1610-B63050,1786888108187,buy,0.38,-0.38
KXBTC-26AUG1610-B63050,1786888458450,buy,0.44,-0.44
KXBTC-26AUG1610-B63050,1786888608439,buy,0.34,-0.34
KXBTC-26AUG1610-B63050,1786888658379,buy,0.25,-0.25
KXBTC-26AUG1611-B62950,1786889811306,buy,0.52,-0.52
KXBTC-26AUG1611-B62950,1786889861463,sell,0.51,0.51
KXBTC-26AUG1611-B62950,1786889911388,buy,0.52,-0.52
KXBTC-26AUG1611-B62950,1786890061478,buy,0.51,-0.51
KXBTC-26AUG1611-B62950,1786890158654,sell,0.25,0.25
KXBTC-26AUG1611-B62950,1786890208590,buy,0.28,-0.28
KXBTC-26AUG1611-B62950,1786890309005,sell,0.24,0.24
KXBTC-26AUG1611-B62950,1786890408707,sell,0.28,0.28
KXBTC-26AUG1611-B62950,1786890458936,buy,0.35,-0.35
KXBTC-26AUG1611-B62950,1786890609451,sell,0.29,0.29
KXBTC-26AUG1611-B62950,1786890708750,buy,0.4,-0.4
KXBTC-26AUG1611-B62950,1786890758357,buy,0.27,-0.27
KXBTC-26AUG1611-B62950,1786891108355,sell,0.15,0.15
KXBTC-26AUG1611-B62950,1786891208855,buy,0.17,-0.17
KXBTC-26AUG1611-B63050,1786889661182,buy,0.39,0.61
KXBTC-26AUG1611-B63050,1786889711668,sell,0.38,-0.62
KXBTC-26AUG1611-B63050,1786890061169,sell,0.44,-0.56
KXBTC-26AUG1611-B63050,1786890108893,sell,0.66,-0.33999999999999997
KXBTC-26AUG1611-B63050,1786890158954,buy,0.67,0.32999999999999996
KXBTC-26AUG1611-B63050,1786890208880,sell,0.62,-0.38
KXBTC-26AUG1611-B63050,1786890409002,buy,0.66,0.33999999999999997
KXBTC-26AUG1611-B63050,1786890459257,sell,0.55,-0.44999999999999996
KXBTC-26AUG1611-B63050,1786890609760,buy,0.63,0.37
KXBTC-26AUG1611-B63050,1786890709076,sell,0.53,-0.47
KXBTC-26AUG1611-B63050,1786890758487,sell,0.64,-0.36
KXBTC-26AUG1611-B63050,1786891008406,sell,0.78,-0.21999999999999997
KXBTC-26AUG1611-B63050,1786891108500,buy,0.8,0.19999999999999996
KXBTC-26AUG1611-B63050,1786891209008,sell,0.81,-0.18999999999999995
KXBTC-26AUG1611-B63050,1786891408399,sell,0.9,-0.09999999999999998
KXBTC-26AUG1611-B63050,1786891458355,buy,0.91,0.08999999999999997
KXBTC-26AUG1612-B63050,1786893461576,sell,0.8,-0.19999999999999996
KXBTC-26AUG1612-B63050,1786894509712,sell,0.88,-0.12
KXBTC-26AUG1612-B63050,1786894708834,buy,0.88,0.12
KXBTC-26AUG1612-B63150,1786894709600,sell,0.1,0.1
KXBTC-26AUG1613-B63050,1786896660903,buy,0.63,-0.63
KXBTC-26AUG1613-B63050,1786896711024,buy,0.59,-0.59
KXBTC-26AUG1613-B63050,1786896761210,sell,0.39,0.39
KXBTC-26AUG1613-B63050,1786896811095,buy,0.42,-0.42
KXBTC-26AUG1613-B63050,1786896961071,buy,0.22,-0.22
KXBTC-26AUG1613-B63050,1786897011104,buy,0.13,-0.13
KXBTC-26AUG1613-B63050,1786897158476,buy,0.04,-0.04
KXBTC-26AUG1613-B63150,1786896712106,sell,0.38,-0.62
KXBTC-26AUG1613-B63150,1786896812134,sell,0.52,-0.48
KXBTC-26AUG1613-B63150,1786897012130,buy,0.62,0.38
KXBTC-26AUG1613-B63150,1786897062290,buy,0.32,0.6799999999999999
KXBTC-26AUG1613-B63150,1786897158787,buy,0.29,0.71
KXBTC-26AUG1613-B63150,1786897209368,sell,0.23,-0.77
KXBTC-26AUG1613-B63150,1786897308966,sell,0.24,-0.76
KXBTC-26AUG1613-B63150,1786897359191,buy,0.35,0.65
KXBTC-26AUG1613-B63150,1786897458921,buy,0.29,0.71
KXBTC-26AUG1613-B63150,1786897558896,buy,0.2,0.8
KXBTC-26AUG1613-B63150,1786897809540,buy,0.13,0.87
KXBTC-26AUG1613-B63150,1786897908960,sell,0.11,-0.89
KXBTC-26AUG1613-B63150,1786898459006,sell,0.1,-0.9
KXBTC-26AUG1613-B63150,1786898759001,buy,0.22,0.78
KXBTC-26AUG1613-B63150,1786899058910,buy,0.18,0.8200000000000001
KXBTC-26AUG1613-B63150,1786899108662,sell,0.13,-0.87
KXBTC-26AUG1613-B63150,1786899358851,buy,0.78,0.21999999999999997
KXBTC-26AUG1613-B63150,1786899408780,sell,0.75,-0.25
KXBTC-26AUG1613-B63150,1786899458850,buy,0.82,0.18000000000000005
KXBTC-26AUG1613-B63150,1786899508900,buy,0.72,0.28
KXBTC-26AUG1613-B63150,1786899558764,sell,0.61,-0.39
KXBTC-26AUG1613-B63250,1786897309318,buy,0.47,-0.47
KXBTC-26AUG1613-B63250,1786897859224,buy,0.48,-0.48
KXBTC-26AUG1613-B63250,1786897909105,sell,0.41,0.41
KXBTC-26AUG1613-B63250,1786898209212,sell,0.39,0.39
KXBTC-26AUG1613-B63250,1786898759138,sell,0.76,0.76
KXBTC-26AUG1613-B63250,1786899059065,sell,0.82,0.82
KXBTC-26AUG1613-B63250,1786899108216,buy,0.88,-0.88
KXBTC-26AUG1613-B63250,1786899358408,sell,0.19,0.19
KXBTC-26AUG1613-B63250,1786899408350,buy,0.23,-0.23
KXBTC-26AUG1613-B63250,1786899458413,sell,0.18,0.18
KXBTC-26AUG1613-B63250,1786899508465,sell,0.26,0.26
KXBTC-26AUG1613-B63250,1786899558319,buy,0.37,-0.37
KXBTC-26AUG1613-B63350,1786897310179,buy,0.17,-0.17
KXBTC-26AUG1613-B63350,1786897460101,sell,0.13,0.13
KXBTC-26AUG1613-B63350,1786897560038,sell,0.19,0.19
KXBTC-26AUG1613-B63350,1786897810315,sell,0.24,0.24
KXBTC-26AUG1613-B63350,1786897909691,buy,0.35,-0.35
KXBTC-26AUG1613-B63350,1786898110132,sell,0.37,0.37
KXBTC-26AUG1613-B63350,1786898209810,buy,0.43,-0.43
KXBTC-26AUG1613-B63350,1786898410038,buy,0.24,-0.24
KXBTC-26AUG1613-B63350,1786898459444,buy,0.17,-0.17
KXBTC-26AUG1614-B63050,1786899866459,buy,0.11,0.89
KXBTC-26AUG1614-B63050,1786900266692,sell,0.11,-0.89
KXBTC-26AUG1614-B63050,1786900513116,buy,0.14,0.86
KXBTC-26AUG1614-B63050,1786900812757,sell,0.13,-0.87
KXBTC-26AUG1614-B63050,1786902261615,sell,0.19,-0.81
KXBTC-26AUG1614-B63050,1786902461700,buy,0.7,0.30000000000000004
KXBTC-26AUG1614-B63050,1786902761833,buy,0.72,0.28
KXBTC-26AUG1614-B63050,1786902861993,sell,0.53,-0.47
KXBTC-26AUG1614-B63050,1786902961823,sell,0.58,-0.42000000000000004
KXBTC-26AUG1614-B63050,1786903011780,sell,0.7,-0.30000000000000004
KXBTC-26AUG1614-B63050,1786903061632,sell,0.82,-0.18000000000000005
KXBTC-26AUG1614-B63150,1786901610909,buy,0.68,-0.68
KXBTC-26AUG1614-B63150,1786901661231,buy,0.45,-0.45
KXBTC-26AUG1614-B63150,1786901760941,sell,0.43,0.43
KXBTC-26AUG1614-B63150,1786901811112,sell,0.58,0.58
KXBTC-26AUG1614-B63150,1786901911058,buy,0.69,-0.69
KXBTC-26AUG1614-B63150,1786902111141,buy,0.68,-0.68
KXBTC-26AUG1614-B63150,1786902160934,buy,0.59,-0.59
KXBTC-26AUG1614-B63150,1786902260480,buy,0.4,-0.4
KXBTC-26AUG1614-B63150,1786902311194,buy,0.26,-0.26
KXBTC-26AUG1614-B63150,1786902460604,sell,0.26,0.26
KXBTC-26AUG1614-B63150,1786902760676,sell,0.28,0.28
KXBTC-26AUG1614-B63150,1786902860778,buy,0.47,-0.47
KXBTC-26AUG1614-B63150,1786902960918,buy,0.42,-0.42
KXBTC-26AUG1614-B63250,1786900411710,buy,0.25,-0.25
KXBTC-26AUG1614-B63250,1786900661804,buy,0.26,-0.26
KXBTC-26AUG1614-B63250,1786900812018,buy,0.17,-0.17
KXBTC-26AUG1615-B62950,1786903966019,sell,0.08,0.08
KXBTC-26AUG1615-B63050,1786903962535,sell,0.48,-0.52
KXBTC-26AUG1615-B63050,1786904361841,buy,0.52,0.48
KXBTC-26AUG1615-B63050,1786904462464,buy,0.4,0.6
KXBTC-26AUG1615-B63050,1786904711718,sell,0.41,-0.5900000000000001
KXBTC-26AUG1615-B63050,1786904811581,sell,0.46,-0.54
KXBTC-26AUG1615-B63050,1786905011920,sell,0.54,-0.45999999999999996
KXBTC-26AUG1615-B63050,1786905461656,sell,0.59,-0.41000000000000003
KXBTC-26AUG1615-B63050,1786905561391,buy,0.65,0.35
KXBTC-26AUG1615-B63050,1786905911815,sell,0.74,-0.26
KXBTC-26AUG1615-B63050,1786906061320,buy,0.75,0.25
KXBTC-26AUG1615-B63050,1786906311348,sell,0.82,-0.18000000000000005
KXBTC-26AUG1615-B63050,1786906411378,sell,0.88,-0.12
KXBTC-26AUG1615-B63050,1786906461063,sell,0.92,-0.07999999999999996
KXBTC-26AUG1615-B63150,1786903962821,buy,0.38,-0.38
KXBTC-26AUG1615-B63150,1786904861837,sell,0.31,0.31
KXBTC-26AUG1615-B63150,1786905012371,buy,0.46,-0.46
KXBTC-26AUG1615-B63150,1786905462115,buy,0.39,-0.39
KXBTC-26AUG1615-B63150,1786905561678,sell,0.33,0.33
KXBTC-26AUG1615-B63150,1786905912102,buy,0.28,-0.28
KXBTC-26AUG1615-B63150,1786906061585,sell,0.24,0.24
KXBTC-26AUG1616-B63050,1786907514216,buy,0.47,0.53
KXBTC-26AUG1616-B63050,1786908014869,buy,0.28,0.72
KXBTC-26AUG1616-B63050,1786908164226,sell,0.19,-0.81
KXBTC-26AUG1616-B63050,1786908214177,buy,0.36,0.64
KXBTC-26AUG1616-B63050,1786908264520,buy,0.33,0.6699999999999999
KXBTC-26AUG1616-B63050,1786908314323,buy,0.31,0.69
KXBTC-26AUG1616-B63050,1786908464027,buy,0.14,0.86
KXBTC-26AUG1616-B63050,1786908764410,sell,0.12,-0.88
KXBTC-26AUG1616-B63050,1786909464331,sell,0.09,-0.91
KXBTC-26AUG1616-B63050,1786909514420,buy,0.42,0.5800000000000001
KXBTC-26AUG1616-B63050,1786909564136,sell,0.32,-0.6799999999999999
KXBTC-26AUG1616-B63050,1786909614267,buy,0.41,0.5900000000000001
KXBTC-26AUG1616-B63050,1786909714331,sell,0.35,-0.65
KXBTC-26AUG1616-B63050,1786909764311,sell,0.51,-0.49
KXBTC-26AUG1616-B63050,1786909864087,buy,0.61,0.39
KXBTC-26AUG1616-B63050,1786909914320,sell,0.57,-0.43000000000000005
KXBTC-26AUG1616-B63050,1786909963367,sell,0.67,-0.32999999999999996
KXBTC-26AUG1616-B63050,1786910013258,sell,0.91,-0.08999999999999997
KXBTC-26AUG1616-B63150,1786907515219,sell,0.49,0.49
KXBTC-26AUG1616-B63150,1786908015921,sell,0.65,0.65
KXBTC-26AUG1616-B63150,1786908664205,sell,0.73,0.73
KXBTC-26AUG1616-B63150,1786908764265,buy,0.78,-0.78
KXBTC-26AUG1616-B63150,1786908814147,sell,0.77,0.77
KXBTC-26AUG1616-B63150,1786909464101,buy,0.86,-0.86
KXBTC-26AUG1616-B63150,1786909563985,buy,0.63,-0.63
KXBTC-26AUG1616-B63150,1786909614117,sell,0.57,0.57
KXBTC-26AUG1616-B63150,1786909714175,buy,0.6,-0.6
KXBTC-26AUG1616-B63150,1786909764162,buy,0.46,-0.46
KXBTC-26AUG1616-B63150,1786909963221,buy,0.34,-0.34
KXBTC-26AUG1616-B63150,1786910013113,buy,0.08,-0.08
KXBTC-26AUG1616-B63150,1786910163320,buy,0.05,-0.05
KXBTC-26AUG1617-B62375,1786853911816,buy,0.06,-0.06
KXBTC-26AUG1617-B62625,1786885666039,buy,0.13,-0.13
KXBTC-26AUG1617-B62625,1786890659458,sell,0.08,0.08
KXBTC-26AUG1617-B62875,1786877057991,buy,0.34,-0.34
KXBTC-26AUG1617-B62875,1786880108061,buy,0.32,-0.32
KXBTC-26AUG1617-B62875,1786894408005,buy,0.27,-0.27
KXBTC-26AUG1617-B62875,1786895958131,buy,0.26,-0.26
KXBTC-26AUG1617-B62875,1786896560316,buy,0.26,-0.26
KXBTC-26AUG1617-B62875,1786901660399,sell,0.19,0.19
KXBTC-26AUG1617-B62875,1786903960243,sell,0.23,0.23
KXBTC-26AUG1617-B62875,1786909462881,sell,0.05,0.05
KXBTC-26AUG1617-B62875,1786909513083,sell,0.09,0.09
KXBTC-26AUG1617-B62875,1786911910951,sell,0.14,0.14
KXBTC-26AUG1617-B62875,1786912910693,sell,0.22,0.22
KXBTC-26AUG1617-B62875,1786913011040,sell,0.34,0.34
KXBTC-26AUG1617-B62875,1786913060867,buy,0.49,-0.49
KXBTC-26AUG1617-B62875,1786913110897,sell,0.33,0.33
KXBTC-26AUG1617-B62875,1786913160807,buy,0.46,-0.46
KXBTC-26AUG1617-B62875,1786913310841,sell,0.44,0.44
KXBTC-26AUG1617-B62875,1786913360911,sell,0.59,0.59
KXBTC-26AUG1617-B62875,1786913410887,sell,0.67,0.67
KXBTC-26AUG1617-B62875,1786913510627,buy,0.69,-0.69
KXBTC-26AUG1617-B62875,1786913560823,sell,0.6,0.6
KXBTC-26AUG1617-B62875,1786913610817,buy,0.78,-0.78
KXBTC-26AUG1617-B62875,1786913760776,sell,0.42,0.42
KXBTC-26AUG1617-B62875,1786913810792,sell,0.61,0.61
KXBTC-26AUG1617-B62875,1786913860706,buy,0.66,-0.66
KXBTC-26AUG1617-B62875,1786913910748,buy,0.53,-0.53
KXBTC-26AUG1617-B63125,1786862758763,sell,0.28,-0.72
KXBTC-26AUG1617-B63125,1786873408405,buy,0.31,0.69
KXBTC-26AUG1617-B63125,1786889361240,sell,0.36,-0.64
KXBTC-26AUG1617-B63125,1786890158196,buy,0.39,0.61
KXBTC-26AUG1617-B63125,1786890208157,sell,0.38,-0.62
KXBTC-26AUG1617-B63125,1786892658493,sell,0.43,-0.5700000000000001
KXBTC-26AUG1617-B63125,1786894308065,sell,0.46,-0.54
KXBTC-26AUG1617-B63125,1786894608235,sell,0.48,-0.52
KXBTC-26AUG1617-B63125,1786895258227,sell,0.48,-0.52
KXBTC-26AUG1617-B63125,1786897010492,buy,0.5,0.5
KXBTC-26AUG1617-B63125,1786897060670,buy,0.38,0.62
KXBTC-26AUG1617-B63125,1786897110284,sell,0.33,-0.6699999999999999
KXBTC-26AUG1617-B63125,1786897158041,buy,0.34,0.6599999999999999
KXBTC-26AUG1617-B63125,1786897308222,sell,0.34,-0.6599999999999999
KXBTC-26AUG1617-B63125,1786897458164,buy,0.37,0.63
KXBTC-26AUG1617-B63125,1786897558161,buy,0.33,0.6699999999999999
KXBTC-26AUG1617-B63125,1786897808804,buy,0.33,0.6699999999999999
KXBTC-26AUG1617-B63125,1786897858347,buy,0.3,0.7
KXBTC-26AUG1617-B63125,1786897908226,sell,0.29,-0.71
KXBTC-26AUG1617-B63125,1786898208321,sell,0.28,-0.72
KXBTC-26AUG1617-B63125,1786898458261,sell,0.35,-0.65
KXBTC-26AUG1617-B63125,1786899108082,sell,0.41,-0.5900000000000001
KXBTC-26AUG1617-B63125,1786901260498,sell,0.55,-0.44999999999999996
KXBTC-26AUG1617-B63125,1786902310879,buy,0.56,0.43999999999999995
KXBTC-26AUG1617-B63125,1786902460334,sell,0.55,-0.44999999999999996
KXBTC-26AUG1617-B63125,1786903960387,buy,0.58,0.42000000000000004
KXBTC-26AUG1617-B63125,1786904660303,sell,0.61,-0.39
KXBTC-26AUG1617-B63125,1786911910797,buy,0.84,0.16000000000000003
KXBTC-26AUG1617-B63125,1786912360743,sell,0.76,-0.24
KXBTC-26AUG1617-B63125,1786912760718,buy,0.83,0.17000000000000004
KXBTC-26AUG1617-B63125,1786912910548,buy,0.77,0.22999999999999998
KXBTC-26AUG1617-B63125,1786913010886,buy,0.65,0.35
KXBTC-26AUG1617-B63125,1786913060711,sell,0.49,-0.51
KXBTC-26AUG1617-B63125,1786913110747,buy,0.65,0.35
KXBTC-26AUG1617-B63125,1786913160672,sell,0.54,-0.45999999999999996
KXBTC-26AUG1617-B63125,1786913310697,buy,0.56,0.43999999999999995
KXBTC-26AUG1617-B63125,1786913360765,buy,0.42,0.5800000000000001
KXBTC-26AUG1617-B63125,1786913410743,buy,0.33,0.6699999999999999
KXBTC-26AUG1617-B63125,1786913460582,sell,0.26,-0.74
KXBTC-26AUG1617-B63125,1786913760633,buy,0.55,0.44999999999999996
KXBTC-26AUG1617-B63125,1786913810649,buy,0.4,0.6
KXBTC-26AUG1617-B63125,1786913860562,sell,0.34,-0.6599999999999999
KXBTC-26AUG1617-B63125,1786913910606,sell,0.48,-0.52
KXBTC-26AUG1617-B63375,1786885660954,sell,0.11,0.11
KXBTC-26AUG1617-B63375,1786890108762,sell,0.12,0.12
KXBTC-26AUG1617-B63375,1786896810946,sell,0.19,0.19
KXBTC-26AUG1617-B63375,1786897010922,sell,0.28,0.28
KXBTC-26AUG1617-B63375,1786897061111,sell,0.34,0.34
KXBTC-26AUG1617-B63375,1786897308811,buy,0.41,-0.41
KXBTC-26AUG1617-B63375,1786897808954,sell,0.45,0.45
KXBTC-26AUG1617-B63375,1786899108361,buy,0.37,-0.37
KXBTC-26AUG1617-B63375,1786901610474,buy,0.18,-0.18
KXBTC-26AUG1617-B63375,1786905510359,buy,0.12,-0.12
KXBTC-26AUG1617-B63375,1786909463026,buy,0.12,-0.12
KXBTC-26AUG1618-B62750,1786916462860,sell,0.04,0.04
KXBTC-26AUG1618-B62750,1786916762840,sell,0.12,0.12
KXBTC-26AUG1618-B62850,1786916412225,sell,0.21,-0.79
KXBTC-26AUG1618-B62850,1786916462112,buy,0.35,0.65
KXBTC-26AUG1618-B62850,1786916512024,sell,0.33,-0.6699999999999999
KXBTC-26AUG1618-B62850,1786916911937,buy,0.51,0.49
KXBTC-26AUG1618-B62850,1786916962085,sell,0.49,-0.51
KXBTC-26AUG1618-B62850,1786917011238,buy,0.56,0.43999999999999995
KXBTC-26AUG1618-B62850,1786917260915,sell,0.48,-0.52
KXBTC-26AUG1618-B62850,1786917311294,sell,0.6,-0.4
KXBTC-26AUG1618-B62850,1786917360841,buy,0.61,0.39
KXBTC-26AUG1618-B62850,1786917411060,sell,0.37,-0.63
KXBTC-26AUG1618-B62850,1786917460883,buy,0.52,0.48
KXBTC-26AUG1618-B62850,1786917510952,sell,0.48,-0.52
KXBTC-26AUG1618-B62850,1786917560788,sell,0.6,-0.4
KXBTC-26AUG1618-B62950,1786914563244,sell,0.37,0.37
KXBTC-26AUG1618-B62950,1786914813200,sell,0.36,0.36
KXBTC-26AUG1618-B62950,1786914863236,buy,0.42,-0.42
KXBTC-26AUG1618-B62950,1786915013437,buy,0.38,-0.38
KXBTC-26AUG1618-B62950,1786915061034,buy,0.35,-0.35
KXBTC-26AUG1618-B62950,1786915161365,sell,0.31,0.31
KXBTC-26AUG1618-B62950,1786915211069,sell,0.35,0.35
KXBTC-26AUG1618-B62950,1786915661063,buy,0.49,-0.49
KXBTC-26AUG1618-B62950,1786915711147,sell,0.43,0.43
KXBTC-26AUG1618-B62950,1786916210969,sell,0.54,0.54
KXBTC-26AUG1618-B62950,1786916411043,buy,0.58,-0.58
KXBTC-26AUG1618-B62950,1786916460930,sell,0.08,0.08
KXBTC-26AUG1618-B62950,1786916760873,buy,0.29,-0.29
KXBTC-26AUG1618-B62950,1786916810702,sell,0.19,0.19
KXBTC-26AUG1618-B62950,1786916860763,sell,0.27,0.27
KXBTC-26AUG1618-B62950,1786916910786,sell,0.39,0.39
KXBTC-26AUG1618-B62950,1786916960876,buy,0.42,-0.42
KXBTC-26AUG1618-B62950,1786917010938,sell,0.33,0.33
KXBTC-26AUG1618-B62950,1786917110700,sell,0.53,0.53
KXBTC-26AUG1618-B62950,1786917210519,buy,0.49,-0.49
KXBTC-26AUG1618-B62950,1786917260625,buy,0.46,-0.46
KXBTC-26AUG1618-B62950,1786917310997,buy,0.32,-0.32
KXBTC-26AUG1618-B62950,1786917360567,sell,0.3,0.3
KXBTC-26AUG1618-B62950,1786917410745,buy,0.56,-0.56
KXBTC-26AUG1618-B62950,1786917460607,sell,0.41,0.41
KXBTC-26AUG1618-B62950,1786917510664,buy,0.51,-0.51
KXBTC-26AUG1618-B63050,1786914813489,buy,0.4,-0.4
KXBTC-26AUG1618-B63050,1786914863506,sell,0.32,0.32
KXBTC-26AUG1618-B63050,1786915061320,sell,0.44,0.44
KXBTC-26AUG1618-B63050,1786915161658,buy,0.46,-0.46
KXBTC-26AUG1618-B63050,1786915311406,buy,0.39,-0.39
KXBTC-26AUG1618-B63050,1786915661357,sell,0.32,0.32
KXBTC-26AUG1618-B63050,1786915911221,sell,0.3,0.3
KXBTC-26AUG1618-B63050,1786916211099,buy,0.31,-0.31
KXBTC-26AUG1618-B63050,1786916311244,buy,0.27,-0.27
KXBTC-26AUG1618-B63050,1786916361148,buy,0.21,-0.21
KXBTC-26AUG1618-B63050,1786916461364,buy,0.16,-0.16
KXBTC-26AUG1619-B62550,1786919862010,sell,0.09,0.09
KXBTC-26AUG1619-B62550,1786920012150,sell,0.09,0.09
KXBTC-26AUG1619-B62550,1786920062100,sell,0.14,0.14
KXBTC-26AUG1619-B62550,1786920111962,buy,0.16,-0.16
KXBTC-26AUG1619-B62550,1786920161828,buy,0.11,-0.11
KXBTC-26AUG1619-B62550,1786920362160,sell,0.04,0.04
KXBTC-26AUG1619-B62550,1786920411871,buy,0.06,-0.06
KXBTC-26AUG1619-B62650,1786919162584,sell,0.11,0.11
KXBTC-26AUG1619-B62650,1786919462618,sell,0.14,0.14
KXBTC-26AUG1619-B62650,1786919512762,sell,0.19,0.19
KXBTC-26AUG1619-B62650,1786919662689,buy,0.24,-0.24
KXBTC-26AUG1619-B62650,1786919762717,sell,0.29,0.29
KXBTC-26AUG1619-B62650,1786919862724,sell,0.38,0.38
KXBTC-26AUG1619-B62650,1786919912419,buy,0.42,-0.42
KXBTC-26AUG1619-B62650,1786920012931,sell,0.4,0.4
KXBTC-26AUG1619-B62650,1786920162118,buy,0.43,-0.43
KXBTC-26AUG1619-B62650,1786920212070,sell,0.38,0.38
KXBTC-26AUG1619-B62650,1786920262047,buy,0.39,-0.39
KXBTC-26AUG1619-B62650,1786920362461,sell,0.35,0.35
KXBTC-26AUG1619-B62650,1786920412163,buy,0.46,-0.46
KXBTC-26AUG1619-B62650,1786920562046,buy,0.32,-0.32
KXBTC-26AUG1619-B62650,1786920612403,sell,0.21,0.21
KXBTC-26AUG1619-B62650,1786920662318,buy,0.23,-0.23
KXBTC-26AUG1619-B62650,1786920762101,buy,0.1,-0.1
KXBTC-26AUG1619-B62750,1786918613648,sell,0.18,0.18
KXBTC-26AUG1619-B62750,1786918911576,sell,0.27,0.27
KXBTC-26AUG1619-B62750,1786919111641,sell,0.31,0.31
KXBTC-26AUG1619-B62750,1786919161573,sell,0.34,0.34
KXBTC-26AUG1619-B62750,1786919511573,sell,0.39,0.39
KXBTC-26AUG1619-B62750,1786919761512,buy,0.45,-0.45
KXBTC-26AUG1619-B62750,1786919861572,buy,0.39,-0.39
KXBTC-26AUG1619-B62750,1786919911317,sell,0.34,0.34
KXBTC-26AUG1619-B62750,1786920011704,buy,0.38,-0.38
KXBTC-26AUG1619-B62750,1786920061602,buy,0.3,-0.3
KXBTC-26AUG1619-B62750,1786920111527,sell,0.26,0.26
KXBTC-26AUG1619-B62750,1786920161542,sell,0.33,0.33
KXBTC-26AUG1619-B62750,1786920211483,buy,0.48,-0.48
KXBTC-26AUG1619-B62750,1786920261467,sell,0.45,0.45
KXBTC-26AUG1619-B62750,1786920361842,buy,0.51,-0.51
KXBTC-26AUG1619-B62750,1786920411586,sell,0.41,0.41
KXBTC-26AUG1619-B62750,1786920461553,sell,0.53,0.53
KXBTC-26AUG1619-B62750,1786921011361,buy,0.88,-0.88
KXBTC-26AUG1619-B62750,1786921061179,buy,0.77,-0.77
KXBTC-26AUG1619-B62850,1786919111058,buy,0.4,0.6
KXBTC-26AUG1619-B62850,1786919460948,buy,0.34,0.6599999999999999
KXBTC-26AUG1619-B62850,1786919510998,buy,0.28,0.72
KXBTC-26AUG1619-B62850,1786919760895,buy,0.22,0.78
KXBTC-26AUG1619-B62850,1786919861006,buy,0.12,0.88
KXBTC-26AUG1619-B62850,1786920160839,sell,0.07,-0.9299999999999999
KXBTC-26AUG1619-B62850,1786920560734,sell,0.09,-0.91
KXBTC-26AUG1619-B62850,1786920611048,buy,0.11,0.89
KXBTC-26AUG1619-B62850,1786920660924,sell,0.1,-0.9
KXBTC-26AUG1619-B62850,1786920710796,buy,0.12,0.88
KXBTC-26AUG1619-B62850,1786921010923,sell,0.09,-0.91
KXBTC-26AUG1619-B62850,1786921060763,sell,0.24,-0.76
KXBTC-26AUG1619-B62850,1786921110722,sell,0.78,-0.21999999999999997
KXBTC-26AUG1619-B62950,1786918613198,buy,0.27,-0.27
KXBTC-26AUG1619-B62950,1786918911288,buy,0.18,-0.18
KXBTC-26AUG1620-B62650,1786922065424,sell,0.06,0.06
KXBTC-26AUG1620-B62650,1786922115509,sell,0.09,0.09
KXBTC-26AUG1620-B62650,1786922565377,buy,0.09,-0.09
KXBTC-26AUG1620-B62650,1786923362451,buy,0.07,-0.07
KXBTC-26AUG1620-B62650,1786923512273,buy,0.08,-0.08
KXBTC-26AUG1620-B62750,1786922015526,sell,0.18,0.18
KXBTC-26AUG1620-B62750,1786922065294,sell,0.22,0.22
KXBTC-26AUG1620-B62750,1786922115363,sell,0.28,0.28
KXBTC-26AUG1620-B62750,1786922265325,sell,0.29,0.29
KXBTC-26AUG1620-B62750,1786922515026,buy,0.32,-0.32
KXBTC-26AUG1620-B62750,1786922565231,buy,0.25,-0.25
KXBTC-26AUG1620-B62750,1786922615229,sell,0.21,0.21
KXBTC-26AUG1620-B62750,1786922665118,sell,0.25,0.25
KXBTC-26AUG1620-B62750,1786922761409,sell,0.34,0.34
KXBTC-26AUG1620-B62750,1786922811344,buy,0.36,-0.36
KXBTC-26AUG1620-B62750,1786922861358,sell,0.35,0.35
KXBTC-26AUG1620-B62750,1786923161474,buy,0.44,-0.44
KXBTC-26AUG1620-B62750,1786923211339,sell,0.43,0.43
KXBTC-26AUG1620-B62750,1786923311464,buy,0.44,-0.44
KXBTC-26AUG1620-B62750,1786923361279,buy,0.37,-0.37
KXBTC-26AUG1620-B62750,1786923411343,sell,0.31,0.31
KXBTC-26AUG1620-B62750,1786923461346,sell,0.37,0.37
KXBTC-26AUG1620-B62750,1786923511111,buy,0.43,-0.43
KXBTC-26AUG1620-B62750,1786923561258,sell,0.34,0.34
KXBTC-26AUG1620-B62750,1786923711389,buy,0.41,-0.41
KXBTC-26AUG1620-B62750,1786923811149,buy,0.33,-0.33
KXBTC-26AUG1620-B62750,1786923961338,sell,0.24,0.24
KXBTC-26AUG1620-B62750,1786924061263,buy,0.25,-0.25
KXBTC-26AUG1620-B62750,1786924111075,buy,0.19,-0.19
KXBTC-26AUG1620-B62750,1786924261359,sell,0.09,0.09
KXBTC-26AUG1620-B62750,1786924461254,sell,0.13,0.13
KXBTC-26AUG1620-B62750,1786924561405,buy,0.13,-0.13
KXBTC-26AUG1620-B62850,1786921965582,sell,0.34,-0.6599999999999999
KXBTC-26AUG1620-B62850,1786922015385,sell,0.36,-0.64
KXBTC-26AUG1620-B62850,1786922513539,sell,0.36,-0.64
KXBTC-26AUG1620-B62850,1786922761562,buy,0.37,0.63
KXBTC-26AUG1620-B62850,1786922811486,sell,0.34,-0.6599999999999999
KXBTC-26AUG1620-B62850,1786922861506,buy,0.36,0.64
KXBTC-26AUG1620-B62850,1786922911420,buy,0.33,0.6699999999999999
KXBTC-26AUG1620-B62850,1786923011800,sell,0.28,-0.72
KXBTC-26AUG1620-B62850,1786923061469,buy,0.33,0.6699999999999999
KXBTC-26AUG1620-B62850,1786923161624,sell,0.33,-0.6699999999999999
KXBTC-26AUG1620-B62850,1786923211482,buy,0.34,0.6599999999999999
KXBTC-26AUG1620-B62850,1786923261661,sell,0.31,-0.69
KXBTC-26AUG1620-B62850,1786923311614,sell,0.35,-0.65
KXBTC-26AUG1620-B62850,1786923361554,sell,0.45,-0.55
KXBTC-26AUG1620-B62850,1786923461638,buy,0.44,0.56
KXBTC-26AUG1620-B62850,1786923511398,sell,0.39,-0.61
KXBTC-26AUG1620-B62850,1786923561541,buy,0.49,0.51
KXBTC-26AUG1620-B62850,1786923711686,sell,0.47,-0.53
KXBTC-26AUG1620-B62850,1786923811440,sell,0.55,-0.44999999999999996
KXBTC-26AUG1620-B62850,1786924461397,buy,0.85,0.15000000000000002
KXBTC-26AUG1620-B62850,1786924561564,sell,0.86,-0.14
KXBTC-26AUG1620-B62950,1786921865880,sell,0.3,0.3
KXBTC-26AUG1620-B62950,1786922015831,buy,0.26,-0.26
KXBTC-26AUG1620-B62950,1786922064696,buy,0.23,-0.23
KXBTC-26AUG1620-B62950,1786922114776,buy,0.17,-0.17
KXBTC-26AUG1620-B62950,1786922464727,buy,0.15,-0.15
KXBTC-26AUG1620-B62950,1786922514402,sell,0.14,0.14
KXBTC-26AUG1620-B62950,1786922564603,sell,0.18,0.18
KXBTC-26AUG1620-B62950,1786922664515,buy,0.21,-0.21
KXBTC-26AUG1620-B62950,1786923361704,sell,0.1,0.1
KXBTC-26AUG1620-B62950,1786923411790,buy,0.13,-0.13
KXBTC-26AUG1620-B62950,1786923511540,sell,0.09,0.09
KXBTC-26AUG1620-B62950,1786923811588,sell,0.09,0.09
KXBTC-26AUG1620-B62950,1786923911969,buy,0.11,-0.11
KXBTC-26AUG1620-B62950,1786923961806,buy,0.08,-0.08
KXBTC-26AUG1620-B62950,1786924111504,sell,0.08,0.08
KXBTC-26AUG1620-B62950,1786924261792,buy,0.12,-0.12
KXBTC-26AUG1620-B62950,1786924361771,buy,0.07,-0.07
KXBTC-26AUG1620-B62950,1786924461671,buy,0.03,-0.03
KXBTC-26AUG1620-B63050,1786922264841,buy,0.04,-0.04
KXBTC-26AUG1621-B62550,1786927112428,buy,0.05,-0.05
KXBTC-26AUG1621-B62650,1786925865086,sell,0.08,0.08
KXBTC-26AUG1621-B62650,1786926062239,buy,0.11,-0.11
KXBTC-26AUG1621-B62650,1786926161987,sell,0.1,0.1
KXBTC-26AUG1621-B62650,1786926212048,sell,0.18,0.18
KXBTC-26AUG1621-B62650,1786926262016,sell,0.23,0.23
KXBTC-26AUG1621-B62650,1786926312111,sell,0.27,0.27
KXBTC-26AUG1621-B62650,1786926361936,sell,0.29,0.29
KXBTC-26AUG1621-B62650,1786926411734,buy,0.3,-0.3
KXBTC-26AUG1621-B62650,1786926512167,buy,0.26,-0.26
KXBTC-26AUG1621-B62650,1786926561352,buy,0.17,-0.17
KXBTC-26AUG1621-B62650,1786926661637,sell,0.1,0.1
KXBTC-26AUG1621-B62650,1786926711459,sell,0.22,0.22
KXBTC-26AUG1621-B62650,1786926861539,sell,0.28,0.28
KXBTC-26AUG1621-B62650,1786927061666,buy,0.39,-0.39
KXBTC-26AUG1621-B62650,1786927111564,buy,0.33,-0.33
KXBTC-26AUG1621-B62650,1786927211287,sell,0.24,0.24
KXBTC-26AUG1621-B62650,1786927261132,sell,0.27,0.27
KXBTC-26AUG1621-B62650,1786927311070,buy,0.29,-0.29
KXBTC-26AUG1621-B62650,1786927361226,sell,0.18,0.18
KXBTC-26AUG1621-B62650,1786927410948,buy,0.23,-0.23
KXBTC-26AUG1621-B62650,1786927461123,buy,0.14,-0.14
KXBTC-26AUG1621-B62750,1786925863782,sell,0.34,0.34
KXBTC-26AUG1621-B62750,1786925961335,sell,0.37,0.37
KXBTC-26AUG1621-B62750,1786926061575,buy,0.39,-0.39
KXBTC-26AUG1621-B62750,1786926111337,sell,0.36,0.36
KXBTC-26AUG1621-B62750,1786926511584,sell,0.42,0.42
KXBTC-26AUG1621-B62750,1786926561203,buy,0.44,-0.44
KXBTC-26AUG1621-B62750,1786926661504,sell,0.41,0.41
KXBTC-26AUG1621-B62750,1786926911516,sell,0.43,0.43
KXBTC-26AUG1621-B62750,1786927011198,buy,0.41,-0.41
KXBTC-26AUG1621-B62750,1786927061533,sell,0.38,0.38
KXBTC-26AUG1621-B62750,1786927111376,sell,0.45,0.45
KXBTC-26AUG1621-B62750,1786927461287,buy,0.55,-0.55
KXBTC-26AUG1621-B62750,1786927511494,sell,0.21,0.21
KXBTC-26AUG1621-B62750,1786927561204,buy,0.24,-0.24
KXBTC-26AUG1621-B62750,1786927611539,sell,0.18,0.18
KXBTC-26AUG1621-B62750,1786927960942,buy,0.62,-0.62
KXBTC-26AUG1621-B62750,1786928010939,buy,0.51,-0.51
KXBTC-26AUG1621-B62750,1786928061130,buy,0.39,-0.39
KXBTC-26AUG1621-B62750,1786928111055,buy,0.31,-0.31
KXBTC-26AUG1621-B62750,1786928210953,buy,0.12,-0.12
KXBTC-26AUG1621-B62750,1786928261046,sell,0.03,0.03
KXBTC-26AUG1621-B62750,1786928310924,buy,0.04,-0.04
KXBTC-26AUG1621-B62850,1786925463230,sell,0.39,-0.61
KXBTC-26AUG1621-B62850,1786925513198,buy,0.4,0.6
KXBTC-26AUG1621-B62850,1786925663247,sell,0.4,-0.6
KXBTC-26AUG1621-B62850,1786925910859,buy,0.41,0.5900000000000001
KXBTC-26AUG1621-B62850,1786925960894,buy,0.36,0.64
KXBTC-26AUG1621-B62850,1786926061110,sell,0.35,-0.65
KXBTC-26AUG1621-B62850,1786926160995,buy,0.37,0.63
KXBTC-26AUG1621-B62850,1786926211020,buy,0.28,0.72
KXBTC-26AUG1621-B62850,1786926260953,buy,0.23,0.77
KXBTC-26AUG1621-B62850,1786926311090,buy,0.21,0.79
KXBTC-26AUG1621-B62850,1786926511110,sell,0.22,-0.78
KXBTC-26AUG1621-B62850,1786926560636,sell,0.28,-0.72
KXBTC-26AUG1621-B62850,1786926611261,sell,0.33,-0.6699999999999999
KXBTC-26AUG1621-B62850,1786926660919,buy,0.36,0.64
KXBTC-26AUG1621-B62850,1786926710757,buy,0.24,0.76
KXBTC-26AUG1621-B62850,1786927110841,sell,0.13,-0.87
KXBTC-26AUG1621-B62850,1786927160824,sell,0.17,-0.83
KXBTC-26AUG1621-B62850,1786927211010,buy,0.18,0.8200000000000001
KXBTC-26AUG1621-B62850,1786927310785,sell,0.14,-0.86
KXBTC-26AUG1621-B62850,1786927360933,buy,0.22,0.78
KXBTC-26AUG1621-B62850,1786927410649,sell,0.16,-0.84
KXBTC-26AUG1621-B62850,1786927460792,sell,0.27,-0.73
KXBTC-26AUG1621-B62850,1786927511043,buy,0.47,0.53
KXBTC-26AUG1621-B62850,1786927611087,sell,0.47,-0.53
KXBTC-26AUG1621-B62850,1786927760903,sell,0.49,-0.51
KXBTC-26AUG1621-B62850,1786927910967,buy,0.51,0.49
KXBTC-26AUG1621-B62850,1786927960792,sell,0.31,-0.69
KXBTC-26AUG1621-B62850,1786928010792,sell,0.45,-0.55
KXBTC-26AUG1621-B62850,1786928060985,sell,0.57,-0.43000000000000005
KXBTC-26AUG1621-B62850,1786928110923,sell,0.61,-0.39
KXBTC-26AUG1621-B62850,1786928160890,sell,0.82,-0.18000000000000005
KXBTC-26AUG1621-B62950,1786925664135,sell,0.17,0.17
KXBTC-26AUG1621-B62950,1786925813884,buy,0.17,-0.17
KXBTC-26AUG1621-B62950,1786925863928,buy,0.14,-0.14
KXBTC-26AUG1621-B62950,1786926061888,sell,0.11,0.11
KXBTC-26AUG1621-B62950,1786926612260,sell,0.08,0.08
KXBTC-26AUG1621-B62950,1786926661988,buy,0.1,-0.1
KXBTC-26AUG1621-B62950,1786927461878,sell,0.03,0.03
KXBTC-26AUG1621-B62950,1786927512135,buy,0.25,-0.25
KXBTC-26AUG1621-B62950,1786927561787,sell,0.22,0.22
KXBTC-26AUG1621-B62950,1786927612144,buy,0.29,-0.29
KXBTC-26AUG1621-B62950,1786927661825,buy,0.17,-0.17
KXBTC-26AUG1621-B62950,1786927711914,buy,0.09,-0.09
KXBTC-26AUG1622-B62850,1786929115185,sell,0.14,0.14
KXBTC-26AUG1622-B62850,1786929315800,sell,0.15,0.15
KXBTC-26AUG1622-B62850,1786929515209,buy,0.16,-0.16
KXBTC-26AUG1622-B62850,1786930312313,buy,0.14,-0.14
KXBTC-26AUG1622-B62950,1786929114888,sell,0.22,0.22
KXBTC-26AUG1622-B62950,1786929315498,sell,0.26,0.26
KXBTC-26AUG1622-B62950,1786929565179,sell,0.27,0.27
KXBTC-26AUG1622-B62950,1786929761956,buy,0.27,-0.27
KXBTC-26AUG1622-B62950,1786930212117,buy,0.22,-0.22
KXBTC-26AUG1622-B62950,1786930261789,buy,0.13,-0.13
KXBTC-26AUG1622-B62950,1786930361782,sell,0.07,0.07
KXBTC-26AUG1622-B62950,1786930611848,sell,0.07,0.07
KXBTC-26AUG1622-B62950,1786930861829,buy,0.06,-0.06
KXBTC-26AUG1622-B63050,1786929513575,sell,0.27,-0.73
KXBTC-26AUG1622-B63050,1786930011407,buy,0.33,0.6699999999999999
KXBTC-26AUG1622-B63050,1786930061301,sell,0.32,-0.6799999999999999
KXBTC-26AUG1622-B63050,1786930211673,buy,0.36,0.64
KXBTC-26AUG1622-B63050,1786930261340,buy,0.31,0.69
KXBTC-26AUG1622-B63050,1786930411327,sell,0.25,-0.75
KXBTC-26AUG1622-B63050,1786930461451,buy,0.29,0.71
KXBTC-26AUG1622-B63050,1786930611498,sell,0.22,-0.78
KXBTC-26AUG1622-B63050,1786930861522,buy,0.31,0.69
KXBTC-26AUG1622-B63050,1786930911375,sell,0.22,-0.78
KXBTC-26AUG1622-B63050,1786931111579,buy,0.28,0.72
KXBTC-26AUG1622-B63050,1786931161464,sell,0.22,-0.78
KXBTC-26AUG1622-B63050,1786931211495,sell,0.29,-0.71
KXBTC-26AUG1622-B63050,1786931311415,buy,0.33,0.6699999999999999
KXBTC-26AUG1622-B63050,1786931361252,buy,0.28,0.72
KXBTC-26AUG1622-B63050,1786931411528,sell,0.16,-0.84
KXBTC-26AUG1622-B63050,1786931461432,sell,0.22,-0.78
KXBTC-26AUG1622-B63050,1786931511197,sell,0.31,-0.69
KXBTC-26AUG1622-B63050,1786931561277,sell,0.46,-0.54
KXBTC-26AUG1622-B63050,1786931611299,buy,0.54,0.45999999999999996
KXBTC-26AUG1622-B63050,1786931661210,sell,0.47,-0.53
KXBTC-26AUG1622-B63050,1786931711443,sell,0.65,-0.35
KXBTC-26AUG1622-B63050,1786931761320,sell,0.76,-0.24
KXBTC-26AUG1622-B63150,1786929114461,buy,0.17,-0.17
KXBTC-26AUG1622-B63150,1786929315049,buy,0.16,-0.16
KXBTC-26AUG1622-B63150,1786929464623,buy,0.12,-0.12
KXBTC-26AUG1622-B63150,1786929514448,sell,0.11,0.11
KXBTC-26AUG1622-B63150,1786929564740,buy,0.16,-0.16
KXBTC-26AUG1622-B63150,1786929761378,sell,0.18,0.18
KXBTC-26AUG1622-B63150,1786929861320,sell,0.22,0.22
KXBTC-26AUG1622-B63150,1786930211527,sell,0.24,0.24
KXBTC-26AUG1622-B63150,1786930261190,buy,0.31,-0.31
KXBTC-26AUG1622-B63150,1786930311188,sell,0.3,0.3
KXBTC-26AUG1622-B63150,1786930661409,sell,0.35,0.35
KXBTC-26AUG1622-B63150,1786930761294,sell,0.38,0.38
KXBTC-26AUG1622-B63150,1786930861353,sell,0.4,0.4
KXBTC-26AUG1622-B63150,1786931111285,sell,0.51,0.51
KXBTC-26AUG1622-B63150,1786931311120,sell,0.54,0.54
KXBTC-26AUG1622-B63150,1786931461150,buy,0.65,-0.65
KXBTC-26AUG1622-B63150,1786931510910,buy,0.59,-0.59
KXBTC-26AUG1622-B63150,1786931560974,buy,0.49,-0.49
KXBTC-26AUG1622-B63150,1786931610880,sell,0.44,0.44
KXBTC-26AUG1622-B63150,1786931660790,buy,0.52,-0.52
KXBTC-26AUG1622-B63150,1786931711001,buy,0.34,-0.34
KXBTC-26AUG1622-B63150,1786931760885,buy,0.2,-0.2
KXBTC-26AUG1622-B63150,1786931810720,buy,0.13,-0.13
KXBTC-26AUG1622-B63150,1786931860685,buy,0.06,-0.06
KXBTC-26AUG1622-B63250,1786929115324,buy,0.08,-0.08
KXBTC-26AUG1622-B63250,1786929315951,buy,0.07,-0.07
KXBTC-26AUG1622-B63250,1786930312450,sell,0.06,0.06
KXBTC-26AUG1622-B63250,1786930362687,buy,0.21,-0.21
KXBTC-26AUG1622-B63250,1786930462589,sell,0.16,0.16
KXBTC-26AUG1622-B63250,1786930612770,buy,0.23,-0.23
KXBTC-26AUG1622-B63250,1786930762676,sell,0.14,0.14
KXBTC-26AUG1622-B63250,1786930812781,buy,0.15,-0.15
KXBTC-26AUG1622-B63250,1786930862695,sell,0.14,0.14
KXBTC-26AUG1622-B63250,1786930912543,buy,0.21,-0.21
KXBTC-26AUG1622-B63250,1786931112908,sell,0.15,0.15
KXBTC-26AUG1622-B63250,1786931162859,buy,0.2,-0.2
KXBTC-26AUG1622-B63250,1786931362518,sell,0.1,0.1
KXBTC-26AUG1622-B63250,1786931412835,buy,0.23,-0.23
KXBTC-26AUG1622-B63250,1786931462809,buy,0.14,-0.14
KXBTC-26AUG1622-B63250,1786931512501,buy,0.06,-0.06
KXBTC-26AUG1623-B62850,1786932366281,buy,0.16,-0.16
KXBTC-26AUG1623-B62850,1786932415743,sell,0.15,0.15
KXBTC-26AUG1623-B62850,1786932666158,buy,0.15,-0.15
KXBTC-26AUG1623-B62850,1786933014416,buy,0.11,-0.11
KXBTC-26AUG1623-B62950,1786932765088,buy,0.32,-0.32
KXBTC-26AUG1623-B62950,1786932965476,sell,0.31,0.31
KXBTC-26AUG1623-B62950,1786933014863,buy,0.33,-0.33
KXBTC-26AUG1623-B62950,1786933215544,buy,0.29,-0.29
KXBTC-26AUG1623-B62950,1786933314895,buy,0.23,-0.23
KXBTC-26AUG1623-B62950,1786933561379,buy,0.16,-0.16
KXBTC-26AUG1623-B62950,1786933611264,buy,0.14,-0.14
KXBTC-26AUG1623-B62950,1786933911312,sell,0.13,0.13
KXBTC-26AUG1623-B62950,1786933961217,buy,0.14,-0.14
KXBTC-26AUG1623-B63050,1786933013978,sell,0.37,0.37
KXBTC-26AUG1623-B63050,1786933462440,sell,0.44,0.44
KXBTC-26AUG1623-B63050,1786933511979,buy,0.47,-0.47
KXBTC-26AUG1623-B63050,1786933561997,buy,0.44,-0.44
KXBTC-26AUG1623-B63050,1786933611840,buy,0.4,-0.4
KXBTC-26AUG1623-B63050,1786933711949,sell,0.29,0.29
KXBTC-26AUG1623-B63050,1786933812247,sell,0.31,0.31
KXBTC-26AUG1623-B63050,1786933861839,sell,0.39,0.39
KXBTC-26AUG1623-B63050,1786933911942,sell,0.43,0.43
KXBTC-26AUG1623-B63050,1786933961772,buy,0.46,-0.46
KXBTC-26AUG1623-B63050,1786934011867,buy,0.27,-0.27
KXBTC-26AUG1623-B63050,1786934361183,buy,0.14,-0.14
KXBTC-26AUG1623-B63050,1786934511031,buy,0.1,-0.1
KXBTC-26AUG1623-B63050,1786934811300,buy,0.07,-0.07
KXBTC-26AUG1623-B63150,1786932515438,sell,0.12,0.12
KXBTC-26AUG1623-B63150,1786933015453,sell,0.14,0.14
KXBTC-26AUG1623-B63150,1786933216176,sell,0.17,0.17
KXBTC-26AUG1623-B63150,1786933315460,sell,0.21,0.21
KXBTC-26AUG1623-B63150,1786933415642,sell,0.27,0.27
KXBTC-26AUG1623-B63150,1786934111472,buy,0.28,-0.28
KXBTC-26AUG1623-B63150,1786934211261,sell,0.27,0.27
KXBTC-26AUG1623-B63150,1786934361324,buy,0.39,-0.39
KXBTC-26AUG1623-B63150,1786934461315,sell,0.38,0.38
KXBTC-26AUG1623-B63150,1786934511175,buy,0.41,-0.41
KXBTC-26AUG1623-B63150,1786934561392,sell,0.31,0.31
KXBTC-26AUG1623-B63150,1786934811007,buy,0.5,-0.5
KXBTC-26AUG1623-B63150,1786934861214,sell,0.41,0.41
KXBTC-26AUG1623-B63150,1786934910960,buy,0.43,-0.43
KXBTC-26AUG1623-B63150,1786935011345,buy,0.4,-0.4
KXBTC-26AUG1623-B63150,1786935061114,buy,0.27,-0.27
KXBTC-26AUG1623-B63150,1786935111283,buy,0.13,-0.13
KXBTC-26AUG1623-B63150,1786935161152,buy,0.06,-0.06
KXBTC-26AUG1623-B63250,1786934111621,sell,0.07,0.07
KXBTC-26AUG1623-B63250,1786934361474,sell,0.29,0.29
KXBTC-26AUG1623-B63250,1786934461459,buy,0.34,-0.34
KXBTC-26AUG1623-B63250,1786934511325,sell,0.32,0.32
KXBTC-26AUG1623-B63250,1786934561542,buy,0.41,-0.41
KXBTC-26AUG1623-B63250,1786934611492,sell,0.4,0.4
KXBTC-26AUG1623-B63250,1786934661202,buy,0.42,-0.42
KXBTC-26AUG1623-B63250,1786934711670,sell,0.35,0.35
KXBTC-26AUG1623-B63250,1786934761268,buy,0.37,-0.37
KXBTC-26AUG1623-B63250,1786934811149,sell,0.34,0.34
KXBTC-26AUG1623-B63250,1786934911105,sell,0.44,0.44
KXBTC-26AUG1623-B63250,1786935011489,sell,0.51,0.51
KXBTC-26AUG1623-B63250,1786935061260,sell,0.59,0.59
KXBTC-26AUG1623-B63250,1786935161291,buy,0.68,-0.68
KXBTC-26AUG1623-B63250,1786935211165,buy,0.16,-0.16
KXBTC-26AUG1623-B63250,1786935311399,sell,0.14,0.14
KXBTC-26AUG1623-B63250,1786935361199,buy,0.17,-0.17
KXBTC-26AUG1623-B63250,1786935410803,buy,0.12,-0.12
KXBTC-26AUG1623-B63250,1786935511018,sell,0.03,0.03
KXBTC-26AUG1623-B63350,1786934112579,sell,0.02,-0.98
KXBTC-26AUG1623-B63350,1786934262337,buy,0.16,0.84
KXBTC-26AUG1623-B63350,1786934312472,buy,0.11,0.89
KXBTC-26AUG1623-B63350,1786934512181,sell,0.09,-0.91
KXBTC-26AUG1623-B63350,1786934562464,buy,0.12,0.88
KXBTC-26AUG1623-B63350,1786934662079,buy,0.08,0.92
KXBTC-26AUG1623-B63350,1786934762469,buy,0.05,0.95
KXBTC-26AUG1623-B63350,1786935062452,sell,0.05,-0.95
KXBTC-26AUG1623-B63350,1786935112604,sell,0.12,-0.88
KXBTC-26AUG1623-B63350,1786935162428,sell,0.21,-0.79
KXBTC-26AUG1623-B63350,1786935212360,buy,0.61,0.39
KXBTC-26AUG1623-B63350,1786935262254,sell,0.46,-0.54
KXBTC-26AUG1623-B63350,1786935312553,sell,0.52,-0.48
KXBTC-26AUG1623-B63350,1786935362433,sell,0.66,-0.33999999999999997
KXBTC-26AUG1623-B63350,1786935461462,buy,0.76,0.24
KXBTC-26AUG1623-B63350,1786935511601,sell,0.7,-0.30000000000000004
KXBTC-26AUG1623-B63450,1786935461756,sell,0.21,0.21
KXBTC-26AUG1623-B63450,1786935511900,buy,0.27,-0.27
KXBTC-26AUG1700-B63150,1786937969401,buy,0.08,-0.08
KXBTC-26AUG1700-B63250,1786936465316,buy,0.3,-0.3
KXBTC-26AUG1700-B63250,1786936516105,buy,0.24,-0.24
KXBTC-26AUG1700-B63250,1786936615249,sell,0.23,0.23
KXBTC-26AUG1700-B63250,1786936771057,sell,0.29,0.29
KXBTC-26AUG1700-B63250,1786937168546,sell,0.34,0.34
KXBTC-26AUG1700-B63250,1786937468331,sell,0.4,0.4
KXBTC-26AUG1700-B63250,1786937768208,buy,0.45,-0.45
KXBTC-26AUG1700-B63250,1786937818004,buy,0.41,-0.41
KXBTC-26AUG1700-B63250,1786938018242,sell,0.29,0.29
KXBTC-26AUG1700-B63250,1786938218114,sell,0.42,0.42
KXBTC-26AUG1700-B63250,1786938467786,buy,0.52,-0.52
KXBTC-26AUG1700-B63250,1786938518188,buy,0.32,-0.32
KXBTC-26AUG1700-B63250,1786938567942,sell,0.21,0.21
KXBTC-26AUG1700-B63250,1786938667763,buy,0.28,-0.28
KXBTC-26AUG1700-B63250,1786938717923,buy,0.17,-0.17
KXBTC-26AUG1700-B63250,1786938767853,buy,0.1,-0.1
KXBTC-26AUG1700-B63250,1786938867684,buy,0.03,-0.03
KXBTC-26AUG1700-B63350,1786936969696,sell,0.35,-0.65
KXBTC-26AUG1700-B63350,1786937168830,buy,0.38,0.62
KXBTC-26AUG1700-B63350,1786937718956,sell,0.43,-0.5700000000000001
KXBTC-26AUG1700-B63350,1786937818537,sell,0.47,-0.53
KXBTC-26AUG1700-B63350,1786937918674,sell,0.57,-0.43000000000000005
KXBTC-26AUG1700-B63350,1786938018686,buy,0.59,0.41000000000000003
KXBTC-26AUG1700-B63350,1786938118348,sell,0.47,-0.53
KXBTC-26AUG1700-B63350,1786938218560,buy,0.51,0.49
KXBTC-26AUG1700-B63350,1786938268595,sell,0.41,-0.5900000000000001
KXBTC-26AUG1700-B63350,1786938468218,sell,0.46,-0.54
KXBTC-26AUG1700-B63350,1786938518621,sell,0.62,-0.38
KXBTC-26AUG1700-B63350,1786938568366,buy,0.72,0.28
KXBTC-26AUG1700-B63350,1786938668210,sell,0.68,-0.31999999999999995
KXBTC-26AUG1700-B63350,1786938768270,buy,0.76,0.24
KXBTC-26AUG1700-B63350,1786938818433,buy,0.68,0.31999999999999995
KXBTC-26AUG1700-B63350,1786938868124,buy,0.47,0.53
KXBTC-26AUG1700-B63350,1786938918310,buy,0.35,0.65
KXBTC-26AUG1700-B63350,1786938968299,buy,0.16,0.84
KXBTC-26AUG1700-B63350,1786939018096,sell,0.12,-0.88
KXBTC-26AUG1700-B63350,1786939068189,sell,0.29,-0.71
KXBTC-26AUG1700-B63350,1786939118179,sell,0.78,-0.21999999999999997
KXBTC-26AUG1700-B63450,1786936365907,buy,0.16,-0.16
KXBTC-26AUG1700-B63450,1786936465942,sell,0.15,0.15
KXBTC-26AUG1700-B63450,1786936516655,sell,0.2,0.2
KXBTC-26AUG1700-B63450,1786937319157,buy,0.18,-0.18
KXBTC-26AUG1700-B63450,1786937819109,sell,0.06,0.06
KXBTC-26AUG1700-B63450,1786938019426,buy,0.07,-0.07
KXBTC-26AUG1700-B63450,1786938717781,sell,0.05,0.05
KXBTC-26AUG1700-B63450,1786938767708,sell,0.08,0.08
KXBTC-26AUG1700-B63450,1786938817782,sell,0.28,0.28
KXBTC-26AUG1700-B63450,1786938917725,sell,0.6,0.6
KXBTC-26AUG1700-B63450,1786938967717,sell,0.76,0.76
KXBTC-26AUG1700-B63450,1786939017540,buy,0.78,-0.78
KXBTC-26AUG1700-B63450,1786939067553,buy,0.66,-0.66
KXBTC-26AUG1700-B63450,1786939117641,buy,0.1,-0.1
KXBTC-26JUL3102-B64150,1785477179757,buy,0.09,-0.09
KXBTC-26JUL3102-B64250,1785476940115,sell,0.67,-0.32999999999999996
KXBTC-26JUL3102-B64250,1785477000092,buy,0.69,0.31000000000000005
KXBTC-26JUL3102-B64250,1785477060083,sell,0.63,-0.37
KXBTC-26JUL3102-B64250,1785477080204,buy,0.64,0.36
KXBTC-26JUL3102-B64250,1785477100077,sell,0.63,-0.37
KXBTC-26JUL3102-B64250,1785477120092,sell,0.71,-0.29000000000000004
KXBTC-26JUL3102-B64250,1785477279412,sell,0.78,-0.21999999999999997
KXBTC-26JUL3102-B64250,1785477359560,sell,0.79,-0.20999999999999996
KXBTC-26JUL3102-B64250,1785477379528,sell,0.87,-0.13
KXBTC-26JUL3102-B64250,1785477479585,buy,0.83,0.17000000000000004
KXBTC-26JUL3102-B64250,1785477499421,buy,0.66,0.33999999999999997
KXBTC-26JUL3102-B64250,1785477519562,buy,0.59,0.41000000000000003
KXBTC-26JUL3102-B64250,1785477539508,sell,0.35,-0.65
KXBTC-26JUL3102-B64250,1785477559626,sell,0.85,-0.15000000000000002
KXBTC-26JUL3102-B64250,1785477579420,sell,0.96,-0.040000000000000036
KXBTC-26JUL3102-B64350,1785475760085,buy,0.33,-0.33
KXBTC-26JUL3102-B64350,1785475940052,sell,0.33,0.33
KXBTC-26JUL3102-B64350,1785476059963,buy,0.38,-0.38
KXBTC-26JUL3102-B64350,1785476080058,buy,0.28,-0.28
KXBTC-26JUL3102-B64350,1785476140000,buy,0.19,-0.19
KXBTC-26JUL3102-B64350,1785476179893,sell,0.17,0.17
KXBTC-26JUL3102-B64350,1785476199957,buy,0.19,-0.19
KXBTC-26JUL3102-B64350,1785476219868,sell,0.18,0.18
KXBTC-26JUL3102-B64350,1785476299824,sell,0.19,0.19
KXBTC-26JUL3102-B64350,1785476339787,buy,0.23,-0.23
KXBTC-26JUL3102-B64350,1785476380042,sell,0.22,0.22
KXBTC-26JUL3102-B64350,1785476459922,buy,0.26,-0.26
KXBTC-26JUL3102-B64350,1785476539580,sell,0.2,0.2
KXBTC-26JUL3102-B64350,1785476659603,buy,0.21,-0.21
KXBTC-26JUL3102-B64350,1785476939640,sell,0.09,0.09
KXBTC-26JUL3102-B64350,1785476999651,buy,0.11,-0.11
KXBTC-26JUL3102-B64350,1785477079782,buy,0.05,-0.05
KXBTC-26JUL3102-B64350,1785477119614,sell,0.05,0.05
KXBTC-26JUL3102-B64350,1785477279704,buy,0.17,-0.17
KXBTC-26JUL3102-B64350,1785477299735,sell,0.13,0.13
KXBTC-26JUL3102-B64350,1785477359858,buy,0.18,-0.18
KXBTC-26JUL3102-B64350,1785477419765,sell,0.1,0.1
KXBTC-26JUL3102-B64350,1785477479877,sell,0.15,0.15
KXBTC-26JUL3102-B64350,1785477499716,sell,0.33,0.33
KXBTC-26JUL3102-B64350,1785477519850,sell,0.43,0.43
KXBTC-26JUL3102-B64350,1785477539800,buy,0.62,-0.62
KXBTC-26JUL3102-B64350,1785477559919,buy,0.15,-0.15
KXBTC-26JUL3102-B64450,1785475160178,buy,0.18,-0.18
KXBTC-26JUL3102-B64450,1785475520102,buy,0.15,-0.15
KXBTC-26JUL3103-B64150,1785480879851,sell,0.43,-0.5700000000000001
KXBTC-26JUL3103-B64150,1785480899791,sell,0.63,-0.37
KXBTC-26JUL3103-B64150,1785480919774,buy,0.65,0.35
KXBTC-26JUL3103-B64150,1785480939995,buy,0.52,0.48
KXBTC-26JUL3103-B64150,1785480959941,sell,0.45,-0.55
KXBTC-26JUL3103-B64150,1785480999681,buy,0.56,0.43999999999999995
KXBTC-26JUL3103-B64150,1785481019726,buy,0.51,0.49
KXBTC-26JUL3103-B64150,1785481039714,sell,0.48,-0.52
KXBTC-26JUL3103-B64150,1785481059684,buy,0.64,0.36
KXBTC-26JUL3103-B64150,1785481079717,sell,0.41,-0.5900000000000001
KXBTC-26JUL3103-B64150,1785481099946,buy,0.53,0.47
KXBTC-26JUL3103-B64150,1785481119782,buy,0.37,0.63
KXBTC-26JUL3103-B64150,1785481139805,sell,0.11,-0.89
KXBTC-26JUL3103-B64250,1785478419979,sell,0.29,0.29
KXBTC-26JUL3103-B64250,1785478580065,sell,0.32,0.32
KXBTC-26JUL3103-B64250,1785478659894,sell,0.35,0.35
KXBTC-26JUL3103-B64250,1785478719782,buy,0.38,-0.38
KXBTC-26JUL3103-B64250,1785478759917,sell,0.35,0.35
KXBTC-26JUL3103-B64250,1785478800061,buy,0.37,-0.37
KXBTC-26JUL3103-B64250,1785478820136,buy,0.32,-0.32
KXBTC-26JUL3103-B64250,1785478999544,sell,0.32,0.32
KXBTC-26JUL3103-B64250,1785479259535,sell,0.37,0.37
KXBTC-26JUL3103-B64250,1785479299561,buy,0.38,-0.38
KXBTC-26JUL3103-B64250,1785479379542,buy,0.27,-0.27
KXBTC-26JUL3103-B64250,1785479399492,buy,0.19,-0.19
KXBTC-26JUL3103-B64250,1785479479713,buy,0.16,-0.16
KXBTC-26JUL3103-B64250,1785479599544,sell,0.1,0.1
KXBTC-26JUL3103-B64250,1785479659487,buy,0.18,-0.18
KXBTC-26JUL3103-B64250,1785479679622,sell,0.13,0.13
KXBTC-26JUL3103-B64250,1785479719622,sell,0.14,0.14
KXBTC-26JUL3103-B64250,1785479739681,sell,0.19,0.19
KXBTC-26JUL3103-B64250,1785479759648,sell,0.24,0.24
KXBTC-26JUL3103-B64250,1785479839628,sell,0.32,0.32
KXBTC-26JUL3103-B64250,1785479879525,buy,0.35,-0.35
KXBTC-26JUL3103-B64250,1785479939423,sell,0.26,0.26
KXBTC-26JUL3103-B64250,1785479959395,sell,0.34,0.34
KXBTC-26JUL3103-B64250,1785479999328,buy,0.42,-0.42
KXBTC-26JUL3103-B64250,1785480019602,sell,0.37,0.37
KXBTC-26JUL3103-B64250,1785480059652,buy,0.37,-0.37
KXBTC-26JUL3103-B64250,1785480119490,sell,0.4,0.4
KXBTC-26JUL3103-B64250,1785480319401,buy,0.48,-0.48
KXBTC-26JUL3103-B64250,1785480339475,buy,0.41,-0.41
KXBTC-26JUL3103-B64250,1785480359456,buy,0.35,-0.35
KXBTC-26JUL3103-B64250,1785480479313,sell,0.23,0.23
KXBTC-26JUL3103-B64250,1785480499371,buy,0.24,-0.24
KXBTC-26JUL3103-B64250,1785480519426,sell,0.2,0.2
KXBTC-26JUL3103-B64250,1785480539345,sell,0.27,0.27
KXBTC-26JUL3103-B64250,1785480559344,buy,0.3,-0.3
KXBTC-26JUL3103-B64250,1785480579357,sell,0.27,0.27
KXBTC-26JUL3103-B64250,1785480599407,sell,0.44,0.44
KXBTC-26JUL3103-B64250,1785480679539,buy,0.44,-0.44
KXBTC-26JUL3103-B64250,1785480699422,sell,0.25,0.25
KXBTC-26JUL3103-B64250,1785480779341,buy,0.51,-0.51
KXBTC-26JUL3103-B64250,1785480799383,sell,0.41,0.41
KXBTC-26JUL3103-B64250,1785480819349,buy,0.61,-0.61
KXBTC-26JUL3103-B64250,1785480859005,buy,0.55,-0.55
KXBTC-26JUL3103-B64250,1785480879125,buy,0.48,-0.48
KXBTC-26JUL3103-B64250,1785480899081,buy,0.33,-0.33
KXBTC-26JUL3103-B64250,1785480919074,sell,0.31,0.31
KXBTC-26JUL3103-B64250,1785480939249,sell,0.44,0.44
KXBTC-26JUL3103-B64250,1785480959204,buy,0.49,-0.49
KXBTC-26JUL3103-B64250,1785481018994,sell,0.49,0.49
KXBTC-26JUL3103-B64250,1785481039003,buy,0.51,-0.51
KXBTC-26JUL3103-B64250,1785481058994,sell,0.35,0.35
KXBTC-26JUL3103-B64250,1785481079007,buy,0.6,-0.6
KXBTC-26JUL3103-B64250,1785481099178,sell,0.47,0.47
KXBTC-26JUL3103-B64250,1785481119035,sell,0.67,0.67
KXBTC-26JUL3103-B64250,1785481139089,buy,0.86,-0.86
KXBTC-26JUL3103-B64250,1785481158945,sell,0.67,0.67
KXBTC-26JUL3103-B64350,1785479619930,sell,0.36,0.36
KXBTC-26JUL3103-B64350,1785479659795,buy,0.41,-0.41
KXBTC-26JUL3103-B64350,1785479679918,sell,0.35,0.35
KXBTC-26JUL3103-B64350,1785479719916,sell,0.39,0.39
KXBTC-26JUL3103-B64350,1785479879810,sell,0.43,0.43
KXBTC-26JUL3103-B64350,1785479939707,buy,0.48,-0.48
KXBTC-26JUL3103-B64350,1785480059979,sell,0.46,0.46
KXBTC-26JUL3103-B64350,1785480119766,buy,0.44,-0.44
KXBTC-26JUL3103-B64350,1785480139730,buy,0.3,-0.3
KXBTC-26JUL3103-B64350,1785480179708,buy,0.21,-0.21
KXBTC-26JUL3103-B64350,1785480259580,buy,0.18,-0.18
KXBTC-26JUL3103-B64350,1785480679834,buy,0.04,-0.04
KXBTC-26JUL3104-B63850,1785482280017,buy,0.18,0.8200000000000001
KXBTC-26JUL3104-B63850,1785482459894,sell,0.13,-0.87
KXBTC-26JUL3104-B63850,1785482619865,sell,0.19,-0.81
KXBTC-26JUL3104-B63850,1785483020178,sell,0.27,-0.73
KXBTC-26JUL3104-B63850,1785483039960,buy,0.28,0.72
KXBTC-26JUL3104-B63850,1785483079994,buy,0.27,0.73
KXBTC-26JUL3104-B63850,1785483259869,buy,0.21,0.79
KXBTC-26JUL3104-B63850,1785483299787,sell,0.22,-0.78
KXBTC-26JUL3104-B63850,1785483320028,buy,0.29,0.71
KXBTC-26JUL3104-B63850,1785483419983,sell,0.31,-0.69
KXBTC-26JUL3104-B63850,1785483519860,buy,0.34,0.6599999999999999
KXBTC-26JUL3104-B63850,1785483739963,sell,0.35,-0.65
KXBTC-26JUL3104-B63850,1785483859992,buy,0.43,0.5700000000000001
KXBTC-26JUL3104-B63850,1785484039693,sell,0.36,-0.64
KXBTC-26JUL3104-B63850,1785484059665,sell,0.41,-0.5900000000000001
KXBTC-26JUL3104-B63850,1785484099631,buy,0.41,0.5900000000000001
KXBTC-26JUL3104-B63850,1785484119663,sell,0.38,-0.62
KXBTC-26JUL3104-B63850,1785484199607,sell,0.38,-0.62
KXBTC-26JUL3104-B63850,1785484239784,sell,0.39,-0.61
KXBTC-26JUL3104-B63850,1785484259706,sell,0.47,-0.53
KXBTC-26JUL3104-B63850,1785484279693,buy,0.48,0.52
KXBTC-26JUL3104-B63850,1785484359838,buy,0.41,0.5900000000000001
KXBTC-26JUL3104-B63850,1785484379604,buy,0.35,0.65
KXBTC-26JUL3104-B63850,1785484419614,buy,0.26,0.74
KXBTC-26JUL3104-B63850,1785484439608,buy,0.17,0.83
KXBTC-26JUL3104-B63850,1785484459682,sell,0.11,-0.89
KXBTC-26JUL3104-B63850,1785484479661,sell,0.28,-0.72
KXBTC-26JUL3104-B63850,1785484539876,sell,0.29,-0.71
KXBTC-26JUL3104-B63850,1785484639684,sell,0.33,-0.6699999999999999
KXBTC-26JUL3104-B63850,1785484699673,sell,0.45,-0.55
KXBTC-26JUL3104-B63850,1785484739696,buy,0.76,0.24
KXBTC-26JUL3104-B63850,1785484779622,sell,0.64,-0.36
KXBTC-26JUL3104-B63950,1785483940189,sell,0.31,0.31
KXBTC-26JUL3104-B63950,1785484000064,sell,0.38,0.38
KXBTC-26JUL3104-B63950,1785484020021,sell,0.42,0.42
KXBTC-26JUL3104-B63950,1785484040113,buy,0.43,-0.43
KXBTC-26JUL3104-B63950,1785484100089,sell,0.42,0.42
KXBTC-26JUL3104-B63950,1785484120087,buy,0.46,-0.46
KXBTC-26JUL3104-B63950,1785484160152,sell,0.46,0.46
KXBTC-26JUL3104-B63950,1785484200043,buy,0.5,-0.5
KXBTC-26JUL3104-B63950,1785484220127,sell,0.49,0.49
KXBTC-26JUL3104-B63950,1785484240226,buy,0.53,-0.53
KXBTC-26JUL3104-B63950,1785484280106,sell,0.46,0.46
KXBTC-26JUL3104-B63950,1785484360275,sell,0.56,0.56
KXBTC-26JUL3104-B63950,1785484380027,sell,0.6,0.6
KXBTC-26JUL3104-B63950,1785484639551,buy,0.68,-0.68
KXBTC-26JUL3104-B63950,1785484699534,buy,0.55,-0.55
KXBTC-26JUL3104-B63950,1785484739549,sell,0.23,0.23
KXBTC-26JUL3105-B63650,1785487259790,sell,0.1,0.1
KXBTC-26JUL3105-B63650,1785488059847,sell,0.03,0.03
KXBTC-26JUL3105-B63750,1785485920229,buy,0.23,0.77
KXBTC-26JUL3105-B63750,1785486160140,buy,0.25,0.75
KXBTC-26JUL3105-B63750,1785486240197,sell,0.27,-0.73
KXBTC-26JUL3105-B63750,1785486340033,buy,0.24,0.76
KXBTC-26JUL3105-B63750,1785488239498,sell,0.2,-0.8
KXBTC-26JUL3105-B63750,1785488259556,sell,0.72,-0.28
KXBTC-26JUL3105-B63750,1785488279599,sell,0.79,-0.20999999999999996
KXBTC-26JUL3105-B63750,1785488299565,sell,0.93,-0.06999999999999995
KXBTC-26JUL3105-B63750,1785488339518,buy,0.94,0.06000000000000005
KXBTC-26JUL3105-B63850,1785488259989,buy,0.26,-0.26
KXBTC-26JUL3105-B63850,1785488280002,buy,0.19,-0.19
KXBTC-26JUL3105-B63850,1785488299991,buy,0.08,-0.08
KXBTC-26JUL3105-B63850,1785488339931,sell,0.05,0.05
KXBTC-26JUL3105-B63850,1785488359975,buy,0.08,-0.08
KXBTC-26JUL3105-B63950,1785486439470,sell,0.24,0.24
KXBTC-26JUL3105-B63950,1785486459515,sell,0.26,0.26
KXBTC-26JUL3105-B63950,1785486479561,sell,0.29,0.29
KXBTC-26JUL3105-B63950,1785486619812,buy,0.3,-0.3
KXBTC-26JUL3105-B63950,1785486639787,sell,0.24,0.24
KXBTC-26JUL3105-B63950,1785486819718,buy,0.26,-0.26
KXBTC-26JUL3105-B63950,1785486899661,sell,0.31,0.31
KXBTC-26JUL3105-B63950,1785486919802,buy,0.32,-0.32
KXBTC-26JUL3105-B63950,1785486999502,buy,0.24,-0.24
KXBTC-26JUL3106-B63650,1785488939904,sell,0.22,-0.78
KXBTC-26JUL3106-B63650,1785489019963,buy,0.25,0.75
KXBTC-26JUL3106-B63650,1785489160274,sell,0.23,-0.77
KXBTC-26JUL3106-B63650,1785489340145,sell,0.24,-0.76
KXBTC-26JUL3106-B63650,1785489420000,sell,0.29,-0.71
KXBTC-26JUL3106-B63650,1785490320030,buy,0.38,0.62
KXBTC-26JUL3106-B63650,1785490360106,buy,0.34,0.6599999999999999
KXBTC-26JUL3106-B63650,1785490439965,sell,0.31,-0.69
KXBTC-26JUL3106-B63650,1785490460006,buy,0.37,0.63
KXBTC-26JUL3106-B63650,1785490540058,sell,0.4,-0.6
KXBTC-26JUL3106-B63650,1785490739731,buy,0.47,0.53
KXBTC-26JUL3106-B63650,1785491259552,sell,0.58,-0.42000000000000004
KXBTC-26JUL3106-B63650,1785491339637,sell,0.62,-0.38
KXBTC-26JUL3106-B63650,1785491379572,sell,0.67,-0.32999999999999996
KXBTC-26JUL3106-B63650,1785491499614,sell,0.66,-0.33999999999999997
KXBTC-26JUL3106-B63650,1785491539659,buy,0.74,0.26
KXBTC-26JUL3106-B63650,1785491559619,sell,0.68,-0.31999999999999995
KXBTC-26JUL3107-B63650,1785493839825,buy,0.22,-0.22
KXBTC-26JUL3107-B63650,1785494019712,buy,0.18,-0.18
KXBTC-26JUL3107-B63750,1785495100237,sell,0.15,0.15
KXBTC-26JUL3107-B63750,1785495140408,buy,0.17,-0.17
KXBTC-26JUL3107-B63750,1785495200261,buy,0.07,-0.07
KXBTC-26JUL3107-B63750,1785495260392,buy,0.05,-0.05
KXBTC-26JUL3107-B63850,1785495079737,sell,0.72,-0.28
KXBTC-26JUL3107-B63850,1785495199684,buy,0.75,0.25
KXBTC-26JUL3107-B63850,1785495219663,sell,0.74,-0.26
KXBTC-26JUL3107-B63850,1785495259829,buy,0.76,0.24
KXBTC-26JUL3107-B63850,1785495299544,sell,0.68,-0.31999999999999995
KXBTC-26JUL3107-B63850,1785495379634,sell,0.83,-0.17000000000000004
KXBTC-26JUL3107-B63850,1785495399719,sell,0.85,-0.15000000000000002
KXBTC-26JUL3107-B63850,1785495519810,sell,0.97,-0.030000000000000027
KXBTC-26JUL3107-B63950,1785495079885,sell,0.11,0.11
KXBTC-26JUL3107-B63950,1785495099813,buy,0.12,-0.12
KXBTC-26JUL3107-B63950,1785495139971,sell,0.07,0.07
KXBTC-26JUL3107-B63950,1785495199831,sell,0.15,0.15
KXBTC-26JUL3107-B63950,1785495219807,buy,0.21,-0.21
KXBTC-26JUL3107-B63950,1785495259974,sell,0.2,0.2
KXBTC-26JUL3107-B63950,1785495299687,buy,0.28,-0.28
KXBTC-26JUL3107-B63950,1785495399869,buy,0.11,-0.11
KXBTC-26JUL3108-B63750,1785498200180,sell,0.44,-0.56
KXBTC-26JUL3108-B63750,1785498220245,buy,0.52,0.48
KXBTC-26JUL3108-B63750,1785498280488,sell,0.5,-0.5
KXBTC-26JUL3108-B63750,1785498380465,sell,0.5,-0.5
KXBTC-26JUL3108-B63750,1785498460402,sell,0.57,-0.43000000000000005
KXBTC-26JUL3108-B63750,1785498480372,sell,0.6,-0.4
KXBTC-26JUL3108-B63750,1785498600364,sell,0.7,-0.30000000000000004
KXBTC-26JUL3108-B63850,1785498839824,sell,0.15,0.15
KXBTC-26JUL3108-B63850,1785498879997,sell,0.22,0.22
KXBTC-26JUL3108-B63850,1785498899884,buy,0.26,-0.26
KXBTC-26JUL3108-B63850,1785498920089,buy,0.17,-0.17
KXBTC-26JUL3108-B63950,1785496559896,buy,0.19,-0.19
KXBTC-26JUL3108-B63950,1785496859909,sell,0.24,0.24
KXBTC-26JUL3108-B63950,1785496939733,buy,0.24,-0.24
KXBTC-26JUL3108-B63950,1785496979737,sell,0.23,0.23
KXBTC-26JUL3108-B63950,1785497179775,sell,0.34,0.34
KXBTC-26JUL3108-B63950,1785497199680,buy,0.35,-0.35
KXBTC-26JUL3108-B63950,1785497359584,buy,0.3,-0.3
KXBTC-26JUL3108-B63950,1785497379799,buy,0.23,-0.23
KXBTC-26JUL3108-B63950,1785497519552,buy,0.17,-0.17
KXBTC-26JUL3108-B63950,1785497819698,buy,0.12,-0.12
KXBTC-26JUL3109-B63550,1785501900313,sell,0.37,0.37
KXBTC-26JUL3109-B63550,1785501920379,buy,0.4,-0.4
KXBTC-26JUL3109-B63550,1785501940337,sell,0.38,0.38
KXBTC-26JUL3109-B63550,1785502040317,buy,0.42,-0.42
KXBTC-26JUL3109-B63550,1785502120337,buy,0.26,-0.26
KXBTC-26JUL3109-B63550,1785502160427,sell,0.21,0.21
KXBTC-26JUL3109-B63550,1785502200342,sell,0.26,0.26
KXBTC-26JUL3109-B63550,1785502240420,sell,0.32,0.32
KXBTC-26JUL3109-B63550,1785502280632,buy,0.33,-0.33
KXBTC-26JUL3109-B63550,1785502300381,sell,0.28,0.28
KXBTC-26JUL3109-B63550,1785502320301,buy,0.35,-0.35
KXBTC-26JUL3109-B63550,1785502340458,buy,0.23,-0.23
KXBTC-26JUL3109-B63550,1785502420238,sell,0.09,0.09
KXBTC-26JUL3109-B63550,1785502440264,buy,0.11,-0.11
KXBTC-26JUL3109-B63550,1785502500047,buy,0.08,-0.08
KXBTC-26JUL3109-B63650,1785500920070,buy,0.32,0.6799999999999999
KXBTC-26JUL3109-B63650,1785501259536,buy,0.31,0.69
KXBTC-26JUL3109-B63650,1785501279523,sell,0.27,-0.73
KXBTC-26JUL3109-B63650,1785501359585,sell,0.3,-0.7
KXBTC-26JUL3109-B63650,1785501619657,sell,0.35,-0.65
KXBTC-26JUL3109-B63650,1785501719737,buy,0.43,0.5700000000000001
KXBTC-26JUL3109-B63650,1785501759714,buy,0.36,0.64
KXBTC-26JUL3109-B63650,1785501779677,buy,0.32,0.6799999999999999
KXBTC-26JUL3109-B63650,1785501799742,sell,0.3,-0.7
KXBTC-26JUL3109-B63650,1785501819789,sell,0.35,-0.65
KXBTC-26JUL3109-B63650,1785501839160,sell,0.39,-0.61
KXBTC-26JUL3109-B63650,1785501879286,buy,0.43,0.5700000000000001
KXBTC-26JUL3109-B63650,1785501899152,buy,0.4,0.6
KXBTC-26JUL3109-B63650,1785501919263,sell,0.39,-0.61
KXBTC-26JUL3109-B63650,1785501939170,buy,0.44,0.56
KXBTC-26JUL3109-B63650,1785501959177,sell,0.38,-0.62
KXBTC-26JUL3109-B63650,1785502039147,sell,0.38,-0.62
KXBTC-26JUL3109-B63650,1785502079146,sell,0.46,-0.54
KXBTC-26JUL3109-B63650,1785502119173,sell,0.51,-0.49
KXBTC-26JUL3109-B63650,1785502259095,sell,0.52,-0.48
KXBTC-26JUL3109-B63650,1785502299186,buy,0.55,0.44999999999999996
KXBTC-26JUL3109-B63650,1785502319141,sell,0.54,-0.45999999999999996
KXBTC-26JUL3109-B63650,1785502339340,sell,0.6,-0.4
KXBTC-26JUL3109-B63650,1785502499037,buy,0.73,0.27
KXBTC-26JUL3109-B63650,1785502539214,sell,0.73,-0.27
KXBTC-26JUL3109-B63650,1785502558974,buy,0.75,0.25
KXBTC-26JUL3109-B63650,1785502599020,sell,0.73,-0.27
KXBTC-26JUL3109-B63650,1785502659051,buy,0.77,0.22999999999999998
KXBTC-26JUL3109-B63650,1785502679169,sell,0.72,-0.28
KXBTC-26JUL3109-B63750,1785501279937,sell,0.11,0.11
KXBTC-26JUL3109-B63750,1785501360024,sell,0.11,0.11
KXBTC-26JUL3109-B63750,1785501800177,sell,0.08,0.08
KXBTC-26JUL3109-B63750,1785501839885,sell,0.12,0.12
KXBTC-26JUL3109-B63750,1785501879988,buy,0.15,-0.15
KXBTC-26JUL3109-B63750,1785501939909,buy,0.11,-0.11
KXBTC-26JUL3109-B63750,1785502039896,sell,0.09,0.09
KXBTC-26JUL3109-B63750,1785502079869,sell,0.14,0.14
KXBTC-26JUL3109-B63750,1785502119897,sell,0.16,0.16
KXBTC-26JUL3109-B63750,1785502159987,buy,0.21,-0.21
KXBTC-26JUL3109-B63750,1785502199898,buy,0.15,-0.15
KXBTC-26JUL3109-B63750,1785502299939,buy,0.1,-0.1
KXBTC-26JUL3109-B63750,1785502319857,sell,0.08,0.08
KXBTC-26JUL3109-B63750,1785502340030,sell,0.13,0.13
KXBTC-26JUL3109-B63750,1785502379932,sell,0.19,0.19
KXBTC-26JUL3109-B63750,1785502419805,buy,0.26,-0.26
KXBTC-26JUL3109-B63750,1785502439810,sell,0.2,0.2
KXBTC-26JUL3109-B63750,1785502459813,buy,0.21,-0.21
KXBTC-26JUL3109-B63750,1785502499625,sell,0.17,0.17
KXBTC-26JUL3109-B63750,1785502639657,buy,0.23,-0.23
KXBTC-26JUL3109-B63750,1785502659616,sell,0.22,0.22
KXBTC-26JUL3109-B63750,1785502679753,buy,0.27,-0.27
KXBTC-26JUL3110-B63350,1785506279998,buy,0.09,-0.09
KXBTC-26JUL3110-B63650,1785504160208,buy,0.19,-0.19
KXBTC-26JUL3110-B63650,1785504179978,sell,0.17,0.17
KXBTC-26JUL3110-B63650,1785504319826,buy,0.18,-0.18
KXBTC-26JUL3110-B63650,1785504619891,sell,0.2,0.2
KXBTC-26JUL3110-B63650,1785504719864,buy,0.18,-0.18
KXBTC-26JUL3110-B63650,1785504759707,sell,0.16,0.16
KXBTC-26JUL3110-B63650,1785504799895,buy,0.18,-0.18
KXBTC-26JUL3110-B63650,1785504839857,sell,0.17,0.17
KXBTC-26JUL3110-B63650,1785505139933,sell,0.17,0.17
KXBTC-26JUL3110-B63650,1785505299975,buy,0.17,-0.17
KXBTC-26JUL3110-B63650,1785505520100,sell,0.08,0.08
KXBTC-26JUL3110-B63650,1785505579935,buy,0.1,-0.1
KXBTC-26JUL3110-B63750,1785504680120,buy,0.17,-0.17
KXBTC-26JUL3110-B63750,1785504880015,sell,0.15,0.15
KXBTC-26JUL3110-B63750,1785504959889,sell,0.17,0.17
KXBTC-26JUL3110-B63750,1785504979875,buy,0.18,-0.18
KXBTC-26JUL3111-B62550,1785509480515,buy,0.16,-0.16
KXBTC-26JUL3111-B62550,1785509540419,sell,0.15,0.15
KXBTC-26JUL3111-B62550,1785509640402,sell,0.34,0.34
KXBTC-26JUL3111-B62550,1785509660306,sell,0.38,0.38
KXBTC-26JUL3111-B62550,1785509800241,buy,0.42,-0.42
KXBTC-26JUL3111-B62550,1785509820486,buy,0.3,-0.3
KXBTC-26JUL3111-B62550,1785509840243,sell,0.18,0.18
KXBTC-26JUL3111-B62550,1785509860408,sell,0.31,0.31
KXBTC-26JUL3111-B62550,1785509919818,buy,0.29,-0.29
KXBTC-26JUL3111-B62550,1785509939899,buy,0.16,-0.16
KXBTC-26JUL3111-B62650,1785509919959,sell,0.67,-0.32999999999999996
KXBTC-26JUL3111-B62650,1785509940038,sell,0.75,-0.25
KXBTC-26JUL3112-B62450,1785511503226,sell,0.19,0.19
KXBTC-26JUL3112-B62450,1785511879566,buy,0.22,-0.22
KXBTC-26JUL3112-B62450,1785511899108,sell,0.19,0.19
KXBTC-26JUL3112-B62450,1785512123601,buy,0.23,-0.23
KXBTC-26JUL3112-B62450,1785512239421,buy,0.16,-0.16
KXBTC-26JUL3112-B62450,1785512859223,sell,0.08,0.08
KXBTC-26JUL3112-B62450,1785512879218,sell,0.12,0.12
KXBTC-26JUL3112-B62450,1785512939182,sell,0.19,0.19
KXBTC-26JUL3112-B62450,1785512979089,buy,0.18,-0.18
KXBTC-26JUL3112-B62450,1785513039486,buy,0.11,-0.11
KXBTC-26JUL3112-B62550,1785511571835,buy,0.18,-0.18
KXBTC-26JUL3112-B62550,1785511718707,sell,0.18,0.18
KXBTC-26JUL3112-B62550,1785512158935,sell,0.24,0.24
KXBTC-26JUL3112-B62550,1785512539170,sell,0.18,0.18
KXBTC-26JUL3112-B62550,1785512599335,sell,0.26,0.26
KXBTC-26JUL3112-B62550,1785512699108,buy,0.2,-0.2
KXBTC-26JUL3112-B62550,1785512779294,sell,0.19,0.19
KXBTC-26JUL3112-B62550,1785512839261,sell,0.19,0.19
KXBTC-26JUL3112-B62550,1785512859366,sell,0.27,0.27
KXBTC-26JUL3112-B62550,1785513039320,buy,0.38,-0.38
KXBTC-26JUL3112-B62550,1785513059215,buy,0.3,-0.3
KXBTC-26JUL3112-B62550,1785513140394,sell,0.21,0.21
KXBTC-26JUL3112-B62550,1785513180435,buy,0.24,-0.24
KXBTC-26JUL3112-B62550,1785513200364,sell,0.18,0.18
KXBTC-26JUL3112-B62550,1785513219117,buy,0.25,-0.25
KXBTC-26JUL3112-B62550,1785513259452,buy,0.16,-0.16
KXBTC-26JUL3112-B62650,1785511400207,buy,0.12,0.88
KXBTC-26JUL3112-B62650,1785511738776,sell,0.11,-0.89
KXBTC-26JUL3112-B62650,1785511879260,sell,0.15,-0.85
KXBTC-26JUL3112-B62650,1785512123187,sell,0.19,-0.81
KXBTC-26JUL3112-B62650,1785512279097,sell,0.24,-0.76
KXBTC-26JUL3112-B62650,1785512879084,buy,0.35,0.65
KXBTC-26JUL3112-B62650,1785512939040,buy,0.28,0.72
KXBTC-26JUL3112-B62650,1785512959020,sell,0.25,-0.75
KXBTC-26JUL3112-B62650,1785513038950,sell,0.36,-0.64
KXBTC-26JUL3112-B62650,1785513358846,sell,0.69,-0.31000000000000005
KXBTC-26JUL3112-B62650,1785513458866,sell,0.84,-0.16000000000000003
KXBTC-26JUL3113-B62750,1785514719172,buy,0.23,-0.23
KXBTC-26JUL3113-B62750,1785514879200,sell,0.22,0.22
KXBTC-26JUL3113-B62750,1785515059108,buy,0.22,-0.22
KXBTC-26JUL3113-B62750,1785515098874,sell,0.2,0.2
KXBTC-26JUL3113-B62750,1785515120476,sell,0.22,0.22
KXBTC-26JUL3113-B62750,1785515278900,sell,0.21,0.21
KXBTC-26JUL3113-B62750,1785515380795,buy,0.22,-0.22
KXBTC-26JUL3113-B62750,1785515464409,sell,0.23,0.23
KXBTC-26JUL3113-B62750,1785515563426,sell,0.25,0.25
KXBTC-26JUL3113-B62750,1785515602898,buy,0.28,-0.28
KXBTC-26JUL3113-B62750,1785515662694,sell,0.25,0.25
KXBTC-26JUL3113-B62750,1785516303282,buy,0.44,-0.44
KXBTC-26JUL3113-B62750,1785516383042,sell,0.41,0.41
KXBTC-26JUL3113-B62750,1785516462938,sell,0.45,0.45
KXBTC-26JUL3113-B62750,1785516542894,sell,0.51,0.51
KXBTC-26JUL3113-B62750,1785516682487,buy,0.53,-0.53
KXBTC-26JUL3113-B62750,1785516762708,sell,0.5,0.5
KXBTC-26JUL3113-B62750,1785516802527,buy,0.56,-0.56
KXBTC-26JUL3113-B62750,1785516822674,buy,0.47,-0.47
KXBTC-26JUL3113-B62750,1785516882551,sell,0.39,0.39
KXBTC-26JUL3113-B62750,1785516903036,buy,0.53,-0.53
KXBTC-26JUL3113-B62750,1785516922633,sell,0.51,0.51
KXBTC-26JUL3113-B62750,1785516942610,buy,0.56,-0.56
KXBTC-26JUL3113-B62750,1785516962812,buy,0.47,-0.47
KXBTC-26JUL3113-B62750,1785517002503,sell,0.34,0.34
KXBTC-26JUL3113-B62750,1785517022808,buy,0.57,-0.57
KXBTC-26JUL3113-B62750,1785517042629,buy,0.48,-0.48
KXBTC-26JUL3113-B62750,1785517062577,buy,0.34,-0.34
KXBTC-26JUL3113-B62750,1785517082707,buy,0.19,-0.19
KXBTC-26JUL3113-B62750,1785517102632,buy,0.15,-0.15
KXBTC-26JUL3113-B62750,1785517142638,buy,0.09,-0.09
KXBTC-26JUL3113-B62850,1785515603328,sell,0.31,-0.69
KXBTC-26JUL3113-B62850,1785515823292,buy,0.25,0.75
KXBTC-26JUL3113-B62850,1785516023465,sell,0.3,-0.7
KXBTC-26JUL3113-B62850,1785516063353,sell,0.33,-0.6699999999999999
KXBTC-26JUL3113-B62850,1785516083304,buy,0.34,0.6599999999999999
KXBTC-26JUL3113-B62850,1785516123371,buy,0.29,0.71
KXBTC-26JUL3113-B62850,1785516303590,sell,0.29,-0.71
KXBTC-26JUL3113-B62850,1785516383333,buy,0.36,0.64
KXBTC-26JUL3113-B62850,1785516423254,sell,0.37,-0.63
KXBTC-26JUL3113-B62850,1785516463233,buy,0.36,0.64
KXBTC-26JUL3113-B62850,1785516603417,sell,0.22,-0.78
KXBTC-26JUL3113-B62850,1785516643304,sell,0.28,-0.72
KXBTC-26JUL3113-B62850,1785516682913,sell,0.36,-0.64
KXBTC-26JUL3113-B62850,1785516763146,buy,0.42,0.5800000000000001
KXBTC-26JUL3113-B62850,1785516783103,sell,0.31,-0.69
KXBTC-26JUL3113-B62850,1785516802966,sell,0.36,-0.64
KXBTC-26JUL3113-B62850,1785516823114,sell,0.47,-0.53
KXBTC-26JUL3113-B62850,1785516882978,buy,0.57,0.43000000000000005
KXBTC-26JUL3113-B62850,1785516903499,sell,0.42,-0.5800000000000001
KXBTC-26JUL3113-B62850,1785517002940,buy,0.61,0.39
KXBTC-26JUL3113-B62850,1785517023272,sell,0.42,-0.5800000000000001
KXBTC-26JUL3114-B62850,1785518706388,sell,0.27,0.27
KXBTC-26JUL3114-B62850,1785519086425,buy,0.31,-0.31
KXBTC-26JUL3114-B62850,1785519106288,buy,0.28,-0.28
KXBTC-26JUL3114-B63050,1785519908288,sell,0.4,0.4
KXBTC-26JUL3114-B63050,1785519930019,sell,0.44,0.44
KXBTC-26JUL3114-B63050,1785520027966,sell,0.51,0.51
KXBTC-26JUL3114-B63050,1785520266691,buy,0.51,-0.51
KXBTC-26JUL3114-B63050,1785520286489,buy,0.47,-0.47
KXBTC-26JUL3114-B63050,1785520306399,buy,0.38,-0.38
KXBTC-26JUL3114-B63050,1785520326730,buy,0.26,-0.26
KXBTC-26JUL3114-B63050,1785520385967,buy,0.19,-0.19
KXBTC-26JUL3114-B63150,1785519929713,sell,0.11,-0.89
KXBTC-26JUL3114-B63150,1785519987790,sell,0.13,-0.87
KXBTC-26JUL3114-B63150,1785520086267,sell,0.24,-0.76
KXBTC-26JUL3114-B63150,1785520187841,buy,0.29,0.71
KXBTC-26JUL3114-B63150,1785520266391,sell,0.35,-0.65
KXBTC-26JUL3114-B63150,1785520286202,sell,0.4,-0.6
KXBTC-26JUL3114-B63150,1785520306124,sell,0.49,-0.51
KXBTC-26JUL3114-B63150,1785520506395,buy,0.61,0.39
KXBTC-26JUL3114-B63150,1785520527026,buy,0.51,0.49
KXBTC-26JUL3114-B63150,1785520566918,buy,0.46,0.54
KXBTC-26JUL3114-B63150,1785520646646,sell,0.32,-0.6799999999999999
KXBTC-26JUL3114-B63150,1785520666385,sell,0.42,-0.5800000000000001
KXBTC-26JUL3114-B63150,1785520706384,sell,0.51,-0.49
KXBTC-26JUL3114-B63150,1785520726627,buy,0.53,0.47
KXBTC-26JUL3114-B63150,1785520746285,sell,0.49,-0.51
KXBTC-26JUL3115-B62850,1785523507093,buy,0.17,-0.17
KXBTC-26JUL3115-B62850,1785523526865,buy,0.14,-0.14
KXBTC-26JUL3115-B62950,1785523666414,buy,0.53,-0.53
KXBTC-26JUL3115-B62950,1785523706395,buy,0.47,-0.47
KXBTC-26JUL3115-B62950,1785523726328,buy,0.37,-0.37
KXBTC-26JUL3115-B62950,1785523746346,buy,0.26,-0.26
KXBTC-26JUL3115-B62950,1785523766289,sell,0.22,0.22
KXBTC-26JUL3115-B62950,1785523786242,sell,0.28,0.28
KXBTC-26JUL3115-B62950,1785523806620,sell,0.36,0.36
KXBTC-26JUL3115-B62950,1785523826431,buy,0.38,-0.38
KXBTC-26JUL3115-B62950,1785523866369,buy,0.25,-0.25
KXBTC-26JUL3115-B62950,1785523886545,buy,0.17,-0.17
KXBTC-26JUL3115-B62950,1785523906661,sell,0.14,0.14
KXBTC-26JUL3115-B62950,1785523926682,buy,0.15,-0.15
KXBTC-26JUL3115-B62950,1785524186453,sell,0.05,0.05
KXBTC-26JUL3115-B62950,1785524206396,buy,0.07,-0.07
KXBTC-26JUL3115-B63050,1785522686665,buy,0.36,0.64
KXBTC-26JUL3115-B63050,1785522826862,sell,0.35,-0.65
KXBTC-26JUL3115-B63050,1785523026612,buy,0.39,0.61
KXBTC-26JUL3115-B63050,1785523106620,buy,0.3,0.7
KXBTC-26JUL3115-B63050,1785523186618,buy,0.24,0.76
KXBTC-26JUL3115-B63050,1785523366558,sell,0.12,-0.88
KXBTC-26JUL3115-B63050,1785523386548,sell,0.14,-0.86
KXBTC-26JUL3115-B63050,1785523486747,buy,0.25,0.75
KXBTC-26JUL3115-B63050,1785523506923,sell,0.24,-0.76
KXBTC-26JUL3115-B63050,1785523526711,sell,0.3,-0.7
KXBTC-26JUL3115-B63050,1785523666559,sell,0.32,-0.6799999999999999
KXBTC-26JUL3115-B63050,1785523706541,sell,0.41,-0.5900000000000001
KXBTC-26JUL3115-B63050,1785523726461,sell,0.51,-0.49
KXBTC-26JUL3115-B63050,1785523826563,sell,0.52,-0.48
KXBTC-26JUL3115-B63050,1785523866509,sell,0.6,-0.4
KXBTC-26JUL3115-B63050,1785524006449,buy,0.6,0.4
KXBTC-26JUL3115-B63050,1785524026483,buy,0.5,0.5
KXBTC-26JUL3115-B63050,1785524046695,sell,0.35,-0.65
KXBTC-26JUL3115-B63050,1785524066602,sell,0.42,-0.5800000000000001
KXBTC-26JUL3115-B63150,1785521686763,sell,0.26,0.26
KXBTC-26JUL3115-B63150,1785521826431,buy,0.27,-0.27
KXBTC-26JUL3115-B63150,1785521906552,sell,0.24,0.24
KXBTC-26JUL3115-B63150,1785522106707,sell,0.29,0.29
KXBTC-26JUL3115-B63150,1785522326671,buy,0.34,-0.34
KXBTC-26JUL3115-B63150,1785522426414,buy,0.21,-0.21
KXBTC-26JUL3115-B63150,1785522446390,buy,0.18,-0.18
KXBTC-26JUL3115-B63150,1785522546469,buy,0.15,-0.15
KXBTC-26JUL3115-B63150,1785522686523,buy,0.18,-0.18
KXBTC-26JUL3115-B63150,1785522826712,sell,0.13,0.13
KXBTC-26JUL3115-B63150,1785522886143,buy,0.16,-0.16
KXBTC-26JUL3115-B63150,1785523026170,buy,0.12,-0.12
KXBTC-26JUL3115-B63150,1785523706251,sell,0.05,0.05
KXBTC-26JUL3115-B63150,1785523746168,sell,0.14,0.14
KXBTC-26JUL3115-B63150,1785523766151,buy,0.16,-0.16
KXBTC-26JUL3115-B63150,1785523786101,buy,0.12,-0.12
KXBTC-26JUL3115-B63150,1785523826282,sell,0.08,0.08
KXBTC-26JUL3115-B63150,1785523866221,sell,0.12,0.12
KXBTC-26JUL3115-B63150,1785523886357,sell,0.18,0.18
KXBTC-26JUL3115-B63150,1785523906516,buy,0.22,-0.22
KXBTC-26JUL3115-B63150,1785523946552,sell,0.2,0.2
KXBTC-26JUL3115-B63150,1785523986307,sell,0.29,0.29
KXBTC-26JUL3115-B63150,1785524006168,sell,0.34,0.34
KXBTC-26JUL3115-B63150,1785524026200,sell,0.44,0.44
KXBTC-26JUL3115-B63150,1785524046424,buy,0.59,-0.59
KXBTC-26JUL3115-B63150,1785524066303,buy,0.51,-0.51
KXBTC-26JUL3115-B63150,1785524086267,buy,0.31,-0.31
KXBTC-26JUL3115-B63150,1785524126060,sell,0.25,0.25
KXBTC-26JUL3115-B63150,1785524166074,buy,0.25,-0.25
KXBTC-26JUL3115-B63150,1785524185891,buy,0.12,-0.12
KXBTC-26JUL3116-B62750,1785526666653,buy,0.13,-0.13
KXBTC-26JUL3116-B62750,1785526846877,sell,0.11,0.11
KXBTC-26JUL3116-B62750,1785526946612,buy,0.14,-0.14
KXBTC-26JUL3116-B62750,1785527026795,buy,0.08,-0.08
KXBTC-26JUL3116-B62850,1785527226681,buy,0.12,-0.12
KXBTC-26JUL3116-B62850,1785527346697,sell,0.15,0.15
KXBTC-26JUL3116-B62850,1785527366543,buy,0.18,-0.18
KXBTC-26JUL3116-B62850,1785527426545,sell,0.18,0.18
KXBTC-26JUL3116-B62850,1785527506558,buy,0.23,-0.23
KXBTC-26JUL3116-B62850,1785527646685,buy,0.11,-0.11
KXBTC-26JUL3116-B62950,1785525786583,sell,0.3,-0.7
KXBTC-26JUL3116-B62950,1785526526561,sell,0.4,-0.6
KXBTC-26JUL3116-B62950,1785526546511,buy,0.41,0.5900000000000001
KXBTC-26JUL3116-B62950,1785526846584,buy,0.36,0.64
KXBTC-26JUL3116-B62950,1785526906300,sell,0.31,-0.69
KXBTC-26JUL3116-B62950,1785526946327,sell,0.32,-0.6799999999999999
KXBTC-26JUL3116-B62950,1785527026496,sell,0.4,-0.6
KXBTC-26JUL3116-B62950,1785527046792,sell,0.45,-0.55
KXBTC-26JUL3116-B62950,1785527106850,sell,0.5,-0.5
KXBTC-26JUL3116-B62950,1785527226223,buy,0.51,0.49
KXBTC-26JUL3116-B62950,1785527245976,sell,0.47,-0.53
KXBTC-26JUL3118-B62850,1785532265700,sell,0.27,-0.73
KXBTC-26JUL3118-B62850,1785532325578,buy,0.28,0.72
KXBTC-26JUL3118-B62850,1785532385545,buy,0.25,0.75
KXBTC-26JUL3118-B62850,1785532945513,buy,0.17,0.83
KXBTC-26JUL3118-B62850,1785533105684,sell,0.15,-0.85
KXBTC-26JUL3118-B62850,1785533265436,sell,0.19,-0.81
KXBTC-26JUL3118-B62850,1785533405695,buy,0.2,0.8
KXBTC-26JUL3118-B62850,1785533425389,buy,0.14,0.86
KXBTC-26JUL3118-B62850,1785533445328,sell,0.13,-0.87
KXBTC-26JUL3118-B62850,1785533465615,sell,0.15,-0.85
KXBTC-26JUL3118-B62850,1785533565215,sell,0.2,-0.8
KXBTC-26JUL3118-B62850,1785533625372,buy,0.2,0.8
KXBTC-26JUL3118-B62850,1785533905432,buy,0.17,0.83
KXBTC-26JUL3118-B62850,1785534045422,sell,0.11,-0.89
KXBTC-26JUL3118-B62850,1785534065313,buy,0.19,0.81
KXBTC-26JUL3118-B62850,1785534145291,sell,0.16,-0.84
KXBTC-26JUL3118-B62850,1785534245329,sell,0.17,-0.83
KXBTC-26JUL3118-B62850,1785534265446,buy,0.21,0.79
KXBTC-26JUL3118-B62850,1785534345298,buy,0.13,0.87
KXBTC-26JUL3118-B62850,1785534844931,buy,0.09,0.91
KXBTC-26JUL3118-B62850,1785534905120,sell,0.11,-0.89
KXBTC-26JUL3118-B62850,1785534925105,buy,0.49,0.51
KXBTC-26JUL3118-B62850,1785535025009,sell,0.3,-0.7
KXBTC-26JUL3118-B62850,1785535045058,sell,0.6,-0.4
KXBTC-26JUL3118-B62850,1785535064930,sell,0.7,-0.30000000000000004
KXBTC-26JUL3118-B62950,1785532745283,sell,0.36,0.36
KXBTC-26JUL3118-B62950,1785533465756,sell,0.47,0.47
KXBTC-26JUL3118-B62950,1785534584896,sell,0.55,0.55
KXBTC-26JUL3118-B62950,1785534824649,sell,0.8,0.8
KXBTC-26JUL3118-B62950,1785534904788,buy,0.87,-0.87
KXBTC-26JUL3118-B62950,1785534924811,sell,0.49,0.49
KXBTC-26JUL3118-B62950,1785534984719,buy,0.72,-0.72
KXBTC-26JUL3118-B62950,1785535024725,buy,0.68,-0.68
KXBTC-26JUL3118-B62950,1785535064656,buy,0.28,-0.28
KXBTC-26JUL3118-B63050,1785532645596,sell,0.24,0.24
KXBTC-26JUL3118-B63050,1785532805785,buy,0.28,-0.28
KXBTC-26JUL3118-B63050,1785532945649,sell,0.27,0.27
KXBTC-26JUL3118-B63050,1785533105848,buy,0.3,-0.3
KXBTC-26JUL3118-B63050,1785533225814,buy,0.27,-0.27
KXBTC-26JUL3118-B63050,1785533265580,buy,0.25,-0.25
KXBTC-26JUL3118-B63050,1785533425823,sell,0.22,0.22
KXBTC-26JUL3118-B63050,1785533466031,buy,0.24,-0.24
KXBTC-26JUL3118-B63050,1785533565629,buy,0.19,-0.19
KXBTC-26JUL3118-B63050,1785533625769,sell,0.18,0.18
KXBTC-26JUL3118-B63050,1785533745808,buy,0.22,-0.22
KXBTC-26JUL3118-B63050,1785533905873,sell,0.2,0.2
KXBTC-26JUL3118-B63050,1785533965923,sell,0.23,0.23
KXBTC-26JUL3118-B63050,1785534045876,buy,0.27,-0.27
KXBTC-26JUL3118-B63050,1785534205673,sell,0.17,0.17
KXBTC-26JUL3118-B63050,1785534225668,sell,0.21,0.21
KXBTC-26JUL3118-B63050,1785534245761,buy,0.22,-0.22
KXBTC-26JUL3118-B63050,1785534265878,sell,0.2,0.2
KXBTC-26JUL3118-B63050,1785534325865,buy,0.25,-0.25
KXBTC-26JUL3118-B63050,1785534345747,sell,0.22,0.22
KXBTC-26JUL3118-B63050,1785534385683,sell,0.38,0.38
KXBTC-26JUL3118-B63050,1785534425924,buy,0.43,-0.43
KXBTC-26JUL3118-B63050,1785534585740,buy,0.34,-0.34
KXBTC-26JUL3118-B63050,1785534704806,buy,0.13,-0.13
KXBTC-26JUL3118-B63050,1785534864886,buy,0.07,-0.07
KXBTC-26JUL3119-B62750,1785537346227,sell,0.08,0.08
KXBTC-26JUL3119-B62850,1785536025117,buy,0.22,0.78
KXBTC-26JUL3119-B62850,1785536225143,sell,0.21,-0.79
KXBTC-26JUL3119-B62850,1785536524893,buy,0.21,0.79
KXBTC-26JUL3119-B62850,1785536544864,sell,0.17,-0.83
KXBTC-26JUL3119-B62850,1785536704944,sell,0.21,-0.79
KXBTC-26JUL3119-B62850,1785537005442,sell,0.19,-0.81
KXBTC-26JUL3119-B62850,1785537185026,sell,0.21,-0.79
KXBTC-26JUL3119-B62850,1785537265046,buy,0.27,0.73
KXBTC-26JUL3119-B62850,1785537305078,sell,0.24,-0.76
KXBTC-26JUL3119-B62850,1785537325088,sell,0.39,-0.61
KXBTC-26JUL3119-B62850,1785537345088,sell,0.44,-0.56
KXBTC-26JUL3119-B62850,1785537505014,buy,0.45,0.55
KXBTC-26JUL3119-B62850,1785537525104,sell,0.44,-0.56
KXBTC-26JUL3119-B62850,1785537664981,buy,0.45,0.55
KXBTC-26JUL3119-B62850,1785537685078,sell,0.41,-0.5900000000000001
KXBTC-26JUL3119-B62850,1785537824945,buy,0.53,0.47
KXBTC-26JUL3119-B62850,1785537884856,sell,0.46,-0.54
KXBTC-26JUL3119-B62850,1785537924973,buy,0.55,0.44999999999999996
KXBTC-26JUL3119-B62850,1785537985708,buy,0.46,0.54
KXBTC-26JUL3119-B62850,1785538024972,sell,0.46,-0.54
KXBTC-26JUL3119-B62850,1785538084936,buy,0.5,0.5
KXBTC-26JUL3119-B62850,1785538104919,buy,0.45,0.55
KXBTC-26JUL3119-B62850,1785538124889,sell,0.42,-0.5800000000000001
KXBTC-26JUL3119-B62850,1785538144901,sell,0.46,-0.54
KXBTC-26JUL3119-B62850,1785538164929,sell,0.49,-0.51
KXBTC-26JUL3119-B62850,1785538264963,buy,0.71,0.29000000000000004
KXBTC-26JUL3119-B62850,1785538284897,sell,0.7,-0.30000000000000004
KXBTC-26JUL3119-B62850,1785538505249,buy,0.9,0.09999999999999998
KXBTC-26JUL3119-B62850,1785538664772,sell,0.92,-0.07999999999999996
KXBTC-26JUL3119-B62950,1785536205406,sell,0.41,0.41
KXBTC-26JUL3119-B62950,1785536225443,buy,0.42,-0.42
KXBTC-26JUL3119-B62950,1785537005604,buy,0.51,-0.51
KXBTC-26JUL3119-B62950,1785537325242,buy,0.53,-0.53
KXBTC-26JUL3119-B62950,1785537345224,buy,0.49,-0.49
KXBTC-26JUL3119-B62950,1785537365202,buy,0.26,-0.26
KXBTC-26JUL3119-B62950,1785537465138,sell,0.34,0.34
KXBTC-26JUL3119-B62950,1785537505164,sell,0.39,0.39
KXBTC-26JUL3119-B62950,1785537525272,buy,0.42,-0.42
KXBTC-26JUL3119-B62950,1785537665125,sell,0.42,0.42
KXBTC-26JUL3119-B62950,1785537804804,buy,0.46,-0.46
KXBTC-26JUL3119-B62950,1785537824793,sell,0.37,0.37
KXBTC-26JUL3119-B62950,1785537904969,buy,0.42,-0.42
KXBTC-26JUL3119-B62950,1785537924833,sell,0.39,0.39
KXBTC-26JUL3119-B62950,1785537985514,sell,0.47,0.47
KXBTC-26JUL3119-B62950,1785538024825,buy,0.48,-0.48
KXBTC-26JUL3119-B62950,1785538084788,sell,0.45,0.45
KXBTC-26JUL3119-B62950,1785538104770,sell,0.49,0.49
KXBTC-26JUL3119-B62950,1785538164788,buy,0.47,-0.47
KXBTC-26JUL3119-B62950,1785538205545,buy,0.38,-0.38
KXBTC-26JUL3119-B62950,1785538264815,sell,0.24,0.24
KXBTC-26JUL3119-B62950,1785538284764,buy,0.25,-0.25
KXBTC-26JUL3119-B62950,1785538324887,sell,0.15,0.15
KXBTC-26JUL3119-B62950,1785538464926,buy,0.11,-0.11
KXBTC-26JUL3119-B62950,1785538505395,sell,0.07,0.07
KXBTC-26JUL3119-B63050,1785536026137,sell,0.23,0.23
KXBTC-26JUL3119-B63050,1785536046118,buy,0.24,-0.24
KXBTC-26JUL3119-B63050,1785537006442,buy,0.18,-0.18
KXBTC-26JUL3119-B63050,1785537185768,buy,0.18,-0.18
KXBTC-26JUL3119-B63050,1785537265775,sell,0.16,0.16
KXBTC-26JUL3119-B63050,1785537305791,buy,0.16,-0.16
KXBTC-26JUL3119-B63050,1785537345796,buy,0.1,-0.1
KXBTC-26JUL3120-B62750,1785542045400,sell,0.06,0.06
KXBTC-26JUL3120-B62750,1785542185324,sell,0.16,0.16
KXBTC-26JUL3120-B62750,1785542225268,sell,0.18,0.18
KXBTC-26JUL3120-B62750,1785542265332,buy,0.21,-0.21
KXBTC-26JUL3120-B62850,1785539646703,buy,0.36,0.64
KXBTC-26JUL3120-B62850,1785539786035,sell,0.37,-0.63
KXBTC-26JUL3120-B62850,1785539806367,buy,0.38,0.62
KXBTC-26JUL3120-B62850,1785539846006,buy,0.34,0.6599999999999999
KXBTC-26JUL3120-B62850,1785539926208,buy,0.26,0.74
KXBTC-26JUL3120-B62850,1785539946671,buy,0.22,0.78
KXBTC-26JUL3120-B62850,1785539986241,buy,0.2,0.8
KXBTC-26JUL3120-B62850,1785540265623,sell,0.2,-0.8
KXBTC-26JUL3120-B62850,1785540505690,buy,0.25,0.75
KXBTC-26JUL3120-B62850,1785540685639,sell,0.23,-0.77
KXBTC-26JUL3120-B62850,1785540705930,buy,0.36,0.64
KXBTC-26JUL3120-B62850,1785540905512,sell,0.28,-0.72
KXBTC-26JUL3120-B62850,1785540965334,buy,0.39,0.61
KXBTC-26JUL3120-B62850,1785540985346,sell,0.31,-0.69
KXBTC-26JUL3120-B62850,1785541085482,buy,0.32,0.6799999999999999
KXBTC-26JUL3120-B62850,1785541225472,sell,0.25,-0.75
KXBTC-26JUL3120-B62850,1785541245440,buy,0.39,0.61
KXBTC-26JUL3120-B62850,1785541445455,sell,0.35,-0.65
KXBTC-26JUL3120-B62850,1785541465222,sell,0.4,-0.6
KXBTC-26JUL3120-B62850,1785541545278,sell,0.5,-0.5
KXBTC-26JUL3120-B62850,1785541565327,buy,0.53,0.47
KXBTC-26JUL3120-B62850,1785541585206,sell,0.52,-0.48
KXBTC-26JUL3120-B62850,1785541605238,sell,0.6,-0.4
KXBTC-26JUL3120-B62850,1785541625255,sell,0.7,-0.30000000000000004
KXBTC-26JUL3120-B62850,1785541745337,sell,0.78,-0.21999999999999997
KXBTC-26JUL3120-B62850,1785541865234,buy,0.75,0.25
KXBTC-26JUL3120-B62850,1785541885449,sell,0.48,-0.52
KXBTC-26JUL3120-B62850,1785541905310,buy,0.68,0.31999999999999995
KXBTC-26JUL3120-B62850,1785541925283,sell,0.67,-0.32999999999999996
KXBTC-26JUL3120-B62850,1785541965326,sell,0.8,-0.19999999999999996
KXBTC-26JUL3120-B62850,1785542024987,sell,0.84,-0.16000000000000003
KXBTC-26JUL3120-B62850,1785542045066,buy,0.85,0.15000000000000002
KXBTC-26JUL3120-B62850,1785542065047,sell,0.71,-0.29000000000000004
KXBTC-26JUL3120-B62850,1785542125098,sell,0.76,-0.24
KXBTC-26JUL3120-B62850,1785542224981,buy,0.8,0.19999999999999996
KXBTC-26JUL3120-B62850,1785542265037,sell,0.78,-0.21999999999999997
KXBTC-26JUL3120-B62850,1785542304961,sell,0.89,-0.10999999999999999
KXBTC-26JUL3120-B62950,1785540085369,buy,0.54,-0.54
KXBTC-26JUL3120-B62950,1785540287165,buy,0.54,-0.54
KXBTC-26JUL3120-B62950,1785540325664,sell,0.51,0.51
KXBTC-26JUL3120-B62950,1785540625135,sell,0.57,0.57
KXBTC-26JUL3120-B62950,1785540685052,buy,0.59,-0.59
KXBTC-26JUL3120-B62950,1785540905220,buy,0.56,-0.56
KXBTC-26JUL3120-B62950,1785540965056,sell,0.5,0.5
KXBTC-26JUL3120-B62950,1785541225183,buy,0.6,-0.6
KXBTC-26JUL3120-B62950,1785541445112,buy,0.55,-0.55
KXBTC-26JUL3120-B62950,1785541464936,buy,0.52,-0.52
KXBTC-26JUL3120-B62950,1785541484907,buy,0.47,-0.47
KXBTC-26JUL3120-B62950,1785541565048,sell,0.38,0.38
KXBTC-26JUL3120-B62950,1785541584914,buy,0.41,-0.41
KXBTC-26JUL3120-B63050,1785540245983,buy,0.18,-0.18
KXBTC-26JUL3120-B63050,1785541225900,buy,0.06,-0.06
KXBTC-26JUL3121-B62850,1785542725948,sell,0.4,-0.6
KXBTC-26JUL3121-B62850,1785542746185,buy,0.42,0.5800000000000001
KXBTC-26JUL3121-B62850,1785542885987,buy,0.4,0.6
KXBTC-26JUL3121-B62850,1785542945926,sell,0.34,-0.6599999999999999
KXBTC-26JUL3121-B62850,1785543065995,buy,0.38,0.62
KXBTC-26JUL3121-B62850,1785543245977,buy,0.35,0.65
KXBTC-26JUL3121-B62850,1785543285654,sell,0.34,-0.6599999999999999
KXBTC-26JUL3121-B62850,1785543305926,sell,0.38,-0.62
KXBTC-26JUL3121-B62850,1785543325724,buy,0.43,0.5700000000000001
KXBTC-26JUL3121-B62850,1785543405546,buy,0.38,0.62
KXBTC-26JUL3121-B62850,1785543485615,sell,0.4,-0.6
KXBTC-26JUL3121-B62850,1785543505886,sell,0.44,-0.56
KXBTC-26JUL3121-B62850,1785543525511,buy,0.51,0.49
KXBTC-26JUL3121-B62850,1785543585677,buy,0.49,0.51
KXBTC-26JUL3121-B62850,1785543625727,sell,0.39,-0.61
KXBTC-26JUL3121-B62850,1785543765686,buy,0.36,0.64
KXBTC-26JUL3121-B62850,1785543905898,buy,0.36,0.64
KXBTC-26JUL3121-B62850,1785544005457,buy,0.33,0.6699999999999999
KXBTC-26JUL3121-B62850,1785544025528,sell,0.25,-0.75
KXBTC-26JUL3121-B62850,1785544205924,sell,0.24,-0.76
KXBTC-26JUL3121-B62850,1785544225420,buy,0.3,0.7
KXBTC-26JUL3121-B62850,1785544245495,sell,0.28,-0.72
KXBTC-26JUL3121-B62850,1785544325548,sell,0.41,-0.5900000000000001
KXBTC-26JUL3121-B62850,1785544345487,sell,0.49,-0.51
KXBTC-26JUL3121-B62850,1785544365471,buy,0.57,0.43000000000000005
KXBTC-26JUL3121-B62850,1785544465420,buy,0.53,0.47
KXBTC-26JUL3121-B62850,1785544485015,buy,0.47,0.53
KXBTC-26JUL3121-B62850,1785544724919,sell,0.36,-0.64
KXBTC-26JUL3121-B62850,1785544745098,buy,0.43,0.5700000000000001
KXBTC-26JUL3121-B62850,1785544805996,buy,0.39,0.61
KXBTC-26JUL3121-B62850,1785544825097,sell,0.27,-0.73
KXBTC-26JUL3121-B62850,1785544865118,buy,0.28,0.72
KXBTC-26JUL3121-B62850,1785545046621,sell,0.22,-0.78
KXBTC-26JUL3121-B62850,1785545186635,buy,0.15,0.85
KXBTC-26JUL3121-B62850,1785545396665,buy,0.13,0.87
KXBTC-26JUL3121-B62850,1785545466705,sell,0.1,-0.9
KXBTC-26JUL3121-B62850,1785545501582,sell,0.14,-0.86
KXBTC-26JUL3121-B62850,1785545536713,buy,0.21,0.79
KXBTC-26JUL3121-B62850,1785545676791,sell,0.15,-0.85
KXBTC-26JUL3121-B62850,1785545711918,buy,0.19,0.81
KXBTC-26JUL3121-B62850,1785545747248,sell,0.15,-0.85
KXBTC-26JUL3121-B62850,1785545816941,sell,0.37,-0.63
KXBTC-26JUL3121-B62850,1785545851794,sell,0.63,-0.37
KXBTC-26JUL3121-B62850,1785545886823,sell,0.82,-0.18000000000000005
KXBTC-26JUL3121-B62850,1785545922069,sell,0.9,-0.09999999999999998
KXBTC-26JUL3121-B62950,1785542726723,buy,0.33,-0.33
KXBTC-26JUL3121-B62950,1785542906551,sell,0.35,0.35
KXBTC-26JUL3121-B62950,1785542946674,buy,0.4,-0.4
KXBTC-26JUL3121-B62950,1785543186706,buy,0.41,-0.41
KXBTC-26JUL3121-B62950,1785543286446,buy,0.4,-0.4
KXBTC-26JUL3121-B62950,1785543306463,buy,0.36,-0.36
KXBTC-26JUL3121-B62950,1785543486103,buy,0.38,-0.38
KXBTC-26JUL3121-B62950,1785543526170,sell,0.25,0.25
KXBTC-26JUL3121-B62950,1785543586442,sell,0.28,0.28
KXBTC-26JUL3121-B62950,1785543746071,sell,0.4,0.4
KXBTC-26JUL3121-B62950,1785543766458,sell,0.42,0.42
KXBTC-26JUL3121-B62950,1785543906211,sell,0.42,0.42
KXBTC-26JUL3121-B62950,1785543925968,sell,0.49,0.49
KXBTC-26JUL3121-B62950,1785543945973,buy,0.5,-0.5
KXBTC-26JUL3121-B62950,1785544005794,sell,0.5,0.5
KXBTC-26JUL3121-B62950,1785544025829,buy,0.54,-0.54
KXBTC-26JUL3121-B62950,1785544065901,sell,0.53,0.53
KXBTC-26JUL3121-B62950,1785544206236,buy,0.53,-0.53
KXBTC-26JUL3121-B62950,1785544225701,sell,0.46,0.46
KXBTC-26JUL3121-B62950,1785544325849,buy,0.39,-0.39
KXBTC-26JUL3121-B62950,1785544345776,buy,0.34,-0.34
KXBTC-26JUL3121-B62950,1785544365758,sell,0.26,0.26
KXBTC-26JUL3121-B62950,1785544445839,sell,0.3,0.3
KXBTC-26JUL3121-B62950,1785544485148,sell,0.36,0.36
KXBTC-26JUL3121-B62950,1785544505385,buy,0.53,-0.53
KXBTC-26JUL3121-B62950,1785544545239,sell,0.47,0.47
KXBTC-26JUL3121-B62950,1785544725069,buy,0.49,-0.49
KXBTC-26JUL3121-B62950,1785544806179,sell,0.47,0.47
KXBTC-26JUL3121-B62950,1785544891003,sell,0.58,0.58
KXBTC-26JUL3121-B62950,1785545186777,sell,0.72,0.72
KXBTC-26JUL3121-B62950,1785545466837,sell,0.81,0.81
KXBTC-26JUL3121-B62950,1785545501723,buy,0.82,-0.82
KXBTC-26JUL3121-B62950,1785545536864,sell,0.75,0.75
KXBTC-26JUL3121-B62950,1785545676646,buy,0.79,-0.79
KXBTC-26JUL3121-B62950,1785545711747,sell,0.77,0.77
KXBTC-26JUL3121-B62950,1785545747100,buy,0.8,-0.8
KXBTC-26JUL3121-B62950,1785545781586,buy,0.69,-0.69
KXBTC-26JUL3121-B62950,1785545816790,buy,0.63,-0.63
KXBTC-26JUL3121-B62950,1785545851648,buy,0.35,-0.35
KXBTC-26JUL3121-B62950,1785545886670,buy,0.14,-0.14
KXBTC-26JUL3121-B62950,1785545921916,buy,0.1,-0.1
KXBTC-26JUL3121-B63050,1785543587332,sell,0.08,0.08
KXBTC-26JUL3121-B63050,1785544346210,buy,0.07,-0.07
KXBTC-26JUL3122-B62850,1785548095064,sell,0.58,0.58
KXBTC-26JUL3122-B62850,1785548235043,buy,0.61,-0.61
KXBTC-26JUL3122-B62850,1785548270727,buy,0.52,-0.52
KXBTC-26JUL3122-B62850,1785548410454,buy,0.46,-0.46
KXBTC-26JUL3122-B62850,1785548480215,buy,0.36,-0.36
KXBTC-26JUL3122-B62850,1785548620029,sell,0.27,0.27
KXBTC-26JUL3122-B62850,1785548935230,buy,0.3,-0.3
KXBTC-26JUL3122-B62850,1785548970192,sell,0.25,0.25
KXBTC-26JUL3122-B62850,1785549040184,sell,0.46,0.46
KXBTC-26JUL3122-B62850,1785549075159,buy,0.68,-0.68
KXBTC-26JUL3122-B62850,1785549145356,buy,0.62,-0.62
KXBTC-26JUL3122-B62850,1785549179985,buy,0.5,-0.5
KXBTC-26JUL3122-B62850,1785549215025,sell,0.23,0.23
KXBTC-26JUL3122-B62850,1785549354918,sell,0.34,0.34
KXBTC-26JUL3122-B62850,1785549389903,buy,0.59,-0.59
KXBTC-26JUL3122-B62850,1785549494819,buy,0.43,-0.43
KXBTC-26JUL3122-B62850,1785549529978,buy,0.35,-0.35
KXBTC-26JUL3122-B62950,1785546906566,sell,0.47,-0.53
KXBTC-26JUL3122-B62950,1785547011633,buy,0.48,0.52
KXBTC-26JUL3122-B62950,1785547151616,buy,0.46,0.54
KXBTC-26JUL3122-B62950,1785547222529,sell,0.37,-0.63
KXBTC-26JUL3122-B62950,1785547396264,sell,0.47,-0.53
KXBTC-26JUL3122-B62950,1785547432054,sell,0.52,-0.48
KXBTC-26JUL3122-B62950,1785547465853,buy,0.56,0.43999999999999995
KXBTC-26JUL3122-B62950,1785547500968,buy,0.42,0.5800000000000001
KXBTC-26JUL3122-B62950,1785547535918,sell,0.33,-0.6699999999999999
KXBTC-26JUL3122-B62950,1785547571119,buy,0.38,0.62
KXBTC-26JUL3122-B62950,1785547606227,buy,0.33,0.6699999999999999
KXBTC-26JUL3122-B62950,1785547746079,buy,0.29,0.71
KXBTC-26JUL3122-B62950,1785547816263,sell,0.27,-0.73
KXBTC-26JUL3122-B62950,1785547885706,sell,0.33,-0.6699999999999999
KXBTC-26JUL3122-B62950,1785548026008,buy,0.33,0.6699999999999999
KXBTC-26JUL3122-B62950,1785548129873,sell,0.27,-0.73
KXBTC-26JUL3122-B62950,1785548234774,sell,0.27,-0.73
KXBTC-26JUL3122-B62950,1785548270427,sell,0.35,-0.65
KXBTC-26JUL3122-B62950,1785548410156,sell,0.46,-0.54
KXBTC-26JUL3122-B62950,1785548479906,sell,0.56,-0.43999999999999995
KXBTC-26JUL3122-B62950,1785548584949,sell,0.64,-0.36
KXBTC-26JUL3122-B62950,1785548619753,buy,0.65,0.35
KXBTC-26JUL3122-B62950,1785548934783,sell,0.65,-0.35
KXBTC-26JUL3122-B62950,1785548969743,buy,0.71,0.29000000000000004
KXBTC-26JUL3122-B62950,1785549039679,buy,0.52,0.48
KXBTC-26JUL3122-B62950,1785549144853,sell,0.37,-0.63
KXBTC-26JUL3122-B62950,1785549179537,sell,0.51,-0.49
KXBTC-26JUL3122-B62950,1785549214589,buy,0.72,0.28
KXBTC-26JUL3122-B62950,1785549354772,buy,0.66,0.33999999999999997
KXBTC-26JUL3122-B62950,1785549389749,sell,0.4,-0.6
KXBTC-26JUL3122-B62950,1785549494672,sell,0.59,-0.41000000000000003
KXBTC-26JUL3122-B63050,1785547466731,buy,0.09,-0.09
KXBTC-26JUL3122-B63050,1785548481694,sell,0.03,0.03
KXBTC-26JUL3123-B62950,1785550861235,buy,0.53,-0.53
KXBTC-26JUL3123-B62950,1785550930986,buy,0.39,-0.39
KXBTC-26JUL3123-B62950,1785551071044,sell,0.41,0.41
KXBTC-26JUL3123-B62950,1785551106217,sell,0.45,0.45
KXBTC-26JUL3123-B62950,1785551141018,buy,0.5,-0.5
KXBTC-26JUL3123-B62950,1785551176068,buy,0.44,-0.44
KXBTC-26JUL3123-B62950,1785551385279,sell,0.42,0.42
KXBTC-26JUL3123-B62950,1785551420461,buy,0.44,-0.44
KXBTC-26JUL3123-B62950,1785551490518,sell,0.42,0.42
KXBTC-26JUL3123-B62950,1785551525546,buy,0.43,-0.43
KXBTC-26JUL3123-B62950,1785551630271,sell,0.33,0.33
KXBTC-26JUL3123-B62950,1785551735359,buy,0.36,-0.36
KXBTC-26JUL3123-B62950,1785551770526,buy,0.32,-0.32
KXBTC-26JUL3123-B62950,1785551875015,sell,0.26,0.26
KXBTC-26JUL3123-B62950,1785551980110,sell,0.3,0.3
KXBTC-26JUL3123-B62950,1785552085124,buy,0.34,-0.34
KXBTC-26JUL3123-B62950,1785552330218,sell,0.31,0.31
KXBTC-26JUL3123-B62950,1785552435081,buy,0.33,-0.33
KXBTC-26JUL3123-B62950,1785552505019,sell,0.24,0.24
KXBTC-26JUL3123-B62950,1785552540024,buy,0.3,-0.3
KXBTC-26JUL3123-B62950,1785552610094,sell,0.15,0.15
KXBTC-26JUL3123-B62950,1785552645049,buy,0.48,-0.48
KXBTC-26JUL3123-B62950,1785552785063,sell,0.48,0.48
KXBTC-26JUL3123-B62950,1785552819951,sell,0.55,0.55
KXBTC-26JUL3123-B62950,1785552854922,buy,0.57,-0.57
KXBTC-26JUL3123-B62950,1785552890028,buy,0.44,-0.44
KXBTC-26JUL3123-B62950,1785552925077,sell,0.24,0.24
KXBTC-26JUL3123-B62950,1785553029969,buy,0.53,-0.53
KXBTC-26JUL3123-B62950,1785553064917,sell,0.49,0.49
KXBTC-26JUL3123-B62950,1785553099921,buy,0.76,-0.76
KXBTC-26JUL3123-B63050,1785550405869,sell,0.11,-0.89
KXBTC-26JUL3123-B63050,1785550511045,sell,0.22,-0.78
KXBTC-26JUL3123-B63050,1785550615867,buy,0.27,0.73
KXBTC-26JUL3123-B63050,1785550860920,sell,0.31,-0.69
KXBTC-26JUL3123-B63050,1785550895855,sell,0.41,-0.5900000000000001
KXBTC-26JUL3123-B63050,1785551035899,buy,0.45,0.55
KXBTC-26JUL3123-B63050,1785551070757,buy,0.42,0.5800000000000001
KXBTC-26JUL3123-B63050,1785551105910,buy,0.38,0.62
KXBTC-26JUL3123-B63050,1785551175779,sell,0.41,-0.5900000000000001
KXBTC-26JUL3123-B63050,1785551525969,sell,0.42,-0.5800000000000001
KXBTC-26JUL3123-B63050,1785551665778,buy,0.51,0.49
KXBTC-26JUL3123-B63050,1785551735800,sell,0.5,-0.5
KXBTC-26JUL3123-B63050,1785551770965,sell,0.54,-0.45999999999999996
KXBTC-26JUL3123-B63050,1785551874866,buy,0.63,0.37
KXBTC-26JUL3123-B63050,1785551979958,buy,0.57,0.43000000000000005
KXBTC-26JUL3123-B63050,1785552049988,sell,0.57,-0.43000000000000005
KXBTC-26JUL3123-B63050,1785552330070,buy,0.62,0.38
KXBTC-26JUL3123-B63050,1785552434933,sell,0.6,-0.4
KXBTC-26JUL3123-B63050,1785552469754,sell,0.67,-0.32999999999999996
KXBTC-26JUL3123-B63050,1785552539720,sell,0.7,-0.30000000000000004
KXBTC-26JUL3123-B63050,1785552609804,buy,0.78,0.21999999999999997
KXBTC-26JUL3123-B63050,1785552644752,sell,0.49,-0.51
KXBTC-26JUL3123-B63050,1785552679750,buy,0.54,0.45999999999999996
KXBTC-26JUL3123-B63050,1785552784768,buy,0.49,0.51
KXBTC-26JUL3123-B63050,1785552819676,buy,0.43,0.5700000000000001
KXBTC-26JUL3123-B63050,1785552854644,sell,0.4,-0.6
KXBTC-26JUL3123-B63050,1785552889753,sell,0.5,-0.5
KXBTC-26JUL3123-B63050,1785552924780,buy,0.7,0.30000000000000004
KXBTC-26JUL3123-B63050,1785553064625,buy,0.5,0.5
KXBTC-26JUL3123-B63050,1785553099773,sell,0.37,-0.63
KXBTC-26JUL3123-B63050,1785553169710,sell,0.89,-0.10999999999999999
