ticker,series,strategy,yes_ask,entry_price,pnl
KXBTCD-26JUL3104-T63999.99,KXBTCD,fade_no,0.06,0.95,0.04667500000000004
KXBTCD-26JUL3104-T63999.99,KXBTCD,lotto_yes,0.06,0.06,-0.063948
KXBTCD-26JUL3103-T64299.99,KXBTCD,fade_no,0.15,0.86,0.13157200000000002
KXBTCD-26JUL3103-T64299.99,KXBTCD,lotto_yes,0.15,0.15,-0.15892499999999998
KXBTCD-26JUL3102-T64399.99,KXBTCD,fade_no,0.03,0.98,0.018628000000000016
KXBTCD-26JUL3102-T64399.99,KXBTCD,lotto_yes,0.03,0.03,-0.032036999999999996
KXBTCD-26JUL3102-T64299.99,KXBTCD,fade_no,0.15,0.86,0.13157200000000002
KXBTCD-26JUL3102-T64299.99,KXBTCD,lotto_yes,0.15,0.15,-0.15892499999999998
KXBTC-26JUL3104-B64250,KXBTC,fade_no,0.03,0.98,0.018628000000000016
KXBTC-26JUL3104-B64250,KXBTC,lotto_yes,0.03,0.03,-0.032036999999999996
KXBTC-26JUL3103-B64350,KXBTC,fade_no,0.15,0.89,0.10314699999999999
KXBTC-26JUL3103-B64350,KXBTC,lotto_yes,0.15,0.15,-0.15892499999999998
KXBTC-26JUL3102-B64450,KXBTC,fade_no,0.04,0.98,0.018628000000000016
KXBTC-26JUL3102-B64450,KXBTC,lotto_yes,0.04,0.04,-0.042688000000000004
KXBTC-26JUL3102-B64350,KXBTC,fade_no,0.14,0.9,0.09369999999999998
KXBTC-26JUL3102-B64350,KXBTC,lotto_yes,0.14,0.14,-0.148428
KXETHD-26JUL3120-T1864.99,KXETHD,fade_no,0.06,0.95,0.04667500000000004
KXETHD-26JUL3120-T1864.99,KXETHD,lotto_yes,0.06,0.06,-0.063948
KXETHD-26JUL3120-T1859.99,KXETHD,fav_yes,0.85,0.85,0.141075
KXETHD-26JUL3119-T1864.99,KXETHD,fade_no,0.09,0.9299999999999999,0.06544300000000006
KXETHD-26JUL3119-T1864.99,KXETHD,lotto_yes,0.09,0.09,-0.095733
KXETHD-26JUL3119-T1859.99,KXETHD,fav_yes,0.91,0.91,0.08426699999999997
KXETHD-26JUL3118-T1864.99,KXETHD,fade_no,0.05,0.96,0.03731200000000003
KXETHD-26JUL3118-T1864.99,KXETHD,lotto_yes,0.05,0.05,-0.053325000000000004
KXSOLD-26JUL3120-T72.9999,KXSOLD,fade_no,0.05,0.97,0.027963000000000026
KXSOLD-26JUL3120-T72.9999,KXSOLD,lotto_yes,0.05,0.05,-0.053325000000000004
KXSOLD-26JUL3120-T72.7499,KXSOLD,fav_yes,0.87,0.87,0.122083
KXSOLD-26JUL3119-T72.9999,KXSOLD,fade_no,0.15,0.89,0.10314699999999999
KXSOLD-26JUL3119-T72.9999,KXSOLD,lotto_yes,0.15,0.15,-0.15892499999999998
KXSOLD-26JUL3119-T72.7499,KXSOLD,fav_yes,0.9,0.9,0.09369999999999998
KXSOLD-26JUL3118-T73.2499,KXSOLD,fade_no,0.03,0.99,0.009307000000000008
KXSOLD-26JUL3118-T73.2499,KXSOLD,lotto_yes,0.03,0.03,-0.032036999999999996
KXSOLD-26JUL3118-T72.7499,KXSOLD,fav_yes,0.97,0.97,-0.9720369999999999
KXBTCD-26AUG0103-T63099.99,KXBTCD,fade_no,0.05,0.96,0.03731200000000003
KXBTCD-26AUG0103-T63099.99,KXBTCD,lotto_yes,0.05,0.05,-0.053325000000000004
KXBTCD-26AUG0102-T62999.99,KXBTCD,fade_no,0.18,0.83,0.16012300000000004
KXBTCD-26AUG0102-T62999.99,KXBTCD,lotto_yes,0.18,0.18,-0.190332
KXBTCD-26AUG0102-T62899.99,KXBTCD,fav_yes,0.93,0.93,0.06544299999999996
KXBTCD-26AUG0101-T63099.99,KXBTCD,fade_no,0.03,0.98,0.018628000000000016
KXBTCD-26AUG0101-T63099.99,KXBTCD,lotto_yes,0.03,0.03,-0.032036999999999996
KXBTCD-26AUG0117-T62749.99,KXBTCD,fade_no,0.03,0.98,0.018628000000000016
KXBTCD-26AUG0117-T62749.99,KXBTCD,lotto_yes,0.03,0.03,-0.032036999999999996
KXBTCD-26AUG0117-T62499.99,KXBTCD,fav_yes,0.8,0.8,0.18879999999999997
KXBTCD-26AUG0100-T62999.99,KXBTCD,fade_no,0.09,0.92,0.07484799999999996
KXBTCD-26AUG0100-T62999.99,KXBTCD,lotto_yes,0.09,0.09,-0.095733
KXBTCD-26AUG0100-T62899.99,KXBTCD,fav_yes,0.88,0.88,0.112608
KXBTCD-26JUL3123-T63099.99,KXBTCD,fade_no,0.03,0.98,0.018628000000000016
KXBTCD-26JUL3123-T63099.99,KXBTCD,lotto_yes,0.03,0.03,-0.032036999999999996
KXBTCD-26JUL3122-T62999.99,KXBTCD,fade_no,0.03,0.98,0.018628000000000016
KXBTCD-26JUL3122-T62999.99,KXBTCD,lotto_yes,0.03,0.03,-0.032036999999999996
KXBTCD-26JUL3121-T62999.99,KXBTCD,fade_no,0.1,0.92,0.07484799999999996
KXBTCD-26JUL3121-T62999.99,KXBTCD,lotto_yes,0.1,0.1,-0.1063
KXBTCD-26JUL3120-T62999.99,KXBTCD,fade_no,0.03,0.98,0.018628000000000016
KXBTCD-26JUL3120-T62999.99,KXBTCD,lotto_yes,0.03,0.03,-0.032036999999999996
KXBTCD-26JUL3120-T62799.99,KXBTCD,fav_yes,0.97,0.97,0.027963000000000026
KXBTCD-26JUL3119-T62999.99,KXBTCD,fade_no,0.06,0.96,0.03731200000000003
KXBTCD-26JUL3119-T62999.99,KXBTCD,lotto_yes,0.06,0.06,-0.063948
KXBTCD-26JUL3119-T62799.99,KXBTCD,fav_yes,0.95,0.95,0.04667500000000004
KXBTCD-26JUL3118-T63099.99,KXBTCD,fade_no,0.03,0.98,0.018628000000000016
KXBTCD-26JUL3118-T63099.99,KXBTCD,lotto_yes,0.03,0.03,-0.032036999999999996
KXBTCD-26JUL3118-T62899.99,KXBTCD,fav_yes,0.85,0.85,-0.8589249999999999
KXBTCD-26JUL3116-T63099.99,KXBTCD,fade_no,0.03,0.98,0.018628000000000016
KXBTCD-26JUL3116-T63099.99,KXBTCD,lotto_yes,0.03,0.03,-0.032036999999999996
KXBTCD-26JUL3116-T62999.99,KXBTCD,fade_no,0.2,0.81,0.17922699999999994
KXBTCD-26JUL3116-T62999.99,KXBTCD,lotto_yes,0.2,0.2,-0.2112
KXBTCD-26JUL3116-T62799.99,KXBTCD,fav_yes,0.97,0.97,0.027963000000000026
KXBTCD-26JUL3115-T63099.99,KXBTCD,fade_no,0.04,0.97,0.027963000000000026
KXBTCD-26JUL3115-T63099.99,KXBTCD,lotto_yes,0.04,0.04,-0.042688000000000004
KXBTCD-26JUL3115-T62899.99,KXBTCD,fav_yes,0.82,0.82,0.16966800000000004
KXBTCD-26JUL3114-T63099.99,KXBTCD,fade_no,0.11,0.9,-0.9063
KXBTCD-26JUL3114-T63099.99,KXBTCD,lotto_yes,0.11,0.11,0.883147
KXBTCD-26JUL3114-T62899.99,KXBTCD,fav_yes,0.89,0.89,0.10314699999999999
KXBTCD-26JUL3113-T62899.99,KXBTCD,fade_no,0.07,0.94,0.056052000000000046
KXBTCD-26JUL3113-T62899.99,KXBTCD,lotto_yes,0.07,0.07,-0.07455700000000001
KXBTCD-26JUL3112-T62799.99,KXBTCD,fade_no,0.13,0.88,0.112608
KXBTCD-26JUL3112-T62799.99,KXBTCD,lotto_yes,0.13,0.13,-0.137917
KXBTCD-26JUL3112-T62499.99,KXBTCD,fav_yes,0.93,0.93,0.06544299999999996
KXBTCD-26JUL3111-T62999.99,KXBTCD,fade_no,0.03,0.98,0.018628000000000016
KXBTCD-26JUL3111-T62999.99,KXBTCD,lotto_yes,0.03,0.03,-0.032036999999999996
KXBTCD-26JUL3111-T62899.99,KXBTCD,fade_no,0.07,0.94,0.056052000000000046
KXBTCD-26JUL3111-T62899.99,KXBTCD,lotto_yes,0.07,0.07,-0.07455700000000001
KXBTCD-26JUL3111-T62799.99,KXBTCD,fade_no,0.13,0.88,0.112608
KXBTCD-26JUL3111-T62799.99,KXBTCD,lotto_yes,0.13,0.13,-0.137917
KXBTCD-26JUL3110-T63799.99,KXBTCD,fade_no,0.03,0.98,0.018628000000000016
KXBTCD-26JUL3110-T63799.99,KXBTCD,lotto_yes,0.03,0.03,-0.032036999999999996
KXBTCD-26JUL3110-T63699.99,KXBTCD,fade_no,0.05,0.96,0.03731200000000003
KXBTCD-26JUL3110-T63699.99,KXBTCD,lotto_yes,0.05,0.05,-0.053325000000000004
KXBTCD-26JUL3110-T63599.99,KXBTCD,fade_no,0.12,0.89,0.10314699999999999
KXBTCD-26JUL3110-T63599.99,KXBTCD,lotto_yes,0.12,0.12,-0.127392
KXBTCD-26JUL3109-T63799.99,KXBTCD,fade_no,0.03,0.98,0.018628000000000016
KXBTCD-26JUL3109-T63799.99,KXBTCD,lotto_yes,0.03,0.03,-0.032036999999999996
KXBTCD-26JUL3109-T63699.99,KXBTCD,fade_no,0.11,0.9,0.09369999999999998
KXBTCD-26JUL3109-T63699.99,KXBTCD,lotto_yes,0.11,0.11,-0.116853
KXBTCD-26JUL3109-T63499.99,KXBTCD,fav_yes,0.89,0.89,0.10314699999999999
KXBTCD-26JUL3108-T63899.99,KXBTCD,fade_no,0.05,0.96,0.03731200000000003
KXBTCD-26JUL3108-T63899.99,KXBTCD,lotto_yes,0.05,0.05,-0.053325000000000004
KXBTCD-26JUL3107-T63699.99,KXBTCD,fav_yes,0.97,0.97,0.027963000000000026
KXBTCD-26JUL3106-T63799.99,KXBTCD,fade_no,0.03,0.98,0.018628000000000016
KXBTCD-26JUL3106-T63799.99,KXBTCD,lotto_yes,0.03,0.03,-0.032036999999999996
KXBTCD-26JUL3106-T63699.99,KXBTCD,fade_no,0.15,0.86,0.13157200000000002
KXBTCD-26JUL3106-T63699.99,KXBTCD,lotto_yes,0.15,0.15,-0.15892499999999998
KXBTCD-26JUL3106-T63499.99,KXBTCD,fav_yes,0.97,0.97,0.027963000000000026
KXBTCD-26JUL3105-T63999.99,KXBTCD,fade_no,0.03,0.98,0.018628000000000016
KXBTCD-26JUL3105-T63999.99,KXBTCD,lotto_yes,0.03,0.03,-0.032036999999999996
KXBTCD-26JUL3105-T63899.99,KXBTCD,fade_no,0.09,0.92,0.07484799999999996
KXBTCD-26JUL3105-T63899.99,KXBTCD,lotto_yes,0.09,0.09,-0.095733
KXBTC-26AUG0104-B63150,KXBTC,fade_no,0.03,0.98,0.018628000000000016
KXBTC-26AUG0104-B63150,KXBTC,lotto_yes,0.03,0.03,-0.032036999999999996
KXBTC-26AUG0103-B63150,KXBTC,fade_no,0.05,0.96,0.03731200000000003
KXBTC-26AUG0103-B63150,KXBTC,lotto_yes,0.05,0.05,-0.053325000000000004
KXBTC-26AUG0102-B63050,KXBTC,fade_no,0.19,0.87,0.122083
KXBTC-26AUG0102-B63050,KXBTC,lotto_yes,0.19,0.19,-0.200773
KXBTC-26AUG0117-B63625,KXBTC,fade_no,0.08,0.94,0.056052000000000046
KXBTC-26AUG0117-B63625,KXBTC,lotto_yes,0.08,0.08,-0.085152
KXBTC-26AUG0117-B63125,KXBTC,fade_no,0.03,0.99,0.009307000000000008
KXBTC-26AUG0117-B63125,KXBTC,lotto_yes,0.03,0.03,-0.032036999999999996
KXBTC-26AUG0117-B62875,KXBTC,fade_no,0.05,0.99,0.009307000000000008
KXBTC-26AUG0117-B62875,KXBTC,lotto_yes,0.05,0.05,-0.053325000000000004
KXBTC-26AUG0117-B62125,KXBTC,fade_no,0.03,0.99,0.009307000000000008
KXBTC-26AUG0117-B62125,KXBTC,lotto_yes,0.03,0.03,-0.032036999999999996
KXBTC-26AUG0100-B63150,KXBTC,fade_no,0.03,0.98,0.018628000000000016
KXBTC-26AUG0100-B63150,KXBTC,lotto_yes,0.03,0.03,-0.032036999999999996
KXBTC-26AUG0100-B63050,KXBTC,fade_no,0.09,0.95,0.04667500000000004
KXBTC-26AUG0100-B63050,KXBTC,lotto_yes,0.09,0.09,-0.095733
KXBTC-26AUG0100-B62950,KXBTC,fav_yes,0.8,0.8,0.18879999999999997
KXBTC-26AUG0100-B62850,KXBTC,fade_no,0.15,0.88,0.112608
KXBTC-26AUG0100-B62850,KXBTC,lotto_yes,0.15,0.15,-0.15892499999999998
KXBTC-26JUL3123-B63150,KXBTC,fade_no,0.04,0.97,0.027963000000000026
KXBTC-26JUL3123-B63150,KXBTC,lotto_yes,0.04,0.04,-0.042688000000000004
KXBTC-26JUL3123-B62850,KXBTC,fade_no,0.03,0.98,0.018628000000000016
KXBTC-26JUL3123-B62850,KXBTC,lotto_yes,0.03,0.03,-0.032036999999999996
KXBTC-26JUL3122-B63050,KXBTC,fade_no,0.04,0.97,0.027963000000000026
KXBTC-26JUL3122-B63050,KXBTC,lotto_yes,0.04,0.04,-0.042688000000000004
KXBTC-26JUL3121-B63050,KXBTC,fade_no,0.1,0.92,0.07484799999999996
KXBTC-26JUL3121-B63050,KXBTC,lotto_yes,0.1,0.1,-0.1063
KXBTC-26JUL3121-B62750,KXBTC,fade_no,0.03,0.98,0.018628000000000016
KXBTC-26JUL3121-B62750,KXBTC,lotto_yes,0.03,0.03,-0.032036999999999996
KXBTC-26JUL3120-B63050,KXBTC,fade_no,0.03,0.98,0.018628000000000016
KXBTC-26JUL3120-B63050,KXBTC,lotto_yes,0.03,0.03,-0.032036999999999996
KXBTC-26JUL3119-B63150,KXBTC,fade_no,0.03,0.98,0.018628000000000016
KXBTC-26JUL3119-B63150,KXBTC,lotto_yes,0.03,0.03,-0.032036999999999996
KXBTC-26JUL3119-B63050,KXBTC,fade_no,0.06,0.98,0.018628000000000016
KXBTC-26JUL3119-B63050,KXBTC,lotto_yes,0.06,0.06,-0.063948
KXBTC-26JUL3119-B62750,KXBTC,fade_no,0.06,0.97,0.027963000000000026
KXBTC-26JUL3119-B62750,KXBTC,lotto_yes,0.06,0.06,-0.063948
KXBTC-26JUL3118-B63150,KXBTC,fade_no,0.04,0.98,0.018628000000000016
KXBTC-26JUL3118-B63150,KXBTC,lotto_yes,0.04,0.04,-0.042688000000000004
KXBTC-26JUL3118-B62850,KXBTC,fade_no,0.16,0.87,-0.877917
KXBTC-26JUL3118-B62850,KXBTC,lotto_yes,0.16,0.16,0.830592
KXBTC-26JUL3116-B63150,KXBTC,fade_no,0.03,0.98,0.018628000000000016
KXBTC-26JUL3116-B63150,KXBTC,lotto_yes,0.03,0.03,-0.032036999999999996
KXBTC-26JUL3116-B62750,KXBTC,fade_no,0.04,0.98,0.018628000000000016
KXBTC-26JUL3116-B62750,KXBTC,lotto_yes,0.04,0.04,-0.042688000000000004
KXBTC-26JUL3115-B63150,KXBTC,fade_no,0.04,0.98,0.018628000000000016
KXBTC-26JUL3115-B63150,KXBTC,lotto_yes,0.04,0.04,-0.042688000000000004
KXBTC-26JUL3115-B62850,KXBTC,fade_no,0.18,0.83,0.16012300000000004
KXBTC-26JUL3115-B62850,KXBTC,lotto_yes,0.18,0.18,-0.190332
KXBTC-26JUL3114-B63150,KXBTC,fade_no,0.1,0.92,-0.9251520000000001
KXBTC-26JUL3114-B63150,KXBTC,lotto_yes,0.1,0.1,0.8937
KXBTC-26JUL3114-B62850,KXBTC,fade_no,0.1,0.91,0.08426699999999997
KXBTC-26JUL3114-B62850,KXBTC,lotto_yes,0.1,0.1,-0.1063
KXBTC-26JUL3112-B62550,KXBTC,fade_no,0.18,0.83,0.16012300000000004
KXBTC-26JUL3112-B62550,KXBTC,lotto_yes,0.18,0.18,-0.190332
KXBTC-26JUL3112-B62450,KXBTC,fade_no,0.07,0.96,0.03731200000000003
KXBTC-26JUL3112-B62450,KXBTC,lotto_yes,0.07,0.07,-0.07455700000000001
KXBTC-26JUL3111-B63150,KXBTC,fade_no,0.04,0.98,0.018628000000000016
KXBTC-26JUL3111-B63150,KXBTC,lotto_yes,0.04,0.04,-0.042688000000000004
KXBTC-26JUL3110-B63750,KXBTC,fade_no,0.04,0.98,0.018628000000000016
KXBTC-26JUL3110-B63750,KXBTC,lotto_yes,0.04,0.04,-0.042688000000000004
KXBTC-26JUL3110-B63650,KXBTC,fade_no,0.08,0.95,0.04667500000000004
KXBTC-26JUL3110-B63650,KXBTC,lotto_yes,0.08,0.08,-0.085152
KXBTC-26JUL3109-B63750,KXBTC,fade_no,0.12,0.89,0.10314699999999999
KXBTC-26JUL3109-B63750,KXBTC,lotto_yes,0.12,0.12,-0.127392
KXBTC-26JUL3108-B63950,KXBTC,fade_no,0.05,0.97,0.027963000000000026
KXBTC-26JUL3108-B63950,KXBTC,lotto_yes,0.05,0.05,-0.053325000000000004
KXBTC-26JUL3107-B63650,KXBTC,fade_no,0.05,0.98,0.018628000000000016
KXBTC-26JUL3107-B63650,KXBTC,lotto_yes,0.05,0.05,-0.053325000000000004
KXBTC-26JUL3105-B63950,KXBTC,fade_no,0.07,0.96,0.03731200000000003
KXBTC-26JUL3105-B63950,KXBTC,lotto_yes,0.07,0.07,-0.07455700000000001
KXBTC-26JUL3105-B63750,KXBTC,fade_no,0.2,0.83,-0.839877
KXBTC-26JUL3105-B63750,KXBTC,lotto_yes,0.2,0.2,0.7888000000000001
KXBTC-26JUL3105-B63650,KXBTC,fade_no,0.12,0.92,0.07484799999999996
KXBTC-26JUL3105-B63650,KXBTC,lotto_yes,0.12,0.12,-0.127392
KXETHD-26AUG0120-T1849.99,KXETHD,fade_no,0.03,0.99,0.009307000000000008
KXETHD-26AUG0120-T1849.99,KXETHD,lotto_yes,0.03,0.03,-0.032036999999999996
KXETHD-26AUG0119-T1849.99,KXETHD,fade_no,0.06,0.97,0.027963000000000026
KXETHD-26AUG0119-T1849.99,KXETHD,lotto_yes,0.06,0.06,-0.063948
KXETHD-26AUG0118-T1849.99,KXETHD,fade_no,0.04,0.97,0.027963000000000026
KXETHD-26AUG0118-T1849.99,KXETHD,lotto_yes,0.04,0.04,-0.042688000000000004
KXETHD-26AUG0118-T1839.99,KXETHD,fav_yes,0.9,0.9,0.09369999999999998
KXETHD-26AUG0116-T1839.99,KXETHD,fade_no,0.06,0.96,0.03731200000000003
KXETHD-26AUG0116-T1839.99,KXETHD,lotto_yes,0.06,0.06,-0.063948
KXETHD-26AUG0116-T1829.99,KXETHD,fav_yes,0.91,0.91,0.08426699999999997
KXETHD-26AUG0116-T1824.99,KXETHD,fav_yes,0.97,0.97,0.027963000000000026
KXETHD-26AUG0115-T1864.99,KXETHD,fade_no,0.04,0.99,0.009307000000000008
KXETHD-26AUG0115-T1864.99,KXETHD,lotto_yes,0.04,0.04,-0.042688000000000004
KXETHD-26AUG0115-T1859.99,KXETHD,fade_no,0.04,0.98,0.018628000000000016
KXETHD-26AUG0115-T1859.99,KXETHD,lotto_yes,0.04,0.04,-0.042688000000000004
KXETHD-26AUG0115-T1849.99,KXETHD,fade_no,0.03,0.99,0.009307000000000008
KXETHD-26AUG0115-T1849.99,KXETHD,lotto_yes,0.03,0.03,-0.032036999999999996
KXETHD-26AUG0115-T1844.99,KXETHD,fade_no,0.05,0.98,0.018628000000000016
KXETHD-26AUG0115-T1844.99,KXETHD,lotto_yes,0.05,0.05,-0.053325000000000004
KXETHD-26AUG0115-T1839.99,KXETHD,fade_no,0.17,0.85,0.141075
KXETHD-26AUG0115-T1839.99,KXETHD,lotto_yes,0.17,0.17,-0.179877
KXETHD-26AUG0114-T1869.99,KXETHD,fade_no,0.03,0.99,0.009307000000000008
KXETHD-26AUG0114-T1869.99,KXETHD,lotto_yes,0.03,0.03,-0.032036999999999996
KXETHD-26AUG0114-T1864.99,KXETHD,fade_no,0.1,0.92,0.07484799999999996
KXETHD-26AUG0114-T1864.99,KXETHD,lotto_yes,0.1,0.1,-0.1063
KXETHD-26AUG0114-T1859.99,KXETHD,fav_yes,0.82,0.82,0.16966800000000004
KXETHD-26AUG0111-T1874.99,KXETHD,fade_no,0.04,0.98,0.018628000000000016
KXETHD-26AUG0111-T1874.99,KXETHD,lotto_yes,0.04,0.04,-0.042688000000000004
KXETHD-26AUG0110-T1869.99,KXETHD,fade_no,0.06,0.97,0.027963000000000026
KXETHD-26AUG0110-T1869.99,KXETHD,lotto_yes,0.06,0.06,-0.063948
KXETHD-26AUG0110-T1864.99,KXETHD,fav_yes,0.96,0.96,0.03731200000000003
KXETHD-26AUG0109-T1869.99,KXETHD,fade_no,0.04,0.99,0.009307000000000008
KXETHD-26AUG0109-T1869.99,KXETHD,lotto_yes,0.04,0.04,-0.042688000000000004
KXETHD-26AUG0106-T1869.99,KXETHD,fade_no,0.1,0.91,0.08426699999999997
KXETHD-26AUG0106-T1869.99,KXETHD,lotto_yes,0.1,0.1,-0.1063
KXETHD-26AUG0105-T1864.99,KXETHD,fav_yes,0.89,0.89,0.10314699999999999
KXETHD-26AUG0104-T1869.99,KXETHD,fade_no,0.09,0.92,0.07484799999999996
KXETHD-26AUG0104-T1869.99,KXETHD,lotto_yes,0.09,0.09,-0.095733
KXETHD-26AUG0103-T1869.99,KXETHD,fade_no,0.12,0.9,0.09369999999999998
KXETHD-26AUG0103-T1869.99,KXETHD,lotto_yes,0.12,0.12,-0.127392
KXETHD-26AUG0101-T1869.99,KXETHD,fade_no,0.13,0.88,0.112608
KXETHD-26AUG0101-T1869.99,KXETHD,lotto_yes,0.13,0.13,-0.137917
KXETHD-26AUG0117-T1889.99,KXETHD,fade_no,0.05,0.99,0.009307000000000008
KXETHD-26AUG0117-T1889.99,KXETHD,lotto_yes,0.05,0.05,-0.053325000000000004
KXETHD-26AUG0117-T1849.99,KXETHD,fade_no,0.03,0.99,0.009307000000000008
KXETHD-26AUG0117-T1849.99,KXETHD,lotto_yes,0.03,0.03,-0.032036999999999996
KXETHD-26AUG0100-T1864.99,KXETHD,fav_yes,0.91,0.91,0.08426699999999997
KXETHD-26JUL3123-T1864.99,KXETHD,fav_yes,0.86,0.86,0.13157200000000002
KXSOLD-26AUG0120-T72.2499,KXSOLD,fade_no,0.03,0.99,0.009307000000000008
KXSOLD-26AUG0120-T72.2499,KXSOLD,lotto_yes,0.03,0.03,-0.032036999999999996
KXSOLD-26AUG0120-T71.9999,KXSOLD,fade_no,0.09,0.94,0.056052000000000046
KXSOLD-26AUG0120-T71.9999,KXSOLD,lotto_yes,0.09,0.09,-0.095733
KXSOLD-26AUG0120-T71.7499,KXSOLD,fav_yes,0.93,0.93,0.06544299999999996
KXSOLD-26AUG0119-T71.9999,KXSOLD,fade_no,0.19,0.84,0.15059200000000003
KXSOLD-26AUG0119-T71.9999,KXSOLD,lotto_yes,0.19,0.19,-0.200773
KXSOLD-26AUG0119-T71.7499,KXSOLD,fav_yes,0.96,0.96,0.03731200000000003
KXSOLD-26AUG0118-T71.9999,KXSOLD,fade_no,0.04,0.99,0.009307000000000008
KXSOLD-26AUG0118-T71.9999,KXSOLD,lotto_yes,0.04,0.04,-0.042688000000000004
KXSOLD-26AUG0118-T71.4999,KXSOLD,fav_yes,0.96,0.96,0.03731200000000003
KXSOLD-26AUG0116-T71.4999,KXSOLD,fade_no,0.04,0.98,0.018628000000000016
KXSOLD-26AUG0116-T71.4999,KXSOLD,lotto_yes,0.04,0.04,-0.042688000000000004
KXSOLD-26AUG0116-T70.9999,KXSOLD,fav_yes,0.9,0.9,0.09369999999999998
KXSOLD-26AUG0115-T71.7499,KXSOLD,fade_no,0.05,0.97,0.027963000000000026
KXSOLD-26AUG0115-T71.7499,KXSOLD,lotto_yes,0.05,0.05,-0.053325000000000004
KXSOLD-26AUG0115-T71.4999,KXSOLD,fade_no,0.08,0.95,0.04667500000000004
KXSOLD-26AUG0115-T71.4999,KXSOLD,lotto_yes,0.08,0.08,-0.085152
KXSOLD-26AUG0115-T70.9999,KXSOLD,fav_yes,0.8,0.8,0.18879999999999997
KXSOLD-26AUG0114-T72.9999,KXSOLD,fade_no,0.03,0.99,0.009307000000000008
KXSOLD-26AUG0114-T72.9999,KXSOLD,lotto_yes,0.03,0.03,-0.032036999999999996
KXSOLD-26AUG0114-T72.7499,KXSOLD,fade_no,0.05,0.97,0.027963000000000026
KXSOLD-26AUG0114-T72.7499,KXSOLD,lotto_yes,0.05,0.05,-0.053325000000000004
KXSOLD-26AUG0114-T71.2499,KXSOLD,fav_yes,0.97,0.97,0.027963000000000026
KXSOLD-26AUG0112-T72.9999,KXSOLD,fade_no,0.03,0.98,0.018628000000000016
KXSOLD-26AUG0112-T72.9999,KXSOLD,lotto_yes,0.03,0.03,-0.032036999999999996
KXSOLD-26AUG0111-T72.9999,KXSOLD,fade_no,0.13,0.91,0.08426699999999997
KXSOLD-26AUG0111-T72.9999,KXSOLD,lotto_yes,0.13,0.13,-0.137917
KXSOLD-26AUG0111-T72.7499,KXSOLD,fav_yes,0.97,0.97,0.027963000000000026
KXSOLD-26AUG0110-T72.9999,KXSOLD,fade_no,0.15,0.89,0.10314699999999999
KXSOLD-26AUG0110-T72.9999,KXSOLD,lotto_yes,0.15,0.15,-0.15892499999999998
KXSOLD-26AUG0109-T72.9999,KXSOLD,fade_no,0.04,0.98,0.018628000000000016
KXSOLD-26AUG0109-T72.9999,KXSOLD,lotto_yes,0.04,0.04,-0.042688000000000004
KXSOLD-26AUG0109-T72.7499,KXSOLD,fav_yes,0.96,0.96,0.03731200000000003
KXSOLD-26AUG0108-T72.9999,KXSOLD,fade_no,0.04,0.98,0.018628000000000016
KXSOLD-26AUG0108-T72.9999,KXSOLD,lotto_yes,0.04,0.04,-0.042688000000000004
KXSOLD-26AUG0108-T72.7499,KXSOLD,fav_yes,0.87,0.87,0.122083
KXSOLD-26AUG0107-T72.9999,KXSOLD,fade_no,0.03,0.99,0.009307000000000008
KXSOLD-26AUG0107-T72.9999,KXSOLD,lotto_yes,0.03,0.03,-0.032036999999999996
KXSOLD-26AUG0107-T72.7499,KXSOLD,fav_yes,0.83,0.83,0.16012300000000004
KXSOLD-26AUG0106-T72.9999,KXSOLD,fade_no,0.13,0.89,0.10314699999999999
KXSOLD-26AUG0106-T72.9999,KXSOLD,lotto_yes,0.13,0.13,-0.137917
KXSOLD-26AUG0105-T72.9999,KXSOLD,fade_no,0.11,0.9,0.09369999999999998
KXSOLD-26AUG0105-T72.9999,KXSOLD,lotto_yes,0.11,0.11,-0.116853
KXSOLD-26AUG0104-T72.9999,KXSOLD,fade_no,0.14,0.9299999999999999,0.06544300000000006
KXSOLD-26AUG0104-T72.9999,KXSOLD,lotto_yes,0.14,0.14,-0.148428
KXSOLD-26AUG0103-T72.9999,KXSOLD,fade_no,0.15,0.86,0.13157200000000002
KXSOLD-26AUG0103-T72.9999,KXSOLD,lotto_yes,0.15,0.15,-0.15892499999999998
KXSOLD-26AUG0102-T72.9999,KXSOLD,fade_no,0.09,0.92,0.07484799999999996
KXSOLD-26AUG0102-T72.9999,KXSOLD,lotto_yes,0.09,0.09,-0.095733
KXSOLD-26AUG0102-T72.7499,KXSOLD,fav_yes,0.94,0.94,0.056052000000000046
KXSOLD-26AUG0101-T73.2499,KXSOLD,fade_no,0.04,0.98,0.018628000000000016
KXSOLD-26AUG0101-T73.2499,KXSOLD,lotto_yes,0.04,0.04,-0.042688000000000004
KXSOLD-26AUG0101-T72.9999,KXSOLD,fav_yes,0.83,0.83,0.16012300000000004
KXSOLD-26AUG0100-T72.9999,KXSOLD,fade_no,0.1,0.9299999999999999,0.06544300000000006
KXSOLD-26AUG0100-T72.9999,KXSOLD,lotto_yes,0.1,0.1,-0.1063
KXSOLD-26AUG0100-T72.7499,KXSOLD,fav_yes,0.95,0.95,0.04667500000000004
KXBTCD-26AUG0204-T63399.99,KXBTCD,fav_yes,0.96,0.96,0.03731200000000003
KXBTCD-26AUG0203-T63499.99,KXBTCD,fade_no,0.05,0.96,0.03731200000000003
KXBTCD-26AUG0203-T63499.99,KXBTCD,lotto_yes,0.05,0.05,-0.053325000000000004
KXBTCD-26AUG0203-T63399.99,KXBTCD,fav_yes,0.82,0.82,0.16966800000000004
KXBTCD-26AUG0217-T63499.99,KXBTCD,fade_no,0.04,0.97,0.027963000000000026
KXBTCD-26AUG0217-T63499.99,KXBTCD,lotto_yes,0.04,0.04,-0.042688000000000004
KXBTCD-26AUG0202-T63299.99,KXBTCD,fav_yes,0.88,0.88,0.112608
KXBTCD-26AUG0202-T63199.99,KXBTCD,fav_yes,0.97,0.97,0.027963000000000026
KXBTCD-26AUG0201-T63499.99,KXBTCD,fade_no,0.19,0.83,-0.839877
KXBTCD-26AUG0201-T63499.99,KXBTCD,lotto_yes,0.19,0.19,0.799227
KXBTCD-26AUG0201-T63399.99,KXBTCD,fav_yes,0.91,0.91,0.08426699999999997
KXBTCD-26AUG0200-T63599.99,KXBTCD,fade_no,0.03,0.98,0.018628000000000016
KXBTCD-26AUG0200-T63599.99,KXBTCD,lotto_yes,0.03,0.03,-0.032036999999999996
KXBTCD-26AUG0200-T63499.99,KXBTCD,fade_no,0.11,0.91,0.08426699999999997
KXBTCD-26AUG0200-T63499.99,KXBTCD,lotto_yes,0.11,0.11,-0.116853
KXBTCD-26AUG0123-T63499.99,KXBTCD,fade_no,0.03,0.98,0.018628000000000016
KXBTCD-26AUG0123-T63499.99,KXBTCD,lotto_yes,0.03,0.03,-0.032036999999999996
KXBTCD-26AUG0123-T63399.99,KXBTCD,fade_no,0.13,0.88,0.112608
KXBTCD-26AUG0123-T63399.99,KXBTCD,lotto_yes,0.13,0.13,-0.137917
KXBTCD-26AUG0123-T63199.99,KXBTCD,fav_yes,0.93,0.93,0.06544299999999996
KXBTCD-26AUG0122-T62999.99,KXBTCD,fade_no,0.13,0.89,0.10314699999999999
KXBTCD-26AUG0122-T62999.99,KXBTCD,lotto_yes,0.13,0.13,-0.137917
KXBTCD-26AUG0122-T62899.99,KXBTCD,fav_yes,0.92,0.92,0.07484799999999996
KXBTCD-26AUG0121-T62899.99,KXBTCD,fade_no,0.03,0.98,0.018628000000000016
KXBTCD-26AUG0121-T62899.99,KXBTCD,lotto_yes,0.03,0.03,-0.032036999999999996
KXBTCD-26AUG0120-T62799.99,KXBTCD,fade_no,0.04,0.97,0.027963000000000026
KXBTCD-26AUG0120-T62799.99,KXBTCD,lotto_yes,0.04,0.04,-0.042688000000000004
KXBTCD-26AUG0120-T62699.99,KXBTCD,fav_yes,0.81,0.81,0.17922699999999994
KXBTCD-26AUG0119-T62899.99,KXBTCD,fade_no,0.03,0.98,0.018628000000000016
KXBTCD-26AUG0119-T62899.99,KXBTCD,lotto_yes,0.03,0.03,-0.032036999999999996
KXBTCD-26AUG0118-T62799.99,KXBTCD,fade_no,0.19,0.8200000000000001,0.16966799999999993
KXBTCD-26AUG0118-T62799.99,KXBTCD,lotto_yes,0.19,0.19,-0.200773
KXBTCD-26AUG0116-T62599.99,KXBTCD,fade_no,0.03,0.98,0.018628000000000016
KXBTCD-26AUG0116-T62599.99,KXBTCD,lotto_yes,0.03,0.03,-0.032036999999999996
KXBTCD-26AUG0116-T62499.99,KXBTCD,fade_no,0.14,0.87,0.122083
KXBTCD-26AUG0116-T62499.99,KXBTCD,lotto_yes,0.14,0.14,-0.148428
KXBTCD-26AUG0116-T62299.99,KXBTCD,fav_yes,0.96,0.96,0.03731200000000003
KXBTCD-26AUG0115-T62499.99,KXBTCD,fade_no,0.06,0.95,-0.953325
KXBTCD-26AUG0115-T62499.99,KXBTCD,lotto_yes,0.06,0.06,0.936052
KXBTCD-26AUG0115-T62399.99,KXBTCD,fade_no,0.19,0.8200000000000001,-0.8303320000000001
KXBTCD-26AUG0115-T62399.99,KXBTCD,lotto_yes,0.19,0.19,0.799227
KXBTCD-26AUG0115-T62199.99,KXBTCD,fav_yes,0.91,0.91,0.08426699999999997
KXBTCD-26AUG0114-T62699.99,KXBTCD,fav_yes,0.89,0.89,-0.896853
KXBTCD-26AUG0113-T62999.99,KXBTCD,fade_no,0.04,0.97,0.027963000000000026
KXBTCD-26AUG0113-T62999.99,KXBTCD,lotto_yes,0.04,0.04,-0.042688000000000004
KXBTCD-26AUG0111-T63099.99,KXBTCD,fade_no,0.04,0.97,0.027963000000000026
KXBTCD-26AUG0111-T63099.99,KXBTCD,lotto_yes,0.04,0.04,-0.042688000000000004
KXBTCD-26AUG0111-T62999.99,KXBTCD,fav_yes,0.87,0.87,0.122083
KXBTCD-26AUG0109-T63099.99,KXBTCD,fade_no,0.04,0.97,0.027963000000000026
KXBTCD-26AUG0109-T63099.99,KXBTCD,lotto_yes,0.04,0.04,-0.042688000000000004
KXBTCD-26AUG0109-T62999.99,KXBTCD,fav_yes,0.89,0.89,0.10314699999999999
KXBTCD-26AUG0108-T63099.99,KXBTCD,fade_no,0.03,0.98,0.018628000000000016
KXBTCD-26AUG0108-T63099.99,KXBTCD,lotto_yes,0.03,0.03,-0.032036999999999996
KXBTCD-26AUG0107-T63099.99,KXBTCD,fade_no,0.03,0.98,0.018628000000000016
KXBTCD-26AUG0107-T63099.99,KXBTCD,lotto_yes,0.03,0.03,-0.032036999999999996
KXBTCD-26AUG0106-T63099.99,KXBTCD,fade_no,0.04,0.97,0.027963000000000026
KXBTCD-26AUG0106-T63099.99,KXBTCD,lotto_yes,0.04,0.04,-0.042688000000000004
KXBTCD-26AUG0106-T62999.99,KXBTCD,fav_yes,0.96,0.96,0.03731200000000003
KXBTCD-26AUG0105-T63099.99,KXBTCD,fade_no,0.05,0.96,0.03731200000000003
KXBTCD-26AUG0105-T63099.99,KXBTCD,lotto_yes,0.05,0.05,-0.053325000000000004
KXBTCD-26AUG0105-T62999.99,KXBTCD,fav_yes,0.93,0.93,0.06544299999999996
KXBTC-26AUG0204-B63550,KXBTC,fade_no,0.1,0.9299999999999999,0.06544300000000006
KXBTC-26AUG0204-B63550,KXBTC,lotto_yes,0.1,0.1,-0.1063
KXBTC-26AUG0204-B63350,KXBTC,fade_no,0.07,0.98,0.018628000000000016
KXBTC-26AUG0204-B63350,KXBTC,lotto_yes,0.07,0.07,-0.07455700000000001
KXBTC-26AUG0204-B63250,KXBTC,fade_no,0.05,0.99,0.009307000000000008
KXBTC-26AUG0204-B63250,KXBTC,lotto_yes,0.05,0.05,-0.053325000000000004
KXBTC-26AUG0203-B63550,KXBTC,fade_no,0.06,0.98,0.018628000000000016
KXBTC-26AUG0203-B63550,KXBTC,lotto_yes,0.06,0.06,-0.063948
KXBTC-26AUG0203-B63350,KXBTC,fade_no,0.13,0.9,0.09369999999999998
KXBTC-26AUG0203-B63350,KXBTC,lotto_yes,0.13,0.13,-0.137917
KXBTC-26AUG0203-B63250,KXBTC,fade_no,0.08,0.96,0.03731200000000003
KXBTC-26AUG0203-B63250,KXBTC,lotto_yes,0.08,0.08,-0.085152
KXBTC-26AUG0202-B63750,KXBTC,fade_no,0.03,0.98,0.018628000000000016
KXBTC-26AUG0202-B63750,KXBTC,lotto_yes,0.03,0.03,-0.032036999999999996
KXBTC-26AUG0202-B63650,KXBTC,fade_no,0.03,0.98,0.018628000000000016
KXBTC-26AUG0202-B63650,KXBTC,lotto_yes,0.03,0.03,-0.032036999999999996
KXBTC-26AUG0202-B63550,KXBTC,fade_no,0.04,0.98,0.018628000000000016
KXBTC-26AUG0202-B63550,KXBTC,lotto_yes,0.04,0.04,-0.042688000000000004
KXBTC-26AUG0202-B63450,KXBTC,fade_no,0.19,0.83,0.16012300000000004
KXBTC-26AUG0202-B63450,KXBTC,lotto_yes,0.19,0.19,-0.200773
KXBTC-26AUG0202-B63250,KXBTC,fade_no,0.09,0.95,0.04667500000000004
KXBTC-26AUG0202-B63250,KXBTC,lotto_yes,0.09,0.09,-0.095733
KXBTC-26AUG0201-B63650,KXBTC,fade_no,0.07,0.97,0.027963000000000026
KXBTC-26AUG0201-B63650,KXBTC,lotto_yes,0.07,0.07,-0.07455700000000001
KXBTC-26AUG0201-B63350,KXBTC,fade_no,0.07,0.95,0.04667500000000004
KXBTC-26AUG0201-B63350,KXBTC,lotto_yes,0.07,0.07,-0.07455700000000001
KXBTC-26AUG0201-B63250,KXBTC,fade_no,0.05,0.99,0.009307000000000008
KXBTC-26AUG0201-B63250,KXBTC,lotto_yes,0.05,0.05,-0.053325000000000004
KXBTC-26AUG0217-B64125,KXBTC,fade_no,0.05,0.99,0.009307000000000008
KXBTC-26AUG0217-B64125,KXBTC,lotto_yes,0.05,0.05,-0.053325000000000004
KXBTC-26AUG0217-B63875,KXBTC,fade_no,0.05,0.98,0.018628000000000016
KXBTC-26AUG0217-B63875,KXBTC,lotto_yes,0.05,0.05,-0.053325000000000004
KXBTC-26AUG0217-B63625,KXBTC,fade_no,0.05,0.96,0.03731200000000003
KXBTC-26AUG0217-B63625,KXBTC,lotto_yes,0.05,0.05,-0.053325000000000004
KXBTC-26AUG0217-B63375,KXBTC,fav_yes,0.94,0.94,0.056052000000000046
KXBTC-26AUG0217-B63125,KXBTC,fade_no,0.04,0.99,0.009307000000000008
KXBTC-26AUG0217-B63125,KXBTC,lotto_yes,0.04,0.04,-0.042688000000000004
KXBTC-26AUG0217-B62875,KXBTC,fade_no,0.03,0.99,0.009307000000000008
KXBTC-26AUG0217-B62875,KXBTC,lotto_yes,0.03,0.03,-0.032036999999999996
KXBTC-26AUG0217-B62625,KXBTC,fade_no,0.05,0.96,0.03731200000000003
KXBTC-26AUG0217-B62625,KXBTC,lotto_yes,0.05,0.05,-0.053325000000000004
KXBTC-26AUG0217-B62125,KXBTC,fade_no,0.04,0.98,0.018628000000000016
KXBTC-26AUG0217-B62125,KXBTC,lotto_yes,0.04,0.04,-0.042688000000000004
KXBTC-26AUG0200-B63650,KXBTC,fade_no,0.06,0.99,0.009307000000000008
KXBTC-26AUG0200-B63650,KXBTC,lotto_yes,0.06,0.06,-0.063948
KXBTC-26AUG0200-B63550,KXBTC,fade_no,0.08,0.94,0.056052000000000046
KXBTC-26AUG0200-B63550,KXBTC,lotto_yes,0.08,0.08,-0.085152
KXBTC-26AUG0200-B63250,KXBTC,fade_no,0.03,0.99,0.009307000000000008
KXBTC-26AUG0200-B63250,KXBTC,lotto_yes,0.03,0.03,-0.032036999999999996
KXBTC-26AUG0200-B63150,KXBTC,fade_no,0.06,0.98,0.018628000000000016
KXBTC-26AUG0200-B63150,KXBTC,lotto_yes,0.06,0.06,-0.063948
KXBTC-26AUG0123-B63750,KXBTC,fade_no,0.08,0.97,0.027963000000000026
KXBTC-26AUG0123-B63750,KXBTC,lotto_yes,0.08,0.08,-0.085152
KXBTC-26AUG0123-B63650,KXBTC,fade_no,0.05,0.98,0.018628000000000016
KXBTC-26AUG0123-B63650,KXBTC,lotto_yes,0.05,0.05,-0.053325000000000004
KXBTC-26AUG0123-B63550,KXBTC,fade_no,0.05,0.98,0.018628000000000016
KXBTC-26AUG0123-B63550,KXBTC,lotto_yes,0.05,0.05,-0.053325000000000004
KXBTC-26AUG0123-B63450,KXBTC,fade_no,0.14,0.88,0.112608
KXBTC-26AUG0123-B63450,KXBTC,lotto_yes,0.14,0.14,-0.148428
KXBTC-26AUG0123-B63150,KXBTC,fade_no,0.08,0.96,0.03731200000000003
KXBTC-26AUG0123-B63150,KXBTC,lotto_yes,0.08,0.08,-0.085152
KXBTC-26AUG0123-B63050,KXBTC,fade_no,0.04,0.98,0.018628000000000016
KXBTC-26AUG0123-B63050,KXBTC,lotto_yes,0.04,0.04,-0.042688000000000004
KXBTC-26AUG0123-B62950,KXBTC,fade_no,0.14,0.98,0.018628000000000016
KXBTC-26AUG0123-B62950,KXBTC,lotto_yes,0.14,0.14,-0.148428
KXBTC-26AUG0123-B62850,KXBTC,fade_no,0.03,0.99,0.009307000000000008
KXBTC-26AUG0123-B62850,KXBTC,lotto_yes,0.03,0.03,-0.032036999999999996
KXBTC-26AUG0122-B63050,KXBTC,fade_no,0.14,0.89,0.10314699999999999
KXBTC-26AUG0122-B63050,KXBTC,lotto_yes,0.14,0.14,-0.148428
KXBTC-26AUG0122-B62850,KXBTC,fade_no,0.09,0.9299999999999999,0.06544300000000006
KXBTC-26AUG0122-B62850,KXBTC,lotto_yes,0.09,0.09,-0.095733
KXBTC-26AUG0121-B62950,KXBTC,fade_no,0.04,0.98,0.018628000000000016
KXBTC-26AUG0121-B62950,KXBTC,lotto_yes,0.04,0.04,-0.042688000000000004
KXBTC-26AUG0121-B62650,KXBTC,fade_no,0.04,0.99,0.009307000000000008
KXBTC-26AUG0121-B62650,KXBTC,lotto_yes,0.04,0.04,-0.042688000000000004
KXBTC-26AUG0120-B62850,KXBTC,fade_no,0.06,0.97,0.027963000000000026
KXBTC-26AUG0120-B62850,KXBTC,lotto_yes,0.06,0.06,-0.063948
KXBTC-26AUG0120-B62650,KXBTC,fade_no,0.11,0.94,0.056052000000000046
KXBTC-26AUG0120-B62650,KXBTC,lotto_yes,0.11,0.11,-0.116853
KXBTC-26AUG0119-B62650,KXBTC,fade_no,0.03,0.99,0.009307000000000008
KXBTC-26AUG0119-B62650,KXBTC,lotto_yes,0.03,0.03,-0.032036999999999996
KXBTC-26AUG0118-B62950,KXBTC,fade_no,0.04,0.98,0.018628000000000016
KXBTC-26AUG0118-B62950,KXBTC,lotto_yes,0.04,0.04,-0.042688000000000004
KXBTC-26AUG0118-B62850,KXBTC,fade_no,0.19,0.85,0.141075
KXBTC-26AUG0118-B62850,KXBTC,lotto_yes,0.19,0.19,-0.200773
KXBTC-26AUG0118-B62550,KXBTC,fade_no,0.04,0.98,0.018628000000000016
KXBTC-26AUG0118-B62550,KXBTC,lotto_yes,0.04,0.04,-0.042688000000000004
KXBTC-26AUG0116-B62550,KXBTC,fade_no,0.15,0.89,0.10314699999999999
KXBTC-26AUG0116-B62550,KXBTC,lotto_yes,0.15,0.15,-0.15892499999999998
KXBTC-26AUG0115-B62650,KXBTC,fade_no,0.03,0.99,0.009307000000000008
KXBTC-26AUG0115-B62650,KXBTC,lotto_yes,0.03,0.03,-0.032036999999999996
KXBTC-26AUG0115-B62550,KXBTC,fade_no,0.1,0.95,-0.953325
KXBTC-26AUG0115-B62550,KXBTC,lotto_yes,0.1,0.1,0.8937
KXBTC-26AUG0114-B62650,KXBTC,fade_no,0.11,0.9299999999999999,-0.934557
KXBTC-26AUG0114-B62650,KXBTC,lotto_yes,0.11,0.11,0.883147
KXBTC-26AUG0112-B63150,KXBTC,fade_no,0.03,0.98,0.018628000000000016
KXBTC-26AUG0112-B63150,KXBTC,lotto_yes,0.03,0.03,-0.032036999999999996
KXBTC-26AUG0111-B63150,KXBTC,fade_no,0.04,0.97,0.027963000000000026
KXBTC-26AUG0111-B63150,KXBTC,lotto_yes,0.04,0.04,-0.042688000000000004
KXBTC-26AUG0111-B63050,KXBTC,fav_yes,0.86,0.86,0.13157200000000002
KXBTC-26AUG0111-B62950,KXBTC,fade_no,0.17,0.9,0.09369999999999998
KXBTC-26AUG0111-B62950,KXBTC,lotto_yes,0.17,0.17,-0.179877
KXBTC-26AUG0110-B63150,KXBTC,fade_no,0.03,0.98,0.018628000000000016
KXBTC-26AUG0110-B63150,KXBTC,lotto_yes,0.03,0.03,-0.032036999999999996
KXBTC-26AUG0110-B63050,KXBTC,fav_yes,0.8,0.8,0.18879999999999997
KXBTC-26AUG0109-B63150,KXBTC,fade_no,0.03,0.98,0.018628000000000016
KXBTC-26AUG0109-B63150,KXBTC,lotto_yes,0.03,0.03,-0.032036999999999996
KXBTC-26AUG0109-B63050,KXBTC,fav_yes,0.85,0.85,0.141075
KXBTC-26AUG0109-B62950,KXBTC,fade_no,0.14,0.9,0.09369999999999998
KXBTC-26AUG0109-B62950,KXBTC,lotto_yes,0.14,0.14,-0.148428
KXBTC-26AUG0106-B63150,KXBTC,fade_no,0.05,0.96,0.03731200000000003
KXBTC-26AUG0106-B63150,KXBTC,lotto_yes,0.05,0.05,-0.053325000000000004
KXBTC-26AUG0106-B63050,KXBTC,fav_yes,0.88,0.88,0.112608
KXBTC-26AUG0106-B62950,KXBTC,fade_no,0.04,0.97,0.027963000000000026
KXBTC-26AUG0106-B62950,KXBTC,lotto_yes,0.04,0.04,-0.042688000000000004
KXBTC-26AUG0105-B63150,KXBTC,fade_no,0.05,0.98,0.018628000000000016
KXBTC-26AUG0105-B63150,KXBTC,lotto_yes,0.05,0.05,-0.053325000000000004
KXBTC-26AUG0105-B63050,KXBTC,fav_yes,0.87,0.87,0.122083
KXBTC-26AUG0105-B62950,KXBTC,fade_no,0.08,0.96,0.03731200000000003
KXBTC-26AUG0105-B62950,KXBTC,lotto_yes,0.08,0.08,-0.085152
KXETHD-26AUG0220-T1894.99,KXETHD,fade_no,0.03,0.99,0.009307000000000008
KXETHD-26AUG0220-T1894.99,KXETHD,lotto_yes,0.03,0.03,-0.032036999999999996
KXETHD-26AUG0220-T1889.99,KXETHD,fade_no,0.03,0.99,0.009307000000000008
KXETHD-26AUG0220-T1889.99,KXETHD,lotto_yes,0.03,0.03,-0.032036999999999996
KXETHD-26AUG0220-T1884.99,KXETHD,fade_no,0.19,0.84,0.15059200000000003
KXETHD-26AUG0220-T1884.99,KXETHD,lotto_yes,0.19,0.19,-0.200773
KXETHD-26AUG0220-T1869.99,KXETHD,fav_yes,0.97,0.97,0.027963000000000026
KXETHD-26AUG0219-T1914.99,KXETHD,fade_no,0.04,0.99,0.009307000000000008
KXETHD-26AUG0219-T1914.99,KXETHD,lotto_yes,0.04,0.04,-0.042688000000000004
KXETHD-26AUG0219-T1909.99,KXETHD,fade_no,0.04,0.99,0.009307000000000008
KXETHD-26AUG0219-T1909.99,KXETHD,lotto_yes,0.04,0.04,-0.042688000000000004
KXETHD-26AUG0219-T1904.99,KXETHD,fade_no,0.03,0.99,0.009307000000000008
KXETHD-26AUG0219-T1904.99,KXETHD,lotto_yes,0.03,0.03,-0.032036999999999996
KXETHD-26AUG0219-T1889.99,KXETHD,fade_no,0.06,0.95,0.04667500000000004
KXETHD-26AUG0219-T1889.99,KXETHD,lotto_yes,0.06,0.06,-0.063948
KXETHD-26AUG0219-T1879.99,KXETHD,fav_yes,0.83,0.83,0.16012300000000004
KXETHD-26AUG0218-T1899.99,KXETHD,fade_no,0.03,0.98,0.018628000000000016
KXETHD-26AUG0218-T1899.99,KXETHD,lotto_yes,0.03,0.03,-0.032036999999999996
KXETHD-26AUG0218-T1884.99,KXETHD,fav_yes,0.91,0.91,0.08426699999999997
KXETHD-26AUG0218-T1879.99,KXETHD,fav_yes,0.97,0.97,0.027963000000000026
KXETHD-26AUG0216-T1889.99,KXETHD,fade_no,0.03,0.99,0.009307000000000008
KXETHD-26AUG0216-T1889.99,KXETHD,lotto_yes,0.03,0.03,-0.032036999999999996
KXETHD-26AUG0216-T1879.99,KXETHD,fade_no,0.06,0.95,-0.953325
KXETHD-26AUG0216-T1879.99,KXETHD,lotto_yes,0.06,0.06,0.936052
KXETHD-26AUG0216-T1874.99,KXETHD,fav_yes,0.82,0.82,0.16966800000000004
KXETHD-26AUG0215-T1869.99,KXETHD,fav_yes,0.95,0.95,0.04667500000000004
KXETHD-26AUG0214-T1869.99,KXETHD,fade_no,0.09,0.9299999999999999,0.06544300000000006
KXETHD-26AUG0214-T1869.99,KXETHD,lotto_yes,0.09,0.09,-0.095733
KXETHD-26AUG0214-T1864.99,KXETHD,fav_yes,0.81,0.81,0.17922699999999994
KXETHD-26AUG0213-T1859.99,KXETHD,fav_yes,0.91,0.91,0.08426699999999997
KXETHD-26AUG0212-T1864.99,KXETHD,fade_no,0.03,0.99,0.009307000000000008
KXETHD-26AUG0212-T1864.99,KXETHD,lotto_yes,0.03,0.03,-0.032036999999999996
KXETHD-26AUG0212-T1854.99,KXETHD,fav_yes,0.96,0.96,0.03731200000000003
KXETHD-26AUG0211-T1859.99,KXETHD,fade_no,0.11,0.91,0.08426699999999997
KXETHD-26AUG0211-T1859.99,KXETHD,lotto_yes,0.11,0.11,-0.116853
KXETHD-26AUG0211-T1854.99,KXETHD,fav_yes,0.8,0.8,-0.8112
KXETHD-26AUG0210-T1864.99,KXETHD,fade_no,0.03,0.98,0.018628000000000016
KXETHD-26AUG0210-T1864.99,KXETHD,lotto_yes,0.03,0.03,-0.032036999999999996
KXETHD-26AUG0210-T1859.99,KXETHD,fade_no,0.03,0.99,0.009307000000000008
KXETHD-26AUG0210-T1859.99,KXETHD,lotto_yes,0.03,0.03,-0.032036999999999996
KXETHD-26AUG0210-T1849.99,KXETHD,fav_yes,0.93,0.93,0.06544299999999996
KXETHD-26AUG0209-T1859.99,KXETHD,fade_no,0.11,0.91,0.08426699999999997
KXETHD-26AUG0209-T1859.99,KXETHD,lotto_yes,0.11,0.11,-0.116853
KXETHD-26AUG0209-T1839.99,KXETHD,fav_yes,0.97,0.97,0.027963000000000026
KXETHD-26AUG0209-T1834.99,KXETHD,fav_yes,0.97,0.97,0.027963000000000026
KXETHD-26AUG0208-T1874.99,KXETHD,fade_no,0.03,0.99,0.009307000000000008
KXETHD-26AUG0208-T1874.99,KXETHD,lotto_yes,0.03,0.03,-0.032036999999999996
KXETHD-26AUG0208-T1864.99,KXETHD,fade_no,0.04,0.98,0.018628000000000016
KXETHD-26AUG0208-T1864.99,KXETHD,lotto_yes,0.04,0.04,-0.042688000000000004
KXETHD-26AUG0208-T1859.99,KXETHD,fade_no,0.07,0.94,0.056052000000000046
KXETHD-26AUG0208-T1859.99,KXETHD,lotto_yes,0.07,0.07,-0.07455700000000001
KXETHD-26AUG0207-T1869.99,KXETHD,fade_no,0.09,0.92,0.07484799999999996
KXETHD-26AUG0207-T1869.99,KXETHD,lotto_yes,0.09,0.09,-0.095733
KXETHD-26AUG0207-T1864.99,KXETHD,fav_yes,0.93,0.93,0.06544299999999996
KXETHD-26AUG0207-T1859.99,KXETHD,fav_yes,0.96,0.96,0.03731200000000003
KXETHD-26AUG0206-T1874.99,KXETHD,fade_no,0.03,0.99,0.009307000000000008
KXETHD-26AUG0206-T1874.99,KXETHD,lotto_yes,0.03,0.03,-0.032036999999999996
KXETHD-26AUG0205-T1879.99,KXETHD,fade_no,0.07,0.95,0.04667500000000004
KXETHD-26AUG0205-T1879.99,KXETHD,lotto_yes,0.07,0.07,-0.07455700000000001
KXETHD-26AUG0204-T1879.99,KXETHD,fade_no,0.03,0.99,0.009307000000000008
KXETHD-26AUG0204-T1879.99,KXETHD,lotto_yes,0.03,0.03,-0.032036999999999996
KXETHD-26AUG0203-T1879.99,KXETHD,fade_no,0.04,0.98,0.018628000000000016
KXETHD-26AUG0203-T1879.99,KXETHD,lotto_yes,0.04,0.04,-0.042688000000000004
KXETHD-26AUG0202-T1869.99,KXETHD,fav_yes,0.94,0.94,0.056052000000000046
KXETHD-26AUG0201-T1894.99,KXETHD,fade_no,0.03,0.98,0.018628000000000016
KXETHD-26AUG0201-T1894.99,KXETHD,lotto_yes,0.03,0.03,-0.032036999999999996
KXETHD-26AUG0201-T1889.99,KXETHD,fade_no,0.03,0.99,0.009307000000000008
KXETHD-26AUG0201-T1889.99,KXETHD,lotto_yes,0.03,0.03,-0.032036999999999996
KXETHD-26AUG0201-T1879.99,KXETHD,fade_no,0.07,0.95,0.04667500000000004
KXETHD-26AUG0201-T1879.99,KXETHD,lotto_yes,0.07,0.07,-0.07455700000000001
KXETHD-26AUG0201-T1874.99,KXETHD,fav_yes,0.84,0.84,0.15059200000000003
KXETHD-26AUG0217-T1889.99,KXETHD,fade_no,0.03,0.99,0.009307000000000008
KXETHD-26AUG0217-T1889.99,KXETHD,lotto_yes,0.03,0.03,-0.032036999999999996
KXETHD-26AUG0200-T1889.99,KXETHD,fade_no,0.03,0.99,0.009307000000000008
KXETHD-26AUG0200-T1889.99,KXETHD,lotto_yes,0.03,0.03,-0.032036999999999996
KXETHD-26AUG0200-T1884.99,KXETHD,fade_no,0.03,0.99,0.009307000000000008
KXETHD-26AUG0200-T1884.99,KXETHD,lotto_yes,0.03,0.03,-0.032036999999999996
KXETHD-26AUG0200-T1879.99,KXETHD,fade_no,0.19,0.85,0.141075
KXETHD-26AUG0200-T1879.99,KXETHD,lotto_yes,0.19,0.19,-0.200773
KXETHD-26AUG0200-T1874.99,KXETHD,fav_yes,0.86,0.86,0.13157200000000002
KXETHD-26AUG0200-T1864.99,KXETHD,fav_yes,0.97,0.97,0.027963000000000026
KXETHD-26AUG0123-T1879.99,KXETHD,fade_no,0.04,0.98,0.018628000000000016
KXETHD-26AUG0123-T1879.99,KXETHD,lotto_yes,0.04,0.04,-0.042688000000000004
KXETHD-26AUG0123-T1869.99,KXETHD,fav_yes,0.83,0.83,0.16012300000000004
KXETHD-26AUG0122-T1859.99,KXETHD,fade_no,0.04,0.97,0.027963000000000026
KXETHD-26AUG0122-T1859.99,KXETHD,lotto_yes,0.04,0.04,-0.042688000000000004
KXSOLD-26AUG0220-T73.9999,KXSOLD,fade_no,0.03,0.99,0.009307000000000008
KXSOLD-26AUG0220-T73.9999,KXSOLD,lotto_yes,0.03,0.03,-0.032036999999999996
KXSOLD-26AUG0220-T73.7499,KXSOLD,fade_no,0.06,0.96,0.03731200000000003
KXSOLD-26AUG0220-T73.7499,KXSOLD,lotto_yes,0.06,0.06,-0.063948
KXSOLD-26AUG0220-T73.2499,KXSOLD,fav_yes,0.91,0.91,0.08426699999999997
KXSOLD-26AUG0219-T74.7499,KXSOLD,fade_no,0.03,0.99,0.009307000000000008
KXSOLD-26AUG0219-T74.7499,KXSOLD,lotto_yes,0.03,0.03,-0.032036999999999996
KXSOLD-26AUG0219-T73.9999,KXSOLD,fade_no,0.04,0.98,0.018628000000000016
KXSOLD-26AUG0219-T73.9999,KXSOLD,lotto_yes,0.04,0.04,-0.042688000000000004
KXSOLD-26AUG0219-T73.4999,KXSOLD,fav_yes,0.96,0.96,0.03731200000000003
KXSOLD-26AUG0218-T73.7499,KXSOLD,fav_yes,0.86,0.86,0.13157200000000002
KXSOLD-26AUG0216-T73.9999,KXSOLD,fade_no,0.04,0.99,0.009307000000000008
KXSOLD-26AUG0216-T73.9999,KXSOLD,lotto_yes,0.04,0.04,-0.042688000000000004
KXSOLD-26AUG0216-T73.7499,KXSOLD,fade_no,0.06,0.96,0.03731200000000003
KXSOLD-26AUG0216-T73.7499,KXSOLD,lotto_yes,0.06,0.06,-0.063948
KXSOLD-26AUG0216-T73.4999,KXSOLD,fav_yes,0.88,0.88,0.112608
KXSOLD-26AUG0215-T72.9999,KXSOLD,fav_yes,0.96,0.96,0.03731200000000003
KXSOLD-26AUG0214-T73.4999,KXSOLD,fade_no,0.03,0.99,0.009307000000000008
KXSOLD-26AUG0214-T73.4999,KXSOLD,lotto_yes,0.03,0.03,-0.032036999999999996
KXSOLD-26AUG0213-T72.9999,KXSOLD,fav_yes,0.96,0.96,0.03731200000000003
KXSOLD-26AUG0211-T73.2499,KXSOLD,fade_no,0.18,0.84,0.15059200000000003
KXSOLD-26AUG0211-T73.2499,KXSOLD,lotto_yes,0.18,0.18,-0.190332
KXSOLD-26AUG0211-T72.9999,KXSOLD,fav_yes,0.92,0.92,0.07484799999999996
KXSOLD-26AUG0211-T72.7499,KXSOLD,fav_yes,0.96,0.96,0.03731200000000003
KXSOLD-26AUG0210-T73.2499,KXSOLD,fade_no,0.03,0.99,0.009307000000000008
KXSOLD-26AUG0210-T73.2499,KXSOLD,lotto_yes,0.03,0.03,-0.032036999999999996
KXSOLD-26AUG0210-T72.9999,KXSOLD,fade_no,0.06,0.97,0.027963000000000026
KXSOLD-26AUG0210-T72.9999,KXSOLD,lotto_yes,0.06,0.06,-0.063948
KXSOLD-26AUG0209-T73.4999,KXSOLD,fade_no,0.04,0.99,0.009307000000000008
KXSOLD-26AUG0209-T73.4999,KXSOLD,lotto_yes,0.04,0.04,-0.042688000000000004
KXSOLD-26AUG0209-T73.2499,KXSOLD,fade_no,0.03,0.99,0.009307000000000008
KXSOLD-26AUG0209-T73.2499,KXSOLD,lotto_yes,0.03,0.03,-0.032036999999999996
KXSOLD-26AUG0208-T73.4999,KXSOLD,fade_no,0.06,0.97,0.027963000000000026
KXSOLD-26AUG0208-T73.4999,KXSOLD,lotto_yes,0.06,0.06,-0.063948
KXSOLD-26AUG0206-T73.4999,KXSOLD,fade_no,0.03,0.99,0.009307000000000008
KXSOLD-26AUG0206-T73.4999,KXSOLD,lotto_yes,0.03,0.03,-0.032036999999999996
KXSOLD-26AUG0205-T73.4999,KXSOLD,fade_no,0.04,0.99,0.009307000000000008
KXSOLD-26AUG0205-T73.4999,KXSOLD,lotto_yes,0.04,0.04,-0.042688000000000004
KXSOLD-26AUG0204-T73.4999,KXSOLD,fade_no,0.12,0.9,0.09369999999999998
KXSOLD-26AUG0204-T73.4999,KXSOLD,lotto_yes,0.12,0.12,-0.127392
KXSOLD-26AUG0204-T73.2499,KXSOLD,fav_yes,0.96,0.96,0.03731200000000003
KXSOLD-26AUG0203-T73.9999,KXSOLD,fade_no,0.03,0.99,0.009307000000000008
KXSOLD-26AUG0203-T73.9999,KXSOLD,lotto_yes,0.03,0.03,-0.032036999999999996
KXSOLD-26AUG0203-T73.7499,KXSOLD,fade_no,0.04,0.97,0.027963000000000026
KXSOLD-26AUG0203-T73.7499,KXSOLD,lotto_yes,0.04,0.04,-0.042688000000000004
KXSOLD-26AUG0202-T73.2499,KXSOLD,fav_yes,0.96,0.96,0.03731200000000003
KXSOLD-26AUG0217-T73.9999,KXSOLD,fade_no,0.03,0.99,0.009307000000000008
KXSOLD-26AUG0217-T73.9999,KXSOLD,lotto_yes,0.03,0.03,-0.032036999999999996
KXSOLD-26AUG0200-T73.4999,KXSOLD,fade_no,0.03,0.99,0.009307000000000008
KXSOLD-26AUG0200-T73.4999,KXSOLD,lotto_yes,0.03,0.03,-0.032036999999999996
KXSOLD-26AUG0200-T73.2499,KXSOLD,fade_no,0.13,0.91,0.08426699999999997
KXSOLD-26AUG0200-T73.2499,KXSOLD,lotto_yes,0.13,0.13,-0.137917
KXSOLD-26AUG0200-T72.9999,KXSOLD,fav_yes,0.92,0.92,0.07484799999999996
KXSOLD-26AUG0200-T72.7499,KXSOLD,fav_yes,0.96,0.96,0.03731200000000003
KXSOLD-26AUG0123-T73.2499,KXSOLD,fade_no,0.05,0.99,0.009307000000000008
KXSOLD-26AUG0123-T73.2499,KXSOLD,lotto_yes,0.05,0.05,-0.053325000000000004
KXSOLD-26AUG0123-T72.7499,KXSOLD,fav_yes,0.94,0.94,0.056052000000000046
KXSOLD-26AUG0122-T72.7499,KXSOLD,fade_no,0.11,0.94,0.056052000000000046
KXSOLD-26AUG0122-T72.7499,KXSOLD,lotto_yes,0.11,0.11,-0.116853
KXSOLD-26AUG0122-T72.4999,KXSOLD,fav_yes,0.8,0.8,0.18879999999999997
KXSOLD-26AUG0122-T72.2499,KXSOLD,fav_yes,0.95,0.95,0.04667500000000004
KXSOLD-26AUG0121-T72.2499,KXSOLD,fade_no,0.04,0.99,0.009307000000000008
KXSOLD-26AUG0121-T72.2499,KXSOLD,lotto_yes,0.04,0.04,-0.042688000000000004
KXXRPD-26JUL3017-T1.1199,KXXRPD,fade_no,0.04,0.99,0.009307000000000008
KXXRPD-26JUL3017-T1.1199,KXXRPD,lotto_yes,0.04,0.04,-0.042688000000000004
KXBTCD-26AUG0304-T62799.99,KXBTCD,fade_no,0.04,0.97,0.027963000000000026
KXBTCD-26AUG0304-T62799.99,KXBTCD,lotto_yes,0.04,0.04,-0.042688000000000004
KXBTCD-26AUG0304-T62699.99,KXBTCD,fade_no,0.03,0.98,0.018628000000000016
KXBTCD-26AUG0304-T62699.99,KXBTCD,lotto_yes,0.03,0.03,-0.032036999999999996
KXBTCD-26AUG0304-T62499.99,KXBTCD,fav_yes,0.85,0.85,0.141075
KXBTCD-26AUG0304-T62299.99,KXBTCD,fav_yes,0.97,0.97,0.027963000000000026
KXBTCD-26AUG0303-T62999.99,KXBTCD,fade_no,0.03,0.98,0.018628000000000016
KXBTCD-26AUG0303-T62999.99,KXBTCD,lotto_yes,0.03,0.03,-0.032036999999999996
KXBTCD-26AUG0303-T62799.99,KXBTCD,fade_no,0.03,0.98,0.018628000000000016
KXBTCD-26AUG0303-T62799.99,KXBTCD,lotto_yes,0.03,0.03,-0.032036999999999996
KXBTCD-26AUG0303-T62699.99,KXBTCD,fade_no,0.07,0.94,0.056052000000000046
KXBTCD-26AUG0303-T62699.99,KXBTCD,lotto_yes,0.07,0.07,-0.07455700000000001
KXBTCD-26AUG0302-T62799.99,KXBTCD,fade_no,0.17,0.84,0.15059200000000003
KXBTCD-26AUG0302-T62799.99,KXBTCD,lotto_yes,0.17,0.17,-0.179877
KXBTCD-26AUG0302-T62599.99,KXBTCD,fav_yes,0.95,0.95,0.04667500000000004
KXBTCD-26AUG0317-T63999.99,KXBTCD,fade_no,0.04,0.97,0.027963000000000026
KXBTCD-26AUG0317-T63999.99,KXBTCD,lotto_yes,0.04,0.04,-0.042688000000000004
KXBTCD-26AUG0317-T63749.99,KXBTCD,fav_yes,0.97,0.97,-0.9720369999999999
KXBTCD-26AUG0301-T63099.99,KXBTCD,fade_no,0.04,0.97,0.027963000000000026
KXBTCD-26AUG0301-T63099.99,KXBTCD,lotto_yes,0.04,0.04,-0.042688000000000004
KXBTCD-26AUG0301-T62999.99,KXBTCD,fade_no,0.05,0.96,0.03731200000000003
KXBTCD-26AUG0301-T62999.99,KXBTCD,lotto_yes,0.05,0.05,-0.053325000000000004
KXBTCD-26AUG0301-T62799.99,KXBTCD,fav_yes,0.93,0.93,-0.9345570000000001
KXBTCD-26AUG0300-T63099.99,KXBTCD,fade_no,0.04,0.97,0.027963000000000026
KXBTCD-26AUG0300-T63099.99,KXBTCD,lotto_yes,0.04,0.04,-0.042688000000000004
KXBTCD-26AUG0300-T62899.99,KXBTCD,fav_yes,0.94,0.94,-0.9439479999999999
KXBTCD-26AUG0223-T63299.99,KXBTCD,fade_no,0.03,0.98,0.018628000000000016
KXBTCD-26AUG0223-T63299.99,KXBTCD,lotto_yes,0.03,0.03,-0.032036999999999996
KXBTCD-26AUG0223-T63199.99,KXBTCD,fade_no,0.13,0.88,0.112608
KXBTCD-26AUG0223-T63199.99,KXBTCD,lotto_yes,0.13,0.13,-0.137917
KXBTCD-26AUG0223-T62999.99,KXBTCD,fav_yes,0.96,0.96,0.03731200000000003
KXBTCD-26AUG0222-T63499.99,KXBTCD,fade_no,0.03,0.98,0.018628000000000016
KXBTCD-26AUG0222-T63499.99,KXBTCD,lotto_yes,0.03,0.03,-0.032036999999999996
KXBTCD-26AUG0222-T63299.99,KXBTCD,fade_no,0.04,0.97,0.027963000000000026
KXBTCD-26AUG0222-T63299.99,KXBTCD,lotto_yes,0.04,0.04,-0.042688000000000004
KXBTCD-26AUG0222-T62999.99,KXBTCD,fav_yes,0.96,0.96,0.03731200000000003
KXBTCD-26AUG0221-T63399.99,KXBTCD,fade_no,0.06,0.95,0.04667500000000004
KXBTCD-26AUG0221-T63399.99,KXBTCD,lotto_yes,0.06,0.06,-0.063948
KXBTCD-26AUG0221-T63199.99,KXBTCD,fav_yes,0.81,0.81,0.17922699999999994
KXBTCD-26AUG0221-T63099.99,KXBTCD,fav_yes,0.97,0.97,0.027963000000000026
KXBTCD-26AUG0220-T63599.99,KXBTCD,fade_no,0.03,0.98,0.018628000000000016
KXBTCD-26AUG0220-T63599.99,KXBTCD,lotto_yes,0.03,0.03,-0.032036999999999996
KXBTCD-26AUG0220-T63399.99,KXBTCD,fav_yes,0.82,0.82,0.16966800000000004
KXBTCD-26AUG0219-T64399.99,KXBTCD,fade_no,0.03,0.99,0.009307000000000008
KXBTCD-26AUG0219-T64399.99,KXBTCD,lotto_yes,0.03,0.03,-0.032036999999999996
KXBTCD-26AUG0219-T63599.99,KXBTCD,fade_no,0.08,0.9299999999999999,0.06544300000000006
KXBTCD-26AUG0219-T63599.99,KXBTCD,lotto_yes,0.08,0.08,-0.085152
KXBTCD-26AUG0219-T63299.99,KXBTCD,fav_yes,0.96,0.96,0.03731200000000003
KXBTCD-26AUG0218-T63799.99,KXBTCD,fade_no,0.12,0.9,0.09369999999999998
KXBTCD-26AUG0218-T63799.99,KXBTCD,lotto_yes,0.12,0.12,-0.127392
KXBTCD-26AUG0218-T63499.99,KXBTCD,fav_yes,0.86,0.86,0.13157200000000002
KXBTCD-26AUG0218-T63399.99,KXBTCD,fav_yes,0.95,0.95,0.04667500000000004
KXBTCD-26AUG0216-T63399.99,KXBTCD,fade_no,0.09,0.92,0.07484799999999996
KXBTCD-26AUG0216-T63399.99,KXBTCD,lotto_yes,0.09,0.09,-0.095733
KXBTCD-26AUG0215-T63299.99,KXBTCD,fav_yes,0.9,0.9,0.09369999999999998
KXBTCD-26AUG0215-T63099.99,KXBTCD,fav_yes,0.97,0.97,0.027963000000000026
KXBTCD-26AUG0214-T63299.99,KXBTCD,fade_no,0.06,0.95,0.04667500000000004
KXBTCD-26AUG0214-T63299.99,KXBTCD,lotto_yes,0.06,0.06,-0.063948
KXBTCD-26AUG0213-T63099.99,KXBTCD,fav_yes,0.89,0.89,0.10314699999999999
KXBTCD-26AUG0212-T63199.99,KXBTCD,fade_no,0.03,0.98,0.018628000000000016
KXBTCD-26AUG0212-T63199.99,KXBTCD,lotto_yes,0.03,0.03,-0.032036999999999996
KXBTCD-26AUG0212-T62999.99,KXBTCD,fav_yes,0.97,0.97,0.027963000000000026
KXBTCD-26AUG0211-T63199.99,KXBTCD,fade_no,0.06,0.95,0.04667500000000004
KXBTCD-26AUG0211-T63199.99,KXBTCD,lotto_yes,0.06,0.06,-0.063948
KXBTCD-26AUG0211-T62999.99,KXBTCD,fav_yes,0.95,0.95,0.04667500000000004
KXBTCD-26AUG0210-T63199.99,KXBTCD,fade_no,0.04,0.97,0.027963000000000026
KXBTCD-26AUG0210-T63199.99,KXBTCD,lotto_yes,0.04,0.04,-0.042688000000000004
KXBTCD-26AUG0210-T63099.99,KXBTCD,fade_no,0.08,0.94,0.056052000000000046
KXBTCD-26AUG0210-T63099.99,KXBTCD,lotto_yes,0.08,0.08,-0.085152
KXBTCD-26AUG0210-T62799.99,KXBTCD,fav_yes,0.97,0.97,0.027963000000000026
KXBTCD-26AUG0209-T63299.99,KXBTCD,fade_no,0.06,0.96,0.03731200000000003
KXBTCD-26AUG0209-T63299.99,KXBTCD,lotto_yes,0.06,0.06,-0.063948
KXBTCD-26AUG0209-T63199.99,KXBTCD,fade_no,0.03,0.98,0.018628000000000016
KXBTCD-26AUG0209-T63199.99,KXBTCD,lotto_yes,0.03,0.03,-0.032036999999999996
KXBTCD-26AUG0209-T62999.99,KXBTCD,fav_yes,0.92,0.92,0.07484799999999996
KXBTCD-26AUG0209-T62899.99,KXBTCD,fav_yes,0.96,0.96,0.03731200000000003
KXBTCD-26AUG0208-T63099.99,KXBTCD,fade_no,0.16,0.85,0.141075
KXBTCD-26AUG0208-T63099.99,KXBTCD,lotto_yes,0.16,0.16,-0.169408
KXBTCD-26AUG0208-T62999.99,KXBTCD,fav_yes,0.8,0.8,-0.8112
KXBTCD-26AUG0207-T63299.99,KXBTCD,fade_no,0.03,0.98,0.018628000000000016
KXBTCD-26AUG0207-T63299.99,KXBTCD,lotto_yes,0.03,0.03,-0.032036999999999996
KXBTCD-26AUG0207-T63199.99,KXBTCD,fade_no,0.09,0.92,0.07484799999999996
KXBTCD-26AUG0207-T63199.99,KXBTCD,lotto_yes,0.09,0.09,-0.095733
KXBTCD-26AUG0207-T63099.99,KXBTCD,fav_yes,0.88,0.88,0.112608
KXBTCD-26AUG0207-T62899.99,KXBTCD,fav_yes,0.97,0.97,0.027963000000000026
KXBTCD-26AUG0206-T63399.99,KXBTCD,fade_no,0.03,0.98,0.018628000000000016
KXBTCD-26AUG0206-T63399.99,KXBTCD,lotto_yes,0.03,0.03,-0.032036999999999996
KXBTCD-26AUG0206-T63299.99,KXBTCD,fade_no,0.04,0.97,0.027963000000000026
KXBTCD-26AUG0206-T63299.99,KXBTCD,lotto_yes,0.04,0.04,-0.042688000000000004
KXBTCD-26AUG0205-T63599.99,KXBTCD,fade_no,0.03,0.98,0.018628000000000016
KXBTCD-26AUG0205-T63599.99,KXBTCD,lotto_yes,0.03,0.03,-0.032036999999999996
KXBTCD-26AUG0205-T63299.99,KXBTCD,fade_no,0.04,0.97,0.027963000000000026
KXBTCD-26AUG0205-T63299.99,KXBTCD,lotto_yes,0.04,0.04,-0.042688000000000004
KXBTC-26AUG0304-B62850,KXBTC,fade_no,0.03,0.98,0.018628000000000016
KXBTC-26AUG0304-B62850,KXBTC,lotto_yes,0.03,0.03,-0.032036999999999996
KXBTC-26AUG0304-B62750,KXBTC,fade_no,0.09,0.9299999999999999,0.06544300000000006
KXBTC-26AUG0304-B62750,KXBTC,lotto_yes,0.09,0.09,-0.095733
KXBTC-26AUG0304-B62650,KXBTC,fade_no,0.19,0.8200000000000001,0.16966799999999993
KXBTC-26AUG0304-B62650,KXBTC,lotto_yes,0.19,0.19,-0.200773
KXBTC-26AUG0304-B62350,KXBTC,fade_no,0.08,0.96,0.03731200000000003
KXBTC-26AUG0304-B62350,KXBTC,lotto_yes,0.08,0.08,-0.085152
KXBTC-26AUG0303-B63050,KXBTC,fade_no,0.03,0.99,0.009307000000000008
KXBTC-26AUG0303-B63050,KXBTC,lotto_yes,0.03,0.03,-0.032036999999999996
KXBTC-26AUG0303-B62950,KXBTC,fade_no,0.1,0.94,0.056052000000000046
KXBTC-26AUG0303-B62950,KXBTC,lotto_yes,0.1,0.1,-0.1063
KXBTC-26AUG0303-B62850,KXBTC,fade_no,0.03,0.98,0.018628000000000016
KXBTC-26AUG0303-B62850,KXBTC,lotto_yes,0.03,0.03,-0.032036999999999996
KXBTC-26AUG0303-B62750,KXBTC,fade_no,0.06,0.95,0.04667500000000004
KXBTC-26AUG0303-B62750,KXBTC,lotto_yes,0.06,0.06,-0.063948
KXBTC-26AUG0303-B62550,KXBTC,fade_no,0.07,0.98,-0.981372
KXBTC-26AUG0303-B62550,KXBTC,lotto_yes,0.07,0.07,0.9254429999999999
KXBTC-26AUG0302-B63050,KXBTC,fade_no,0.03,0.99,0.009307000000000008
KXBTC-26AUG0302-B63050,KXBTC,lotto_yes,0.03,0.03,-0.032036999999999996
KXBTC-26AUG0302-B62950,KXBTC,fade_no,0.11,0.91,0.08426699999999997
KXBTC-26AUG0302-B62950,KXBTC,lotto_yes,0.11,0.11,-0.116853
KXBTC-26AUG0302-B62550,KXBTC,fade_no,0.09,0.94,0.056052000000000046
KXBTC-26AUG0302-B62550,KXBTC,lotto_yes,0.09,0.09,-0.095733
KXBTC-26AUG0302-B62450,KXBTC,fade_no,0.04,0.98,0.018628000000000016
KXBTC-26AUG0302-B62450,KXBTC,lotto_yes,0.04,0.04,-0.042688000000000004
KXBTC-26AUG0301-B63050,KXBTC,fade_no,0.11,0.92,0.07484799999999996
KXBTC-26AUG0301-B63050,KXBTC,lotto_yes,0.11,0.11,-0.116853
KXBTC-26AUG0301-B62750,KXBTC,fade_no,0.18,0.85,-0.8589249999999999
KXBTC-26AUG0301-B62750,KXBTC,lotto_yes,0.18,0.18,0.809668
KXBTC-26AUG0301-B62550,KXBTC,fade_no,0.03,0.98,0.018628000000000016
KXBTC-26AUG0301-B62550,KXBTC,lotto_yes,0.03,0.03,-0.032036999999999996
KXBTC-26AUG0317-B64875,KXBTC,fade_no,0.04,0.99,0.009307000000000008
KXBTC-26AUG0317-B64875,KXBTC,lotto_yes,0.04,0.04,-0.042688000000000004
KXBTC-26AUG0317-B64625,KXBTC,fade_no,0.04,0.99,0.009307000000000008
KXBTC-26AUG0317-B64625,KXBTC,lotto_yes,0.04,0.04,-0.042688000000000004
KXBTC-26AUG0317-B64125,KXBTC,fade_no,0.06,0.98,0.018628000000000016
KXBTC-26AUG0317-B64125,KXBTC,lotto_yes,0.06,0.06,-0.063948
KXBTC-26AUG0317-B63875,KXBTC,fav_yes,0.92,0.92,-0.9251520000000001
KXBTC-26AUG0317-B63625,KXBTC,fade_no,0.05,0.96,-0.962688
KXBTC-26AUG0317-B63625,KXBTC,lotto_yes,0.05,0.05,0.9466749999999999
KXBTC-26AUG0317-B63375,KXBTC,fade_no,0.03,0.99,0.009307000000000008
KXBTC-26AUG0317-B63375,KXBTC,lotto_yes,0.03,0.03,-0.032036999999999996
KXBTC-26AUG0317-B62875,KXBTC,fade_no,0.03,0.98,0.018628000000000016
KXBTC-26AUG0317-B62875,KXBTC,lotto_yes,0.03,0.03,-0.032036999999999996
KXBTC-26AUG0317-B62625,KXBTC,fade_no,0.19,0.99,0.009307000000000008
KXBTC-26AUG0317-B62625,KXBTC,lotto_yes,0.19,0.19,-0.200773
KXBTC-26AUG0300-B63350,KXBTC,fade_no,0.03,0.98,0.018628000000000016
KXBTC-26AUG0300-B63350,KXBTC,lotto_yes,0.03,0.03,-0.032036999999999996
KXBTC-26AUG0300-B63250,KXBTC,fade_no,0.1,0.94,0.056052000000000046
KXBTC-26AUG0300-B63250,KXBTC,lotto_yes,0.1,0.1,-0.1063
KXBTC-26AUG0300-B63150,KXBTC,fade_no,0.04,0.98,0.018628000000000016
KXBTC-26AUG0300-B63150,KXBTC,lotto_yes,0.04,0.04,-0.042688000000000004
KXBTC-26AUG0300-B62850,KXBTC,fade_no,0.08,0.9299999999999999,-0.934557
KXBTC-26AUG0300-B62850,KXBTC,lotto_yes,0.08,0.08,0.914848
KXBTC-26AUG0223-B62950,KXBTC,fade_no,0.07,0.94,0.056052000000000046
KXBTC-26AUG0223-B62950,KXBTC,lotto_yes,0.07,0.07,-0.07455700000000001
KXBTC-26AUG0222-B63550,KXBTC,fade_no,0.03,0.99,0.009307000000000008
KXBTC-26AUG0222-B63550,KXBTC,lotto_yes,0.03,0.03,-0.032036999999999996
KXBTC-26AUG0222-B63450,KXBTC,fade_no,0.04,0.98,0.018628000000000016
KXBTC-26AUG0222-B63450,KXBTC,lotto_yes,0.04,0.04,-0.042688000000000004
KXBTC-26AUG0222-B63350,KXBTC,fade_no,0.11,0.9299999999999999,0.06544300000000006
KXBTC-26AUG0222-B63350,KXBTC,lotto_yes,0.11,0.11,-0.116853
KXBTC-26AUG0221-B63450,KXBTC,fade_no,0.06,0.97,0.027963000000000026
KXBTC-26AUG0221-B63450,KXBTC,lotto_yes,0.06,0.06,-0.063948
KXBTC-26AUG0220-B63650,KXBTC,fade_no,0.1,0.94,0.056052000000000046
KXBTC-26AUG0220-B63650,KXBTC,lotto_yes,0.1,0.1,-0.1063
KXBTC-26AUG0220-B63350,KXBTC,fade_no,0.18,0.84,0.15059200000000003
KXBTC-26AUG0220-B63350,KXBTC,lotto_yes,0.18,0.18,-0.190332
KXBTC-26AUG0220-B63250,KXBTC,fade_no,0.03,0.99,0.009307000000000008
KXBTC-26AUG0220-B63250,KXBTC,lotto_yes,0.03,0.03,-0.032036999999999996
KXBTC-26AUG0220-B63150,KXBTC,fade_no,0.07,0.97,0.027963000000000026
KXBTC-26AUG0220-B63150,KXBTC,lotto_yes,0.07,0.07,-0.07455700000000001
KXBTC-26AUG0220-B63050,KXBTC,fade_no,0.05,0.98,0.018628000000000016
KXBTC-26AUG0220-B63050,KXBTC,lotto_yes,0.05,0.05,-0.053325000000000004
KXBTC-26AUG0219-B64050,KXBTC,fade_no,0.05,0.98,0.018628000000000016
KXBTC-26AUG0219-B64050,KXBTC,lotto_yes,0.05,0.05,-0.053325000000000004
KXBTC-26AUG0219-B63750,KXBTC,fade_no,0.03,0.98,0.018628000000000016
KXBTC-26AUG0219-B63750,KXBTC,lotto_yes,0.03,0.03,-0.032036999999999996
KXBTC-26AUG0219-B63650,KXBTC,fade_no,0.07,0.97,0.027963000000000026
KXBTC-26AUG0219-B63650,KXBTC,lotto_yes,0.07,0.07,-0.07455700000000001
KXBTC-26AUG0218-B63750,KXBTC,fade_no,0.06,0.98,0.018628000000000016
KXBTC-26AUG0218-B63750,KXBTC,lotto_yes,0.06,0.06,-0.063948
KXBTC-26AUG0218-B63650,KXBTC,fade_no,0.12,0.9299999999999999,0.06544300000000006
KXBTC-26AUG0218-B63650,KXBTC,lotto_yes,0.12,0.12,-0.127392
KXBTC-26AUG0218-B63450,KXBTC,fade_no,0.1,0.94,0.056052000000000046
KXBTC-26AUG0218-B63450,KXBTC,lotto_yes,0.1,0.1,-0.1063
KXBTC-26AUG0218-B63350,KXBTC,fade_no,0.04,0.98,0.018628000000000016
KXBTC-26AUG0218-B63350,KXBTC,lotto_yes,0.04,0.04,-0.042688000000000004
KXBTC-26AUG0216-B63550,KXBTC,fade_no,0.04,0.99,0.009307000000000008
KXBTC-26AUG0216-B63550,KXBTC,lotto_yes,0.04,0.04,-0.042688000000000004
KXBTC-26AUG0216-B63450,KXBTC,fade_no,0.09,0.95,0.04667500000000004
KXBTC-26AUG0216-B63450,KXBTC,lotto_yes,0.09,0.09,-0.095733
KXBTC-26AUG0216-B63150,KXBTC,fade_no,0.11,0.9299999999999999,0.06544300000000006
KXBTC-26AUG0216-B63150,KXBTC,lotto_yes,0.11,0.11,-0.116853
KXBTC-26AUG0216-B63050,KXBTC,fade_no,0.03,0.99,0.009307000000000008
KXBTC-26AUG0216-B63050,KXBTC,lotto_yes,0.03,0.03,-0.032036999999999996
KXBTC-26AUG0215-B63450,KXBTC,fade_no,0.04,0.98,0.018628000000000016
KXBTC-26AUG0215-B63450,KXBTC,lotto_yes,0.04,0.04,-0.042688000000000004
KXBTC-26AUG0215-B63250,KXBTC,fade_no,0.11,0.9299999999999999,0.06544300000000006
KXBTC-26AUG0215-B63250,KXBTC,lotto_yes,0.11,0.11,-0.116853
KXBTC-26AUG0215-B63050,KXBTC,fade_no,0.04,0.99,0.009307000000000008
KXBTC-26AUG0215-B63050,KXBTC,lotto_yes,0.04,0.04,-0.042688000000000004
KXBTC-26AUG0214-B63350,KXBTC,fade_no,0.03,0.98,0.018628000000000016
KXBTC-26AUG0214-B63350,KXBTC,lotto_yes,0.03,0.03,-0.032036999999999996
KXBTC-26AUG0214-B63150,KXBTC,fade_no,0.12,0.92,0.07484799999999996
KXBTC-26AUG0214-B63150,KXBTC,lotto_yes,0.12,0.12,-0.127392
KXBTC-26AUG0214-B62950,KXBTC,fade_no,0.08,0.94,0.056052000000000046
KXBTC-26AUG0214-B62950,KXBTC,lotto_yes,0.08,0.08,-0.085152
KXBTC-26AUG0213-B63050,KXBTC,fade_no,0.08,0.96,0.03731200000000003
KXBTC-26AUG0213-B63050,KXBTC,lotto_yes,0.08,0.08,-0.085152
KXBTC-26AUG0213-B62950,KXBTC,fade_no,0.14,0.89,0.10314699999999999
KXBTC-26AUG0213-B62950,KXBTC,lotto_yes,0.14,0.14,-0.148428
KXBTC-26AUG0211-B63250,KXBTC,fade_no,0.06,0.97,0.027963000000000026
KXBTC-26AUG0211-B63250,KXBTC,lotto_yes,0.06,0.06,-0.063948
KXBTC-26AUG0211-B62850,KXBTC,fade_no,0.06,0.97,0.027963000000000026
KXBTC-26AUG0211-B62850,KXBTC,lotto_yes,0.06,0.06,-0.063948
KXBTC-26AUG0210-B63350,KXBTC,fade_no,0.04,0.99,0.009307000000000008
KXBTC-26AUG0210-B63350,KXBTC,lotto_yes,0.04,0.04,-0.042688000000000004
KXBTC-26AUG0210-B63250,KXBTC,fade_no,0.05,0.98,0.018628000000000016
KXBTC-26AUG0210-B63250,KXBTC,lotto_yes,0.05,0.05,-0.053325000000000004
KXBTC-26AUG0210-B63150,KXBTC,fade_no,0.15,0.87,0.122083
KXBTC-26AUG0210-B63150,KXBTC,lotto_yes,0.15,0.15,-0.15892499999999998
KXBTC-26AUG0209-B63250,KXBTC,fade_no,0.17,0.85,0.141075
KXBTC-26AUG0209-B63250,KXBTC,lotto_yes,0.17,0.17,-0.179877
KXBTC-26AUG0209-B62950,KXBTC,fade_no,0.1,0.94,0.056052000000000046
KXBTC-26AUG0209-B62950,KXBTC,lotto_yes,0.1,0.1,-0.1063
KXBTC-26AUG0209-B62850,KXBTC,fade_no,0.04,0.99,0.009307000000000008
KXBTC-26AUG0209-B62850,KXBTC,lotto_yes,0.04,0.04,-0.042688000000000004
KXBTC-26AUG0208-B63250,KXBTC,fade_no,0.14,0.89,0.10314699999999999
KXBTC-26AUG0208-B63250,KXBTC,lotto_yes,0.14,0.14,-0.148428
KXBTC-26AUG0208-B63150,KXBTC,fade_no,0.18,0.84,0.15059200000000003
KXBTC-26AUG0208-B63150,KXBTC,lotto_yes,0.18,0.18,-0.190332
KXBTC-26AUG0208-B62850,KXBTC,fade_no,0.05,0.99,0.009307000000000008
KXBTC-26AUG0208-B62850,KXBTC,lotto_yes,0.05,0.05,-0.053325000000000004
KXBTC-26AUG0207-B63350,KXBTC,fade_no,0.03,0.99,0.009307000000000008
KXBTC-26AUG0207-B63350,KXBTC,lotto_yes,0.03,0.03,-0.032036999999999996
KXBTC-26AUG0207-B63250,KXBTC,fade_no,0.09,0.9299999999999999,0.06544300000000006
KXBTC-26AUG0207-B63250,KXBTC,lotto_yes,0.09,0.09,-0.095733
KXBTC-26AUG0207-B63050,KXBTC,fade_no,0.12,0.92,0.07484799999999996
KXBTC-26AUG0207-B63050,KXBTC,lotto_yes,0.12,0.12,-0.127392
KXBTC-26AUG0206-B63050,KXBTC,fade_no,0.04,0.98,0.018628000000000016
KXBTC-26AUG0206-B63050,KXBTC,lotto_yes,0.04,0.04,-0.042688000000000004
KXBTC-26AUG0206-B62950,KXBTC,fade_no,0.05,0.99,0.009307000000000008
KXBTC-26AUG0206-B62950,KXBTC,lotto_yes,0.05,0.05,-0.053325000000000004
KXBTC-26AUG0206-B62850,KXBTC,fade_no,0.03,0.98,0.018628000000000016
KXBTC-26AUG0206-B62850,KXBTC,lotto_yes,0.03,0.03,-0.032036999999999996
KXBTC-26AUG0205-B63650,KXBTC,fade_no,0.05,0.99,0.009307000000000008
KXBTC-26AUG0205-B63650,KXBTC,lotto_yes,0.05,0.05,-0.053325000000000004
KXBTC-26AUG0205-B63550,KXBTC,fade_no,0.03,0.99,0.009307000000000008
KXBTC-26AUG0205-B63550,KXBTC,lotto_yes,0.03,0.03,-0.032036999999999996
KXBTC-26AUG0205-B63450,KXBTC,fade_no,0.05,0.98,0.018628000000000016
KXBTC-26AUG0205-B63450,KXBTC,lotto_yes,0.05,0.05,-0.053325000000000004
KXBTC-26AUG0205-B63350,KXBTC,fade_no,0.05,0.98,0.018628000000000016
KXBTC-26AUG0205-B63350,KXBTC,lotto_yes,0.05,0.05,-0.053325000000000004
KXETHD-26AUG0320-T1859.99,KXETHD,fade_no,0.1,0.91,0.08426699999999997
KXETHD-26AUG0320-T1859.99,KXETHD,lotto_yes,0.1,0.1,-0.1063
KXETHD-26AUG0320-T1854.99,KXETHD,fav_yes,0.83,0.83,0.16012300000000004
KXETHD-26AUG0319-T1869.99,KXETHD,fade_no,0.06,0.95,0.04667500000000004
KXETHD-26AUG0319-T1869.99,KXETHD,lotto_yes,0.06,0.06,-0.063948
KXETHD-26AUG0319-T1859.99,KXETHD,fade_no,0.06,0.95,0.04667500000000004
KXETHD-26AUG0319-T1859.99,KXETHD,lotto_yes,0.06,0.06,-0.063948
KXETHD-26AUG0318-T1869.99,KXETHD,fade_no,0.13,0.89,0.10314699999999999
KXETHD-26AUG0318-T1869.99,KXETHD,lotto_yes,0.13,0.13,-0.137917
KXETHD-26AUG0318-T1864.99,KXETHD,fav_yes,0.8,0.8,-0.8112
KXETHD-26AUG0316-T1879.99,KXETHD,fade_no,0.04,0.97,0.027963000000000026
KXETHD-26AUG0316-T1879.99,KXETHD,lotto_yes,0.04,0.04,-0.042688000000000004
KXETHD-26AUG0316-T1874.99,KXETHD,fade_no,0.09,0.92,0.07484799999999996
KXETHD-26AUG0316-T1874.99,KXETHD,lotto_yes,0.09,0.09,-0.095733
KXETHD-26AUG0316-T1864.99,KXETHD,fav_yes,0.96,0.96,0.03731200000000003
KXETHD-26AUG0315-T1879.99,KXETHD,fade_no,0.08,0.9299999999999999,0.06544300000000006
KXETHD-26AUG0315-T1879.99,KXETHD,lotto_yes,0.08,0.08,-0.085152
KXETHD-26AUG0315-T1869.99,KXETHD,fade_no,0.19,0.83,0.16012300000000004
KXETHD-26AUG0315-T1869.99,KXETHD,lotto_yes,0.19,0.19,-0.200773
KXETHD-26AUG0315-T1859.99,KXETHD,fav_yes,0.97,0.97,0.027963000000000026
KXETHD-26AUG0314-T1879.99,KXETHD,fade_no,0.04,0.98,0.018628000000000016
KXETHD-26AUG0314-T1879.99,KXETHD,lotto_yes,0.04,0.04,-0.042688000000000004
KXETHD-26AUG0314-T1874.99,KXETHD,fade_no,0.04,0.97,0.027963000000000026
KXETHD-26AUG0314-T1874.99,KXETHD,lotto_yes,0.04,0.04,-0.042688000000000004
KXETHD-26AUG0314-T1854.99,KXETHD,fav_yes,0.97,0.97,0.027963000000000026
KXETHD-26AUG0313-T1879.99,KXETHD,fade_no,0.04,0.97,0.027963000000000026
KXETHD-26AUG0313-T1879.99,KXETHD,lotto_yes,0.04,0.04,-0.042688000000000004
KXETHD-26AUG0313-T1869.99,KXETHD,fade_no,0.06,0.95,0.04667500000000004
KXETHD-26AUG0313-T1869.99,KXETHD,lotto_yes,0.06,0.06,-0.063948
KXETHD-26AUG0313-T1859.99,KXETHD,fav_yes,0.86,0.86,0.13157200000000002
KXETHD-26AUG0312-T1869.99,KXETHD,fade_no,0.06,0.95,0.04667500000000004
KXETHD-26AUG0312-T1869.99,KXETHD,lotto_yes,0.06,0.06,-0.063948
KXETHD-26AUG0312-T1854.99,KXETHD,fav_yes,0.96,0.96,0.03731200000000003
KXETHD-26AUG0312-T1849.99,KXETHD,fav_yes,0.96,0.96,0.03731200000000003
KXETHD-26AUG0311-T1874.99,KXETHD,fade_no,0.04,0.97,0.027963000000000026
KXETHD-26AUG0311-T1874.99,KXETHD,lotto_yes,0.04,0.04,-0.042688000000000004
KXETHD-26AUG0311-T1869.99,KXETHD,fade_no,0.17,0.86,-0.868428
KXETHD-26AUG0311-T1869.99,KXETHD,lotto_yes,0.17,0.17,0.8201229999999999
KXETHD-26AUG0311-T1854.99,KXETHD,fav_yes,0.94,0.94,0.056052000000000046
KXETHD-26AUG0311-T1839.99,KXETHD,fav_yes,0.88,0.88,0.112608
KXETHD-26AUG0310-T1859.99,KXETHD,fade_no,0.04,0.97,0.027963000000000026
KXETHD-26AUG0310-T1859.99,KXETHD,lotto_yes,0.04,0.04,-0.042688000000000004
KXETHD-26AUG0310-T1854.99,KXETHD,fade_no,0.08,0.9299999999999999,-0.934557
KXETHD-26AUG0310-T1854.99,KXETHD,lotto_yes,0.08,0.08,0.914848
KXETHD-26AUG0310-T1839.99,KXETHD,fav_yes,0.9,0.9,0.09369999999999998
KXETHD-26AUG0310-T1834.99,KXETHD,fav_yes,0.97,0.97,0.027963000000000026
KXETHD-26AUG0309-T1849.99,KXETHD,fade_no,0.05,0.96,0.03731200000000003
KXETHD-26AUG0309-T1849.99,KXETHD,lotto_yes,0.05,0.05,-0.053325000000000004
KXETHD-26AUG0309-T1844.99,KXETHD,fade_no,0.13,0.88,0.112608
KXETHD-26AUG0309-T1844.99,KXETHD,lotto_yes,0.13,0.13,-0.137917
KXETHD-26AUG0308-T1849.99,KXETHD,fade_no,0.04,0.97,0.027963000000000026
KXETHD-26AUG0308-T1849.99,KXETHD,lotto_yes,0.04,0.04,-0.042688000000000004
KXETHD-26AUG0308-T1844.99,KXETHD,fade_no,0.2,0.8200000000000001,0.16966799999999993
KXETHD-26AUG0308-T1844.99,KXETHD,lotto_yes,0.2,0.2,-0.2112
KXETHD-26AUG0308-T1839.99,KXETHD,fav_yes,0.81,0.81,-0.8207730000000001
KXETHD-26AUG0307-T1854.99,KXETHD,fade_no,0.12,0.9,0.09369999999999998
KXETHD-26AUG0307-T1854.99,KXETHD,lotto_yes,0.12,0.12,-0.127392
KXETHD-26AUG0307-T1849.99,KXETHD,fade_no,0.04,0.97,0.027963000000000026
KXETHD-26AUG0307-T1849.99,KXETHD,lotto_yes,0.04,0.04,-0.042688000000000004
KXETHD-26AUG0306-T1839.99,KXETHD,fav_yes,0.91,0.91,0.08426699999999997
KXETHD-26AUG0305-T1849.99,KXETHD,fade_no,0.05,0.97,0.027963000000000026
KXETHD-26AUG0305-T1849.99,KXETHD,lotto_yes,0.05,0.05,-0.053325000000000004
KXETHD-26AUG0305-T1839.99,KXETHD,fade_no,0.07,0.94,0.056052000000000046
KXETHD-26AUG0305-T1839.99,KXETHD,lotto_yes,0.07,0.07,-0.07455700000000001
KXETHD-26AUG0305-T1829.99,KXETHD,fav_yes,0.9,0.9,0.09369999999999998
KXETHD-26AUG0304-T1854.99,KXETHD,fade_no,0.03,0.98,0.018628000000000016
KXETHD-26AUG0304-T1854.99,KXETHD,lotto_yes,0.03,0.03,-0.032036999999999996
KXETHD-26AUG0304-T1844.99,KXETHD,fade_no,0.16,0.87,0.122083
KXETHD-26AUG0304-T1844.99,KXETHD,lotto_yes,0.16,0.16,-0.169408
KXETHD-26AUG0303-T1864.99,KXETHD,fade_no,0.05,0.97,0.027963000000000026
KXETHD-26AUG0303-T1864.99,KXETHD,lotto_yes,0.05,0.05,-0.053325000000000004
KXETHD-26AUG0303-T1854.99,KXETHD,fade_no,0.05,0.96,0.03731200000000003
KXETHD-26AUG0303-T1854.99,KXETHD,lotto_yes,0.05,0.05,-0.053325000000000004
KXETHD-26AUG0302-T1859.99,KXETHD,fade_no,0.06,0.96,0.03731200000000003
KXETHD-26AUG0302-T1859.99,KXETHD,lotto_yes,0.06,0.06,-0.063948
KXETHD-26AUG0301-T1869.99,KXETHD,fade_no,0.03,0.99,0.009307000000000008
KXETHD-26AUG0301-T1869.99,KXETHD,lotto_yes,0.03,0.03,-0.032036999999999996
KXETHD-26AUG0301-T1854.99,KXETHD,fav_yes,0.96,0.96,-0.962688
KXETHD-26AUG0300-T1874.99,KXETHD,fade_no,0.03,0.99,0.009307000000000008
KXETHD-26AUG0300-T1874.99,KXETHD,lotto_yes,0.03,0.03,-0.032036999999999996
KXETHD-26AUG0300-T1864.99,KXETHD,fade_no,0.03,0.98,0.018628000000000016
KXETHD-26AUG0300-T1864.99,KXETHD,lotto_yes,0.03,0.03,-0.032036999999999996
KXETHD-26AUG0300-T1854.99,KXETHD,fav_yes,0.97,0.97,0.027963000000000026
KXETHD-26AUG0223-T1879.99,KXETHD,fade_no,0.03,0.99,0.009307000000000008
KXETHD-26AUG0223-T1879.99,KXETHD,lotto_yes,0.03,0.03,-0.032036999999999996
KXETHD-26AUG0223-T1874.99,KXETHD,fade_no,0.1,0.92,0.07484799999999996
KXETHD-26AUG0223-T1874.99,KXETHD,lotto_yes,0.1,0.1,-0.1063
KXETHD-26AUG0223-T1869.99,KXETHD,fade_no,0.09,0.92,0.07484799999999996
KXETHD-26AUG0223-T1869.99,KXETHD,lotto_yes,0.09,0.09,-0.095733
KXETHD-26AUG0223-T1859.99,KXETHD,fav_yes,0.97,0.97,0.027963000000000026
KXETHD-26AUG0222-T1884.99,KXETHD,fade_no,0.03,0.98,0.018628000000000016
KXETHD-26AUG0222-T1884.99,KXETHD,lotto_yes,0.03,0.03,-0.032036999999999996
KXETHD-26AUG0222-T1859.99,KXETHD,fav_yes,0.93,0.93,0.06544299999999996
KXETHD-26AUG0221-T1889.99,KXETHD,fade_no,0.04,0.97,0.027963000000000026
KXETHD-26AUG0221-T1889.99,KXETHD,lotto_yes,0.04,0.04,-0.042688000000000004
KXETHD-26AUG0221-T1879.99,KXETHD,fade_no,0.03,0.98,0.018628000000000016
KXETHD-26AUG0221-T1879.99,KXETHD,lotto_yes,0.03,0.03,-0.032036999999999996
KXETHD-26AUG0221-T1869.99,KXETHD,fav_yes,0.81,0.81,0.17922699999999994
KXSOLD-26AUG0320-T73.2499,KXSOLD,fav_yes,0.97,0.97,0.027963000000000026
KXSOLD-26AUG0319-T73.9999,KXSOLD,fade_no,0.03,0.99,0.009307000000000008
KXSOLD-26AUG0319-T73.9999,KXSOLD,lotto_yes,0.03,0.03,-0.032036999999999996
KXSOLD-26AUG0319-T73.4999,KXSOLD,fade_no,0.12,0.89,0.10314699999999999
KXSOLD-26AUG0319-T73.4999,KXSOLD,lotto_yes,0.12,0.12,-0.127392
KXSOLD-26AUG0319-T73.2499,KXSOLD,fav_yes,0.9,0.9,0.09369999999999998
KXSOLD-26AUG0318-T73.9999,KXSOLD,fade_no,0.03,0.98,0.018628000000000016
KXSOLD-26AUG0318-T73.9999,KXSOLD,lotto_yes,0.03,0.03,-0.032036999999999996
KXSOLD-26AUG0316-T74.4999,KXSOLD,fade_no,0.03,0.99,0.009307000000000008
KXSOLD-26AUG0316-T74.4999,KXSOLD,lotto_yes,0.03,0.03,-0.032036999999999996
KXSOLD-26AUG0316-T74.2499,KXSOLD,fade_no,0.05,0.97,0.027963000000000026
KXSOLD-26AUG0316-T74.2499,KXSOLD,lotto_yes,0.05,0.05,-0.053325000000000004
KXSOLD-26AUG0316-T73.7499,KXSOLD,fav_yes,0.97,0.97,0.027963000000000026
KXSOLD-26AUG0315-T73.7499,KXSOLD,fav_yes,0.89,0.89,0.10314699999999999
KXSOLD-26AUG0315-T73.4999,KXSOLD,fav_yes,0.96,0.96,0.03731200000000003
KXSOLD-26AUG0314-T73.9999,KXSOLD,fade_no,0.06,0.95,0.04667500000000004
KXSOLD-26AUG0314-T73.9999,KXSOLD,lotto_yes,0.06,0.06,-0.063948
KXSOLD-26AUG0314-T73.4999,KXSOLD,fav_yes,0.81,0.81,0.17922699999999994
KXSOLD-26AUG0314-T73.2499,KXSOLD,fav_yes,0.97,0.97,0.027963000000000026
KXSOLD-26AUG0313-T73.9999,KXSOLD,fade_no,0.07,0.96,0.03731200000000003
KXSOLD-26AUG0313-T73.9999,KXSOLD,lotto_yes,0.07,0.07,-0.07455700000000001
KXSOLD-26AUG0313-T73.4999,KXSOLD,fade_no,0.06,0.95,0.04667500000000004
KXSOLD-26AUG0313-T73.4999,KXSOLD,lotto_yes,0.06,0.06,-0.063948
KXSOLD-26AUG0312-T73.9999,KXSOLD,fade_no,0.09,0.92,0.07484799999999996
KXSOLD-26AUG0312-T73.9999,KXSOLD,lotto_yes,0.09,0.09,-0.095733
KXSOLD-26AUG0312-T73.2499,KXSOLD,fav_yes,0.94,0.94,0.056052000000000046
KXSOLD-26AUG0312-T72.9999,KXSOLD,fav_yes,0.96,0.96,0.03731200000000003
KXSOLD-26AUG0311-T74.2499,KXSOLD,fade_no,0.03,0.99,0.009307000000000008
KXSOLD-26AUG0311-T74.2499,KXSOLD,lotto_yes,0.03,0.03,-0.032036999999999996
KXSOLD-26AUG0311-T73.9999,KXSOLD,fade_no,0.03,0.99,0.009307000000000008
KXSOLD-26AUG0311-T73.9999,KXSOLD,lotto_yes,0.03,0.03,-0.032036999999999996
KXSOLD-26AUG0311-T73.7499,KXSOLD,fade_no,0.05,0.97,0.027963000000000026
KXSOLD-26AUG0311-T73.7499,KXSOLD,lotto_yes,0.05,0.05,-0.053325000000000004
KXSOLD-26AUG0311-T73.2499,KXSOLD,fav_yes,0.9,0.9,0.09369999999999998
KXSOLD-26AUG0311-T72.4999,KXSOLD,fav_yes,0.94,0.94,0.056052000000000046
KXSOLD-26AUG0310-T73.2499,KXSOLD,fade_no,0.03,0.99,0.009307000000000008
KXSOLD-26AUG0310-T73.2499,KXSOLD,lotto_yes,0.03,0.03,-0.032036999999999996
KXSOLD-26AUG0310-T72.9999,KXSOLD,fade_no,0.08,0.9299999999999999,-0.934557
KXSOLD-26AUG0310-T72.9999,KXSOLD,lotto_yes,0.08,0.08,0.914848
KXSOLD-26AUG0310-T72.4999,KXSOLD,fav_yes,0.82,0.82,0.16966800000000004
KXSOLD-26AUG0309-T72.4999,KXSOLD,fade_no,0.2,0.8200000000000001,0.16966799999999993
KXSOLD-26AUG0309-T72.4999,KXSOLD,lotto_yes,0.2,0.2,-0.2112
KXSOLD-26AUG0309-T72.2499,KXSOLD,fav_yes,0.92,0.92,0.07484799999999996
KXSOLD-26AUG0308-T72.7499,KXSOLD,fade_no,0.03,0.98,0.018628000000000016
KXSOLD-26AUG0308-T72.7499,KXSOLD,lotto_yes,0.03,0.03,-0.032036999999999996
KXSOLD-26AUG0307-T72.7499,KXSOLD,fade_no,0.05,0.97,0.027963000000000026
KXSOLD-26AUG0307-T72.7499,KXSOLD,lotto_yes,0.05,0.05,-0.053325000000000004
KXSOLD-26AUG0307-T72.4999,KXSOLD,fav_yes,0.83,0.83,0.16012300000000004
KXSOLD-26AUG0306-T72.2499,KXSOLD,fav_yes,0.96,0.96,0.03731200000000003
KXSOLD-26AUG0305-T72.2499,KXSOLD,fade_no,0.2,0.83,-0.839877
KXSOLD-26AUG0305-T72.2499,KXSOLD,lotto_yes,0.2,0.2,0.7888000000000001
KXSOLD-26AUG0305-T71.9999,KXSOLD,fav_yes,0.86,0.86,0.13157200000000002
KXSOLD-26AUG0304-T72.7499,KXSOLD,fade_no,0.08,0.9299999999999999,0.06544300000000006
KXSOLD-26AUG0304-T72.7499,KXSOLD,lotto_yes,0.08,0.08,-0.085152
KXSOLD-26AUG0303-T73.2499,KXSOLD,fade_no,0.03,0.99,0.009307000000000008
KXSOLD-26AUG0303-T73.2499,KXSOLD,lotto_yes,0.03,0.03,-0.032036999999999996
KXSOLD-26AUG0303-T72.9999,KXSOLD,fade_no,0.18,0.84,0.15059200000000003
KXSOLD-26AUG0303-T72.9999,KXSOLD,lotto_yes,0.18,0.18,-0.190332
KXSOLD-26AUG0303-T72.7499,KXSOLD,fade_no,0.06,0.95,0.04667500000000004
KXSOLD-26AUG0303-T72.7499,KXSOLD,lotto_yes,0.06,0.06,-0.063948
KXSOLD-26AUG0302-T73.2499,KXSOLD,fade_no,0.03,0.99,0.009307000000000008
KXSOLD-26AUG0302-T73.2499,KXSOLD,lotto_yes,0.03,0.03,-0.032036999999999996
KXSOLD-26AUG0302-T72.9999,KXSOLD,fade_no,0.04,0.97,0.027963000000000026
KXSOLD-26AUG0302-T72.9999,KXSOLD,lotto_yes,0.04,0.04,-0.042688000000000004
KXSOLD-26AUG0301-T73.2499,KXSOLD,fade_no,0.04,0.97,0.027963000000000026
KXSOLD-26AUG0301-T73.2499,KXSOLD,lotto_yes,0.04,0.04,-0.042688000000000004
KXSOLD-26AUG0301-T72.7499,KXSOLD,fav_yes,0.97,0.97,0.027963000000000026
KXSOLD-26AUG0300-T72.9999,KXSOLD,fade_no,0.12,0.9,0.09369999999999998
KXSOLD-26AUG0300-T72.9999,KXSOLD,lotto_yes,0.12,0.12,-0.127392
KXSOLD-26AUG0300-T72.7499,KXSOLD,fav_yes,0.95,0.95,0.04667500000000004
KXSOLD-26AUG0223-T73.2499,KXSOLD,fade_no,0.04,0.99,0.009307000000000008
KXSOLD-26AUG0223-T73.2499,KXSOLD,lotto_yes,0.04,0.04,-0.042688000000000004
KXSOLD-26AUG0223-T72.7499,KXSOLD,fav_yes,0.97,0.97,0.027963000000000026
KXSOLD-26AUG0222-T73.4999,KXSOLD,fade_no,0.03,0.99,0.009307000000000008
KXSOLD-26AUG0222-T73.4999,KXSOLD,lotto_yes,0.03,0.03,-0.032036999999999996
KXSOLD-26AUG0222-T73.2499,KXSOLD,fade_no,0.03,0.98,0.018628000000000016
KXSOLD-26AUG0222-T73.2499,KXSOLD,lotto_yes,0.03,0.03,-0.032036999999999996
KXSOLD-26AUG0222-T72.7499,KXSOLD,fav_yes,0.95,0.95,0.04667500000000004
KXSOLD-26AUG0221-T73.7499,KXSOLD,fade_no,0.07,0.94,0.056052000000000046
KXSOLD-26AUG0221-T73.7499,KXSOLD,lotto_yes,0.07,0.07,-0.07455700000000001
KXSOLD-26AUG0221-T73.4999,KXSOLD,fade_no,0.03,0.98,0.018628000000000016
KXSOLD-26AUG0221-T73.4999,KXSOLD,lotto_yes,0.03,0.03,-0.032036999999999996
KXSOLD-26AUG0221-T72.9999,KXSOLD,fav_yes,0.96,0.96,0.03731200000000003
KXXRPD-26JUL3105-T1.0799,KXXRPD,fade_no,0.03,0.99,0.009307000000000008
KXXRPD-26JUL3105-T1.0799,KXXRPD,lotto_yes,0.03,0.03,-0.032036999999999996
KXXRPD-26JUL3102-T1.0799,KXXRPD,fade_no,0.17,0.84,0.15059200000000003
KXXRPD-26JUL3102-T1.0799,KXXRPD,lotto_yes,0.17,0.17,-0.179877
KXXRPD-26JUL3101-T1.0799,KXXRPD,fav_yes,0.84,0.84,0.15059200000000003
KXXRPD-26JUL3021-T1.0799,KXXRPD,fav_yes,0.94,0.94,0.056052000000000046
KXBTCD-26AUG0404-T63699.99,KXBTCD,fade_no,0.09,0.92,0.07484799999999996
KXBTCD-26AUG0404-T63699.99,KXBTCD,lotto_yes,0.09,0.09,-0.095733
KXBTCD-26AUG0404-T63499.99,KXBTCD,fav_yes,0.96,0.96,0.03731200000000003
KXBTCD-26AUG0403-T64099.99,KXBTCD,fade_no,0.03,0.98,0.018628000000000016
KXBTCD-26AUG0403-T64099.99,KXBTCD,lotto_yes,0.03,0.03,-0.032036999999999996
KXBTCD-26AUG0403-T63799.99,KXBTCD,fade_no,0.03,0.98,0.018628000000000016
KXBTCD-26AUG0403-T63799.99,KXBTCD,lotto_yes,0.03,0.03,-0.032036999999999996
KXBTCD-26AUG0403-T63499.99,KXBTCD,fav_yes,0.97,0.97,0.027963000000000026
KXBTCD-26AUG0402-T64199.99,KXBTCD,fade_no,0.03,0.98,0.018628000000000016
KXBTCD-26AUG0402-T64199.99,KXBTCD,lotto_yes,0.03,0.03,-0.032036999999999996
KXBTCD-26AUG0402-T63999.99,KXBTCD,fade_no,0.03,0.98,0.018628000000000016
KXBTCD-26AUG0402-T63999.99,KXBTCD,lotto_yes,0.03,0.03,-0.032036999999999996
KXBTCD-26AUG0402-T63899.99,KXBTCD,fade_no,0.07,0.94,0.056052000000000046
KXBTCD-26AUG0402-T63899.99,KXBTCD,lotto_yes,0.07,0.07,-0.07455700000000001
KXBTCD-26AUG0402-T63699.99,KXBTCD,fav_yes,0.94,0.94,0.056052000000000046
KXBTCD-26AUG0402-T63499.99,KXBTCD,fav_yes,0.97,0.97,0.027963000000000026
KXBTCD-26AUG0401-T64099.99,KXBTCD,fade_no,0.03,0.98,0.018628000000000016
KXBTCD-26AUG0401-T64099.99,KXBTCD,lotto_yes,0.03,0.03,-0.032036999999999996
KXBTCD-26AUG0401-T63899.99,KXBTCD,fav_yes,0.85,0.85,0.141075
KXBTCD-26AUG0417-T64499.99,KXBTCD,fade_no,0.14,0.87,0.122083
KXBTCD-26AUG0417-T64499.99,KXBTCD,lotto_yes,0.14,0.14,-0.148428
KXBTCD-26AUG0417-T64249.99,KXBTCD,fav_yes,0.85,0.85,0.141075
KXBTCD-26AUG0400-T63699.99,KXBTCD,fav_yes,0.88,0.88,0.112608
KXBTCD-26AUG0323-T63999.99,KXBTCD,fade_no,0.04,0.97,0.027963000000000026
KXBTCD-26AUG0323-T63999.99,KXBTCD,lotto_yes,0.04,0.04,-0.042688000000000004
KXBTCD-26AUG0323-T63699.99,KXBTCD,fav_yes,0.95,0.95,0.04667500000000004
KXBTCD-26AUG0323-T63399.99,KXBTCD,fav_yes,0.97,0.97,0.027963000000000026
KXBTCD-26AUG0322-T63599.99,KXBTCD,fav_yes,0.83,0.83,0.16012300000000004
KXBTCD-26AUG0322-T63499.99,KXBTCD,fav_yes,0.94,0.94,0.056052000000000046
KXBTCD-26AUG0322-T63399.99,KXBTCD,fav_yes,0.97,0.97,0.027963000000000026
KXBTCD-26AUG0322-T63099.99,KXBTCD,fav_yes,0.96,0.96,0.03731200000000003
KXBTCD-26AUG0321-T63699.99,KXBTCD,fade_no,0.03,0.98,0.018628000000000016
KXBTCD-26AUG0321-T63699.99,KXBTCD,lotto_yes,0.03,0.03,-0.032036999999999996
KXBTCD-26AUG0321-T63499.99,KXBTCD,fade_no,0.03,0.98,0.018628000000000016
KXBTCD-26AUG0321-T63499.99,KXBTCD,lotto_yes,0.03,0.03,-0.032036999999999996
KXBTCD-26AUG0321-T63399.99,KXBTCD,fade_no,0.2,0.81,0.17922699999999994
KXBTCD-26AUG0321-T63399.99,KXBTCD,lotto_yes,0.2,0.2,-0.2112
KXBTCD-26AUG0321-T63199.99,KXBTCD,fav_yes,0.96,0.96,0.03731200000000003
KXBTCD-26AUG0320-T63799.99,KXBTCD,fade_no,0.03,0.98,0.018628000000000016
KXBTCD-26AUG0320-T63799.99,KXBTCD,lotto_yes,0.03,0.03,-0.032036999999999996
KXBTCD-26AUG0320-T63499.99,KXBTCD,fade_no,0.19,0.8200000000000001,0.16966799999999993
KXBTCD-26AUG0320-T63499.99,KXBTCD,lotto_yes,0.19,0.19,-0.200773
KXBTCD-26AUG0320-T63399.99,KXBTCD,fav_yes,0.81,0.81,0.17922699999999994
KXBTCD-26AUG0319-T63799.99,KXBTCD,fade_no,0.03,0.98,0.018628000000000016
KXBTCD-26AUG0319-T63799.99,KXBTCD,lotto_yes,0.03,0.03,-0.032036999999999996
KXBTCD-26AUG0319-T63599.99,KXBTCD,fade_no,0.03,0.98,0.018628000000000016
KXBTCD-26AUG0319-T63599.99,KXBTCD,lotto_yes,0.03,0.03,-0.032036999999999996
KXBTCD-26AUG0319-T63499.99,KXBTCD,fade_no,0.19,0.8200000000000001,-0.8303320000000001
KXBTCD-26AUG0319-T63499.99,KXBTCD,lotto_yes,0.19,0.19,0.799227
KXBTCD-26AUG0319-T63399.99,KXBTCD,fav_yes,0.82,0.82,0.16966800000000004
KXBTCD-26AUG0318-T63699.99,KXBTCD,fade_no,0.15,0.86,0.13157200000000002
KXBTCD-26AUG0318-T63699.99,KXBTCD,lotto_yes,0.15,0.15,-0.15892499999999998
KXBTCD-26AUG0318-T63499.99,KXBTCD,fav_yes,0.95,0.95,0.04667500000000004
KXBTCD-26AUG0316-T64199.99,KXBTCD,fade_no,0.03,0.98,0.018628000000000016
KXBTCD-26AUG0316-T64199.99,KXBTCD,lotto_yes,0.03,0.03,-0.032036999999999996
KXBTCD-26AUG0316-T64099.99,KXBTCD,fade_no,0.07,0.94,0.056052000000000046
KXBTCD-26AUG0316-T64099.99,KXBTCD,lotto_yes,0.07,0.07,-0.07455700000000001
KXBTCD-26AUG0316-T63999.99,KXBTCD,fade_no,0.12,0.89,0.10314699999999999
KXBTCD-26AUG0316-T63999.99,KXBTCD,lotto_yes,0.12,0.12,-0.127392
KXBTCD-26AUG0316-T63799.99,KXBTCD,fav_yes,0.91,0.91,0.08426699999999997
KXBTCD-26AUG0315-T64299.99,KXBTCD,fade_no,0.03,0.98,0.018628000000000016
KXBTCD-26AUG0315-T64299.99,KXBTCD,lotto_yes,0.03,0.03,-0.032036999999999996
KXBTCD-26AUG0315-T64199.99,KXBTCD,fade_no,0.05,0.96,0.03731200000000003
KXBTCD-26AUG0315-T64199.99,KXBTCD,lotto_yes,0.05,0.05,-0.053325000000000004
KXBTCD-26AUG0315-T64099.99,KXBTCD,fade_no,0.11,0.9,0.09369999999999998
KXBTCD-26AUG0315-T64099.99,KXBTCD,lotto_yes,0.11,0.11,-0.116853
KXBTCD-26AUG0315-T63899.99,KXBTCD,fade_no,0.05,0.96,0.03731200000000003
KXBTCD-26AUG0315-T63899.99,KXBTCD,lotto_yes,0.05,0.05,-0.053325000000000004
KXBTCD-26AUG0315-T63699.99,KXBTCD,fav_yes,0.92,0.92,0.07484799999999996
KXBTCD-26AUG0315-T63599.99,KXBTCD,fav_yes,0.97,0.97,0.027963000000000026
KXBTCD-26AUG0314-T64099.99,KXBTCD,fade_no,0.03,0.98,0.018628000000000016
KXBTCD-26AUG0314-T64099.99,KXBTCD,lotto_yes,0.03,0.03,-0.032036999999999996
KXBTCD-26AUG0314-T63999.99,KXBTCD,fade_no,0.04,0.97,0.027963000000000026
KXBTCD-26AUG0314-T63999.99,KXBTCD,lotto_yes,0.04,0.04,-0.042688000000000004
KXBTCD-26AUG0314-T63699.99,KXBTCD,fav_yes,0.95,0.95,0.04667500000000004
KXBTCD-26AUG0314-T63599.99,KXBTCD,fav_yes,0.89,0.89,0.10314699999999999
KXBTCD-26AUG0314-T63499.99,KXBTCD,fav_yes,0.95,0.95,0.04667500000000004
KXBTCD-26AUG0313-T64199.99,KXBTCD,fade_no,0.03,0.98,0.018628000000000016
KXBTCD-26AUG0313-T64199.99,KXBTCD,lotto_yes,0.03,0.03,-0.032036999999999996
KXBTCD-26AUG0313-T64099.99,KXBTCD,fade_no,0.06,0.95,0.04667500000000004
KXBTCD-26AUG0313-T64099.99,KXBTCD,lotto_yes,0.06,0.06,-0.063948
KXBTCD-26AUG0313-T63999.99,KXBTCD,fade_no,0.14,0.87,0.122083
KXBTCD-26AUG0313-T63999.99,KXBTCD,lotto_yes,0.14,0.14,-0.148428
KXBTCD-26AUG0313-T63899.99,KXBTCD,fade_no,0.04,0.97,0.027963000000000026
KXBTCD-26AUG0313-T63899.99,KXBTCD,lotto_yes,0.04,0.04,-0.042688000000000004
KXBTCD-26AUG0313-T63799.99,KXBTCD,fade_no,0.15,0.87,0.122083
KXBTCD-26AUG0313-T63799.99,KXBTCD,lotto_yes,0.15,0.15,-0.15892499999999998
KXBTCD-26AUG0313-T63599.99,KXBTCD,fav_yes,0.86,0.86,0.13157200000000002
KXBTCD-26AUG0313-T63499.99,KXBTCD,fav_yes,0.95,0.95,0.04667500000000004
KXBTCD-26AUG0312-T64399.99,KXBTCD,fade_no,0.03,0.98,0.018628000000000016
KXBTCD-26AUG0312-T64399.99,KXBTCD,lotto_yes,0.03,0.03,-0.032036999999999996
KXBTCD-26AUG0312-T64299.99,KXBTCD,fade_no,0.03,0.98,0.018628000000000016
KXBTCD-26AUG0312-T64299.99,KXBTCD,lotto_yes,0.03,0.03,-0.032036999999999996
KXBTCD-26AUG0312-T64199.99,KXBTCD,fade_no,0.04,0.97,0.027963000000000026
KXBTCD-26AUG0312-T64199.99,KXBTCD,lotto_yes,0.04,0.04,-0.042688000000000004
KXBTCD-26AUG0312-T64099.99,KXBTCD,fade_no,0.08,0.9299999999999999,0.06544300000000006
KXBTCD-26AUG0312-T64099.99,KXBTCD,lotto_yes,0.08,0.08,-0.085152
KXBTCD-26AUG0312-T63999.99,KXBTCD,fade_no,0.15,0.86,0.13157200000000002
KXBTCD-26AUG0312-T63999.99,KXBTCD,lotto_yes,0.15,0.15,-0.15892499999999998
KXBTCD-26AUG0312-T63899.99,KXBTCD,fade_no,0.11,0.9,0.09369999999999998
KXBTCD-26AUG0312-T63899.99,KXBTCD,lotto_yes,0.11,0.11,-0.116853
KXBTCD-26AUG0312-T63599.99,KXBTCD,fav_yes,0.82,0.82,0.16966800000000004
KXBTCD-26AUG0312-T63499.99,KXBTCD,fav_yes,0.82,0.82,0.16966800000000004
KXBTCD-26AUG0312-T63399.99,KXBTCD,fav_yes,0.91,0.91,0.08426699999999997
KXBTCD-26AUG0312-T63299.99,KXBTCD,fav_yes,0.95,0.95,0.04667500000000004
KXBTCD-26AUG0312-T63199.99,KXBTCD,fav_yes,0.97,0.97,0.027963000000000026
KXBTCD-26AUG0311-T63899.99,KXBTCD,fade_no,0.03,0.98,0.018628000000000016
KXBTCD-26AUG0311-T63899.99,KXBTCD,lotto_yes,0.03,0.03,-0.032036999999999996
KXBTCD-26AUG0311-T63799.99,KXBTCD,fade_no,0.04,0.97,-0.9720369999999999
KXBTCD-26AUG0311-T63799.99,KXBTCD,lotto_yes,0.04,0.04,0.9573119999999999
KXBTCD-26AUG0311-T63499.99,KXBTCD,fav_yes,0.87,0.87,0.122083
KXBTCD-26AUG0311-T63399.99,KXBTCD,fav_yes,0.95,0.95,0.04667500000000004
KXBTCD-26AUG0311-T63299.99,KXBTCD,fav_yes,0.97,0.97,0.027963000000000026
KXBTCD-26AUG0311-T62999.99,KXBTCD,fav_yes,0.81,0.81,0.17922699999999994
KXBTCD-26AUG0311-T62899.99,KXBTCD,fav_yes,0.89,0.89,0.10314699999999999
KXBTCD-26AUG0311-T62799.99,KXBTCD,fav_yes,0.94,0.94,0.056052000000000046
KXBTCD-26AUG0311-T62699.99,KXBTCD,fav_yes,0.97,0.97,0.027963000000000026
KXBTCD-26AUG0310-T63299.99,KXBTCD,fade_no,0.04,0.97,0.027963000000000026
KXBTCD-26AUG0310-T63299.99,KXBTCD,lotto_yes,0.04,0.04,-0.042688000000000004
KXBTCD-26AUG0310-T63199.99,KXBTCD,fade_no,0.07,0.94,-0.9439479999999999
KXBTCD-26AUG0310-T63199.99,KXBTCD,lotto_yes,0.07,0.07,0.9254429999999999
KXBTCD-26AUG0310-T63099.99,KXBTCD,fade_no,0.12,0.89,-0.896853
KXBTCD-26AUG0310-T63099.99,KXBTCD,lotto_yes,0.12,0.12,0.872608
KXBTCD-26AUG0310-T62999.99,KXBTCD,fade_no,0.13,0.88,-0.887392
KXBTCD-26AUG0310-T62999.99,KXBTCD,lotto_yes,0.13,0.13,0.862083
KXBTCD-26AUG0310-T62699.99,KXBTCD,fav_yes,0.8,0.8,0.18879999999999997
KXBTCD-26AUG0310-T62599.99,KXBTCD,fav_yes,0.93,0.93,0.06544299999999996
KXBTCD-26AUG0309-T62899.99,KXBTCD,fade_no,0.04,0.97,0.027963000000000026
KXBTCD-26AUG0309-T62899.99,KXBTCD,lotto_yes,0.04,0.04,-0.042688000000000004
KXBTCD-26AUG0309-T62799.99,KXBTCD,fade_no,0.1,0.91,0.08426699999999997
KXBTCD-26AUG0309-T62799.99,KXBTCD,lotto_yes,0.1,0.1,-0.1063
KXBTCD-26AUG0309-T62499.99,KXBTCD,fav_yes,0.96,0.96,0.03731200000000003
KXBTCD-26AUG0309-T62299.99,KXBTCD,fav_yes,0.95,0.95,0.04667500000000004
KXBTCD-26AUG0308-T62899.99,KXBTCD,fade_no,0.03,0.98,0.018628000000000016
KXBTCD-26AUG0308-T62899.99,KXBTCD,lotto_yes,0.03,0.03,-0.032036999999999996
KXBTCD-26AUG0308-T62699.99,KXBTCD,fade_no,0.11,0.9,0.09369999999999998
KXBTCD-26AUG0308-T62699.99,KXBTCD,lotto_yes,0.11,0.11,-0.116853
KXBTCD-26AUG0308-T62499.99,KXBTCD,fav_yes,0.96,0.96,-0.962688
KXBTCD-26AUG0308-T62399.99,KXBTCD,fav_yes,0.94,0.94,0.056052000000000046
KXBTCD-26AUG0307-T62899.99,KXBTCD,fade_no,0.08,0.9299999999999999,0.06544300000000006
KXBTCD-26AUG0307-T62899.99,KXBTCD,lotto_yes,0.08,0.08,-0.085152
KXBTCD-26AUG0307-T62699.99,KXBTCD,fade_no,0.1,0.91,0.08426699999999997
KXBTCD-26AUG0307-T62699.99,KXBTCD,lotto_yes,0.1,0.1,-0.1063
KXBTCD-26AUG0306-T62699.99,KXBTCD,fade_no,0.06,0.95,-0.953325
KXBTCD-26AUG0306-T62699.99,KXBTCD,lotto_yes,0.06,0.06,0.936052
KXBTCD-26AUG0306-T62499.99,KXBTCD,fav_yes,0.97,0.97,0.027963000000000026
KXBTCD-26AUG0305-T62699.99,KXBTCD,fade_no,0.04,0.97,0.027963000000000026
KXBTCD-26AUG0305-T62699.99,KXBTCD,lotto_yes,0.04,0.04,-0.042688000000000004
KXBTCD-26AUG0305-T62499.99,KXBTCD,fade_no,0.04,0.97,0.027963000000000026
KXBTCD-26AUG0305-T62499.99,KXBTCD,lotto_yes,0.04,0.04,-0.042688000000000004
KXBTCD-26AUG0305-T62299.99,KXBTCD,fav_yes,0.85,0.85,0.141075
KXBTC-26AUG0404-B63950,KXBTC,fade_no,0.03,0.99,0.009307000000000008
KXBTC-26AUG0404-B63950,KXBTC,lotto_yes,0.03,0.03,-0.032036999999999996
KXBTC-26AUG0404-B63850,KXBTC,fade_no,0.03,0.98,0.018628000000000016
KXBTC-26AUG0404-B63850,KXBTC,lotto_yes,0.03,0.03,-0.032036999999999996
KXBTC-26AUG0404-B63750,KXBTC,fade_no,0.03,0.99,0.009307000000000008
KXBTC-26AUG0404-B63750,KXBTC,lotto_yes,0.03,0.03,-0.032036999999999996
KXBTC-26AUG0404-B63350,KXBTC,fade_no,0.16,0.85,0.141075
KXBTC-26AUG0404-B63350,KXBTC,lotto_yes,0.16,0.16,-0.169408
KXBTC-26AUG0404-B63250,KXBTC,fade_no,0.08,0.97,0.027963000000000026
KXBTC-26AUG0404-B63250,KXBTC,lotto_yes,0.08,0.08,-0.085152
KXBTC-26AUG0403-B64050,KXBTC,fade_no,0.05,0.98,0.018628000000000016
KXBTC-26AUG0403-B64050,KXBTC,lotto_yes,0.05,0.05,-0.053325000000000004
KXBTC-26AUG0403-B63950,KXBTC,fade_no,0.03,0.98,0.018628000000000016
KXBTC-26AUG0403-B63950,KXBTC,lotto_yes,0.03,0.03,-0.032036999999999996
KXBTC-26AUG0403-B63750,KXBTC,fade_no,0.18,0.83,0.16012300000000004
KXBTC-26AUG0403-B63750,KXBTC,lotto_yes,0.18,0.18,-0.190332
KXBTC-26AUG0403-B63650,KXBTC,fade_no,0.11,0.9,-0.9063
KXBTC-26AUG0403-B63650,KXBTC,lotto_yes,0.11,0.11,0.883147
KXBTC-26AUG0403-B63550,KXBTC,fade_no,0.07,0.94,0.056052000000000046
KXBTC-26AUG0403-B63550,KXBTC,lotto_yes,0.07,0.07,-0.07455700000000001
KXBTC-26AUG0403-B63450,KXBTC,fade_no,0.03,0.99,0.009307000000000008
KXBTC-26AUG0403-B63450,KXBTC,lotto_yes,0.03,0.03,-0.032036999999999996
KXBTC-26AUG0402-B64250,KXBTC,fade_no,0.03,0.98,0.018628000000000016
KXBTC-26AUG0402-B64250,KXBTC,lotto_yes,0.03,0.03,-0.032036999999999996
KXBTC-26AUG0402-B64150,KXBTC,fade_no,0.03,0.98,0.018628000000000016
KXBTC-26AUG0402-B64150,KXBTC,lotto_yes,0.03,0.03,-0.032036999999999996
KXBTC-26AUG0402-B64050,KXBTC,fade_no,0.09,0.92,0.07484799999999996
KXBTC-26AUG0402-B64050,KXBTC,lotto_yes,0.09,0.09,-0.095733
KXBTC-26AUG0402-B63950,KXBTC,fade_no,0.15,0.86,0.13157200000000002
KXBTC-26AUG0402-B63950,KXBTC,lotto_yes,0.15,0.15,-0.15892499999999998
KXBTC-26AUG0402-B63650,KXBTC,fade_no,0.1,0.91,0.08426699999999997
KXBTC-26AUG0402-B63650,KXBTC,lotto_yes,0.1,0.1,-0.1063
KXBTC-26AUG0402-B63550,KXBTC,fade_no,0.08,0.9299999999999999,0.06544300000000006
KXBTC-26AUG0402-B63550,KXBTC,lotto_yes,0.08,0.08,-0.085152
KXBTC-26AUG0401-B64050,KXBTC,fade_no,0.03,0.99,0.009307000000000008
KXBTC-26AUG0401-B64050,KXBTC,lotto_yes,0.03,0.03,-0.032036999999999996
KXBTC-26AUG0401-B63950,KXBTC,fade_no,0.08,0.96,-0.962688
KXBTC-26AUG0401-B63950,KXBTC,lotto_yes,0.08,0.08,0.914848
KXBTC-26AUG0401-B63850,KXBTC,fade_no,0.14,0.9,0.09369999999999998
KXBTC-26AUG0401-B63850,KXBTC,lotto_yes,0.14,0.14,-0.148428
KXBTC-26AUG0401-B63750,KXBTC,fade_no,0.03,0.98,0.018628000000000016
KXBTC-26AUG0401-B63750,KXBTC,lotto_yes,0.03,0.03,-0.032036999999999996
KXBTC-26AUG0401-B63550,KXBTC,fade_no,0.08,0.95,0.04667500000000004
KXBTC-26AUG0401-B63550,KXBTC,lotto_yes,0.08,0.08,-0.085152
KXBTC-26AUG0401-B63450,KXBTC,fade_no,0.04,0.99,0.009307000000000008
KXBTC-26AUG0401-B63450,KXBTC,lotto_yes,0.04,0.04,-0.042688000000000004
KXBTC-26AUG0417-B65125,KXBTC,fade_no,0.03,0.99,0.009307000000000008
KXBTC-26AUG0417-B65125,KXBTC,lotto_yes,0.03,0.03,-0.032036999999999996
KXBTC-26AUG0417-B64875,KXBTC,fade_no,0.04,0.97,0.027963000000000026
KXBTC-26AUG0417-B64875,KXBTC,lotto_yes,0.04,0.04,-0.042688000000000004
KXBTC-26AUG0417-B64625,KXBTC,fade_no,0.04,0.99,0.009307000000000008
KXBTC-26AUG0417-B64625,KXBTC,lotto_yes,0.04,0.04,-0.042688000000000004
KXBTC-26AUG0417-B63875,KXBTC,fade_no,0.05,0.99,0.009307000000000008
KXBTC-26AUG0417-B63875,KXBTC,lotto_yes,0.05,0.05,-0.053325000000000004
KXBTC-26AUG0417-B63625,KXBTC,fade_no,0.03,0.98,0.018628000000000016
KXBTC-26AUG0417-B63625,KXBTC,lotto_yes,0.03,0.03,-0.032036999999999996
KXBTC-26AUG0417-B63375,KXBTC,fade_no,0.03,0.99,0.009307000000000008
KXBTC-26AUG0417-B63375,KXBTC,lotto_yes,0.03,0.03,-0.032036999999999996
KXBTC-26AUG0417-B63125,KXBTC,fade_no,0.03,0.98,0.018628000000000016
KXBTC-26AUG0417-B63125,KXBTC,lotto_yes,0.03,0.03,-0.032036999999999996
KXBTC-26AUG0400-B63950,KXBTC,fade_no,0.04,0.99,0.009307000000000008
KXBTC-26AUG0400-B63950,KXBTC,lotto_yes,0.04,0.04,-0.042688000000000004
KXBTC-26AUG0400-B63850,KXBTC,fade_no,0.05,0.97,0.027963000000000026
KXBTC-26AUG0400-B63850,KXBTC,lotto_yes,0.05,0.05,-0.053325000000000004
KXBTC-26AUG0400-B63650,KXBTC,fade_no,0.12,0.9,0.09369999999999998
KXBTC-26AUG0400-B63650,KXBTC,lotto_yes,0.12,0.12,-0.127392
KXBTC-26AUG0400-B63450,KXBTC,fade_no,0.11,0.92,0.07484799999999996
KXBTC-26AUG0400-B63450,KXBTC,lotto_yes,0.11,0.11,-0.116853
KXBTC-26AUG0323-B64150,KXBTC,fade_no,0.03,0.99,0.009307000000000008
KXBTC-26AUG0323-B64150,KXBTC,lotto_yes,0.03,0.03,-0.032036999999999996
KXBTC-26AUG0323-B64050,KXBTC,fade_no,0.03,0.98,0.018628000000000016
KXBTC-26AUG0323-B64050,KXBTC,lotto_yes,0.03,0.03,-0.032036999999999996
KXBTC-26AUG0323-B63950,KXBTC,fade_no,0.05,0.98,0.018628000000000016
KXBTC-26AUG0323-B63950,KXBTC,lotto_yes,0.05,0.05,-0.053325000000000004
KXBTC-26AUG0323-B63550,KXBTC,fade_no,0.19,0.83,0.16012300000000004
KXBTC-26AUG0323-B63550,KXBTC,lotto_yes,0.19,0.19,-0.200773
KXBTC-26AUG0323-B63450,KXBTC,fade_no,0.09,0.95,0.04667500000000004
KXBTC-26AUG0323-B63450,KXBTC,lotto_yes,0.09,0.09,-0.095733
KXBTC-26AUG0322-B63750,KXBTC,fade_no,0.05,0.99,-0.990693
KXBTC-26AUG0322-B63750,KXBTC,lotto_yes,0.05,0.05,0.9466749999999999
KXBTC-26AUG0322-B63650,KXBTC,fade_no,0.06,0.98,0.018628000000000016
KXBTC-26AUG0322-B63650,KXBTC,lotto_yes,0.06,0.06,-0.063948
KXBTC-26AUG0322-B63550,KXBTC,fade_no,0.13,0.9,0.09369999999999998
KXBTC-26AUG0322-B63550,KXBTC,lotto_yes,0.13,0.13,-0.137917
KXBTC-26AUG0322-B63450,KXBTC,fade_no,0.05,0.98,0.018628000000000016
KXBTC-26AUG0322-B63450,KXBTC,lotto_yes,0.05,0.05,-0.053325000000000004
KXBTC-26AUG0322-B63350,KXBTC,fade_no,0.05,0.98,0.018628000000000016
KXBTC-26AUG0322-B63350,KXBTC,lotto_yes,0.05,0.05,-0.053325000000000004
KXBTC-26AUG0322-B63250,KXBTC,fade_no,0.19,0.8200000000000001,0.16966799999999993
KXBTC-26AUG0322-B63250,KXBTC,lotto_yes,0.19,0.19,-0.200773
KXBTC-26AUG0322-B63150,KXBTC,fade_no,0.1,0.94,0.056052000000000046
KXBTC-26AUG0322-B63150,KXBTC,lotto_yes,0.1,0.1,-0.1063
KXBTC-26AUG0322-B63050,KXBTC,fade_no,0.04,0.98,0.018628000000000016
KXBTC-26AUG0322-B63050,KXBTC,lotto_yes,0.04,0.04,-0.042688000000000004
KXBTC-26AUG0321-B63750,KXBTC,fade_no,0.04,0.98,0.018628000000000016
KXBTC-26AUG0321-B63750,KXBTC,lotto_yes,0.04,0.04,-0.042688000000000004
KXBTC-26AUG0321-B63550,KXBTC,fade_no,0.19,0.8200000000000001,0.16966799999999993
KXBTC-26AUG0321-B63550,KXBTC,lotto_yes,0.19,0.19,-0.200773
KXBTC-26AUG0321-B63450,KXBTC,fade_no,0.19,0.83,0.16012300000000004
KXBTC-26AUG0321-B63450,KXBTC,lotto_yes,0.19,0.19,-0.200773
KXBTC-26AUG0321-B63250,KXBTC,fade_no,0.13,0.91,-0.915733
KXBTC-26AUG0321-B63250,KXBTC,lotto_yes,0.13,0.13,0.862083
KXBTC-26AUG0320-B63750,KXBTC,fade_no,0.04,0.98,0.018628000000000016
KXBTC-26AUG0320-B63750,KXBTC,lotto_yes,0.04,0.04,-0.042688000000000004
KXBTC-26AUG0320-B63650,KXBTC,fade_no,0.16,0.88,0.112608
KXBTC-26AUG0320-B63650,KXBTC,lotto_yes,0.16,0.16,-0.169408
KXBTC-26AUG0320-B63550,KXBTC,fade_no,0.17,0.85,0.141075
KXBTC-26AUG0320-B63550,KXBTC,lotto_yes,0.17,0.17,-0.179877
KXBTC-26AUG0320-B63350,KXBTC,fade_no,0.14,0.88,0.112608
KXBTC-26AUG0320-B63350,KXBTC,lotto_yes,0.14,0.14,-0.148428
KXBTC-26AUG0320-B63250,KXBTC,fade_no,0.06,0.98,0.018628000000000016
KXBTC-26AUG0320-B63250,KXBTC,lotto_yes,0.06,0.06,-0.063948
KXBTC-26AUG0319-B63750,KXBTC,fade_no,0.07,0.96,0.03731200000000003
KXBTC-26AUG0319-B63750,KXBTC,lotto_yes,0.07,0.07,-0.07455700000000001
KXBTC-26AUG0319-B63650,KXBTC,fade_no,0.03,0.98,0.018628000000000016
KXBTC-26AUG0319-B63650,KXBTC,lotto_yes,0.03,0.03,-0.032036999999999996
KXBTC-26AUG0319-B63550,KXBTC,fade_no,0.2,0.83,-0.839877
KXBTC-26AUG0319-B63550,KXBTC,lotto_yes,0.2,0.2,0.7888000000000001
KXBTC-26AUG0319-B63250,KXBTC,fade_no,0.05,0.96,0.03731200000000003
KXBTC-26AUG0319-B63250,KXBTC,lotto_yes,0.05,0.05,-0.053325000000000004
KXBTC-26AUG0319-B63150,KXBTC,fade_no,0.06,0.99,0.009307000000000008
KXBTC-26AUG0319-B63150,KXBTC,lotto_yes,0.06,0.06,-0.063948
KXBTC-26AUG0318-B63950,KXBTC,fade_no,0.05,0.96,0.03731200000000003
KXBTC-26AUG0318-B63950,KXBTC,lotto_yes,0.05,0.05,-0.053325000000000004
KXBTC-26AUG0318-B63850,KXBTC,fade_no,0.12,0.92,0.07484799999999996
KXBTC-26AUG0318-B63850,KXBTC,lotto_yes,0.12,0.12,-0.127392
KXBTC-26AUG0318-B63750,KXBTC,fade_no,0.15,0.89,0.10314699999999999
KXBTC-26AUG0318-B63750,KXBTC,lotto_yes,0.15,0.15,-0.15892499999999998
KXBTC-26AUG0316-B64150,KXBTC,fade_no,0.06,0.97,0.027963000000000026
KXBTC-26AUG0316-B64150,KXBTC,lotto_yes,0.06,0.06,-0.063948
KXBTC-26AUG0316-B64050,KXBTC,fade_no,0.16,0.88,0.112608
KXBTC-26AUG0316-B64050,KXBTC,lotto_yes,0.16,0.16,-0.169408
KXBTC-26AUG0316-B63750,KXBTC,fade_no,0.13,0.88,0.112608
KXBTC-26AUG0316-B63750,KXBTC,lotto_yes,0.13,0.13,-0.137917
KXBTC-26AUG0316-B63650,KXBTC,fade_no,0.06,0.98,0.018628000000000016
KXBTC-26AUG0316-B63650,KXBTC,lotto_yes,0.06,0.06,-0.063948
KXBTC-26AUG0316-B63550,KXBTC,fade_no,0.03,0.98,0.018628000000000016
KXBTC-26AUG0316-B63550,KXBTC,lotto_yes,0.03,0.03,-0.032036999999999996
KXBTC-26AUG0315-B64250,KXBTC,fade_no,0.04,0.99,0.009307000000000008
KXBTC-26AUG0315-B64250,KXBTC,lotto_yes,0.04,0.04,-0.042688000000000004
KXBTC-26AUG0315-B64150,KXBTC,fade_no,0.09,0.9299999999999999,0.06544300000000006
KXBTC-26AUG0315-B64150,KXBTC,lotto_yes,0.09,0.09,-0.095733
KXBTC-26AUG0315-B64050,KXBTC,fade_no,0.19,0.84,0.15059200000000003
KXBTC-26AUG0315-B64050,KXBTC,lotto_yes,0.19,0.19,-0.200773
KXBTC-26AUG0315-B63750,KXBTC,fade_no,0.13,0.89,0.10314699999999999
KXBTC-26AUG0315-B63750,KXBTC,lotto_yes,0.13,0.13,-0.137917
KXBTC-26AUG0315-B63650,KXBTC,fade_no,0.07,0.96,0.03731200000000003
KXBTC-26AUG0315-B63650,KXBTC,lotto_yes,0.07,0.07,-0.07455700000000001
KXBTC-26AUG0315-B63550,KXBTC,fade_no,0.04,0.99,0.009307000000000008
KXBTC-26AUG0315-B63550,KXBTC,lotto_yes,0.04,0.04,-0.042688000000000004
KXBTC-26AUG0314-B64050,KXBTC,fade_no,0.08,0.96,0.03731200000000003
KXBTC-26AUG0314-B64050,KXBTC,lotto_yes,0.08,0.08,-0.085152
KXBTC-26AUG0314-B63950,KXBTC,fade_no,0.16,0.87,0.122083
KXBTC-26AUG0314-B63950,KXBTC,lotto_yes,0.16,0.16,-0.169408
KXBTC-26AUG0314-B63650,KXBTC,fade_no,0.17,0.86,0.13157200000000002
KXBTC-26AUG0314-B63650,KXBTC,lotto_yes,0.17,0.17,-0.179877
KXBTC-26AUG0314-B63550,KXBTC,fade_no,0.09,0.94,0.056052000000000046
KXBTC-26AUG0314-B63550,KXBTC,lotto_yes,0.09,0.09,-0.095733
KXBTC-26AUG0314-B63450,KXBTC,fade_no,0.04,0.98,0.018628000000000016
KXBTC-26AUG0314-B63450,KXBTC,lotto_yes,0.04,0.04,-0.042688000000000004
KXBTC-26AUG0314-B63350,KXBTC,fade_no,0.04,0.99,0.009307000000000008
KXBTC-26AUG0314-B63350,KXBTC,lotto_yes,0.04,0.04,-0.042688000000000004
KXBTC-26AUG0313-B64150,KXBTC,fade_no,0.06,0.97,0.027963000000000026
KXBTC-26AUG0313-B64150,KXBTC,lotto_yes,0.06,0.06,-0.063948
KXBTC-26AUG0313-B64050,KXBTC,fade_no,0.09,0.94,0.056052000000000046
KXBTC-26AUG0313-B64050,KXBTC,lotto_yes,0.09,0.09,-0.095733
KXBTC-26AUG0313-B63950,KXBTC,fade_no,0.17,0.87,0.122083
KXBTC-26AUG0313-B63950,KXBTC,lotto_yes,0.17,0.17,-0.179877
KXBTC-26AUG0313-B63650,KXBTC,fade_no,0.16,0.88,0.112608
KXBTC-26AUG0313-B63650,KXBTC,lotto_yes,0.16,0.16,-0.169408
KXBTC-26AUG0313-B63550,KXBTC,fade_no,0.09,0.94,0.056052000000000046
KXBTC-26AUG0313-B63550,KXBTC,lotto_yes,0.09,0.09,-0.095733
KXBTC-26AUG0313-B63450,KXBTC,fade_no,0.04,0.98,0.018628000000000016
KXBTC-26AUG0313-B63450,KXBTC,lotto_yes,0.04,0.04,-0.042688000000000004
KXBTC-26AUG0313-B63350,KXBTC,fade_no,0.03,0.99,0.009307000000000008
KXBTC-26AUG0313-B63350,KXBTC,lotto_yes,0.03,0.03,-0.032036999999999996
KXBTC-26AUG0312-B64350,KXBTC,fade_no,0.04,0.98,0.018628000000000016
KXBTC-26AUG0312-B64350,KXBTC,lotto_yes,0.04,0.04,-0.042688000000000004
KXBTC-26AUG0312-B64250,KXBTC,fade_no,0.03,0.99,0.009307000000000008
KXBTC-26AUG0312-B64250,KXBTC,lotto_yes,0.03,0.03,-0.032036999999999996
KXBTC-26AUG0312-B63950,KXBTC,fade_no,0.09,0.92,0.07484799999999996
KXBTC-26AUG0312-B63950,KXBTC,lotto_yes,0.09,0.09,-0.095733
KXBTC-26AUG0312-B63750,KXBTC,fade_no,0.18,0.84,0.15059200000000003
KXBTC-26AUG0312-B63750,KXBTC,lotto_yes,0.18,0.18,-0.190332
KXBTC-26AUG0311-B63850,KXBTC,fade_no,0.04,0.98,-0.981372
KXBTC-26AUG0311-B63850,KXBTC,lotto_yes,0.04,0.04,0.9573119999999999
KXBTC-26AUG0311-B63250,KXBTC,fade_no,0.15,0.86,0.13157200000000002
KXBTC-26AUG0311-B63250,KXBTC,lotto_yes,0.15,0.15,-0.15892499999999998
KXBTC-26AUG0311-B63150,KXBTC,fade_no,0.15,0.88,0.112608
KXBTC-26AUG0311-B63150,KXBTC,lotto_yes,0.15,0.15,-0.15892499999999998
KXBTC-26AUG0311-B63050,KXBTC,fade_no,0.11,0.91,0.08426699999999997
KXBTC-26AUG0311-B63050,KXBTC,lotto_yes,0.11,0.11,-0.116853
KXBTC-26AUG0311-B62850,KXBTC,fade_no,0.07,0.96,0.03731200000000003
KXBTC-26AUG0311-B62850,KXBTC,lotto_yes,0.07,0.07,-0.07455700000000001
KXBTC-26AUG0310-B62950,KXBTC,fade_no,0.16,0.85,0.141075
KXBTC-26AUG0310-B62950,KXBTC,lotto_yes,0.16,0.16,-0.169408
KXBTC-26AUG0310-B62850,KXBTC,fade_no,0.19,0.83,0.16012300000000004
KXBTC-26AUG0310-B62850,KXBTC,lotto_yes,0.19,0.19,-0.200773
KXBTC-26AUG0310-B62650,KXBTC,fade_no,0.14,0.9,0.09369999999999998
KXBTC-26AUG0310-B62650,KXBTC,lotto_yes,0.14,0.14,-0.148428
KXBTC-26AUG0310-B62550,KXBTC,fade_no,0.08,0.95,0.04667500000000004
KXBTC-26AUG0310-B62550,KXBTC,lotto_yes,0.08,0.08,-0.085152
KXBTC-26AUG0310-B62350,KXBTC,fade_no,0.04,0.98,0.018628000000000016
KXBTC-26AUG0310-B62350,KXBTC,lotto_yes,0.04,0.04,-0.042688000000000004
KXBTC-26AUG0309-B62750,KXBTC,fade_no,0.15,0.89,0.10314699999999999
KXBTC-26AUG0309-B62750,KXBTC,lotto_yes,0.15,0.15,-0.15892499999999998
KXBTC-26AUG0309-B62450,KXBTC,fade_no,0.06,0.97,0.027963000000000026
KXBTC-26AUG0309-B62450,KXBTC,lotto_yes,0.06,0.06,-0.063948
KXBTC-26AUG0309-B62350,KXBTC,fade_no,0.1,0.9299999999999999,0.06544300000000006
KXBTC-26AUG0309-B62350,KXBTC,lotto_yes,0.1,0.1,-0.1063
KXBTC-26AUG0309-B62250,KXBTC,fade_no,0.05,0.98,0.018628000000000016
KXBTC-26AUG0309-B62250,KXBTC,lotto_yes,0.05,0.05,-0.053325000000000004
KXBTC-26AUG0308-B62850,KXBTC,fade_no,0.07,0.98,0.018628000000000016
KXBTC-26AUG0308-B62850,KXBTC,lotto_yes,0.07,0.07,-0.07455700000000001
KXBTC-26AUG0308-B62450,KXBTC,fade_no,0.18,0.83,-0.839877
KXBTC-26AUG0308-B62450,KXBTC,lotto_yes,0.18,0.18,0.809668
KXBTC-26AUG0308-B62350,KXBTC,fade_no,0.06,0.98,0.018628000000000016
KXBTC-26AUG0308-B62350,KXBTC,lotto_yes,0.06,0.06,-0.063948
KXBTC-26AUG0307-B62950,KXBTC,fade_no,0.07,0.96,0.03731200000000003
KXBTC-26AUG0307-B62950,KXBTC,lotto_yes,0.07,0.07,-0.07455700000000001
KXBTC-26AUG0307-B62550,KXBTC,fade_no,0.07,0.96,0.03731200000000003
KXBTC-26AUG0307-B62550,KXBTC,lotto_yes,0.07,0.07,-0.07455700000000001
KXBTC-26AUG0307-B62450,KXBTC,fade_no,0.03,0.98,0.018628000000000016
KXBTC-26AUG0307-B62450,KXBTC,lotto_yes,0.03,0.03,-0.032036999999999996
KXBTC-26AUG0306-B62450,KXBTC,fade_no,0.04,0.97,0.027963000000000026
KXBTC-26AUG0306-B62450,KXBTC,lotto_yes,0.04,0.04,-0.042688000000000004
KXBTC-26AUG0306-B62350,KXBTC,fade_no,0.08,0.95,0.04667500000000004
KXBTC-26AUG0306-B62350,KXBTC,lotto_yes,0.08,0.08,-0.085152
KXBTC-26AUG0306-B62250,KXBTC,fade_no,0.03,0.98,0.018628000000000016
KXBTC-26AUG0306-B62250,KXBTC,lotto_yes,0.03,0.03,-0.032036999999999996
KXBTC-26AUG0305-B62750,KXBTC,fade_no,0.04,0.98,0.018628000000000016
KXBTC-26AUG0305-B62750,KXBTC,lotto_yes,0.04,0.04,-0.042688000000000004
KXBTC-26AUG0305-B62650,KXBTC,fade_no,0.11,0.92,0.07484799999999996
KXBTC-26AUG0305-B62650,KXBTC,lotto_yes,0.11,0.11,-0.116853
KXETHD-26AUG0420-T1884.99,KXETHD,fade_no,0.04,0.97,0.027963000000000026
KXETHD-26AUG0420-T1884.99,KXETHD,lotto_yes,0.04,0.04,-0.042688000000000004
KXETHD-26AUG0420-T1874.99,KXETHD,fade_no,0.03,0.98,0.018628000000000016
KXETHD-26AUG0420-T1874.99,KXETHD,lotto_yes,0.03,0.03,-0.032036999999999996
KXETHD-26AUG0419-T1874.99,KXETHD,fade_no,0.19,0.83,0.16012300000000004
KXETHD-26AUG0419-T1874.99,KXETHD,lotto_yes,0.19,0.19,-0.200773
KXETHD-26AUG0419-T1869.99,KXETHD,fav_yes,0.94,0.94,0.056052000000000046
KXETHD-26AUG0419-T1864.99,KXETHD,fav_yes,0.97,0.97,0.027963000000000026
KXETHD-26AUG0418-T1879.99,KXETHD,fade_no,0.04,0.97,0.027963000000000026
KXETHD-26AUG0418-T1879.99,KXETHD,lotto_yes,0.04,0.04,-0.042688000000000004
KXETHD-26AUG0418-T1874.99,KXETHD,fade_no,0.09,0.92,0.07484799999999996
KXETHD-26AUG0418-T1874.99,KXETHD,lotto_yes,0.09,0.09,-0.095733
KXETHD-26AUG0416-T1884.99,KXETHD,fade_no,0.07,0.95,0.04667500000000004
KXETHD-26AUG0416-T1884.99,KXETHD,lotto_yes,0.07,0.07,-0.07455700000000001
KXETHD-26AUG0416-T1874.99,KXETHD,fav_yes,0.89,0.89,0.10314699999999999
KXETHD-26AUG0415-T1889.99,KXETHD,fade_no,0.03,0.98,0.018628000000000016
KXETHD-26AUG0415-T1889.99,KXETHD,lotto_yes,0.03,0.03,-0.032036999999999996
KXETHD-26AUG0415-T1879.99,KXETHD,fade_no,0.03,0.98,0.018628000000000016
KXETHD-26AUG0415-T1879.99,KXETHD,lotto_yes,0.03,0.03,-0.032036999999999996
KXETHD-26AUG0415-T1869.99,KXETHD,fav_yes,0.86,0.86,0.13157200000000002
KXETHD-26AUG0414-T1879.99,KXETHD,fade_no,0.07,0.95,0.04667500000000004
KXETHD-26AUG0414-T1879.99,KXETHD,lotto_yes,0.07,0.07,-0.07455700000000001
KXETHD-26AUG0414-T1869.99,KXETHD,fav_yes,0.94,0.94,-0.9439479999999999
KXETHD-26AUG0414-T1864.99,KXETHD,fav_yes,0.91,0.91,0.08426699999999997
KXETHD-26AUG0413-T1869.99,KXETHD,fade_no,0.12,0.91,0.08426699999999997
KXETHD-26AUG0413-T1869.99,KXETHD,lotto_yes,0.12,0.12,-0.127392
KXETHD-26AUG0413-T1859.99,KXETHD,fav_yes,0.97,0.97,0.027963000000000026
KXETHD-26AUG0412-T1874.99,KXETHD,fade_no,0.03,0.98,0.018628000000000016
KXETHD-26AUG0412-T1874.99,KXETHD,lotto_yes,0.03,0.03,-0.032036999999999996
KXETHD-26AUG0412-T1859.99,KXETHD,fav_yes,0.96,0.96,0.03731200000000003
KXETHD-26AUG0412-T1854.99,KXETHD,fav_yes,0.95,0.95,0.04667500000000004
KXETHD-26AUG0411-T1889.99,KXETHD,fade_no,0.03,0.98,0.018628000000000016
KXETHD-26AUG0411-T1889.99,KXETHD,lotto_yes,0.03,0.03,-0.032036999999999996
KXETHD-26AUG0411-T1879.99,KXETHD,fade_no,0.04,0.97,0.027963000000000026
KXETHD-26AUG0411-T1879.99,KXETHD,lotto_yes,0.04,0.04,-0.042688000000000004
KXETHD-26AUG0411-T1874.99,KXETHD,fade_no,0.11,0.9,0.09369999999999998
KXETHD-26AUG0411-T1874.99,KXETHD,lotto_yes,0.11,0.11,-0.116853
KXETHD-26AUG0411-T1864.99,KXETHD,fav_yes,0.9,0.9,0.09369999999999998
KXETHD-26AUG0411-T1844.99,KXETHD,fav_yes,0.97,0.97,0.027963000000000026
KXETHD-26AUG0410-T1889.99,KXETHD,fade_no,0.04,0.98,0.018628000000000016
KXETHD-26AUG0410-T1889.99,KXETHD,lotto_yes,0.04,0.04,-0.042688000000000004
KXETHD-26AUG0410-T1879.99,KXETHD,fade_no,0.08,0.9299999999999999,0.06544300000000006
KXETHD-26AUG0410-T1879.99,KXETHD,lotto_yes,0.08,0.08,-0.085152
KXETHD-26AUG0410-T1864.99,KXETHD,fav_yes,0.9,0.9,-0.9063
KXETHD-26AUG0410-T1854.99,KXETHD,fav_yes,0.96,0.96,0.03731200000000003
KXETHD-26AUG0409-T1879.99,KXETHD,fade_no,0.18,0.84,0.15059200000000003
KXETHD-26AUG0409-T1879.99,KXETHD,lotto_yes,0.18,0.18,-0.190332
KXETHD-26AUG0409-T1869.99,KXETHD,fav_yes,0.95,0.95,0.04667500000000004
KXETHD-26AUG0409-T1859.99,KXETHD,fav_yes,0.91,0.91,0.08426699999999997
KXETHD-26AUG0408-T1879.99,KXETHD,fade_no,0.03,0.99,0.009307000000000008
KXETHD-26AUG0408-T1879.99,KXETHD,lotto_yes,0.03,0.03,-0.032036999999999996
KXETHD-26AUG0408-T1874.99,KXETHD,fade_no,0.05,0.96,0.03731200000000003
KXETHD-26AUG0408-T1874.99,KXETHD,lotto_yes,0.05,0.05,-0.053325000000000004
KXETHD-26AUG0408-T1864.99,KXETHD,fav_yes,0.91,0.91,0.08426699999999997
KXETHD-26AUG0408-T1854.99,KXETHD,fav_yes,0.96,0.96,0.03731200000000003
KXETHD-26AUG0407-T1864.99,KXETHD,fade_no,0.03,0.99,0.009307000000000008
KXETHD-26AUG0407-T1864.99,KXETHD,lotto_yes,0.03,0.03,-0.032036999999999996
KXETHD-26AUG0407-T1859.99,KXETHD,fade_no,0.18,0.84,-0.8494079999999999
KXETHD-26AUG0407-T1859.99,KXETHD,lotto_yes,0.18,0.18,0.809668
KXETHD-26AUG0407-T1854.99,KXETHD,fav_yes,0.88,0.88,0.112608
KXETHD-26AUG0405-T1869.99,KXETHD,fade_no,0.03,0.98,0.018628000000000016
KXETHD-26AUG0405-T1869.99,KXETHD,lotto_yes,0.03,0.03,-0.032036999999999996
KXETHD-26AUG0405-T1859.99,KXETHD,fade_no,0.12,0.9,0.09369999999999998
KXETHD-26AUG0405-T1859.99,KXETHD,lotto_yes,0.12,0.12,-0.127392
KXETHD-26AUG0405-T1854.99,KXETHD,fav_yes,0.82,0.82,0.16966800000000004
KXETHD-26AUG0404-T1859.99,KXETHD,fade_no,0.19,0.84,-0.8494079999999999
KXETHD-26AUG0404-T1859.99,KXETHD,lotto_yes,0.19,0.19,0.799227
KXETHD-26AUG0404-T1854.99,KXETHD,fav_yes,0.93,0.93,0.06544299999999996
KXETHD-26AUG0404-T1844.99,KXETHD,fav_yes,0.97,0.97,0.027963000000000026
KXETHD-26AUG0403-T1859.99,KXETHD,fade_no,0.06,0.96,0.03731200000000003
KXETHD-26AUG0403-T1859.99,KXETHD,lotto_yes,0.06,0.06,-0.063948
KXETHD-26AUG0402-T1874.99,KXETHD,fade_no,0.03,0.99,0.009307000000000008
KXETHD-26AUG0402-T1874.99,KXETHD,lotto_yes,0.03,0.03,-0.032036999999999996
KXETHD-26AUG0402-T1859.99,KXETHD,fav_yes,0.97,0.97,0.027963000000000026
KXETHD-26AUG0401-T1864.99,KXETHD,fav_yes,0.96,0.96,0.03731200000000003
KXETHD-26AUG0401-T1854.99,KXETHD,fav_yes,0.92,0.92,0.07484799999999996
KXETHD-26AUG0400-T1859.99,KXETHD,fav_yes,0.93,0.93,0.06544299999999996
KXETHD-26AUG0400-T1849.99,KXETHD,fav_yes,0.97,0.97,0.027963000000000026
KXETHD-26AUG0323-T1869.99,KXETHD,fade_no,0.16,0.87,0.122083
KXETHD-26AUG0323-T1869.99,KXETHD,lotto_yes,0.16,0.16,-0.169408
KXETHD-26AUG0322-T1854.99,KXETHD,fav_yes,0.97,0.97,0.027963000000000026
KXETHD-26AUG0322-T1844.99,KXETHD,fav_yes,0.81,0.81,0.17922699999999994
KXETHD-26AUG0321-T1869.99,KXETHD,fade_no,0.04,0.98,0.018628000000000016
KXETHD-26AUG0321-T1869.99,KXETHD,lotto_yes,0.04,0.04,-0.042688000000000004
KXETHD-26AUG0321-T1864.99,KXETHD,fade_no,0.14,0.89,0.10314699999999999
KXETHD-26AUG0321-T1864.99,KXETHD,lotto_yes,0.14,0.14,-0.148428
KXETHD-26AUG0321-T1854.99,KXETHD,fade_no,0.11,0.9,0.09369999999999998
KXETHD-26AUG0321-T1854.99,KXETHD,lotto_yes,0.11,0.11,-0.116853
KXSOLD-26AUG0420-T74.4999,KXSOLD,fade_no,0.08,0.94,0.056052000000000046
KXSOLD-26AUG0420-T74.4999,KXSOLD,lotto_yes,0.08,0.08,-0.085152
KXSOLD-26AUG0420-T73.9999,KXSOLD,fade_no,0.09,0.95,0.04667500000000004
KXSOLD-26AUG0420-T73.9999,KXSOLD,lotto_yes,0.09,0.09,-0.095733
KXSOLD-26AUG0419-T74.2499,KXSOLD,fade_no,0.04,0.97,0.027963000000000026
KXSOLD-26AUG0419-T74.2499,KXSOLD,lotto_yes,0.04,0.04,-0.042688000000000004
KXSOLD-26AUG0418-T74.4999,KXSOLD,fade_no,0.03,0.99,0.009307000000000008
KXSOLD-26AUG0418-T74.4999,KXSOLD,lotto_yes,0.03,0.03,-0.032036999999999996
KXSOLD-26AUG0418-T74.2499,KXSOLD,fade_no,0.07,0.95,0.04667500000000004
KXSOLD-26AUG0418-T74.2499,KXSOLD,lotto_yes,0.07,0.07,-0.07455700000000001
KXSOLD-26AUG0416-T73.9999,KXSOLD,fav_yes,0.92,0.92,0.07484799999999996
KXSOLD-26AUG0415-T74.4999,KXSOLD,fade_no,0.15,0.87,0.122083
KXSOLD-26AUG0415-T74.4999,KXSOLD,lotto_yes,0.15,0.15,-0.15892499999999998
KXSOLD-26AUG0415-T74.2499,KXSOLD,fade_no,0.16,0.86,0.13157200000000002
KXSOLD-26AUG0415-T74.2499,KXSOLD,lotto_yes,0.16,0.16,-0.169408
KXSOLD-26AUG0414-T74.4999,KXSOLD,fade_no,0.05,0.97,0.027963000000000026
KXSOLD-26AUG0414-T74.4999,KXSOLD,lotto_yes,0.05,0.05,-0.053325000000000004
KXSOLD-26AUG0414-T74.2499,KXSOLD,fade_no,0.18,0.84,0.15059200000000003
KXSOLD-26AUG0414-T74.2499,KXSOLD,lotto_yes,0.18,0.18,-0.190332
KXSOLD-26AUG0414-T73.7499,KXSOLD,fav_yes,0.97,0.97,-0.9720369999999999
KXSOLD-26AUG0414-T73.4999,KXSOLD,fav_yes,0.96,0.96,0.03731200000000003
KXSOLD-26AUG0413-T74.4999,KXSOLD,fade_no,0.03,0.99,0.009307000000000008
KXSOLD-26AUG0413-T74.4999,KXSOLD,lotto_yes,0.03,0.03,-0.032036999999999996
KXSOLD-26AUG0413-T74.2499,KXSOLD,fade_no,0.07,0.94,0.056052000000000046
KXSOLD-26AUG0413-T74.2499,KXSOLD,lotto_yes,0.07,0.07,-0.07455700000000001
KXSOLD-26AUG0413-T73.9999,KXSOLD,fade_no,0.04,0.98,0.018628000000000016
KXSOLD-26AUG0413-T73.9999,KXSOLD,lotto_yes,0.04,0.04,-0.042688000000000004
KXSOLD-26AUG0413-T73.4999,KXSOLD,fav_yes,0.94,0.94,0.056052000000000046
KXSOLD-26AUG0412-T74.2499,KXSOLD,fade_no,0.04,0.97,0.027963000000000026
KXSOLD-26AUG0412-T74.2499,KXSOLD,lotto_yes,0.04,0.04,-0.042688000000000004
KXSOLD-26AUG0412-T73.9999,KXSOLD,fade_no,0.06,0.96,0.03731200000000003
KXSOLD-26AUG0412-T73.9999,KXSOLD,lotto_yes,0.06,0.06,-0.063948
KXSOLD-26AUG0412-T73.4999,KXSOLD,fav_yes,0.92,0.92,0.07484799999999996
KXSOLD-26AUG0412-T73.2499,KXSOLD,fav_yes,0.94,0.94,0.056052000000000046
KXSOLD-26AUG0411-T74.2499,KXSOLD,fade_no,0.05,0.98,0.018628000000000016
KXSOLD-26AUG0411-T74.2499,KXSOLD,lotto_yes,0.05,0.05,-0.053325000000000004
KXSOLD-26AUG0411-T73.9999,KXSOLD,fade_no,0.12,0.9,0.09369999999999998
KXSOLD-26AUG0411-T73.9999,KXSOLD,lotto_yes,0.12,0.12,-0.127392
KXSOLD-26AUG0411-T73.4999,KXSOLD,fav_yes,0.91,0.91,0.08426699999999997
KXSOLD-26AUG0411-T73.2499,KXSOLD,fav_yes,0.82,0.82,0.16966800000000004
KXSOLD-26AUG0411-T72.9999,KXSOLD,fav_yes,0.95,0.95,0.04667500000000004
KXSOLD-26AUG0410-T74.2499,KXSOLD,fade_no,0.07,0.94,0.056052000000000046
KXSOLD-26AUG0410-T74.2499,KXSOLD,lotto_yes,0.07,0.07,-0.07455700000000001
KXSOLD-26AUG0410-T73.7499,KXSOLD,fav_yes,0.8,0.8,-0.8112
KXSOLD-26AUG0410-T73.4999,KXSOLD,fav_yes,0.97,0.97,0.027963000000000026
KXSOLD-26AUG0409-T73.7499,KXSOLD,fav_yes,0.89,0.89,0.10314699999999999
KXSOLD-26AUG0408-T74.4999,KXSOLD,fade_no,0.03,0.99,0.009307000000000008
KXSOLD-26AUG0408-T74.4999,KXSOLD,lotto_yes,0.03,0.03,-0.032036999999999996
KXSOLD-26AUG0408-T73.9999,KXSOLD,fade_no,0.03,0.99,0.009307000000000008
KXSOLD-26AUG0408-T73.9999,KXSOLD,lotto_yes,0.03,0.03,-0.032036999999999996
KXSOLD-26AUG0408-T73.4999,KXSOLD,fav_yes,0.96,0.96,0.03731200000000003
KXSOLD-26AUG0407-T73.4999,KXSOLD,fade_no,0.03,0.99,-0.990693
KXSOLD-26AUG0407-T73.4999,KXSOLD,lotto_yes,0.03,0.03,0.967963
KXSOLD-26AUG0406-T73.4999,KXSOLD,fade_no,0.04,0.97,0.027963000000000026
KXSOLD-26AUG0406-T73.4999,KXSOLD,lotto_yes,0.04,0.04,-0.042688000000000004
KXSOLD-26AUG0406-T72.9999,KXSOLD,fav_yes,0.97,0.97,0.027963000000000026
KXSOLD-26AUG0405-T73.7499,KXSOLD,fade_no,0.08,0.95,0.04667500000000004
KXSOLD-26AUG0405-T73.7499,KXSOLD,lotto_yes,0.08,0.08,-0.085152
KXSOLD-26AUG0405-T73.4999,KXSOLD,fade_no,0.07,0.95,0.04667500000000004
KXSOLD-26AUG0405-T73.4999,KXSOLD,lotto_yes,0.07,0.07,-0.07455700000000001
KXSOLD-26AUG0404-T73.7499,KXSOLD,fade_no,0.03,0.99,0.009307000000000008
KXSOLD-26AUG0404-T73.7499,KXSOLD,lotto_yes,0.03,0.03,-0.032036999999999996
KXSOLD-26AUG0404-T73.2499,KXSOLD,fav_yes,0.96,0.96,0.03731200000000003
KXSOLD-26AUG0403-T73.9999,KXSOLD,fade_no,0.11,0.92,0.07484799999999996
KXSOLD-26AUG0403-T73.9999,KXSOLD,lotto_yes,0.11,0.11,-0.116853
KXSOLD-26AUG0403-T73.4999,KXSOLD,fade_no,0.12,0.89,0.10314699999999999
KXSOLD-26AUG0403-T73.4999,KXSOLD,lotto_yes,0.12,0.12,-0.127392
KXSOLD-26AUG0403-T73.2499,KXSOLD,fav_yes,0.87,0.87,0.122083
KXSOLD-26AUG0402-T73.9999,KXSOLD,fade_no,0.08,0.94,0.056052000000000046
KXSOLD-26AUG0402-T73.9999,KXSOLD,lotto_yes,0.08,0.08,-0.085152
KXSOLD-26AUG0402-T73.4999,KXSOLD,fav_yes,0.88,0.88,0.112608
KXSOLD-26AUG0401-T73.9999,KXSOLD,fade_no,0.04,0.98,0.018628000000000016
KXSOLD-26AUG0401-T73.9999,KXSOLD,lotto_yes,0.04,0.04,-0.042688000000000004
KXSOLD-26AUG0401-T73.2499,KXSOLD,fav_yes,0.95,0.95,0.04667500000000004
KXSOLD-26AUG0400-T73.4999,KXSOLD,fav_yes,0.92,0.92,0.07484799999999996
KXSOLD-26AUG0400-T73.2499,KXSOLD,fav_yes,0.87,0.87,0.122083
KXSOLD-26AUG0323-T73.9999,KXSOLD,fade_no,0.18,0.83,0.16012300000000004
KXSOLD-26AUG0323-T73.9999,KXSOLD,lotto_yes,0.18,0.18,-0.190332
KXSOLD-26AUG0323-T73.7499,KXSOLD,fav_yes,0.86,0.86,0.13157200000000002
KXSOLD-26AUG0322-T73.2499,KXSOLD,fav_yes,0.97,0.97,0.027963000000000026
KXSOLD-26AUG0322-T72.7499,KXSOLD,fav_yes,0.9,0.9,0.09369999999999998
KXSOLD-26AUG0321-T73.9999,KXSOLD,fade_no,0.03,0.99,0.009307000000000008
KXSOLD-26AUG0321-T73.9999,KXSOLD,lotto_yes,0.03,0.03,-0.032036999999999996
KXSOLD-26AUG0321-T73.7499,KXSOLD,fade_no,0.03,0.98,0.018628000000000016
KXSOLD-26AUG0321-T73.7499,KXSOLD,lotto_yes,0.03,0.03,-0.032036999999999996
KXSOLD-26AUG0321-T72.9999,KXSOLD,fav_yes,0.87,0.87,-0.877917
KXXRPD-26AUG0109-T1.0599,KXXRPD,fav_yes,0.97,0.97,0.027963000000000026
KXXRPD-26AUG0107-T1.0599,KXXRPD,fav_yes,0.96,0.96,0.03731200000000003
KXXRPD-26AUG0106-T1.0599,KXXRPD,fav_yes,0.96,0.96,0.03731200000000003
KXXRPD-26AUG0117-T1.0799,KXXRPD,fade_no,0.03,0.99,0.009307000000000008
KXXRPD-26AUG0117-T1.0799,KXXRPD,lotto_yes,0.03,0.03,-0.032036999999999996
KXXRPD-26AUG0117-T1.0599,KXXRPD,fade_no,0.03,0.99,0.009307000000000008
KXXRPD-26AUG0117-T1.0599,KXXRPD,lotto_yes,0.03,0.03,-0.032036999999999996
KXXRPD-26JUL3121-T1.0599,KXXRPD,fav_yes,0.95,0.95,0.04667500000000004
KXXRPD-26JUL3116-T1.0599,KXXRPD,fav_yes,0.95,0.95,0.04667500000000004
KXBTCD-26AUG0517-T66499.99,KXBTCD,fade_no,0.03,0.99,0.009307000000000008
KXBTCD-26AUG0517-T66499.99,KXBTCD,lotto_yes,0.03,0.03,-0.032036999999999996
KXBTCD-26AUG0517-T64999.99,KXBTCD,fade_no,0.18,0.83,0.16012300000000004
KXBTCD-26AUG0517-T64999.99,KXBTCD,lotto_yes,0.18,0.18,-0.190332
KXBTCD-26AUG0500-T64299.99,KXBTCD,fade_no,0.03,0.98,0.018628000000000016
KXBTCD-26AUG0500-T64299.99,KXBTCD,lotto_yes,0.03,0.03,-0.032036999999999996
KXBTCD-26AUG0500-T64199.99,KXBTCD,fade_no,0.08,0.9299999999999999,0.06544300000000006
KXBTCD-26AUG0500-T64199.99,KXBTCD,lotto_yes,0.08,0.08,-0.085152
KXBTCD-26AUG0500-T63999.99,KXBTCD,fav_yes,0.89,0.89,0.10314699999999999
KXBTCD-26AUG0423-T64499.99,KXBTCD,fade_no,0.05,0.96,0.03731200000000003
KXBTCD-26AUG0423-T64499.99,KXBTCD,lotto_yes,0.05,0.05,-0.053325000000000004
KXBTCD-26AUG0423-T64299.99,KXBTCD,fav_yes,0.9,0.9,0.09369999999999998
KXBTCD-26AUG0422-T64299.99,KXBTCD,fade_no,0.05,0.96,0.03731200000000003
KXBTCD-26AUG0422-T64299.99,KXBTCD,lotto_yes,0.05,0.05,-0.053325000000000004
KXBTCD-26AUG0422-T63999.99,KXBTCD,fav_yes,0.97,0.97,0.027963000000000026
KXBTCD-26AUG0421-T64199.99,KXBTCD,fade_no,0.03,0.98,0.018628000000000016
KXBTCD-26AUG0421-T64199.99,KXBTCD,lotto_yes,0.03,0.03,-0.032036999999999996
KXBTCD-26AUG0421-T64099.99,KXBTCD,fade_no,0.14,0.87,0.122083
KXBTCD-26AUG0421-T64099.99,KXBTCD,lotto_yes,0.14,0.14,-0.148428
KXBTCD-26AUG0421-T63899.99,KXBTCD,fav_yes,0.94,0.94,0.056052000000000046
KXBTCD-26AUG0421-T63699.99,KXBTCD,fav_yes,0.97,0.97,0.027963000000000026
KXBTCD-26AUG0420-T64699.99,KXBTCD,fade_no,0.04,0.97,0.027963000000000026
KXBTCD-26AUG0420-T64699.99,KXBTCD,lotto_yes,0.04,0.04,-0.042688000000000004
KXBTCD-26AUG0420-T64399.99,KXBTCD,fade_no,0.03,0.98,0.018628000000000016
KXBTCD-26AUG0420-T64399.99,KXBTCD,lotto_yes,0.03,0.03,-0.032036999999999996
KXBTCD-26AUG0420-T64299.99,KXBTCD,fade_no,0.09,0.92,0.07484799999999996
KXBTCD-26AUG0420-T64299.99,KXBTCD,lotto_yes,0.09,0.09,-0.095733
KXBTCD-26AUG0420-T64099.99,KXBTCD,fav_yes,0.86,0.86,-0.868428
KXBTCD-26AUG0419-T64099.99,KXBTCD,fav_yes,0.93,0.93,0.06544299999999996
KXBTCD-26AUG0418-T64299.99,KXBTCD,fade_no,0.09,0.92,0.07484799999999996
KXBTCD-26AUG0418-T64299.99,KXBTCD,lotto_yes,0.09,0.09,-0.095733
KXBTCD-26AUG0418-T64099.99,KXBTCD,fav_yes,0.95,0.95,0.04667500000000004
KXBTCD-26AUG0416-T64599.99,KXBTCD,fade_no,0.04,0.97,0.027963000000000026
KXBTCD-26AUG0416-T64599.99,KXBTCD,lotto_yes,0.04,0.04,-0.042688000000000004
KXBTCD-26AUG0416-T64499.99,KXBTCD,fade_no,0.1,0.91,0.08426699999999997
KXBTCD-26AUG0416-T64499.99,KXBTCD,lotto_yes,0.1,0.1,-0.1063
KXBTCD-26AUG0416-T64199.99,KXBTCD,fav_yes,0.93,0.93,0.06544299999999996
KXBTCD-26AUG0416-T64099.99,KXBTCD,fav_yes,0.94,0.94,0.056052000000000046
KXBTCD-26AUG0416-T63999.99,KXBTCD,fav_yes,0.97,0.97,0.027963000000000026
KXBTCD-26AUG0415-T64499.99,KXBTCD,fade_no,0.12,0.89,0.10314699999999999
KXBTCD-26AUG0415-T64499.99,KXBTCD,lotto_yes,0.12,0.12,-0.127392
KXBTCD-26AUG0415-T64399.99,KXBTCD,fade_no,0.03,0.98,0.018628000000000016
KXBTCD-26AUG0415-T64399.99,KXBTCD,lotto_yes,0.03,0.03,-0.032036999999999996
KXBTCD-26AUG0415-T64299.99,KXBTCD,fade_no,0.19,0.8200000000000001,0.16966799999999993
KXBTCD-26AUG0415-T64299.99,KXBTCD,lotto_yes,0.19,0.19,-0.200773
KXBTCD-26AUG0415-T64099.99,KXBTCD,fav_yes,0.92,0.92,0.07484799999999996
KXBTCD-26AUG0414-T64399.99,KXBTCD,fade_no,0.03,0.98,0.018628000000000016
KXBTCD-26AUG0414-T64399.99,KXBTCD,lotto_yes,0.03,0.03,-0.032036999999999996
KXBTCD-26AUG0414-T64299.99,KXBTCD,fade_no,0.06,0.95,0.04667500000000004
KXBTCD-26AUG0414-T64299.99,KXBTCD,lotto_yes,0.06,0.06,-0.063948
KXBTCD-26AUG0414-T64199.99,KXBTCD,fade_no,0.1,0.91,0.08426699999999997
KXBTCD-26AUG0414-T64199.99,KXBTCD,lotto_yes,0.1,0.1,-0.1063
KXBTCD-26AUG0414-T63999.99,KXBTCD,fav_yes,0.89,0.89,-0.896853
KXBTCD-26AUG0414-T63799.99,KXBTCD,fav_yes,0.94,0.94,0.056052000000000046
KXBTCD-26AUG0413-T64399.99,KXBTCD,fade_no,0.03,0.98,0.018628000000000016
KXBTCD-26AUG0413-T64399.99,KXBTCD,lotto_yes,0.03,0.03,-0.032036999999999996
KXBTCD-26AUG0413-T64299.99,KXBTCD,fade_no,0.05,0.96,0.03731200000000003
KXBTCD-26AUG0413-T64299.99,KXBTCD,lotto_yes,0.05,0.05,-0.053325000000000004
KXBTCD-26AUG0413-T64199.99,KXBTCD,fade_no,0.1,0.91,0.08426699999999997
KXBTCD-26AUG0413-T64199.99,KXBTCD,lotto_yes,0.1,0.1,-0.1063
KXBTCD-26AUG0413-T63999.99,KXBTCD,fade_no,0.14,0.87,0.122083
KXBTCD-26AUG0413-T63999.99,KXBTCD,lotto_yes,0.14,0.14,-0.148428
KXBTCD-26AUG0413-T63799.99,KXBTCD,fav_yes,0.91,0.91,0.08426699999999997
KXBTCD-26AUG0412-T64399.99,KXBTCD,fade_no,0.03,0.98,0.018628000000000016
KXBTCD-26AUG0412-T64399.99,KXBTCD,lotto_yes,0.03,0.03,-0.032036999999999996
KXBTCD-26AUG0412-T64299.99,KXBTCD,fade_no,0.04,0.97,0.027963000000000026
KXBTCD-26AUG0412-T64299.99,KXBTCD,lotto_yes,0.04,0.04,-0.042688000000000004
KXBTCD-26AUG0412-T64199.99,KXBTCD,fade_no,0.1,0.91,0.08426699999999997
KXBTCD-26AUG0412-T64199.99,KXBTCD,lotto_yes,0.1,0.1,-0.1063
KXBTCD-26AUG0412-T64099.99,KXBTCD,fade_no,0.13,0.88,0.112608
KXBTCD-26AUG0412-T64099.99,KXBTCD,lotto_yes,0.13,0.13,-0.137917
KXBTCD-26AUG0412-T63799.99,KXBTCD,fav_yes,0.93,0.93,0.06544299999999996
KXBTCD-26AUG0411-T64299.99,KXBTCD,fade_no,0.03,0.98,0.018628000000000016
KXBTCD-26AUG0411-T64299.99,KXBTCD,lotto_yes,0.03,0.03,-0.032036999999999996
KXBTCD-26AUG0411-T64199.99,KXBTCD,fade_no,0.04,0.97,0.027963000000000026
KXBTCD-26AUG0411-T64199.99,KXBTCD,lotto_yes,0.04,0.04,-0.042688000000000004
KXBTCD-26AUG0411-T64099.99,KXBTCD,fade_no,0.09,0.92,-0.9251520000000001
KXBTCD-26AUG0411-T64099.99,KXBTCD,lotto_yes,0.09,0.09,0.904267
KXBTCD-26AUG0411-T63999.99,KXBTCD,fade_no,0.17,0.84,-0.8494079999999999
KXBTCD-26AUG0411-T63999.99,KXBTCD,lotto_yes,0.17,0.17,0.8201229999999999
KXBTCD-26AUG0411-T63899.99,KXBTCD,fav_yes,0.8,0.8,0.18879999999999997
KXBTCD-26AUG0411-T63799.99,KXBTCD,fav_yes,0.92,0.92,0.07484799999999996
KXBTCD-26AUG0411-T63699.99,KXBTCD,fav_yes,0.97,0.97,0.027963000000000026
KXBTCD-26AUG0411-T63499.99,KXBTCD,fav_yes,0.85,0.85,0.141075
KXBTCD-26AUG0411-T63399.99,KXBTCD,fav_yes,0.92,0.92,0.07484799999999996
KXBTCD-26AUG0411-T63299.99,KXBTCD,fav_yes,0.96,0.96,0.03731200000000003
KXBTCD-26AUG0411-T63199.99,KXBTCD,fav_yes,0.97,0.97,0.027963000000000026
KXBTCD-26AUG0410-T64399.99,KXBTCD,fade_no,0.03,0.98,0.018628000000000016
KXBTCD-26AUG0410-T64399.99,KXBTCD,lotto_yes,0.03,0.03,-0.032036999999999996
KXBTCD-26AUG0410-T64299.99,KXBTCD,fade_no,0.04,0.97,0.027963000000000026
KXBTCD-26AUG0410-T64299.99,KXBTCD,lotto_yes,0.04,0.04,-0.042688000000000004
KXBTCD-26AUG0410-T64199.99,KXBTCD,fade_no,0.07,0.94,0.056052000000000046
KXBTCD-26AUG0410-T64199.99,KXBTCD,lotto_yes,0.07,0.07,-0.07455700000000001
KXBTCD-26AUG0410-T63799.99,KXBTCD,fav_yes,0.87,0.87,-0.877917
KXBTCD-26AUG0410-T63699.99,KXBTCD,fav_yes,0.96,0.96,-0.962688
KXBTCD-26AUG0410-T63499.99,KXBTCD,fav_yes,0.96,0.96,0.03731200000000003
KXBTCD-26AUG0409-T64099.99,KXBTCD,fade_no,0.03,0.98,0.018628000000000016
KXBTCD-26AUG0409-T64099.99,KXBTCD,lotto_yes,0.03,0.03,-0.032036999999999996
KXBTCD-26AUG0409-T63999.99,KXBTCD,fade_no,0.15,0.86,0.13157200000000002
KXBTCD-26AUG0409-T63999.99,KXBTCD,lotto_yes,0.15,0.15,-0.15892499999999998
KXBTCD-26AUG0409-T63799.99,KXBTCD,fav_yes,0.87,0.87,0.122083
KXBTCD-26AUG0409-T63699.99,KXBTCD,fav_yes,0.97,0.97,0.027963000000000026
KXBTCD-26AUG0409-T63599.99,KXBTCD,fav_yes,0.84,0.84,0.15059200000000003
KXBTCD-26AUG0409-T63499.99,KXBTCD,fav_yes,0.95,0.95,0.04667500000000004
KXBTCD-26AUG0408-T63999.99,KXBTCD,fade_no,0.03,0.98,0.018628000000000016
KXBTCD-26AUG0408-T63999.99,KXBTCD,lotto_yes,0.03,0.03,-0.032036999999999996
KXBTCD-26AUG0408-T63899.99,KXBTCD,fade_no,0.06,0.95,0.04667500000000004
KXBTCD-26AUG0408-T63899.99,KXBTCD,lotto_yes,0.06,0.06,-0.063948
KXBTCD-26AUG0408-T63599.99,KXBTCD,fav_yes,0.96,0.96,0.03731200000000003
KXBTCD-26AUG0408-T63499.99,KXBTCD,fav_yes,0.89,0.89,0.10314699999999999
KXBTCD-26AUG0408-T63399.99,KXBTCD,fav_yes,0.97,0.97,0.027963000000000026
KXBTCD-26AUG0407-T63699.99,KXBTCD,fade_no,0.03,0.98,0.018628000000000016
KXBTCD-26AUG0407-T63699.99,KXBTCD,lotto_yes,0.03,0.03,-0.032036999999999996
KXBTCD-26AUG0407-T63599.99,KXBTCD,fade_no,0.08,0.9299999999999999,-0.934557
KXBTCD-26AUG0407-T63599.99,KXBTCD,lotto_yes,0.08,0.08,0.914848
KXBTCD-26AUG0407-T63399.99,KXBTCD,fav_yes,0.94,0.94,0.056052000000000046
KXBTCD-26AUG0407-T63299.99,KXBTCD,fav_yes,0.93,0.93,0.06544299999999996
KXBTCD-26AUG0406-T63699.99,KXBTCD,fade_no,0.05,0.96,0.03731200000000003
KXBTCD-26AUG0406-T63699.99,KXBTCD,lotto_yes,0.05,0.05,-0.053325000000000004
KXBTCD-26AUG0406-T63599.99,KXBTCD,fade_no,0.08,0.9299999999999999,0.06544300000000006
KXBTCD-26AUG0406-T63599.99,KXBTCD,lotto_yes,0.08,0.08,-0.085152
KXBTCD-26AUG0406-T63399.99,KXBTCD,fav_yes,0.97,0.97,0.027963000000000026
KXBTCD-26AUG0406-T63299.99,KXBTCD,fav_yes,0.95,0.95,0.04667500000000004
KXBTCD-26AUG0405-T63599.99,KXBTCD,fade_no,0.05,0.96,0.03731200000000003
KXBTCD-26AUG0405-T63599.99,KXBTCD,lotto_yes,0.05,0.05,-0.053325000000000004
KXBTCD-26AUG0405-T63399.99,KXBTCD,fav_yes,0.94,0.94,0.056052000000000046
KXBTC-26AUG0517-B65625,KXBTC,fade_no,0.03,0.99,0.009307000000000008
KXBTC-26AUG0517-B65625,KXBTC,lotto_yes,0.03,0.03,-0.032036999999999996
KXBTC-26AUG0517-B65125,KXBTC,fade_no,0.17,0.84,0.15059200000000003
KXBTC-26AUG0517-B65125,KXBTC,lotto_yes,0.17,0.17,-0.179877
KXBTC-26AUG0517-B64875,KXBTC,fav_yes,0.84,0.84,0.15059200000000003
KXBTC-26AUG0517-B64625,KXBTC,fade_no,0.03,0.99,0.009307000000000008
KXBTC-26AUG0517-B64625,KXBTC,lotto_yes,0.03,0.03,-0.032036999999999996
KXBTC-26AUG0517-B64375,KXBTC,fade_no,0.04,0.97,0.027963000000000026
KXBTC-26AUG0517-B64375,KXBTC,lotto_yes,0.04,0.04,-0.042688000000000004
KXBTC-26AUG0517-B64125,KXBTC,fade_no,0.03,0.99,0.009307000000000008
KXBTC-26AUG0517-B64125,KXBTC,lotto_yes,0.03,0.03,-0.032036999999999996
KXBTC-26AUG0517-B63625,KXBTC,fade_no,0.03,0.99,0.009307000000000008
KXBTC-26AUG0517-B63625,KXBTC,lotto_yes,0.03,0.03,-0.032036999999999996
KXBTC-26AUG0517-B63375,KXBTC,fade_no,0.04,0.99,0.009307000000000008
KXBTC-26AUG0517-B63375,KXBTC,lotto_yes,0.04,0.04,-0.042688000000000004
KXBTC-26AUG0500-B64650,KXBTC,fade_no,0.03,0.98,0.018628000000000016
KXBTC-26AUG0500-B64650,KXBTC,lotto_yes,0.03,0.03,-0.032036999999999996
KXBTC-26AUG0500-B64550,KXBTC,fade_no,0.06,0.98,0.018628000000000016
KXBTC-26AUG0500-B64550,KXBTC,lotto_yes,0.06,0.06,-0.063948
KXBTC-26AUG0500-B64450,KXBTC,fade_no,0.16,0.85,0.141075
KXBTC-26AUG0500-B64450,KXBTC,lotto_yes,0.16,0.16,-0.169408
KXBTC-26AUG0500-B64350,KXBTC,fade_no,0.03,0.98,0.018628000000000016
KXBTC-26AUG0500-B64350,KXBTC,lotto_yes,0.03,0.03,-0.032036999999999996
KXBTC-26AUG0500-B64250,KXBTC,fade_no,0.08,0.94,0.056052000000000046
KXBTC-26AUG0500-B64250,KXBTC,lotto_yes,0.08,0.08,-0.085152
KXBTC-26AUG0500-B64150,KXBTC,fade_no,0.14,0.87,-0.877917
KXBTC-26AUG0500-B64150,KXBTC,lotto_yes,0.14,0.14,0.851572
KXBTC-26AUG0423-B64750,KXBTC,fade_no,0.05,0.96,0.03731200000000003
KXBTC-26AUG0423-B64750,KXBTC,lotto_yes,0.05,0.05,-0.053325000000000004
KXBTC-26AUG0423-B64650,KXBTC,fade_no,0.03,0.98,0.018628000000000016
KXBTC-26AUG0423-B64650,KXBTC,lotto_yes,0.03,0.03,-0.032036999999999996
KXBTC-26AUG0423-B64550,KXBTC,fade_no,0.07,0.94,0.056052000000000046
KXBTC-26AUG0423-B64550,KXBTC,lotto_yes,0.07,0.07,-0.07455700000000001
KXBTC-26AUG0423-B64250,KXBTC,fade_no,0.11,0.9,0.09369999999999998
KXBTC-26AUG0423-B64250,KXBTC,lotto_yes,0.11,0.11,-0.116853
KXBTC-26AUG0423-B64150,KXBTC,fade_no,0.13,0.88,0.112608
KXBTC-26AUG0423-B64150,KXBTC,lotto_yes,0.13,0.13,-0.137917
KXBTC-26AUG0423-B64050,KXBTC,fade_no,0.07,0.94,0.056052000000000046
KXBTC-26AUG0423-B64050,KXBTC,lotto_yes,0.07,0.07,-0.07455700000000001
KXBTC-26AUG0423-B63950,KXBTC,fade_no,0.03,0.99,0.009307000000000008
KXBTC-26AUG0423-B63950,KXBTC,lotto_yes,0.03,0.03,-0.032036999999999996
KXBTC-26AUG0422-B64250,KXBTC,fade_no,0.19,0.8200000000000001,-0.8303320000000001
KXBTC-26AUG0422-B64250,KXBTC,lotto_yes,0.19,0.19,0.799227
KXBTC-26AUG0422-B63950,KXBTC,fade_no,0.06,0.95,0.04667500000000004
KXBTC-26AUG0422-B63950,KXBTC,lotto_yes,0.06,0.06,-0.063948
KXBTC-26AUG0422-B63850,KXBTC,fade_no,0.14,0.87,0.122083
KXBTC-26AUG0422-B63850,KXBTC,lotto_yes,0.14,0.14,-0.148428
KXBTC-26AUG0422-B63750,KXBTC,fade_no,0.07,0.95,0.04667500000000004
KXBTC-26AUG0422-B63750,KXBTC,lotto_yes,0.07,0.07,-0.07455700000000001
KXBTC-26AUG0422-B63650,KXBTC,fade_no,0.05,0.96,0.03731200000000003
KXBTC-26AUG0422-B63650,KXBTC,lotto_yes,0.05,0.05,-0.053325000000000004
KXBTC-26AUG0421-B64350,KXBTC,fade_no,0.03,0.98,0.018628000000000016
KXBTC-26AUG0421-B64350,KXBTC,lotto_yes,0.03,0.03,-0.032036999999999996
KXBTC-26AUG0421-B64250,KXBTC,fade_no,0.03,0.98,0.018628000000000016
KXBTC-26AUG0421-B64250,KXBTC,lotto_yes,0.03,0.03,-0.032036999999999996
KXBTC-26AUG0421-B64150,KXBTC,fade_no,0.14,0.88,0.112608
KXBTC-26AUG0421-B64150,KXBTC,lotto_yes,0.14,0.14,-0.148428
KXBTC-26AUG0421-B63750,KXBTC,fade_no,0.09,0.95,0.04667500000000004
KXBTC-26AUG0421-B63750,KXBTC,lotto_yes,0.09,0.09,-0.095733
KXBTC-26AUG0420-B64550,KXBTC,fade_no,0.09,0.92,0.07484799999999996
KXBTC-26AUG0420-B64550,KXBTC,lotto_yes,0.09,0.09,-0.095733
KXBTC-26AUG0420-B64350,KXBTC,fade_no,0.08,0.95,0.04667500000000004
KXBTC-26AUG0420-B64350,KXBTC,lotto_yes,0.08,0.08,-0.085152
KXBTC-26AUG0420-B64050,KXBTC,fade_no,0.05,0.96,-0.962688
KXBTC-26AUG0420-B64050,KXBTC,lotto_yes,0.05,0.05,0.9466749999999999
KXBTC-26AUG0420-B63950,KXBTC,fade_no,0.03,0.98,0.018628000000000016
KXBTC-26AUG0420-B63950,KXBTC,lotto_yes,0.03,0.03,-0.032036999999999996
KXBTC-26AUG0419-B64450,KXBTC,fade_no,0.06,0.95,0.04667500000000004
KXBTC-26AUG0419-B64450,KXBTC,lotto_yes,0.06,0.06,-0.063948
KXBTC-26AUG0419-B64350,KXBTC,fade_no,0.03,0.98,0.018628000000000016
KXBTC-26AUG0419-B64350,KXBTC,lotto_yes,0.03,0.03,-0.032036999999999996
KXBTC-26AUG0419-B64050,KXBTC,fade_no,0.12,0.94,0.056052000000000046
KXBTC-26AUG0419-B64050,KXBTC,lotto_yes,0.12,0.12,-0.127392
KXBTC-26AUG0419-B63950,KXBTC,fade_no,0.08,0.9299999999999999,0.06544300000000006
KXBTC-26AUG0419-B63950,KXBTC,lotto_yes,0.08,0.08,-0.085152
KXBTC-26AUG0419-B63850,KXBTC,fade_no,0.03,0.98,0.018628000000000016
KXBTC-26AUG0419-B63850,KXBTC,lotto_yes,0.03,0.03,-0.032036999999999996
KXBTC-26AUG0418-B64550,KXBTC,fade_no,0.03,0.98,0.018628000000000016
KXBTC-26AUG0418-B64550,KXBTC,lotto_yes,0.03,0.03,-0.032036999999999996
KXBTC-26AUG0418-B64450,KXBTC,fade_no,0.03,0.98,0.018628000000000016
KXBTC-26AUG0418-B64450,KXBTC,lotto_yes,0.03,0.03,-0.032036999999999996
KXBTC-26AUG0418-B64350,KXBTC,fade_no,0.09,0.92,0.07484799999999996
KXBTC-26AUG0418-B64350,KXBTC,lotto_yes,0.09,0.09,-0.095733
KXBTC-26AUG0418-B64050,KXBTC,fade_no,0.19,0.8200000000000001,0.16966799999999993
KXBTC-26AUG0418-B64050,KXBTC,lotto_yes,0.19,0.19,-0.200773
KXBTC-26AUG0418-B63950,KXBTC,fade_no,0.05,0.96,0.03731200000000003
KXBTC-26AUG0418-B63950,KXBTC,lotto_yes,0.05,0.05,-0.053325000000000004
KXBTC-26AUG0416-B64550,KXBTC,fade_no,0.06,0.97,0.027963000000000026
KXBTC-26AUG0416-B64550,KXBTC,lotto_yes,0.06,0.06,-0.063948
KXBTC-26AUG0416-B64450,KXBTC,fade_no,0.14,0.87,0.122083
KXBTC-26AUG0416-B64450,KXBTC,lotto_yes,0.14,0.14,-0.148428
KXBTC-26AUG0416-B64150,KXBTC,fade_no,0.15,0.89,0.10314699999999999
KXBTC-26AUG0416-B64150,KXBTC,lotto_yes,0.15,0.15,-0.15892499999999998
KXBTC-26AUG0416-B64050,KXBTC,fade_no,0.07,0.94,0.056052000000000046
KXBTC-26AUG0416-B64050,KXBTC,lotto_yes,0.07,0.07,-0.07455700000000001
KXBTC-26AUG0416-B63950,KXBTC,fade_no,0.04,0.97,0.027963000000000026
KXBTC-26AUG0416-B63950,KXBTC,lotto_yes,0.04,0.04,-0.042688000000000004
KXBTC-26AUG0415-B64450,KXBTC,fade_no,0.14,0.87,0.122083
KXBTC-26AUG0415-B64450,KXBTC,lotto_yes,0.14,0.14,-0.148428
KXBTC-26AUG0415-B64150,KXBTC,fade_no,0.15,0.88,0.112608
KXBTC-26AUG0415-B64150,KXBTC,lotto_yes,0.15,0.15,-0.15892499999999998
KXBTC-26AUG0415-B64050,KXBTC,fade_no,0.09,0.92,0.07484799999999996
KXBTC-26AUG0415-B64050,KXBTC,lotto_yes,0.09,0.09,-0.095733
KXBTC-26AUG0415-B63950,KXBTC,fade_no,0.05,0.98,0.018628000000000016
KXBTC-26AUG0415-B63950,KXBTC,lotto_yes,0.05,0.05,-0.053325000000000004
KXBTC-26AUG0415-B63850,KXBTC,fade_no,0.03,0.98,0.018628000000000016
KXBTC-26AUG0415-B63850,KXBTC,lotto_yes,0.03,0.03,-0.032036999999999996
KXBTC-26AUG0415-B63750,KXBTC,fade_no,0.06,0.95,0.04667500000000004
KXBTC-26AUG0415-B63750,KXBTC,lotto_yes,0.06,0.06,-0.063948
KXBTC-26AUG0415-B63650,KXBTC,fade_no,0.03,0.98,0.018628000000000016
KXBTC-26AUG0415-B63650,KXBTC,lotto_yes,0.03,0.03,-0.032036999999999996
KXBTC-26AUG0415-B63550,KXBTC,fade_no,0.04,0.97,0.027963000000000026
KXBTC-26AUG0415-B63550,KXBTC,lotto_yes,0.04,0.04,-0.042688000000000004
KXBTC-26AUG0414-B64350,KXBTC,fade_no,0.05,0.98,0.018628000000000016
KXBTC-26AUG0414-B64350,KXBTC,lotto_yes,0.05,0.05,-0.053325000000000004
KXBTC-26AUG0414-B64250,KXBTC,fade_no,0.1,0.91,0.08426699999999997
KXBTC-26AUG0414-B64250,KXBTC,lotto_yes,0.1,0.1,-0.1063
KXBTC-26AUG0414-B64150,KXBTC,fade_no,0.17,0.84,0.15059200000000003
KXBTC-26AUG0414-B64150,KXBTC,lotto_yes,0.17,0.17,-0.179877
KXBTC-26AUG0414-B63950,KXBTC,fade_no,0.19,0.8200000000000001,-0.8303320000000001
KXBTC-26AUG0414-B63950,KXBTC,lotto_yes,0.19,0.19,0.799227
KXBTC-26AUG0414-B63850,KXBTC,fade_no,0.14,0.87,0.122083
KXBTC-26AUG0414-B63850,KXBTC,lotto_yes,0.14,0.14,-0.148428
KXBTC-26AUG0414-B63750,KXBTC,fade_no,0.06,0.95,0.04667500000000004
KXBTC-26AUG0414-B63750,KXBTC,lotto_yes,0.06,0.06,-0.063948
KXBTC-26AUG0414-B63650,KXBTC,fade_no,0.03,0.98,0.018628000000000016
KXBTC-26AUG0414-B63650,KXBTC,lotto_yes,0.03,0.03,-0.032036999999999996
KXBTC-26AUG0414-B63550,KXBTC,fade_no,0.03,0.98,0.018628000000000016
KXBTC-26AUG0414-B63550,KXBTC,lotto_yes,0.03,0.03,-0.032036999999999996
KXBTC-26AUG0413-B64550,KXBTC,fade_no,0.04,0.97,0.027963000000000026
KXBTC-26AUG0413-B64550,KXBTC,lotto_yes,0.04,0.04,-0.042688000000000004
KXBTC-26AUG0413-B64450,KXBTC,fade_no,0.04,0.97,0.027963000000000026
KXBTC-26AUG0413-B64450,KXBTC,lotto_yes,0.04,0.04,-0.042688000000000004
KXBTC-26AUG0413-B64350,KXBTC,fade_no,0.03,0.98,0.018628000000000016
KXBTC-26AUG0413-B64350,KXBTC,lotto_yes,0.03,0.03,-0.032036999999999996
KXBTC-26AUG0413-B64250,KXBTC,fade_no,0.08,0.9299999999999999,0.06544300000000006
KXBTC-26AUG0413-B64250,KXBTC,lotto_yes,0.08,0.08,-0.085152
KXBTC-26AUG0413-B64150,KXBTC,fade_no,0.2,0.84,0.15059200000000003
KXBTC-26AUG0413-B64150,KXBTC,lotto_yes,0.2,0.2,-0.2112
KXBTC-26AUG0413-B64050,KXBTC,fade_no,0.14,0.87,0.122083
KXBTC-26AUG0413-B64050,KXBTC,lotto_yes,0.14,0.14,-0.148428
KXBTC-26AUG0413-B63850,KXBTC,fade_no,0.14,0.88,0.112608
KXBTC-26AUG0413-B63850,KXBTC,lotto_yes,0.14,0.14,-0.148428
KXBTC-26AUG0413-B63750,KXBTC,fade_no,0.08,0.9299999999999999,0.06544300000000006
KXBTC-26AUG0413-B63750,KXBTC,lotto_yes,0.08,0.08,-0.085152
KXBTC-26AUG0413-B63650,KXBTC,fade_no,0.03,0.98,0.018628000000000016
KXBTC-26AUG0413-B63650,KXBTC,lotto_yes,0.03,0.03,-0.032036999999999996
KXBTC-26AUG0412-B64550,KXBTC,fade_no,0.04,0.98,0.018628000000000016
KXBTC-26AUG0412-B64550,KXBTC,lotto_yes,0.04,0.04,-0.042688000000000004
KXBTC-26AUG0412-B64350,KXBTC,fade_no,0.05,0.96,0.03731200000000003
KXBTC-26AUG0412-B64350,KXBTC,lotto_yes,0.05,0.05,-0.053325000000000004
KXBTC-26AUG0412-B64250,KXBTC,fade_no,0.07,0.94,0.056052000000000046
KXBTC-26AUG0412-B64250,KXBTC,lotto_yes,0.07,0.07,-0.07455700000000001
KXBTC-26AUG0412-B64150,KXBTC,fade_no,0.1,0.91,0.08426699999999997
KXBTC-26AUG0412-B64150,KXBTC,lotto_yes,0.1,0.1,-0.1063
KXBTC-26AUG0412-B64050,KXBTC,fade_no,0.19,0.8200000000000001,-0.8303320000000001
KXBTC-26AUG0412-B64050,KXBTC,lotto_yes,0.19,0.19,0.799227
KXBTC-26AUG0412-B63850,KXBTC,fade_no,0.19,0.84,0.15059200000000003
KXBTC-26AUG0412-B63850,KXBTC,lotto_yes,0.19,0.19,-0.200773
KXBTC-26AUG0412-B63750,KXBTC,fade_no,0.1,0.91,0.08426699999999997
KXBTC-26AUG0412-B63750,KXBTC,lotto_yes,0.1,0.1,-0.1063
KXBTC-26AUG0412-B63650,KXBTC,fade_no,0.06,0.95,0.04667500000000004
KXBTC-26AUG0412-B63650,KXBTC,lotto_yes,0.06,0.06,-0.063948
KXBTC-26AUG0412-B63550,KXBTC,fade_no,0.04,0.99,0.009307000000000008
KXBTC-26AUG0412-B63550,KXBTC,lotto_yes,0.04,0.04,-0.042688000000000004
KXBTC-26AUG0411-B64350,KXBTC,fade_no,0.03,0.98,0.018628000000000016
KXBTC-26AUG0411-B64350,KXBTC,lotto_yes,0.03,0.03,-0.032036999999999996
KXBTC-26AUG0411-B64150,KXBTC,fade_no,0.03,0.98,-0.981372
KXBTC-26AUG0411-B64150,KXBTC,lotto_yes,0.03,0.03,0.967963
KXBTC-26AUG0411-B64050,KXBTC,fade_no,0.06,0.95,0.04667500000000004
KXBTC-26AUG0411-B64050,KXBTC,lotto_yes,0.06,0.06,-0.063948
KXBTC-26AUG0411-B63950,KXBTC,fade_no,0.1,0.91,0.08426699999999997
KXBTC-26AUG0411-B63950,KXBTC,lotto_yes,0.1,0.1,-0.1063
KXBTC-26AUG0411-B63850,KXBTC,fade_no,0.16,0.85,0.141075
KXBTC-26AUG0411-B63850,KXBTC,lotto_yes,0.16,0.16,-0.169408
KXBTC-26AUG0411-B63750,KXBTC,fade_no,0.18,0.83,0.16012300000000004
KXBTC-26AUG0411-B63750,KXBTC,lotto_yes,0.18,0.18,-0.190332
KXBTC-26AUG0411-B63650,KXBTC,fade_no,0.05,0.96,0.03731200000000003
KXBTC-26AUG0411-B63650,KXBTC,lotto_yes,0.05,0.05,-0.053325000000000004
KXBTC-26AUG0411-B63550,KXBTC,fade_no,0.11,0.9,0.09369999999999998
KXBTC-26AUG0411-B63550,KXBTC,lotto_yes,0.11,0.11,-0.116853
KXBTC-26AUG0411-B63450,KXBTC,fade_no,0.07,0.94,0.056052000000000046
KXBTC-26AUG0411-B63450,KXBTC,lotto_yes,0.07,0.07,-0.07455700000000001
KXBTC-26AUG0411-B63350,KXBTC,fade_no,0.04,0.97,0.027963000000000026
KXBTC-26AUG0411-B63350,KXBTC,lotto_yes,0.04,0.04,-0.042688000000000004
KXBTC-26AUG0410-B64250,KXBTC,fade_no,0.05,0.96,0.03731200000000003
KXBTC-26AUG0410-B64250,KXBTC,lotto_yes,0.05,0.05,-0.053325000000000004
KXBTC-26AUG0410-B64150,KXBTC,fade_no,0.08,0.9299999999999999,0.06544300000000006
KXBTC-26AUG0410-B64150,KXBTC,lotto_yes,0.08,0.08,-0.085152
KXBTC-26AUG0410-B64050,KXBTC,fade_no,0.13,0.88,0.112608
KXBTC-26AUG0410-B64050,KXBTC,lotto_yes,0.13,0.13,-0.137917
KXBTC-26AUG0410-B63950,KXBTC,fade_no,0.2,0.85,0.141075
KXBTC-26AUG0410-B63950,KXBTC,lotto_yes,0.2,0.2,-0.2112
KXBTC-26AUG0410-B63850,KXBTC,fade_no,0.19,0.8200000000000001,0.16966799999999993
KXBTC-26AUG0410-B63850,KXBTC,lotto_yes,0.19,0.19,-0.200773
KXBTC-26AUG0410-B63750,KXBTC,fade_no,0.09,0.92,0.07484799999999996
KXBTC-26AUG0410-B63750,KXBTC,lotto_yes,0.09,0.09,-0.095733
KXBTC-26AUG0410-B63650,KXBTC,fade_no,0.11,0.92,-0.9251520000000001
KXBTC-26AUG0410-B63650,KXBTC,lotto_yes,0.11,0.11,0.883147
KXBTC-26AUG0410-B63550,KXBTC,fade_no,0.08,0.97,0.027963000000000026
KXBTC-26AUG0410-B63550,KXBTC,lotto_yes,0.08,0.08,-0.085152
KXBTC-26AUG0410-B63450,KXBTC,fade_no,0.03,0.98,0.018628000000000016
KXBTC-26AUG0410-B63450,KXBTC,lotto_yes,0.03,0.03,-0.032036999999999996
KXBTC-26AUG0409-B64150,KXBTC,fade_no,0.03,0.98,0.018628000000000016
KXBTC-26AUG0409-B64150,KXBTC,lotto_yes,0.03,0.03,-0.032036999999999996
KXBTC-26AUG0409-B64050,KXBTC,fade_no,0.05,0.96,0.03731200000000003
KXBTC-26AUG0409-B64050,KXBTC,lotto_yes,0.05,0.05,-0.053325000000000004
KXBTC-26AUG0409-B63950,KXBTC,fade_no,0.11,0.9,0.09369999999999998
KXBTC-26AUG0409-B63950,KXBTC,lotto_yes,0.11,0.11,-0.116853
KXBTC-26AUG0409-B63750,KXBTC,fade_no,0.1,0.91,0.08426699999999997
KXBTC-26AUG0409-B63750,KXBTC,lotto_yes,0.1,0.1,-0.1063
KXBTC-26AUG0409-B63550,KXBTC,fade_no,0.13,0.88,0.112608
KXBTC-26AUG0409-B63550,KXBTC,lotto_yes,0.13,0.13,-0.137917
KXBTC-26AUG0409-B63450,KXBTC,fade_no,0.06,0.95,0.04667500000000004
KXBTC-26AUG0409-B63450,KXBTC,lotto_yes,0.06,0.06,-0.063948
KXBTC-26AUG0408-B64050,KXBTC,fade_no,0.03,0.99,0.009307000000000008
KXBTC-26AUG0408-B64050,KXBTC,lotto_yes,0.03,0.03,-0.032036999999999996
KXBTC-26AUG0408-B63950,KXBTC,fade_no,0.04,0.98,0.018628000000000016
KXBTC-26AUG0408-B63950,KXBTC,lotto_yes,0.04,0.04,-0.042688000000000004
KXBTC-26AUG0408-B63850,KXBTC,fade_no,0.11,0.9,-0.9063
KXBTC-26AUG0408-B63850,KXBTC,lotto_yes,0.11,0.11,0.883147
KXBTC-26AUG0408-B63650,KXBTC,fade_no,0.2,0.81,0.17922699999999994
KXBTC-26AUG0408-B63650,KXBTC,lotto_yes,0.2,0.2,-0.2112
KXBTC-26AUG0408-B63550,KXBTC,fade_no,0.2,0.81,0.17922699999999994
KXBTC-26AUG0408-B63550,KXBTC,lotto_yes,0.2,0.2,-0.2112
KXBTC-26AUG0408-B63450,KXBTC,fade_no,0.1,0.94,0.056052000000000046
KXBTC-26AUG0408-B63450,KXBTC,lotto_yes,0.1,0.1,-0.1063
KXBTC-26AUG0407-B63750,KXBTC,fade_no,0.04,0.97,0.027963000000000026
KXBTC-26AUG0407-B63750,KXBTC,lotto_yes,0.04,0.04,-0.042688000000000004
KXBTC-26AUG0407-B63650,KXBTC,fade_no,0.08,0.9299999999999999,-0.934557
KXBTC-26AUG0407-B63650,KXBTC,lotto_yes,0.08,0.08,0.914848
KXBTC-26AUG0407-B63250,KXBTC,fade_no,0.05,0.96,0.03731200000000003
KXBTC-26AUG0407-B63250,KXBTC,lotto_yes,0.05,0.05,-0.053325000000000004
KXBTC-26AUG0406-B63750,KXBTC,fade_no,0.05,0.96,0.03731200000000003
KXBTC-26AUG0406-B63750,KXBTC,lotto_yes,0.05,0.05,-0.053325000000000004
KXBTC-26AUG0406-B63650,KXBTC,fade_no,0.09,0.92,0.07484799999999996
KXBTC-26AUG0406-B63650,KXBTC,lotto_yes,0.09,0.09,-0.095733
KXBTC-26AUG0406-B63350,KXBTC,fade_no,0.18,0.83,0.16012300000000004
KXBTC-26AUG0406-B63350,KXBTC,lotto_yes,0.18,0.18,-0.190332
KXBTC-26AUG0406-B63250,KXBTC,fade_no,0.07,0.94,0.056052000000000046
KXBTC-26AUG0406-B63250,KXBTC,lotto_yes,0.07,0.07,-0.07455700000000001
KXBTC-26AUG0405-B63950,KXBTC,fade_no,0.04,0.97,0.027963000000000026
KXBTC-26AUG0405-B63950,KXBTC,lotto_yes,0.04,0.04,-0.042688000000000004
KXBTC-26AUG0405-B63850,KXBTC,fade_no,0.06,0.95,0.04667500000000004
KXBTC-26AUG0405-B63850,KXBTC,lotto_yes,0.06,0.06,-0.063948
KXBTC-26AUG0405-B63750,KXBTC,fade_no,0.11,0.9,0.09369999999999998
KXBTC-26AUG0405-B63750,KXBTC,lotto_yes,0.11,0.11,-0.116853
KXBTC-26AUG0405-B63450,KXBTC,fade_no,0.17,0.84,0.15059200000000003
KXBTC-26AUG0405-B63450,KXBTC,lotto_yes,0.17,0.17,-0.179877
KXBTC-26AUG0405-B63350,KXBTC,fade_no,0.09,0.92,0.07484799999999996
KXBTC-26AUG0405-B63350,KXBTC,lotto_yes,0.09,0.09,-0.095733
KXETHD-26AUG0515-T1939.99,KXETHD,fade_no,0.03,0.98,0.018628000000000016
KXETHD-26AUG0515-T1939.99,KXETHD,lotto_yes,0.03,0.03,-0.032036999999999996
KXETHD-26AUG0515-T1929.99,KXETHD,fade_no,0.11,0.9,0.09369999999999998
KXETHD-26AUG0515-T1929.99,KXETHD,lotto_yes,0.11,0.11,-0.116853
KXETHD-26AUG0515-T1924.99,KXETHD,fade_no,0.04,0.97,0.027963000000000026
KXETHD-26AUG0515-T1924.99,KXETHD,lotto_yes,0.04,0.04,-0.042688000000000004
KXETHD-26AUG0515-T1909.99,KXETHD,fav_yes,0.97,0.97,0.027963000000000026
KXETHD-26AUG0514-T1899.99,KXETHD,fav_yes,0.93,0.93,0.06544299999999996
KXETHD-26AUG0514-T1879.99,KXETHD,fav_yes,0.96,0.96,0.03731200000000003
KXETHD-26AUG0513-T1899.99,KXETHD,fade_no,0.03,0.98,0.018628000000000016
KXETHD-26AUG0513-T1899.99,KXETHD,lotto_yes,0.03,0.03,-0.032036999999999996
KXETHD-26AUG0513-T1894.99,KXETHD,fade_no,0.18,0.84,0.15059200000000003
KXETHD-26AUG0513-T1894.99,KXETHD,lotto_yes,0.18,0.18,-0.190332
KXETHD-26AUG0513-T1884.99,KXETHD,fav_yes,0.95,0.95,0.04667500000000004
KXETHD-26AUG0512-T1879.99,KXETHD,fade_no,0.17,0.86,0.13157200000000002
KXETHD-26AUG0512-T1879.99,KXETHD,lotto_yes,0.17,0.17,-0.179877
KXETHD-26AUG0512-T1869.99,KXETHD,fav_yes,0.97,0.97,0.027963000000000026
KXETHD-26AUG0512-T1864.99,KXETHD,fav_yes,0.93,0.93,0.06544299999999996
KXETHD-26AUG0511-T1899.99,KXETHD,fade_no,0.03,0.98,0.018628000000000016
KXETHD-26AUG0511-T1899.99,KXETHD,lotto_yes,0.03,0.03,-0.032036999999999996
KXETHD-26AUG0511-T1879.99,KXETHD,fade_no,0.09,0.92,0.07484799999999996
KXETHD-26AUG0511-T1879.99,KXETHD,lotto_yes,0.09,0.09,-0.095733
KXETHD-26AUG0511-T1864.99,KXETHD,fav_yes,0.93,0.93,0.06544299999999996
KXETHD-26AUG0510-T1884.99,KXETHD,fade_no,0.03,0.98,0.018628000000000016
KXETHD-26AUG0510-T1884.99,KXETHD,lotto_yes,0.03,0.03,-0.032036999999999996
KXETHD-26AUG0510-T1879.99,KXETHD,fade_no,0.04,0.97,0.027963000000000026
KXETHD-26AUG0510-T1879.99,KXETHD,lotto_yes,0.04,0.04,-0.042688000000000004
KXETHD-26AUG0510-T1859.99,KXETHD,fav_yes,0.92,0.92,0.07484799999999996
KXETHD-26AUG0509-T1884.99,KXETHD,fade_no,0.05,0.96,0.03731200000000003
KXETHD-26AUG0509-T1884.99,KXETHD,lotto_yes,0.05,0.05,-0.053325000000000004
KXETHD-26AUG0509-T1874.99,KXETHD,fav_yes,0.86,0.86,0.13157200000000002
KXETHD-26AUG0508-T1869.99,KXETHD,fade_no,0.18,0.84,0.15059200000000003
KXETHD-26AUG0508-T1869.99,KXETHD,lotto_yes,0.18,0.18,-0.190332
KXETHD-26AUG0508-T1864.99,KXETHD,fav_yes,0.93,0.93,0.06544299999999996
KXETHD-26AUG0507-T1874.99,KXETHD,fade_no,0.1,0.91,0.08426699999999997
KXETHD-26AUG0507-T1874.99,KXETHD,lotto_yes,0.1,0.1,-0.1063
KXETHD-26AUG0507-T1864.99,KXETHD,fav_yes,0.89,0.89,0.10314699999999999
KXETHD-26AUG0506-T1874.99,KXETHD,fade_no,0.03,0.99,0.009307000000000008
KXETHD-26AUG0506-T1874.99,KXETHD,lotto_yes,0.03,0.03,-0.032036999999999996
KXETHD-26AUG0506-T1869.99,KXETHD,fav_yes,0.8,0.8,0.18879999999999997
KXETHD-26AUG0506-T1864.99,KXETHD,fav_yes,0.93,0.93,0.06544299999999996
KXETHD-26AUG0505-T1874.99,KXETHD,fade_no,0.05,0.96,0.03731200000000003
KXETHD-26AUG0505-T1874.99,KXETHD,lotto_yes,0.05,0.05,-0.053325000000000004
KXETHD-26AUG0505-T1869.99,KXETHD,fade_no,0.12,0.91,0.08426699999999997
KXETHD-26AUG0505-T1869.99,KXETHD,lotto_yes,0.12,0.12,-0.127392
KXETHD-26AUG0505-T1864.99,KXETHD,fav_yes,0.89,0.89,0.10314699999999999
KXETHD-26AUG0504-T1869.99,KXETHD,fade_no,0.1,0.91,0.08426699999999997
KXETHD-26AUG0504-T1869.99,KXETHD,lotto_yes,0.1,0.1,-0.1063
KXETHD-26AUG0504-T1864.99,KXETHD,fade_no,0.13,0.88,-0.887392
KXETHD-26AUG0504-T1864.99,KXETHD,lotto_yes,0.13,0.13,0.862083
KXETHD-26AUG0504-T1859.99,KXETHD,fav_yes,0.88,0.88,0.112608
KXETHD-26AUG0503-T1874.99,KXETHD,fade_no,0.09,0.9299999999999999,0.06544300000000006
KXETHD-26AUG0503-T1874.99,KXETHD,lotto_yes,0.09,0.09,-0.095733
KXETHD-26AUG0503-T1864.99,KXETHD,fav_yes,0.96,0.96,0.03731200000000003
KXETHD-26AUG0502-T1874.99,KXETHD,fade_no,0.05,0.96,0.03731200000000003
KXETHD-26AUG0502-T1874.99,KXETHD,lotto_yes,0.05,0.05,-0.053325000000000004
KXETHD-26AUG0501-T1869.99,KXETHD,fade_no,0.03,0.99,0.009307000000000008
KXETHD-26AUG0501-T1869.99,KXETHD,lotto_yes,0.03,0.03,-0.032036999999999996
KXETHD-26AUG0517-T1969.99,KXETHD,fade_no,0.03,0.99,0.009307000000000008
KXETHD-26AUG0517-T1969.99,KXETHD,lotto_yes,0.03,0.03,-0.032036999999999996
KXETHD-26AUG0517-T1929.99,KXETHD,fade_no,0.04,0.98,0.018628000000000016
KXETHD-26AUG0517-T1929.99,KXETHD,lotto_yes,0.04,0.04,-0.042688000000000004
KXETHD-26AUG0423-T1869.99,KXETHD,fav_yes,0.91,0.91,0.08426699999999997
KXETHD-26AUG0422-T1874.99,KXETHD,fade_no,0.03,0.98,0.018628000000000016
KXETHD-26AUG0422-T1874.99,KXETHD,lotto_yes,0.03,0.03,-0.032036999999999996
KXETHD-26AUG0422-T1864.99,KXETHD,fav_yes,0.91,0.91,0.08426699999999997
KXETHD-26AUG0421-T1869.99,KXETHD,fade_no,0.12,0.89,0.10314699999999999
KXETHD-26AUG0421-T1869.99,KXETHD,lotto_yes,0.12,0.12,-0.127392
KXETHD-26AUG0421-T1859.99,KXETHD,fav_yes,0.89,0.89,0.10314699999999999
KXSOLD-26AUG0515-T74.9999,KXSOLD,fade_no,0.07,0.96,0.03731200000000003
KXSOLD-26AUG0515-T74.9999,KXSOLD,lotto_yes,0.07,0.07,-0.07455700000000001
KXSOLD-26AUG0515-T74.7499,KXSOLD,fade_no,0.12,0.91,0.08426699999999997
KXSOLD-26AUG0515-T74.7499,KXSOLD,lotto_yes,0.12,0.12,-0.127392
KXSOLD-26AUG0514-T74.2499,KXSOLD,fav_yes,0.93,0.93,0.06544299999999996
KXSOLD-26AUG0514-T73.7499,KXSOLD,fav_yes,0.94,0.94,0.056052000000000046
KXSOLD-26AUG0513-T74.4999,KXSOLD,fade_no,0.08,0.94,0.056052000000000046
KXSOLD-26AUG0513-T74.4999,KXSOLD,lotto_yes,0.08,0.08,-0.085152
KXSOLD-26AUG0513-T73.7499,KXSOLD,fav_yes,0.92,0.92,0.07484799999999996
KXSOLD-26AUG0512-T74.2499,KXSOLD,fade_no,0.09,0.9299999999999999,0.06544300000000006
KXSOLD-26AUG0512-T74.2499,KXSOLD,lotto_yes,0.09,0.09,-0.095733
KXSOLD-26AUG0512-T73.4999,KXSOLD,fav_yes,0.91,0.91,0.08426699999999997
KXSOLD-26AUG0511-T74.7499,KXSOLD,fade_no,0.03,0.99,0.009307000000000008
KXSOLD-26AUG0511-T74.7499,KXSOLD,lotto_yes,0.03,0.03,-0.032036999999999996
KXSOLD-26AUG0511-T74.4999,KXSOLD,fade_no,0.09,0.9299999999999999,0.06544300000000006
KXSOLD-26AUG0511-T74.4999,KXSOLD,lotto_yes,0.09,0.09,-0.095733
KXSOLD-26AUG0511-T73.9999,KXSOLD,fade_no,0.09,0.92,0.07484799999999996
KXSOLD-26AUG0511-T73.9999,KXSOLD,lotto_yes,0.09,0.09,-0.095733
KXSOLD-26AUG0511-T73.4999,KXSOLD,fav_yes,0.95,0.95,0.04667500000000004
KXSOLD-26AUG0510-T73.9999,KXSOLD,fade_no,0.06,0.95,0.04667500000000004
KXSOLD-26AUG0510-T73.9999,KXSOLD,lotto_yes,0.06,0.06,-0.063948
KXSOLD-26AUG0510-T73.2499,KXSOLD,fav_yes,0.93,0.93,0.06544299999999996
KXSOLD-26AUG0509-T74.2499,KXSOLD,fade_no,0.14,0.87,0.122083
KXSOLD-26AUG0509-T74.2499,KXSOLD,lotto_yes,0.14,0.14,-0.148428
KXSOLD-26AUG0508-T74.2499,KXSOLD,fade_no,0.03,0.99,0.009307000000000008
KXSOLD-26AUG0508-T74.2499,KXSOLD,lotto_yes,0.03,0.03,-0.032036999999999996
KXSOLD-26AUG0507-T74.2499,KXSOLD,fade_no,0.07,0.96,0.03731200000000003
KXSOLD-26AUG0507-T74.2499,KXSOLD,lotto_yes,0.07,0.07,-0.07455700000000001
KXSOLD-26AUG0506-T74.2499,KXSOLD,fade_no,0.05,0.97,0.027963000000000026
KXSOLD-26AUG0506-T74.2499,KXSOLD,lotto_yes,0.05,0.05,-0.053325000000000004
KXSOLD-26AUG0506-T73.9999,KXSOLD,fav_yes,0.83,0.83,-0.839877
KXSOLD-26AUG0505-T74.4999,KXSOLD,fade_no,0.03,0.99,0.009307000000000008
KXSOLD-26AUG0505-T74.4999,KXSOLD,lotto_yes,0.03,0.03,-0.032036999999999996
KXSOLD-26AUG0505-T74.2499,KXSOLD,fade_no,0.09,0.92,0.07484799999999996
KXSOLD-26AUG0505-T74.2499,KXSOLD,lotto_yes,0.09,0.09,-0.095733
KXSOLD-26AUG0504-T74.2499,KXSOLD,fade_no,0.03,0.99,0.009307000000000008
KXSOLD-26AUG0504-T74.2499,KXSOLD,lotto_yes,0.03,0.03,-0.032036999999999996
KXSOLD-26AUG0504-T73.9999,KXSOLD,fade_no,0.15,0.87,0.122083
KXSOLD-26AUG0504-T73.9999,KXSOLD,lotto_yes,0.15,0.15,-0.15892499999999998
KXSOLD-26AUG0504-T73.7499,KXSOLD,fade_no,0.15,0.87,-0.877917
KXSOLD-26AUG0504-T73.7499,KXSOLD,lotto_yes,0.15,0.15,0.841075
KXSOLD-26AUG0504-T73.4999,KXSOLD,fav_yes,0.92,0.92,0.07484799999999996
KXSOLD-26AUG0503-T74.4999,KXSOLD,fade_no,0.04,0.99,0.009307000000000008
KXSOLD-26AUG0503-T74.4999,KXSOLD,lotto_yes,0.04,0.04,-0.042688000000000004
KXSOLD-26AUG0503-T74.2499,KXSOLD,fade_no,0.09,0.92,0.07484799999999996
KXSOLD-26AUG0503-T74.2499,KXSOLD,lotto_yes,0.09,0.09,-0.095733
KXSOLD-26AUG0503-T73.7499,KXSOLD,fav_yes,0.91,0.91,0.08426699999999997
KXSOLD-26AUG0502-T74.2499,KXSOLD,fade_no,0.07,0.96,0.03731200000000003
KXSOLD-26AUG0502-T74.2499,KXSOLD,lotto_yes,0.07,0.07,-0.07455700000000001
KXSOLD-26AUG0500-T74.4999,KXSOLD,fade_no,0.03,0.98,0.018628000000000016
KXSOLD-26AUG0500-T74.4999,KXSOLD,lotto_yes,0.03,0.03,-0.032036999999999996
KXSOLD-26AUG0500-T73.9999,KXSOLD,fade_no,0.03,0.98,0.018628000000000016
KXSOLD-26AUG0500-T73.9999,KXSOLD,lotto_yes,0.03,0.03,-0.032036999999999996
KXSOLD-26AUG0423-T73.7499,KXSOLD,fav_yes,0.93,0.93,0.06544299999999996
KXSOLD-26AUG0422-T73.7499,KXSOLD,fav_yes,0.81,0.81,0.17922699999999994
KXSOLD-26AUG0421-T73.7499,KXSOLD,fade_no,0.07,0.95,0.04667500000000004
KXSOLD-26AUG0421-T73.7499,KXSOLD,lotto_yes,0.07,0.07,-0.07455700000000001
KXSOLD-26AUG0421-T73.2499,KXSOLD,fav_yes,0.96,0.96,0.03731200000000003
KXXRPD-26AUG0204-T1.0799,KXXRPD,fav_yes,0.96,0.96,0.03731200000000003
KXXRPD-26AUG0203-T1.0799,KXXRPD,fav_yes,0.95,0.95,0.04667500000000004
KXXRPD-26AUG0217-T1.0999,KXXRPD,fade_no,0.04,0.98,0.018628000000000016
KXXRPD-26AUG0217-T1.0999,KXXRPD,lotto_yes,0.04,0.04,-0.042688000000000004
KXXRPD-26AUG0200-T1.0799,KXXRPD,fade_no,0.13,0.89,0.10314699999999999
KXXRPD-26AUG0200-T1.0799,KXXRPD,lotto_yes,0.13,0.13,-0.137917
KXXRPD-26AUG0123-T1.0799,KXXRPD,fade_no,0.04,0.99,0.009307000000000008
KXXRPD-26AUG0123-T1.0799,KXXRPD,lotto_yes,0.04,0.04,-0.042688000000000004
KXXRPD-26AUG0115-T1.0599,KXXRPD,fade_no,0.04,0.97,0.027963000000000026
KXXRPD-26AUG0115-T1.0599,KXXRPD,lotto_yes,0.04,0.04,-0.042688000000000004
KXXRPD-26AUG0113-T1.0599,KXXRPD,fav_yes,0.96,0.96,0.03731200000000003
KXXRPD-26AUG0111-T1.0599,KXXRPD,fav_yes,0.97,0.97,0.027963000000000026
KXDOGED-26JUL3014-T0.0699999,KXDOGED,fav_yes,0.97,0.97,0.027963000000000026
KXDOGED-26JUL3008-T0.0699999,KXDOGED,fade_no,0.19,0.85,-0.8589249999999999
KXDOGED-26JUL3008-T0.0699999,KXDOGED,lotto_yes,0.19,0.19,0.799227
KXDOGED-26JUL3017-T0.0699999,KXDOGED,fav_yes,0.97,0.97,0.027963000000000026
KXBTCD-26AUG0600-T64499.99,KXBTCD,fade_no,0.16,0.85,0.141075
KXBTCD-26AUG0600-T64499.99,KXBTCD,lotto_yes,0.16,0.16,-0.169408
KXBTCD-26AUG0600-T64399.99,KXBTCD,fav_yes,0.84,0.84,0.15059200000000003
KXBTCD-26AUG0523-T64599.99,KXBTCD,fade_no,0.08,0.9299999999999999,0.06544300000000006
KXBTCD-26AUG0523-T64599.99,KXBTCD,lotto_yes,0.08,0.08,-0.085152
KXBTCD-26AUG0523-T64399.99,KXBTCD,fav_yes,0.97,0.97,0.027963000000000026
KXBTCD-26AUG0522-T64599.99,KXBTCD,fade_no,0.07,0.94,0.056052000000000046
KXBTCD-26AUG0522-T64599.99,KXBTCD,lotto_yes,0.07,0.07,-0.07455700000000001
KXBTCD-26AUG0522-T64399.99,KXBTCD,fav_yes,0.96,0.96,0.03731200000000003
KXBTCD-26AUG0521-T64699.99,KXBTCD,fade_no,0.04,0.97,0.027963000000000026
KXBTCD-26AUG0521-T64699.99,KXBTCD,lotto_yes,0.04,0.04,-0.042688000000000004
KXBTCD-26AUG0521-T64499.99,KXBTCD,fav_yes,0.93,0.93,0.06544299999999996
KXBTCD-26AUG0521-T64299.99,KXBTCD,fav_yes,0.97,0.97,0.027963000000000026
KXBTCD-26AUG0520-T64699.99,KXBTCD,fade_no,0.11,0.91,0.08426699999999997
KXBTCD-26AUG0520-T64699.99,KXBTCD,lotto_yes,0.11,0.11,-0.116853
KXBTCD-26AUG0520-T64599.99,KXBTCD,fav_yes,0.83,0.83,0.16012300000000004
KXBTCD-26AUG0519-T64699.99,KXBTCD,fade_no,0.14,0.87,0.122083
KXBTCD-26AUG0519-T64699.99,KXBTCD,lotto_yes,0.14,0.14,-0.148428
KXBTCD-26AUG0519-T64599.99,KXBTCD,fav_yes,0.85,0.85,-0.8589249999999999
KXBTCD-26AUG0518-T64799.99,KXBTCD,fade_no,0.04,0.97,0.027963000000000026
KXBTCD-26AUG0518-T64799.99,KXBTCD,lotto_yes,0.04,0.04,-0.042688000000000004
KXBTCD-26AUG0518-T64599.99,KXBTCD,fav_yes,0.81,0.81,0.17922699999999994
KXBTCD-26AUG0516-T65099.99,KXBTCD,fade_no,0.04,0.97,0.027963000000000026
KXBTCD-26AUG0516-T65099.99,KXBTCD,lotto_yes,0.04,0.04,-0.042688000000000004
KXBTCD-26AUG0516-T64999.99,KXBTCD,fade_no,0.03,0.98,0.018628000000000016
KXBTCD-26AUG0516-T64999.99,KXBTCD,lotto_yes,0.03,0.03,-0.032036999999999996
KXBTCD-26AUG0516-T64799.99,KXBTCD,fav_yes,0.9,0.9,0.09369999999999998
KXBTCD-26AUG0516-T64599.99,KXBTCD,fav_yes,0.97,0.97,0.027963000000000026
KXBTCD-26AUG0515-T64999.99,KXBTCD,fade_no,0.04,0.97,0.027963000000000026
KXBTCD-26AUG0515-T64999.99,KXBTCD,lotto_yes,0.04,0.04,-0.042688000000000004
KXBTCD-26AUG0515-T64899.99,KXBTCD,fade_no,0.08,0.9299999999999999,0.06544300000000006
KXBTCD-26AUG0515-T64899.99,KXBTCD,lotto_yes,0.08,0.08,-0.085152
KXBTCD-26AUG0515-T64599.99,KXBTCD,fav_yes,0.97,0.97,0.027963000000000026
KXBTCD-26AUG0514-T64799.99,KXBTCD,fade_no,0.03,0.98,0.018628000000000016
KXBTCD-26AUG0514-T64799.99,KXBTCD,lotto_yes,0.03,0.03,-0.032036999999999996
KXBTCD-26AUG0514-T64499.99,KXBTCD,fav_yes,0.96,0.96,0.03731200000000003
KXBTCD-26AUG0514-T64299.99,KXBTCD,fav_yes,0.97,0.97,0.027963000000000026
KXBTCD-26AUG0513-T64899.99,KXBTCD,fade_no,0.04,0.97,0.027963000000000026
KXBTCD-26AUG0513-T64899.99,KXBTCD,lotto_yes,0.04,0.04,-0.042688000000000004
KXBTCD-26AUG0513-T64799.99,KXBTCD,fade_no,0.09,0.92,0.07484799999999996
KXBTCD-26AUG0513-T64799.99,KXBTCD,lotto_yes,0.09,0.09,-0.095733
KXBTCD-26AUG0513-T64499.99,KXBTCD,fav_yes,0.94,0.94,0.056052000000000046
KXBTCD-26AUG0513-T64299.99,KXBTCD,fav_yes,0.91,0.91,0.08426699999999997
KXBTCD-26AUG0512-T64899.99,KXBTCD,fade_no,0.03,0.98,0.018628000000000016
KXBTCD-26AUG0512-T64899.99,KXBTCD,lotto_yes,0.03,0.03,-0.032036999999999996
KXBTCD-26AUG0512-T64799.99,KXBTCD,fade_no,0.06,0.95,0.04667500000000004
KXBTCD-26AUG0512-T64799.99,KXBTCD,lotto_yes,0.06,0.06,-0.063948
KXBTCD-26AUG0512-T64699.99,KXBTCD,fade_no,0.06,0.95,0.04667500000000004
KXBTCD-26AUG0512-T64699.99,KXBTCD,lotto_yes,0.06,0.06,-0.063948
KXBTCD-26AUG0512-T64399.99,KXBTCD,fav_yes,0.85,0.85,-0.8589249999999999
KXBTCD-26AUG0512-T64299.99,KXBTCD,fav_yes,0.8,0.8,0.18879999999999997
KXBTCD-26AUG0512-T64199.99,KXBTCD,fav_yes,0.92,0.92,0.07484799999999996
KXBTCD-26AUG0512-T64099.99,KXBTCD,fav_yes,0.96,0.96,0.03731200000000003
KXBTCD-26AUG0511-T64999.99,KXBTCD,fade_no,0.05,0.96,0.03731200000000003
KXBTCD-26AUG0511-T64999.99,KXBTCD,lotto_yes,0.05,0.05,-0.053325000000000004
KXBTCD-26AUG0511-T64899.99,KXBTCD,fade_no,0.08,0.9299999999999999,0.06544300000000006
KXBTCD-26AUG0511-T64899.99,KXBTCD,lotto_yes,0.08,0.08,-0.085152
KXBTCD-26AUG0511-T64799.99,KXBTCD,fade_no,0.14,0.87,0.122083
KXBTCD-26AUG0511-T64799.99,KXBTCD,lotto_yes,0.14,0.14,-0.148428
KXBTCD-26AUG0511-T64499.99,KXBTCD,fade_no,0.18,0.83,0.16012300000000004
KXBTCD-26AUG0511-T64499.99,KXBTCD,lotto_yes,0.18,0.18,-0.190332
KXBTCD-26AUG0511-T64199.99,KXBTCD,fav_yes,0.85,0.85,0.141075
KXBTCD-26AUG0511-T64099.99,KXBTCD,fav_yes,0.95,0.95,0.04667500000000004
KXBTCD-26AUG0511-T63999.99,KXBTCD,fav_yes,0.97,0.97,0.027963000000000026
KXBTCD-26AUG0510-T64599.99,KXBTCD,fade_no,0.03,0.98,0.018628000000000016
KXBTCD-26AUG0510-T64599.99,KXBTCD,lotto_yes,0.03,0.03,-0.032036999999999996
KXBTCD-26AUG0510-T64499.99,KXBTCD,fade_no,0.06,0.95,0.04667500000000004
KXBTCD-26AUG0510-T64499.99,KXBTCD,lotto_yes,0.06,0.06,-0.063948
KXBTCD-26AUG0510-T64399.99,KXBTCD,fade_no,0.1,0.91,0.08426699999999997
KXBTCD-26AUG0510-T64399.99,KXBTCD,lotto_yes,0.1,0.1,-0.1063
KXBTCD-26AUG0510-T64299.99,KXBTCD,fade_no,0.15,0.86,-0.868428
KXBTCD-26AUG0510-T64299.99,KXBTCD,lotto_yes,0.15,0.15,0.841075
KXBTCD-26AUG0510-T63999.99,KXBTCD,fav_yes,0.8,0.8,0.18879999999999997
KXBTCD-26AUG0510-T63899.99,KXBTCD,fav_yes,0.92,0.92,0.07484799999999996
KXBTCD-26AUG0510-T63799.99,KXBTCD,fav_yes,0.91,0.91,0.08426699999999997
KXBTCD-26AUG0510-T63699.99,KXBTCD,fav_yes,0.95,0.95,0.04667500000000004
KXBTCD-26AUG0510-T63599.99,KXBTCD,fav_yes,0.97,0.97,0.027963000000000026
KXBTCD-26AUG0509-T64599.99,KXBTCD,fade_no,0.05,0.96,0.03731200000000003
KXBTCD-26AUG0509-T64599.99,KXBTCD,lotto_yes,0.05,0.05,-0.053325000000000004
KXBTCD-26AUG0509-T64299.99,KXBTCD,fav_yes,0.93,0.93,-0.9345570000000001
KXBTCD-26AUG0509-T63999.99,KXBTCD,fav_yes,0.97,0.97,0.027963000000000026
KXBTCD-26AUG0508-T64299.99,KXBTCD,fade_no,0.03,0.98,0.018628000000000016
KXBTCD-26AUG0508-T64299.99,KXBTCD,lotto_yes,0.03,0.03,-0.032036999999999996
KXBTCD-26AUG0508-T64199.99,KXBTCD,fade_no,0.08,0.9299999999999999,0.06544300000000006
KXBTCD-26AUG0508-T64199.99,KXBTCD,lotto_yes,0.08,0.08,-0.085152
KXBTCD-26AUG0508-T64099.99,KXBTCD,fade_no,0.18,0.83,0.16012300000000004
KXBTCD-26AUG0508-T64099.99,KXBTCD,lotto_yes,0.18,0.18,-0.190332
KXBTCD-26AUG0508-T63999.99,KXBTCD,fav_yes,0.82,0.82,0.16966800000000004
KXBTCD-26AUG0508-T63899.99,KXBTCD,fav_yes,0.88,0.88,0.112608
KXBTCD-26AUG0508-T63799.99,KXBTCD,fav_yes,0.96,0.96,0.03731200000000003
KXBTCD-26AUG0507-T64299.99,KXBTCD,fade_no,0.04,0.97,0.027963000000000026
KXBTCD-26AUG0507-T64299.99,KXBTCD,lotto_yes,0.04,0.04,-0.042688000000000004
KXBTCD-26AUG0507-T64199.99,KXBTCD,fade_no,0.15,0.86,0.13157200000000002
KXBTCD-26AUG0507-T64199.99,KXBTCD,lotto_yes,0.15,0.15,-0.15892499999999998
KXBTCD-26AUG0507-T64099.99,KXBTCD,fav_yes,0.82,0.82,-0.830332
KXBTCD-26AUG0507-T63899.99,KXBTCD,fav_yes,0.93,0.93,0.06544299999999996
KXBTCD-26AUG0506-T64299.99,KXBTCD,fade_no,0.05,0.96,0.03731200000000003
KXBTCD-26AUG0506-T64299.99,KXBTCD,lotto_yes,0.05,0.05,-0.053325000000000004
KXBTCD-26AUG0506-T64199.99,KXBTCD,fade_no,0.08,0.9299999999999999,0.06544300000000006
KXBTCD-26AUG0506-T64199.99,KXBTCD,lotto_yes,0.08,0.08,-0.085152
KXBTCD-26AUG0506-T63899.99,KXBTCD,fav_yes,0.95,0.95,0.04667500000000004
KXBTCD-26AUG0505-T64399.99,KXBTCD,fade_no,0.03,0.98,0.018628000000000016
KXBTCD-26AUG0505-T64399.99,KXBTCD,lotto_yes,0.03,0.03,-0.032036999999999996
KXBTCD-26AUG0505-T64199.99,KXBTCD,fade_no,0.09,0.92,0.07484799999999996
KXBTCD-26AUG0505-T64199.99,KXBTCD,lotto_yes,0.09,0.09,-0.095733
KXBTCD-26AUG0505-T63999.99,KXBTCD,fav_yes,0.94,0.94,0.056052000000000046
KXBTCD-26AUG0504-T64399.99,KXBTCD,fade_no,0.03,0.98,0.018628000000000016
KXBTCD-26AUG0504-T64399.99,KXBTCD,lotto_yes,0.03,0.03,-0.032036999999999996
KXBTCD-26AUG0504-T64099.99,KXBTCD,fade_no,0.04,0.97,-0.9720369999999999
KXBTCD-26AUG0504-T64099.99,KXBTCD,lotto_yes,0.04,0.04,0.9573119999999999
KXBTCD-26AUG0504-T63899.99,KXBTCD,fav_yes,0.85,0.85,0.141075
KXBTCD-26AUG0503-T64399.99,KXBTCD,fade_no,0.03,0.98,0.018628000000000016
KXBTCD-26AUG0503-T64399.99,KXBTCD,lotto_yes,0.03,0.03,-0.032036999999999996
KXBTCD-26AUG0503-T64299.99,KXBTCD,fade_no,0.17,0.84,0.15059200000000003
KXBTCD-26AUG0503-T64299.99,KXBTCD,lotto_yes,0.17,0.17,-0.179877
KXBTCD-26AUG0503-T64199.99,KXBTCD,fav_yes,0.8,0.8,0.18879999999999997
KXBTCD-26AUG0503-T64099.99,KXBTCD,fav_yes,0.91,0.91,0.08426699999999997
KXBTCD-26AUG0502-T64399.99,KXBTCD,fade_no,0.08,0.9299999999999999,0.06544300000000006
KXBTCD-26AUG0502-T64399.99,KXBTCD,lotto_yes,0.08,0.08,-0.085152
KXBTCD-26AUG0502-T64199.99,KXBTCD,fav_yes,0.93,0.93,0.06544299999999996
KXBTCD-26AUG0501-T64199.99,KXBTCD,fade_no,0.09,0.92,0.07484799999999996
KXBTCD-26AUG0501-T64199.99,KXBTCD,lotto_yes,0.09,0.09,-0.095733
KXBTC-26AUG0600-B64750,KXBTC,fade_no,0.03,0.98,0.018628000000000016
KXBTC-26AUG0600-B64750,KXBTC,lotto_yes,0.03,0.03,-0.032036999999999996
KXBTC-26AUG0600-B64650,KXBTC,fade_no,0.09,0.94,0.056052000000000046
KXBTC-26AUG0600-B64650,KXBTC,lotto_yes,0.09,0.09,-0.095733
KXBTC-26AUG0600-B64550,KXBTC,fade_no,0.19,0.85,0.141075
KXBTC-26AUG0600-B64550,KXBTC,lotto_yes,0.19,0.19,-0.200773
KXBTC-26AUG0600-B64350,KXBTC,fade_no,0.14,0.88,0.112608
KXBTC-26AUG0600-B64350,KXBTC,lotto_yes,0.14,0.14,-0.148428
KXBTC-26AUG0600-B64250,KXBTC,fade_no,0.04,0.98,0.018628000000000016
KXBTC-26AUG0600-B64250,KXBTC,lotto_yes,0.04,0.04,-0.042688000000000004
KXBTC-26AUG0523-B64750,KXBTC,fade_no,0.05,0.98,0.018628000000000016
KXBTC-26AUG0523-B64750,KXBTC,lotto_yes,0.05,0.05,-0.053325000000000004
KXBTC-26AUG0523-B64650,KXBTC,fade_no,0.12,0.92,0.07484799999999996
KXBTC-26AUG0523-B64650,KXBTC,lotto_yes,0.12,0.12,-0.127392
KXBTC-26AUG0523-B64350,KXBTC,fade_no,0.19,0.8200000000000001,0.16966799999999993
KXBTC-26AUG0523-B64350,KXBTC,lotto_yes,0.19,0.19,-0.200773
KXBTC-26AUG0523-B64250,KXBTC,fade_no,0.09,0.96,0.03731200000000003
KXBTC-26AUG0523-B64250,KXBTC,lotto_yes,0.09,0.09,-0.095733
KXBTC-26AUG0522-B64850,KXBTC,fade_no,0.03,0.99,0.009307000000000008
KXBTC-26AUG0522-B64850,KXBTC,lotto_yes,0.03,0.03,-0.032036999999999996
KXBTC-26AUG0522-B64750,KXBTC,fade_no,0.04,0.98,0.018628000000000016
KXBTC-26AUG0522-B64750,KXBTC,lotto_yes,0.04,0.04,-0.042688000000000004
KXBTC-26AUG0522-B64650,KXBTC,fade_no,0.14,0.87,0.122083
KXBTC-26AUG0522-B64650,KXBTC,lotto_yes,0.14,0.14,-0.148428
KXBTC-26AUG0522-B64350,KXBTC,fade_no,0.11,0.91,0.08426699999999997
KXBTC-26AUG0522-B64350,KXBTC,lotto_yes,0.11,0.11,-0.116853
KXBTC-26AUG0522-B64250,KXBTC,fade_no,0.04,0.98,0.018628000000000016
KXBTC-26AUG0522-B64250,KXBTC,lotto_yes,0.04,0.04,-0.042688000000000004
KXBTC-26AUG0521-B64850,KXBTC,fade_no,0.04,0.98,0.018628000000000016
KXBTC-26AUG0521-B64850,KXBTC,lotto_yes,0.04,0.04,-0.042688000000000004
KXBTC-26AUG0521-B64750,KXBTC,fade_no,0.12,0.91,0.08426699999999997
KXBTC-26AUG0521-B64750,KXBTC,lotto_yes,0.12,0.12,-0.127392
KXBTC-26AUG0521-B64450,KXBTC,fade_no,0.19,0.85,0.141075
KXBTC-26AUG0521-B64450,KXBTC,lotto_yes,0.19,0.19,-0.200773
KXBTC-26AUG0521-B64350,KXBTC,fade_no,0.07,0.97,0.027963000000000026
KXBTC-26AUG0521-B64350,KXBTC,lotto_yes,0.07,0.07,-0.07455700000000001
KXBTC-26AUG0521-B64250,KXBTC,fade_no,0.03,0.99,0.009307000000000008
KXBTC-26AUG0521-B64250,KXBTC,lotto_yes,0.03,0.03,-0.032036999999999996
KXBTC-26AUG0520-B64850,KXBTC,fade_no,0.04,0.98,0.018628000000000016
KXBTC-26AUG0520-B64850,KXBTC,lotto_yes,0.04,0.04,-0.042688000000000004
KXBTC-26AUG0520-B64750,KXBTC,fade_no,0.11,0.9,0.09369999999999998
KXBTC-26AUG0520-B64750,KXBTC,lotto_yes,0.11,0.11,-0.116853
KXBTC-26AUG0520-B64550,KXBTC,fade_no,0.14,0.88,0.112608
KXBTC-26AUG0520-B64550,KXBTC,lotto_yes,0.14,0.14,-0.148428
KXBTC-26AUG0520-B64450,KXBTC,fade_no,0.11,0.92,0.07484799999999996
KXBTC-26AUG0520-B64450,KXBTC,lotto_yes,0.11,0.11,-0.116853
KXBTC-26AUG0520-B64350,KXBTC,fade_no,0.04,0.98,0.018628000000000016
KXBTC-26AUG0520-B64350,KXBTC,lotto_yes,0.04,0.04,-0.042688000000000004
KXBTC-26AUG0519-B64950,KXBTC,fade_no,0.03,0.98,0.018628000000000016
KXBTC-26AUG0519-B64950,KXBTC,lotto_yes,0.03,0.03,-0.032036999999999996
KXBTC-26AUG0519-B64850,KXBTC,fade_no,0.04,0.97,0.027963000000000026
KXBTC-26AUG0519-B64850,KXBTC,lotto_yes,0.04,0.04,-0.042688000000000004
KXBTC-26AUG0519-B64750,KXBTC,fade_no,0.13,0.89,0.10314699999999999
KXBTC-26AUG0519-B64750,KXBTC,lotto_yes,0.13,0.13,-0.137917
KXBTC-26AUG0519-B64450,KXBTC,fade_no,0.08,0.9299999999999999,0.06544300000000006
KXBTC-26AUG0519-B64450,KXBTC,lotto_yes,0.08,0.08,-0.085152
KXBTC-26AUG0519-B64350,KXBTC,fade_no,0.05,0.96,0.03731200000000003
KXBTC-26AUG0519-B64350,KXBTC,lotto_yes,0.05,0.05,-0.053325000000000004
KXBTC-26AUG0518-B65050,KXBTC,fade_no,0.03,0.98,0.018628000000000016
KXBTC-26AUG0518-B65050,KXBTC,lotto_yes,0.03,0.03,-0.032036999999999996
KXBTC-26AUG0518-B64950,KXBTC,fade_no,0.07,0.95,0.04667500000000004
KXBTC-26AUG0518-B64950,KXBTC,lotto_yes,0.07,0.07,-0.07455700000000001
KXBTC-26AUG0518-B64850,KXBTC,fade_no,0.18,0.83,0.16012300000000004
KXBTC-26AUG0518-B64850,KXBTC,lotto_yes,0.18,0.18,-0.190332
KXBTC-26AUG0518-B64550,KXBTC,fade_no,0.11,0.9,0.09369999999999998
KXBTC-26AUG0518-B64550,KXBTC,lotto_yes,0.11,0.11,-0.116853
KXBTC-26AUG0518-B64450,KXBTC,fade_no,0.06,0.95,0.04667500000000004
KXBTC-26AUG0518-B64450,KXBTC,lotto_yes,0.06,0.06,-0.063948
KXBTC-26AUG0516-B65150,KXBTC,fade_no,0.05,0.96,0.03731200000000003
KXBTC-26AUG0516-B65150,KXBTC,lotto_yes,0.05,0.05,-0.053325000000000004
KXBTC-26AUG0516-B65050,KXBTC,fade_no,0.1,0.9299999999999999,0.06544300000000006
KXBTC-26AUG0516-B65050,KXBTC,lotto_yes,0.1,0.1,-0.1063
KXBTC-26AUG0516-B64950,KXBTC,fade_no,0.2,0.81,0.17922699999999994
KXBTC-26AUG0516-B64950,KXBTC,lotto_yes,0.2,0.2,-0.2112
KXBTC-26AUG0516-B64650,KXBTC,fade_no,0.11,0.9,0.09369999999999998
KXBTC-26AUG0516-B64650,KXBTC,lotto_yes,0.11,0.11,-0.116853
KXBTC-26AUG0516-B64550,KXBTC,fade_no,0.04,0.98,0.018628000000000016
KXBTC-26AUG0516-B64550,KXBTC,lotto_yes,0.04,0.04,-0.042688000000000004
KXBTC-26AUG0516-B64450,KXBTC,fade_no,0.05,0.96,0.03731200000000003
KXBTC-26AUG0516-B64450,KXBTC,lotto_yes,0.05,0.05,-0.053325000000000004
KXBTC-26AUG0515-B65050,KXBTC,fade_no,0.04,0.99,0.009307000000000008
KXBTC-26AUG0515-B65050,KXBTC,lotto_yes,0.04,0.04,-0.042688000000000004
KXBTC-26AUG0515-B64950,KXBTC,fade_no,0.06,0.96,0.03731200000000003
KXBTC-26AUG0515-B64950,KXBTC,lotto_yes,0.06,0.06,-0.063948
KXBTC-26AUG0515-B64850,KXBTC,fade_no,0.14,0.87,0.122083
KXBTC-26AUG0515-B64850,KXBTC,lotto_yes,0.14,0.14,-0.148428
KXBTC-26AUG0515-B64550,KXBTC,fade_no,0.17,0.86,0.13157200000000002
KXBTC-26AUG0515-B64550,KXBTC,lotto_yes,0.17,0.17,-0.179877
KXBTC-26AUG0515-B64450,KXBTC,fade_no,0.07,0.95,0.04667500000000004
KXBTC-26AUG0515-B64450,KXBTC,lotto_yes,0.07,0.07,-0.07455700000000001
KXBTC-26AUG0515-B64350,KXBTC,fade_no,0.03,0.98,0.018628000000000016
KXBTC-26AUG0515-B64350,KXBTC,lotto_yes,0.03,0.03,-0.032036999999999996
KXBTC-26AUG0514-B64950,KXBTC,fade_no,0.03,0.98,0.018628000000000016
KXBTC-26AUG0514-B64950,KXBTC,lotto_yes,0.03,0.03,-0.032036999999999996
KXBTC-26AUG0514-B64850,KXBTC,fade_no,0.04,0.98,0.018628000000000016
KXBTC-26AUG0514-B64850,KXBTC,lotto_yes,0.04,0.04,-0.042688000000000004
KXBTC-26AUG0514-B64750,KXBTC,fade_no,0.1,0.94,-0.9439479999999999
KXBTC-26AUG0514-B64750,KXBTC,lotto_yes,0.1,0.1,0.8937
KXBTC-26AUG0514-B64350,KXBTC,fade_no,0.11,0.92,0.07484799999999996
KXBTC-26AUG0514-B64350,KXBTC,lotto_yes,0.11,0.11,-0.116853
KXBTC-26AUG0514-B64250,KXBTC,fade_no,0.07,0.99,0.009307000000000008
KXBTC-26AUG0514-B64250,KXBTC,lotto_yes,0.07,0.07,-0.07455700000000001
KXBTC-26AUG0513-B64750,KXBTC,fade_no,0.13,0.9,0.09369999999999998
KXBTC-26AUG0513-B64750,KXBTC,lotto_yes,0.13,0.13,-0.137917
KXBTC-26AUG0513-B64350,KXBTC,fade_no,0.13,0.9,0.09369999999999998
KXBTC-26AUG0513-B64350,KXBTC,lotto_yes,0.13,0.13,-0.137917
KXBTC-26AUG0513-B64250,KXBTC,fade_no,0.07,0.96,0.03731200000000003
KXBTC-26AUG0513-B64250,KXBTC,lotto_yes,0.07,0.07,-0.07455700000000001
KXBTC-26AUG0513-B64150,KXBTC,fade_no,0.03,0.99,0.009307000000000008
KXBTC-26AUG0513-B64150,KXBTC,lotto_yes,0.03,0.03,-0.032036999999999996
KXBTC-26AUG0513-B64050,KXBTC,fade_no,0.03,0.98,0.018628000000000016
KXBTC-26AUG0513-B64050,KXBTC,lotto_yes,0.03,0.03,-0.032036999999999996
KXBTC-26AUG0513-B63950,KXBTC,fade_no,0.04,0.98,0.018628000000000016
KXBTC-26AUG0513-B63950,KXBTC,lotto_yes,0.04,0.04,-0.042688000000000004
KXBTC-26AUG0512-B65050,KXBTC,fade_no,0.04,0.98,0.018628000000000016
KXBTC-26AUG0512-B65050,KXBTC,lotto_yes,0.04,0.04,-0.042688000000000004
KXBTC-26AUG0512-B64950,KXBTC,fade_no,0.04,0.97,0.027963000000000026
KXBTC-26AUG0512-B64950,KXBTC,lotto_yes,0.04,0.04,-0.042688000000000004
KXBTC-26AUG0512-B64850,KXBTC,fade_no,0.05,0.96,0.03731200000000003
KXBTC-26AUG0512-B64850,KXBTC,lotto_yes,0.05,0.05,-0.053325000000000004
KXBTC-26AUG0512-B64750,KXBTC,fade_no,0.07,0.94,0.056052000000000046
KXBTC-26AUG0512-B64750,KXBTC,lotto_yes,0.07,0.07,-0.07455700000000001
KXBTC-26AUG0512-B64650,KXBTC,fade_no,0.12,0.9,0.09369999999999998
KXBTC-26AUG0512-B64650,KXBTC,lotto_yes,0.12,0.12,-0.127392
KXBTC-26AUG0512-B64550,KXBTC,fade_no,0.17,0.84,0.15059200000000003
KXBTC-26AUG0512-B64550,KXBTC,lotto_yes,0.17,0.17,-0.179877
KXBTC-26AUG0512-B64450,KXBTC,fade_no,0.2,0.81,0.17922699999999994
KXBTC-26AUG0512-B64450,KXBTC,lotto_yes,0.2,0.2,-0.2112
KXBTC-26AUG0512-B64350,KXBTC,fade_no,0.16,0.85,-0.8589249999999999
KXBTC-26AUG0512-B64350,KXBTC,lotto_yes,0.16,0.16,0.830592
KXBTC-26AUG0512-B64250,KXBTC,fade_no,0.11,0.9,0.09369999999999998
KXBTC-26AUG0512-B64250,KXBTC,lotto_yes,0.11,0.11,-0.116853
KXBTC-26AUG0512-B64150,KXBTC,fade_no,0.06,0.95,0.04667500000000004
KXBTC-26AUG0512-B64150,KXBTC,lotto_yes,0.06,0.06,-0.063948
KXBTC-26AUG0512-B64050,KXBTC,fade_no,0.06,0.96,0.03731200000000003
KXBTC-26AUG0512-B64050,KXBTC,lotto_yes,0.06,0.06,-0.063948
KXBTC-26AUG0511-B65050,KXBTC,fade_no,0.04,0.97,0.027963000000000026
KXBTC-26AUG0511-B65050,KXBTC,lotto_yes,0.04,0.04,-0.042688000000000004
KXBTC-26AUG0511-B64950,KXBTC,fade_no,0.05,0.96,0.03731200000000003
KXBTC-26AUG0511-B64950,KXBTC,lotto_yes,0.05,0.05,-0.053325000000000004
KXBTC-26AUG0511-B64850,KXBTC,fade_no,0.07,0.95,0.04667500000000004
KXBTC-26AUG0511-B64850,KXBTC,lotto_yes,0.07,0.07,-0.07455700000000001
KXBTC-26AUG0511-B64750,KXBTC,fade_no,0.09,0.92,0.07484799999999996
KXBTC-26AUG0511-B64750,KXBTC,lotto_yes,0.09,0.09,-0.095733
KXBTC-26AUG0511-B64650,KXBTC,fade_no,0.12,0.89,0.10314699999999999
KXBTC-26AUG0511-B64650,KXBTC,lotto_yes,0.12,0.12,-0.127392
KXBTC-26AUG0511-B64550,KXBTC,fade_no,0.15,0.86,0.13157200000000002
KXBTC-26AUG0511-B64550,KXBTC,lotto_yes,0.15,0.15,-0.15892499999999998
KXBTC-26AUG0511-B64450,KXBTC,fade_no,0.16,0.85,-0.8589249999999999
KXBTC-26AUG0511-B64450,KXBTC,lotto_yes,0.16,0.16,0.830592
KXBTC-26AUG0511-B64350,KXBTC,fade_no,0.13,0.88,0.112608
KXBTC-26AUG0511-B64350,KXBTC,lotto_yes,0.13,0.13,-0.137917
KXBTC-26AUG0511-B64250,KXBTC,fade_no,0.08,0.9299999999999999,0.06544300000000006
KXBTC-26AUG0511-B64250,KXBTC,lotto_yes,0.08,0.08,-0.085152
KXBTC-26AUG0511-B64150,KXBTC,fade_no,0.06,0.96,0.03731200000000003
KXBTC-26AUG0511-B64150,KXBTC,lotto_yes,0.06,0.06,-0.063948
KXBTC-26AUG0511-B64050,KXBTC,fade_no,0.04,0.97,0.027963000000000026
KXBTC-26AUG0511-B64050,KXBTC,lotto_yes,0.04,0.04,-0.042688000000000004
KXBTC-26AUG0511-B63950,KXBTC,fade_no,0.03,0.99,0.009307000000000008
KXBTC-26AUG0511-B63950,KXBTC,lotto_yes,0.03,0.03,-0.032036999999999996
KXBTC-26AUG0511-B63850,KXBTC,fade_no,0.03,0.98,0.018628000000000016
KXBTC-26AUG0511-B63850,KXBTC,lotto_yes,0.03,0.03,-0.032036999999999996
KXBTC-26AUG0510-B64550,KXBTC,fade_no,0.03,0.98,0.018628000000000016
KXBTC-26AUG0510-B64550,KXBTC,lotto_yes,0.03,0.03,-0.032036999999999996
KXBTC-26AUG0510-B64450,KXBTC,fade_no,0.05,0.96,0.03731200000000003
KXBTC-26AUG0510-B64450,KXBTC,lotto_yes,0.05,0.05,-0.053325000000000004
KXBTC-26AUG0510-B64250,KXBTC,fade_no,0.16,0.85,0.141075
KXBTC-26AUG0510-B64250,KXBTC,lotto_yes,0.16,0.16,-0.169408
KXBTC-26AUG0510-B64050,KXBTC,fade_no,0.19,0.8200000000000001,0.16966799999999993
KXBTC-26AUG0510-B64050,KXBTC,lotto_yes,0.19,0.19,-0.200773
KXBTC-26AUG0510-B63950,KXBTC,fade_no,0.11,0.9,0.09369999999999998
KXBTC-26AUG0510-B63950,KXBTC,lotto_yes,0.11,0.11,-0.116853
KXBTC-26AUG0510-B63850,KXBTC,fade_no,0.07,0.94,0.056052000000000046
KXBTC-26AUG0510-B63850,KXBTC,lotto_yes,0.07,0.07,-0.07455700000000001
KXBTC-26AUG0510-B63750,KXBTC,fade_no,0.04,0.97,0.027963000000000026
KXBTC-26AUG0510-B63750,KXBTC,lotto_yes,0.04,0.04,-0.042688000000000004
KXBTC-26AUG0509-B64350,KXBTC,fade_no,0.2,0.83,0.16012300000000004
KXBTC-26AUG0509-B64350,KXBTC,lotto_yes,0.2,0.2,-0.2112
KXBTC-26AUG0509-B64150,KXBTC,fade_no,0.09,0.94,0.056052000000000046
KXBTC-26AUG0509-B64150,KXBTC,lotto_yes,0.09,0.09,-0.095733
KXBTC-26AUG0509-B64050,KXBTC,fade_no,0.06,0.97,0.027963000000000026
KXBTC-26AUG0509-B64050,KXBTC,lotto_yes,0.06,0.06,-0.063948
KXBTC-26AUG0509-B63950,KXBTC,fade_no,0.03,0.99,0.009307000000000008
KXBTC-26AUG0509-B63950,KXBTC,lotto_yes,0.03,0.03,-0.032036999999999996
KXBTC-26AUG0509-B63850,KXBTC,fade_no,0.03,0.99,0.009307000000000008
KXBTC-26AUG0509-B63850,KXBTC,lotto_yes,0.03,0.03,-0.032036999999999996
KXBTC-26AUG0509-B63750,KXBTC,fade_no,0.03,0.98,0.018628000000000016
KXBTC-26AUG0509-B63750,KXBTC,lotto_yes,0.03,0.03,-0.032036999999999996
KXBTC-26AUG0508-B64350,KXBTC,fade_no,0.04,0.98,0.018628000000000016
KXBTC-26AUG0508-B64350,KXBTC,lotto_yes,0.04,0.04,-0.042688000000000004
KXBTC-26AUG0508-B64250,KXBTC,fade_no,0.07,0.94,0.056052000000000046
KXBTC-26AUG0508-B64250,KXBTC,lotto_yes,0.07,0.07,-0.07455700000000001
KXBTC-26AUG0508-B64150,KXBTC,fade_no,0.18,0.83,0.16012300000000004
KXBTC-26AUG0508-B64150,KXBTC,lotto_yes,0.18,0.18,-0.190332
KXBTC-26AUG0508-B63850,KXBTC,fade_no,0.11,0.9,0.09369999999999998
KXBTC-26AUG0508-B63850,KXBTC,lotto_yes,0.11,0.11,-0.116853
KXBTC-26AUG0507-B64350,KXBTC,fade_no,0.04,0.98,0.018628000000000016
KXBTC-26AUG0507-B64350,KXBTC,lotto_yes,0.04,0.04,-0.042688000000000004
KXBTC-26AUG0507-B64250,KXBTC,fade_no,0.13,0.91,0.08426699999999997
KXBTC-26AUG0507-B64250,KXBTC,lotto_yes,0.13,0.13,-0.137917
KXBTC-26AUG0507-B64050,KXBTC,fade_no,0.2,0.81,-0.8207730000000001
KXBTC-26AUG0507-B64050,KXBTC,lotto_yes,0.2,0.2,0.7888000000000001
KXBTC-26AUG0507-B63950,KXBTC,fade_no,0.16,0.85,0.141075
KXBTC-26AUG0507-B63950,KXBTC,lotto_yes,0.16,0.16,-0.169408
KXBTC-26AUG0507-B63850,KXBTC,fade_no,0.07,0.94,0.056052000000000046
KXBTC-26AUG0507-B63850,KXBTC,lotto_yes,0.07,0.07,-0.07455700000000001
KXBTC-26AUG0506-B64350,KXBTC,fade_no,0.04,0.97,0.027963000000000026
KXBTC-26AUG0506-B64350,KXBTC,lotto_yes,0.04,0.04,-0.042688000000000004
KXBTC-26AUG0506-B64250,KXBTC,fade_no,0.1,0.91,0.08426699999999997
KXBTC-26AUG0506-B64250,KXBTC,lotto_yes,0.1,0.1,-0.1063
KXBTC-26AUG0506-B63850,KXBTC,fade_no,0.07,0.94,0.056052000000000046
KXBTC-26AUG0506-B63850,KXBTC,lotto_yes,0.07,0.07,-0.07455700000000001
KXBTC-26AUG0505-B64450,KXBTC,fade_no,0.03,0.98,0.018628000000000016
KXBTC-26AUG0505-B64450,KXBTC,lotto_yes,0.03,0.03,-0.032036999999999996
KXBTC-26AUG0505-B64350,KXBTC,fade_no,0.07,0.94,0.056052000000000046
KXBTC-26AUG0505-B64350,KXBTC,lotto_yes,0.07,0.07,-0.07455700000000001
KXBTC-26AUG0505-B64250,KXBTC,fade_no,0.16,0.85,0.141075
KXBTC-26AUG0505-B64250,KXBTC,lotto_yes,0.16,0.16,-0.169408
KXBTC-26AUG0505-B63950,KXBTC,fade_no,0.1,0.9299999999999999,0.06544300000000006
KXBTC-26AUG0505-B63950,KXBTC,lotto_yes,0.1,0.1,-0.1063
KXBTC-26AUG0505-B63850,KXBTC,fade_no,0.04,0.97,0.027963000000000026
KXBTC-26AUG0505-B63850,KXBTC,lotto_yes,0.04,0.04,-0.042688000000000004
KXBTC-26AUG0504-B64450,KXBTC,fade_no,0.03,0.98,0.018628000000000016
KXBTC-26AUG0504-B64450,KXBTC,lotto_yes,0.03,0.03,-0.032036999999999996
KXBTC-26AUG0504-B64350,KXBTC,fade_no,0.06,0.95,0.04667500000000004
KXBTC-26AUG0504-B64350,KXBTC,lotto_yes,0.06,0.06,-0.063948
KXBTC-26AUG0504-B63950,KXBTC,fade_no,0.14,0.87,0.122083
KXBTC-26AUG0504-B63950,KXBTC,lotto_yes,0.14,0.14,-0.148428
KXBTC-26AUG0504-B63850,KXBTC,fade_no,0.07,0.94,0.056052000000000046
KXBTC-26AUG0504-B63850,KXBTC,lotto_yes,0.07,0.07,-0.07455700000000001
KXBTC-26AUG0503-B64550,KXBTC,fade_no,0.07,0.94,0.056052000000000046
KXBTC-26AUG0503-B64550,KXBTC,lotto_yes,0.07,0.07,-0.07455700000000001
KXBTC-26AUG0503-B64450,KXBTC,fade_no,0.1,0.92,0.07484799999999996
KXBTC-26AUG0503-B64450,KXBTC,lotto_yes,0.1,0.1,-0.1063
KXBTC-26AUG0503-B64350,KXBTC,fade_no,0.18,0.83,0.16012300000000004
KXBTC-26AUG0503-B64350,KXBTC,lotto_yes,0.18,0.18,-0.190332
KXBTC-26AUG0503-B64150,KXBTC,fade_no,0.17,0.84,0.15059200000000003
KXBTC-26AUG0503-B64150,KXBTC,lotto_yes,0.17,0.17,-0.179877
KXBTC-26AUG0503-B64050,KXBTC,fade_no,0.08,0.96,0.03731200000000003
KXBTC-26AUG0503-B64050,KXBTC,lotto_yes,0.08,0.08,-0.085152
KXBTC-26AUG0502-B64450,KXBTC,fade_no,0.09,0.92,0.07484799999999996
KXBTC-26AUG0502-B64450,KXBTC,lotto_yes,0.09,0.09,-0.095733
KXBTC-26AUG0502-B64150,KXBTC,fade_no,0.07,0.94,0.056052000000000046
KXBTC-26AUG0502-B64150,KXBTC,lotto_yes,0.07,0.07,-0.07455700000000001
KXBTC-26AUG0502-B64050,KXBTC,fade_no,0.03,0.98,0.018628000000000016
KXBTC-26AUG0502-B64050,KXBTC,lotto_yes,0.03,0.03,-0.032036999999999996
KXBTC-26AUG0501-B64350,KXBTC,fade_no,0.05,0.98,0.018628000000000016
KXBTC-26AUG0501-B64350,KXBTC,lotto_yes,0.05,0.05,-0.053325000000000004
KXBTC-26AUG0501-B64250,KXBTC,fade_no,0.15,0.86,0.13157200000000002
KXBTC-26AUG0501-B64250,KXBTC,lotto_yes,0.15,0.15,-0.15892499999999998
KXBTC-26AUG0501-B63950,KXBTC,fade_no,0.11,0.91,0.08426699999999997
KXBTC-26AUG0501-B63950,KXBTC,lotto_yes,0.11,0.11,-0.116853
KXBTC-26AUG0501-B63850,KXBTC,fade_no,0.03,0.99,0.009307000000000008
KXBTC-26AUG0501-B63850,KXBTC,lotto_yes,0.03,0.03,-0.032036999999999996
KXBTC-26AUG0501-B63750,KXBTC,fade_no,0.03,0.99,0.009307000000000008
KXBTC-26AUG0501-B63750,KXBTC,lotto_yes,0.03,0.03,-0.032036999999999996
KXETHD-26AUG0620-T1894.99,KXETHD,fav_yes,0.96,0.96,0.03731200000000003
KXETHD-26AUG0619-T1904.99,KXETHD,fade_no,0.05,0.96,0.03731200000000003
KXETHD-26AUG0619-T1904.99,KXETHD,lotto_yes,0.05,0.05,-0.053325000000000004
KXETHD-26AUG0619-T1899.99,KXETHD,fav_yes,0.82,0.82,0.16966800000000004
KXETHD-26AUG0618-T1909.99,KXETHD,fade_no,0.11,0.91,0.08426699999999997
KXETHD-26AUG0618-T1909.99,KXETHD,lotto_yes,0.11,0.11,-0.116853
KXETHD-26AUG0618-T1904.99,KXETHD,fav_yes,0.83,0.83,-0.839877
KXETHD-26AUG0616-T1919.99,KXETHD,fade_no,0.03,0.99,0.009307000000000008
KXETHD-26AUG0616-T1919.99,KXETHD,lotto_yes,0.03,0.03,-0.032036999999999996
KXETHD-26AUG0616-T1914.99,KXETHD,fade_no,0.07,0.95,0.04667500000000004
KXETHD-26AUG0616-T1914.99,KXETHD,lotto_yes,0.07,0.07,-0.07455700000000001
KXETHD-26AUG0616-T1909.99,KXETHD,fade_no,0.13,0.89,0.10314699999999999
KXETHD-26AUG0616-T1909.99,KXETHD,lotto_yes,0.13,0.13,-0.137917
KXETHD-26AUG0616-T1904.99,KXETHD,fav_yes,0.82,0.82,0.16966800000000004
KXETHD-26AUG0615-T1919.99,KXETHD,fade_no,0.04,0.97,0.027963000000000026
KXETHD-26AUG0615-T1919.99,KXETHD,lotto_yes,0.04,0.04,-0.042688000000000004
KXETHD-26AUG0615-T1909.99,KXETHD,fade_no,0.04,0.98,0.018628000000000016
KXETHD-26AUG0615-T1909.99,KXETHD,lotto_yes,0.04,0.04,-0.042688000000000004
KXETHD-26AUG0614-T1924.99,KXETHD,fade_no,0.03,0.98,0.018628000000000016
KXETHD-26AUG0614-T1924.99,KXETHD,lotto_yes,0.03,0.03,-0.032036999999999996
KXETHD-26AUG0614-T1914.99,KXETHD,fade_no,0.1,0.92,0.07484799999999996
KXETHD-26AUG0614-T1914.99,KXETHD,lotto_yes,0.1,0.1,-0.1063
KXETHD-26AUG0614-T1904.99,KXETHD,fav_yes,0.93,0.93,0.06544299999999996
KXETHD-26AUG0613-T1919.99,KXETHD,fade_no,0.05,0.97,0.027963000000000026
KXETHD-26AUG0613-T1919.99,KXETHD,lotto_yes,0.05,0.05,-0.053325000000000004
KXETHD-26AUG0613-T1909.99,KXETHD,fav_yes,0.85,0.85,0.141075
KXETHD-26AUG0613-T1899.99,KXETHD,fav_yes,0.94,0.94,0.056052000000000046
KXETHD-26AUG0612-T1919.99,KXETHD,fade_no,0.05,0.96,0.03731200000000003
KXETHD-26AUG0612-T1919.99,KXETHD,lotto_yes,0.05,0.05,-0.053325000000000004
KXETHD-26AUG0612-T1909.99,KXETHD,fav_yes,0.88,0.88,0.112608
KXETHD-26AUG0612-T1904.99,KXETHD,fav_yes,0.83,0.83,0.16012300000000004
KXETHD-26AUG0612-T1899.99,KXETHD,fav_yes,0.96,0.96,0.03731200000000003
KXETHD-26AUG0611-T1924.99,KXETHD,fade_no,0.03,0.98,0.018628000000000016
KXETHD-26AUG0611-T1924.99,KXETHD,lotto_yes,0.03,0.03,-0.032036999999999996
KXETHD-26AUG0611-T1919.99,KXETHD,fade_no,0.06,0.96,0.03731200000000003
KXETHD-26AUG0611-T1919.99,KXETHD,lotto_yes,0.06,0.06,-0.063948
KXETHD-26AUG0611-T1904.99,KXETHD,fav_yes,0.96,0.96,0.03731200000000003
KXETHD-26AUG0611-T1899.99,KXETHD,fav_yes,0.8,0.8,0.18879999999999997
KXETHD-26AUG0611-T1894.99,KXETHD,fav_yes,0.92,0.92,0.07484799999999996
KXETHD-26AUG0610-T1909.99,KXETHD,fade_no,0.04,0.97,0.027963000000000026
KXETHD-26AUG0610-T1909.99,KXETHD,lotto_yes,0.04,0.04,-0.042688000000000004
KXETHD-26AUG0610-T1899.99,KXETHD,fav_yes,0.87,0.87,0.122083
KXETHD-26AUG0610-T1894.99,KXETHD,fav_yes,0.95,0.95,0.04667500000000004
KXETHD-26AUG0610-T1879.99,KXETHD,fav_yes,0.97,0.97,0.027963000000000026
KXETHD-26AUG0609-T1904.99,KXETHD,fade_no,0.13,0.88,0.112608
KXETHD-26AUG0609-T1904.99,KXETHD,lotto_yes,0.13,0.13,-0.137917
KXETHD-26AUG0609-T1894.99,KXETHD,fav_yes,0.93,0.93,0.06544299999999996
KXETHD-26AUG0608-T1909.99,KXETHD,fade_no,0.09,0.9299999999999999,0.06544300000000006
KXETHD-26AUG0608-T1909.99,KXETHD,lotto_yes,0.09,0.09,-0.095733
KXETHD-26AUG0608-T1894.99,KXETHD,fav_yes,0.96,0.96,0.03731200000000003
KXETHD-26AUG0607-T1904.99,KXETHD,fade_no,0.12,0.9,0.09369999999999998
KXETHD-26AUG0607-T1904.99,KXETHD,lotto_yes,0.12,0.12,-0.127392
KXETHD-26AUG0606-T1919.99,KXETHD,fade_no,0.03,0.98,0.018628000000000016
KXETHD-26AUG0606-T1919.99,KXETHD,lotto_yes,0.03,0.03,-0.032036999999999996
KXETHD-26AUG0606-T1914.99,KXETHD,fade_no,0.03,0.98,0.018628000000000016
KXETHD-26AUG0606-T1914.99,KXETHD,lotto_yes,0.03,0.03,-0.032036999999999996
KXETHD-26AUG0606-T1909.99,KXETHD,fade_no,0.03,0.98,0.018628000000000016
KXETHD-26AUG0606-T1909.99,KXETHD,lotto_yes,0.03,0.03,-0.032036999999999996
KXETHD-26AUG0601-T1899.99,KXETHD,fav_yes,0.93,0.93,0.06544299999999996
KXETHD-26AUG0600-T1899.99,KXETHD,fade_no,0.04,0.98,0.018628000000000016
KXETHD-26AUG0600-T1899.99,KXETHD,lotto_yes,0.04,0.04,-0.042688000000000004
KXETHD-26AUG0523-T1904.99,KXETHD,fade_no,0.04,0.98,0.018628000000000016
KXETHD-26AUG0523-T1904.99,KXETHD,lotto_yes,0.04,0.04,-0.042688000000000004
KXETHD-26AUG0523-T1894.99,KXETHD,fav_yes,0.91,0.91,0.08426699999999997
KXETHD-26AUG0522-T1914.99,KXETHD,fade_no,0.03,0.98,0.018628000000000016
KXETHD-26AUG0522-T1914.99,KXETHD,lotto_yes,0.03,0.03,-0.032036999999999996
KXETHD-26AUG0522-T1909.99,KXETHD,fade_no,0.03,0.98,0.018628000000000016
KXETHD-26AUG0522-T1909.99,KXETHD,lotto_yes,0.03,0.03,-0.032036999999999996
KXETHD-26AUG0522-T1899.99,KXETHD,fav_yes,0.91,0.91,0.08426699999999997
KXETHD-26AUG0521-T1919.99,KXETHD,fade_no,0.04,0.98,0.018628000000000016
KXETHD-26AUG0521-T1919.99,KXETHD,lotto_yes,0.04,0.04,-0.042688000000000004
KXETHD-26AUG0521-T1909.99,KXETHD,fade_no,0.17,0.85,0.141075
KXETHD-26AUG0521-T1909.99,KXETHD,lotto_yes,0.17,0.17,-0.179877
KXETHD-26AUG0521-T1904.99,KXETHD,fav_yes,0.86,0.86,0.13157200000000002
KXETHD-26AUG0520-T1914.99,KXETHD,fade_no,0.03,0.99,0.009307000000000008
KXETHD-26AUG0520-T1914.99,KXETHD,lotto_yes,0.03,0.03,-0.032036999999999996
KXETHD-26AUG0520-T1904.99,KXETHD,fav_yes,0.97,0.97,0.027963000000000026
KXETHD-26AUG0519-T1909.99,KXETHD,fade_no,0.19,0.83,0.16012300000000004
KXETHD-26AUG0519-T1909.99,KXETHD,lotto_yes,0.19,0.19,-0.200773
KXETHD-26AUG0519-T1904.99,KXETHD,fav_yes,0.89,0.89,0.10314699999999999
KXETHD-26AUG0518-T1914.99,KXETHD,fade_no,0.04,0.97,0.027963000000000026
KXETHD-26AUG0518-T1914.99,KXETHD,lotto_yes,0.04,0.04,-0.042688000000000004
KXETHD-26AUG0518-T1909.99,KXETHD,fade_no,0.19,0.84,0.15059200000000003
KXETHD-26AUG0518-T1909.99,KXETHD,lotto_yes,0.19,0.19,-0.200773
KXETHD-26AUG0518-T1899.99,KXETHD,fav_yes,0.97,0.97,0.027963000000000026
KXETHD-26AUG0516-T1924.99,KXETHD,fade_no,0.04,0.97,0.027963000000000026
KXETHD-26AUG0516-T1924.99,KXETHD,lotto_yes,0.04,0.04,-0.042688000000000004
KXETHD-26AUG0516-T1914.99,KXETHD,fav_yes,0.87,0.87,0.122083
KXSOLD-26AUG0620-T72.9999,KXSOLD,fade_no,0.03,0.99,0.009307000000000008
KXSOLD-26AUG0620-T72.9999,KXSOLD,lotto_yes,0.03,0.03,-0.032036999999999996
KXSOLD-26AUG0620-T72.7499,KXSOLD,fade_no,0.03,0.99,0.009307000000000008
KXSOLD-26AUG0620-T72.7499,KXSOLD,lotto_yes,0.03,0.03,-0.032036999999999996
KXSOLD-26AUG0620-T72.4999,KXSOLD,fade_no,0.16,0.86,-0.868428
KXSOLD-26AUG0620-T72.4999,KXSOLD,lotto_yes,0.16,0.16,0.830592
KXSOLD-26AUG0620-T72.2499,KXSOLD,fav_yes,0.89,0.89,0.10314699999999999
KXSOLD-26AUG0619-T72.9999,KXSOLD,fade_no,0.06,0.97,0.027963000000000026
KXSOLD-26AUG0619-T72.9999,KXSOLD,lotto_yes,0.06,0.06,-0.063948
KXSOLD-26AUG0619-T72.7499,KXSOLD,fade_no,0.16,0.86,0.13157200000000002
KXSOLD-26AUG0619-T72.7499,KXSOLD,lotto_yes,0.16,0.16,-0.169408
KXSOLD-26AUG0619-T72.4999,KXSOLD,fav_yes,0.91,0.91,0.08426699999999997
KXSOLD-26AUG0618-T73.2499,KXSOLD,fade_no,0.03,0.99,0.009307000000000008
KXSOLD-26AUG0618-T73.2499,KXSOLD,lotto_yes,0.03,0.03,-0.032036999999999996
KXSOLD-26AUG0618-T72.7499,KXSOLD,fav_yes,0.93,0.93,0.06544299999999996
KXSOLD-26AUG0618-T72.4999,KXSOLD,fav_yes,0.96,0.96,0.03731200000000003
KXSOLD-26AUG0616-T72.4999,KXSOLD,fav_yes,0.82,0.82,0.16966800000000004
KXSOLD-26AUG0615-T73.4999,KXSOLD,fade_no,0.04,0.98,0.018628000000000016
KXSOLD-26AUG0615-T73.4999,KXSOLD,lotto_yes,0.04,0.04,-0.042688000000000004
KXSOLD-26AUG0615-T72.9999,KXSOLD,fade_no,0.15,0.88,0.112608
KXSOLD-26AUG0615-T72.9999,KXSOLD,lotto_yes,0.15,0.15,-0.15892499999999998
KXSOLD-26AUG0615-T72.7499,KXSOLD,fav_yes,0.97,0.97,0.027963000000000026
KXSOLD-26AUG0614-T73.7499,KXSOLD,fade_no,0.06,0.96,0.03731200000000003
KXSOLD-26AUG0614-T73.7499,KXSOLD,lotto_yes,0.06,0.06,-0.063948
KXSOLD-26AUG0614-T72.9999,KXSOLD,fav_yes,0.95,0.95,0.04667500000000004
KXSOLD-26AUG0613-T73.4999,KXSOLD,fade_no,0.1,0.9299999999999999,0.06544300000000006
KXSOLD-26AUG0613-T73.4999,KXSOLD,lotto_yes,0.1,0.1,-0.1063
KXSOLD-26AUG0613-T73.2499,KXSOLD,fav_yes,0.83,0.83,0.16012300000000004
KXSOLD-26AUG0613-T72.7499,KXSOLD,fav_yes,0.97,0.97,0.027963000000000026
KXSOLD-26AUG0612-T73.7499,KXSOLD,fade_no,0.06,0.95,0.04667500000000004
KXSOLD-26AUG0612-T73.7499,KXSOLD,lotto_yes,0.06,0.06,-0.063948
KXSOLD-26AUG0612-T73.2499,KXSOLD,fav_yes,0.82,0.82,0.16966800000000004
KXSOLD-26AUG0612-T72.9999,KXSOLD,fav_yes,0.91,0.91,0.08426699999999997
KXSOLD-26AUG0611-T73.7499,KXSOLD,fade_no,0.03,0.98,0.018628000000000016
KXSOLD-26AUG0611-T73.7499,KXSOLD,lotto_yes,0.03,0.03,-0.032036999999999996
KXSOLD-26AUG0611-T73.4999,KXSOLD,fade_no,0.12,0.89,0.10314699999999999
KXSOLD-26AUG0611-T73.4999,KXSOLD,lotto_yes,0.12,0.12,-0.127392
KXSOLD-26AUG0611-T72.7499,KXSOLD,fav_yes,0.92,0.92,0.07484799999999996
KXSOLD-26AUG0610-T73.4999,KXSOLD,fade_no,0.06,0.96,0.03731200000000003
KXSOLD-26AUG0610-T73.4999,KXSOLD,lotto_yes,0.06,0.06,-0.063948
KXSOLD-26AUG0610-T72.9999,KXSOLD,fav_yes,0.88,0.88,0.112608
KXSOLD-26AUG0609-T73.4999,KXSOLD,fade_no,0.05,0.96,0.03731200000000003
KXSOLD-26AUG0609-T73.4999,KXSOLD,lotto_yes,0.05,0.05,-0.053325000000000004
KXSOLD-26AUG0608-T73.2499,KXSOLD,fav_yes,0.8,0.8,0.18879999999999997
KXSOLD-26AUG0608-T72.9999,KXSOLD,fav_yes,0.97,0.97,0.027963000000000026
KXSOLD-26AUG0607-T73.4999,KXSOLD,fade_no,0.15,0.87,0.122083
KXSOLD-26AUG0607-T73.4999,KXSOLD,lotto_yes,0.15,0.15,-0.15892499999999998
KXSOLD-26AUG0606-T73.4999,KXSOLD,fade_no,0.04,0.98,0.018628000000000016
KXSOLD-26AUG0606-T73.4999,KXSOLD,lotto_yes,0.04,0.04,-0.042688000000000004
KXSOLD-26AUG0606-T73.2499,KXSOLD,fav_yes,0.97,0.97,-0.9720369999999999
KXSOLD-26AUG0601-T73.9999,KXSOLD,fade_no,0.06,0.96,0.03731200000000003
KXSOLD-26AUG0601-T73.9999,KXSOLD,lotto_yes,0.06,0.06,-0.063948
KXSOLD-26AUG0601-T73.7499,KXSOLD,fade_no,0.2,0.81,-0.8207730000000001
KXSOLD-26AUG0601-T73.7499,KXSOLD,lotto_yes,0.2,0.2,0.7888000000000001
KXSOLD-26AUG0601-T73.4999,KXSOLD,fav_yes,0.97,0.97,0.027963000000000026
KXSOLD-26AUG0617-T72.9999,KXSOLD,fade_no,0.15,0.87,0.122083
KXSOLD-26AUG0617-T72.9999,KXSOLD,lotto_yes,0.15,0.15,-0.15892499999999998
KXSOLD-26AUG0600-T73.7499,KXSOLD,fade_no,0.03,0.98,0.018628000000000016
KXSOLD-26AUG0600-T73.7499,KXSOLD,lotto_yes,0.03,0.03,-0.032036999999999996
KXSOLD-26AUG0600-T73.4999,KXSOLD,fade_no,0.17,0.84,0.15059200000000003
KXSOLD-26AUG0600-T73.4999,KXSOLD,lotto_yes,0.17,0.17,-0.179877
KXSOLD-26AUG0600-T73.2499,KXSOLD,fav_yes,0.94,0.94,0.056052000000000046
KXSOLD-26AUG0523-T73.7499,KXSOLD,fade_no,0.13,0.89,0.10314699999999999
KXSOLD-26AUG0523-T73.7499,KXSOLD,lotto_yes,0.13,0.13,-0.137917
KXSOLD-26AUG0522-T73.4999,KXSOLD,fav_yes,0.95,0.95,0.04667500000000004
KXSOLD-26AUG0520-T74.2499,KXSOLD,fade_no,0.05,0.97,0.027963000000000026
KXSOLD-26AUG0520-T74.2499,KXSOLD,lotto_yes,0.05,0.05,-0.053325000000000004
KXSOLD-26AUG0519-T73.7499,KXSOLD,fav_yes,0.94,0.94,0.056052000000000046
KXSOLD-26AUG0518-T74.2499,KXSOLD,fade_no,0.12,0.9,0.09369999999999998
KXSOLD-26AUG0518-T74.2499,KXSOLD,lotto_yes,0.12,0.12,-0.127392
KXSOLD-26AUG0518-T73.9999,KXSOLD,fav_yes,0.81,0.81,0.17922699999999994
KXSOLD-26AUG0516-T74.9999,KXSOLD,fade_no,0.03,0.99,0.009307000000000008
KXSOLD-26AUG0516-T74.9999,KXSOLD,lotto_yes,0.03,0.03,-0.032036999999999996
KXSOLD-26AUG0516-T74.2499,KXSOLD,fav_yes,0.93,0.93,0.06544299999999996
KXXRPD-26AUG0317-T1.0999,KXXRPD,fade_no,0.03,0.99,0.009307000000000008
KXXRPD-26AUG0317-T1.0999,KXXRPD,lotto_yes,0.03,0.03,-0.032036999999999996
KXXRPD-26AUG0317-T1.0799,KXXRPD,fav_yes,0.88,0.88,0.112608
KXXRPD-26AUG0223-T1.0799,KXXRPD,fade_no,0.04,0.97,0.027963000000000026
KXXRPD-26AUG0223-T1.0799,KXXRPD,lotto_yes,0.04,0.04,-0.042688000000000004
KXXRPD-26AUG0220-T1.0799,KXXRPD,fav_yes,0.96,0.96,0.03731200000000003
KXXRPD-26AUG0215-T1.0799,KXXRPD,fav_yes,0.91,0.91,0.08426699999999997
KXXRPD-26AUG0214-T1.0799,KXXRPD,fav_yes,0.91,0.91,0.08426699999999997
KXXRPD-26AUG0211-T1.0799,KXXRPD,fav_yes,0.93,0.93,0.06544299999999996
KXXRPD-26AUG0209-T1.0799,KXXRPD,fade_no,0.06,0.95,0.04667500000000004
KXXRPD-26AUG0209-T1.0799,KXXRPD,lotto_yes,0.06,0.06,-0.063948
KXXRPD-26AUG0206-T1.0799,KXXRPD,fav_yes,0.91,0.91,0.08426699999999997
KXDOGED-26JUL3121-T0.0699999,KXDOGED,fade_no,0.1,0.9299999999999999,0.06544300000000006
KXDOGED-26JUL3121-T0.0699999,KXDOGED,lotto_yes,0.1,0.1,-0.1063
KXDOGED-26JUL3118-T0.0699999,KXDOGED,fade_no,0.03,0.99,0.009307000000000008
KXDOGED-26JUL3118-T0.0699999,KXDOGED,lotto_yes,0.03,0.03,-0.032036999999999996
KXDOGED-26JUL3116-T0.0699999,KXDOGED,fade_no,0.07,0.97,0.027963000000000026
KXDOGED-26JUL3116-T0.0699999,KXDOGED,lotto_yes,0.07,0.07,-0.07455700000000001
KXDOGED-26JUL3111-T0.0699999,KXDOGED,fade_no,0.03,0.99,0.009307000000000008
KXDOGED-26JUL3111-T0.0699999,KXDOGED,lotto_yes,0.03,0.03,-0.032036999999999996
KXDOGED-26JUL3109-T0.0699999,KXDOGED,fade_no,0.03,0.99,0.009307000000000008
KXDOGED-26JUL3109-T0.0699999,KXDOGED,lotto_yes,0.03,0.03,-0.032036999999999996
KXDOGED-26JUL3106-T0.0699999,KXDOGED,fade_no,0.03,0.99,0.009307000000000008
KXDOGED-26JUL3106-T0.0699999,KXDOGED,lotto_yes,0.03,0.03,-0.032036999999999996
KXDOGED-26JUL3105-T0.0699999,KXDOGED,fade_no,0.11,0.92,0.07484799999999996
KXDOGED-26JUL3105-T0.0699999,KXDOGED,lotto_yes,0.11,0.11,-0.116853
KXDOGED-26JUL3104-T0.0699999,KXDOGED,fade_no,0.1,0.94,0.056052000000000046
KXDOGED-26JUL3104-T0.0699999,KXDOGED,lotto_yes,0.1,0.1,-0.1063
KXBTCD-26AUG0704-T64399.99,KXBTCD,fade_no,0.07,0.94,0.056052000000000046
KXBTCD-26AUG0704-T64399.99,KXBTCD,lotto_yes,0.07,0.07,-0.07455700000000001
KXBTCD-26AUG0704-T64099.99,KXBTCD,fav_yes,0.97,0.97,0.027963000000000026
KXBTCD-26AUG0703-T64399.99,KXBTCD,fade_no,0.08,0.9299999999999999,0.06544300000000006
KXBTCD-26AUG0703-T64399.99,KXBTCD,lotto_yes,0.08,0.08,-0.085152
KXBTCD-26AUG0703-T64199.99,KXBTCD,fav_yes,0.96,0.96,0.03731200000000003
KXBTCD-26AUG0702-T64399.99,KXBTCD,fade_no,0.03,0.98,0.018628000000000016
KXBTCD-26AUG0702-T64399.99,KXBTCD,lotto_yes,0.03,0.03,-0.032036999999999996
KXBTCD-26AUG0702-T64299.99,KXBTCD,fade_no,0.07,0.94,0.056052000000000046
KXBTCD-26AUG0702-T64299.99,KXBTCD,lotto_yes,0.07,0.07,-0.07455700000000001
KXBTCD-26AUG0701-T64499.99,KXBTCD,fade_no,0.04,0.97,0.027963000000000026
KXBTCD-26AUG0701-T64499.99,KXBTCD,lotto_yes,0.04,0.04,-0.042688000000000004
KXBTCD-26AUG0701-T64299.99,KXBTCD,fade_no,0.05,0.96,0.03731200000000003
KXBTCD-26AUG0701-T64299.99,KXBTCD,lotto_yes,0.05,0.05,-0.053325000000000004
KXBTCD-26AUG0701-T64099.99,KXBTCD,fav_yes,0.97,0.97,0.027963000000000026
KXBTCD-26AUG0700-T64499.99,KXBTCD,fade_no,0.05,0.96,0.03731200000000003
KXBTCD-26AUG0700-T64499.99,KXBTCD,lotto_yes,0.05,0.05,-0.053325000000000004
KXBTCD-26AUG0700-T64399.99,KXBTCD,fade_no,0.04,0.97,0.027963000000000026
KXBTCD-26AUG0700-T64399.99,KXBTCD,lotto_yes,0.04,0.04,-0.042688000000000004
KXBTCD-26AUG0700-T64199.99,KXBTCD,fav_yes,0.92,0.92,0.07484799999999996
KXBTCD-26AUG0623-T64599.99,KXBTCD,fade_no,0.03,0.98,0.018628000000000016
KXBTCD-26AUG0623-T64599.99,KXBTCD,lotto_yes,0.03,0.03,-0.032036999999999996
KXBTCD-26AUG0623-T64499.99,KXBTCD,fade_no,0.05,0.96,0.03731200000000003
KXBTCD-26AUG0623-T64499.99,KXBTCD,lotto_yes,0.05,0.05,-0.053325000000000004
KXBTCD-26AUG0623-T64199.99,KXBTCD,fav_yes,0.96,0.96,0.03731200000000003
KXBTCD-26AUG0623-T64099.99,KXBTCD,fav_yes,0.94,0.94,0.056052000000000046
KXBTCD-26AUG0622-T64399.99,KXBTCD,fade_no,0.17,0.84,0.15059200000000003
KXBTCD-26AUG0622-T64399.99,KXBTCD,lotto_yes,0.17,0.17,-0.179877
KXBTCD-26AUG0622-T64199.99,KXBTCD,fav_yes,0.96,0.96,0.03731200000000003
KXBTCD-26AUG0622-T64099.99,KXBTCD,fav_yes,0.94,0.94,0.056052000000000046
KXBTCD-26AUG0621-T64399.99,KXBTCD,fade_no,0.03,0.98,0.018628000000000016
KXBTCD-26AUG0621-T64399.99,KXBTCD,lotto_yes,0.03,0.03,-0.032036999999999996
KXBTCD-26AUG0621-T64199.99,KXBTCD,fav_yes,0.85,0.85,0.141075
KXBTCD-26AUG0621-T63999.99,KXBTCD,fav_yes,0.95,0.95,0.04667500000000004
KXBTCD-26AUG0620-T64099.99,KXBTCD,fav_yes,0.96,0.96,0.03731200000000003
KXBTCD-26AUG0619-T64499.99,KXBTCD,fade_no,0.06,0.95,0.04667500000000004
KXBTCD-26AUG0619-T64499.99,KXBTCD,lotto_yes,0.06,0.06,-0.063948
KXBTCD-26AUG0619-T64399.99,KXBTCD,fade_no,0.04,0.97,0.027963000000000026
KXBTCD-26AUG0619-T64399.99,KXBTCD,lotto_yes,0.04,0.04,-0.042688000000000004
KXBTCD-26AUG0619-T64199.99,KXBTCD,fav_yes,0.96,0.96,0.03731200000000003
KXBTCD-26AUG0618-T64599.99,KXBTCD,fade_no,0.06,0.95,0.04667500000000004
KXBTCD-26AUG0618-T64599.99,KXBTCD,lotto_yes,0.06,0.06,-0.063948
KXBTCD-26AUG0618-T64499.99,KXBTCD,fade_no,0.12,0.89,0.10314699999999999
KXBTCD-26AUG0618-T64499.99,KXBTCD,lotto_yes,0.12,0.12,-0.127392
KXBTCD-26AUG0618-T64299.99,KXBTCD,fav_yes,0.97,0.97,0.027963000000000026
KXBTCD-26AUG0616-T64499.99,KXBTCD,fade_no,0.03,0.98,0.018628000000000016
KXBTCD-26AUG0616-T64499.99,KXBTCD,lotto_yes,0.03,0.03,-0.032036999999999996
KXBTCD-26AUG0616-T64299.99,KXBTCD,fav_yes,0.89,0.89,0.10314699999999999
KXBTCD-26AUG0615-T64699.99,KXBTCD,fade_no,0.06,0.95,0.04667500000000004
KXBTCD-26AUG0615-T64699.99,KXBTCD,lotto_yes,0.06,0.06,-0.063948
KXBTCD-26AUG0615-T64499.99,KXBTCD,fade_no,0.04,0.97,0.027963000000000026
KXBTCD-26AUG0615-T64499.99,KXBTCD,lotto_yes,0.04,0.04,-0.042688000000000004
KXBTCD-26AUG0615-T64299.99,KXBTCD,fav_yes,0.96,0.96,0.03731200000000003
KXBTCD-26AUG0614-T64999.99,KXBTCD,fade_no,0.03,0.98,0.018628000000000016
KXBTCD-26AUG0614-T64999.99,KXBTCD,lotto_yes,0.03,0.03,-0.032036999999999996
KXBTCD-26AUG0614-T64899.99,KXBTCD,fade_no,0.05,0.96,0.03731200000000003
KXBTCD-26AUG0614-T64899.99,KXBTCD,lotto_yes,0.05,0.05,-0.053325000000000004
KXBTCD-26AUG0614-T64799.99,KXBTCD,fade_no,0.12,0.89,0.10314699999999999
KXBTCD-26AUG0614-T64799.99,KXBTCD,lotto_yes,0.12,0.12,-0.127392
KXBTCD-26AUG0614-T64699.99,KXBTCD,fade_no,0.04,0.97,0.027963000000000026
KXBTCD-26AUG0614-T64699.99,KXBTCD,lotto_yes,0.04,0.04,-0.042688000000000004
KXBTCD-26AUG0614-T64499.99,KXBTCD,fav_yes,0.89,0.89,0.10314699999999999
KXBTCD-26AUG0614-T64399.99,KXBTCD,fav_yes,0.97,0.97,0.027963000000000026
KXBTCD-26AUG0613-T64899.99,KXBTCD,fade_no,0.03,0.98,0.018628000000000016
KXBTCD-26AUG0613-T64899.99,KXBTCD,lotto_yes,0.03,0.03,-0.032036999999999996
KXBTCD-26AUG0613-T64799.99,KXBTCD,fade_no,0.09,0.92,0.07484799999999996
KXBTCD-26AUG0613-T64799.99,KXBTCD,lotto_yes,0.09,0.09,-0.095733
KXBTCD-26AUG0613-T64399.99,KXBTCD,fav_yes,0.84,0.84,0.15059200000000003
KXBTCD-26AUG0613-T64299.99,KXBTCD,fav_yes,0.94,0.94,0.056052000000000046
KXBTCD-26AUG0612-T65199.99,KXBTCD,fade_no,0.03,0.98,0.018628000000000016
KXBTCD-26AUG0612-T65199.99,KXBTCD,lotto_yes,0.03,0.03,-0.032036999999999996
KXBTCD-26AUG0612-T65099.99,KXBTCD,fade_no,0.05,0.96,0.03731200000000003
KXBTCD-26AUG0612-T65099.99,KXBTCD,lotto_yes,0.05,0.05,-0.053325000000000004
KXBTCD-26AUG0612-T64899.99,KXBTCD,fade_no,0.04,0.97,0.027963000000000026
KXBTCD-26AUG0612-T64899.99,KXBTCD,lotto_yes,0.04,0.04,-0.042688000000000004
KXBTCD-26AUG0612-T64799.99,KXBTCD,fade_no,0.19,0.8200000000000001,0.16966799999999993
KXBTCD-26AUG0612-T64799.99,KXBTCD,lotto_yes,0.19,0.19,-0.200773
KXBTCD-26AUG0612-T64599.99,KXBTCD,fav_yes,0.9,0.9,0.09369999999999998
KXBTCD-26AUG0612-T64499.99,KXBTCD,fav_yes,0.89,0.89,0.10314699999999999
KXBTCD-26AUG0612-T64399.99,KXBTCD,fav_yes,0.96,0.96,0.03731200000000003
KXBTCD-26AUG0611-T64899.99,KXBTCD,fade_no,0.03,0.99,0.009307000000000008
KXBTCD-26AUG0611-T64899.99,KXBTCD,lotto_yes,0.03,0.03,-0.032036999999999996
KXBTCD-26AUG0611-T64799.99,KXBTCD,fade_no,0.04,0.97,0.027963000000000026
KXBTCD-26AUG0611-T64799.99,KXBTCD,lotto_yes,0.04,0.04,-0.042688000000000004
KXBTCD-26AUG0611-T64699.99,KXBTCD,fade_no,0.09,0.92,-0.9251520000000001
KXBTCD-26AUG0611-T64699.99,KXBTCD,lotto_yes,0.09,0.09,0.904267
KXBTCD-26AUG0611-T64599.99,KXBTCD,fade_no,0.18,0.83,-0.839877
KXBTCD-26AUG0611-T64599.99,KXBTCD,lotto_yes,0.18,0.18,0.809668
KXBTCD-26AUG0611-T64499.99,KXBTCD,fav_yes,0.94,0.94,0.056052000000000046
KXBTCD-26AUG0611-T64399.99,KXBTCD,fav_yes,0.97,0.97,0.027963000000000026
KXBTCD-26AUG0611-T64199.99,KXBTCD,fav_yes,0.84,0.84,0.15059200000000003
KXBTCD-26AUG0611-T64099.99,KXBTCD,fav_yes,0.92,0.92,0.07484799999999996
KXBTCD-26AUG0610-T64599.99,KXBTCD,fade_no,0.04,0.97,0.027963000000000026
KXBTCD-26AUG0610-T64599.99,KXBTCD,lotto_yes,0.04,0.04,-0.042688000000000004
KXBTCD-26AUG0610-T64499.99,KXBTCD,fade_no,0.07,0.94,0.056052000000000046
KXBTCD-26AUG0610-T64499.99,KXBTCD,lotto_yes,0.07,0.07,-0.07455700000000001
KXBTCD-26AUG0610-T64199.99,KXBTCD,fav_yes,0.86,0.86,0.13157200000000002
KXBTCD-26AUG0610-T64099.99,KXBTCD,fav_yes,0.97,0.97,0.027963000000000026
KXBTCD-26AUG0610-T63899.99,KXBTCD,fav_yes,0.93,0.93,0.06544299999999996
KXBTCD-26AUG0610-T63799.99,KXBTCD,fav_yes,0.96,0.96,0.03731200000000003
KXBTCD-26AUG0609-T64699.99,KXBTCD,fade_no,0.03,0.98,0.018628000000000016
KXBTCD-26AUG0609-T64699.99,KXBTCD,lotto_yes,0.03,0.03,-0.032036999999999996
KXBTCD-26AUG0609-T64599.99,KXBTCD,fade_no,0.03,0.98,0.018628000000000016
KXBTCD-26AUG0609-T64599.99,KXBTCD,lotto_yes,0.03,0.03,-0.032036999999999996
KXBTCD-26AUG0609-T64399.99,KXBTCD,fav_yes,0.83,0.83,-0.839877
KXBTCD-26AUG0609-T64299.99,KXBTCD,fav_yes,0.85,0.85,0.141075
KXBTCD-26AUG0609-T64199.99,KXBTCD,fav_yes,0.95,0.95,0.04667500000000004
KXBTCD-26AUG0608-T64699.99,KXBTCD,fade_no,0.08,0.9299999999999999,0.06544300000000006
KXBTCD-26AUG0608-T64699.99,KXBTCD,lotto_yes,0.08,0.08,-0.085152
KXBTCD-26AUG0608-T64499.99,KXBTCD,fav_yes,0.94,0.94,0.056052000000000046
KXBTCD-26AUG0608-T64399.99,KXBTCD,fav_yes,0.94,0.94,0.056052000000000046
KXBTCD-26AUG0607-T64799.99,KXBTCD,fade_no,0.04,0.97,0.027963000000000026
KXBTCD-26AUG0607-T64799.99,KXBTCD,lotto_yes,0.04,0.04,-0.042688000000000004
KXBTCD-26AUG0607-T64699.99,KXBTCD,fade_no,0.18,0.83,0.16012300000000004
KXBTCD-26AUG0607-T64699.99,KXBTCD,lotto_yes,0.18,0.18,-0.190332
KXBTCD-26AUG0607-T64499.99,KXBTCD,fav_yes,0.87,0.87,0.122083
KXBTCD-26AUG0606-T64999.99,KXBTCD,fade_no,0.03,0.98,0.018628000000000016
KXBTCD-26AUG0606-T64999.99,KXBTCD,lotto_yes,0.03,0.03,-0.032036999999999996
KXBTCD-26AUG0606-T64899.99,KXBTCD,fade_no,0.07,0.94,0.056052000000000046
KXBTCD-26AUG0606-T64899.99,KXBTCD,lotto_yes,0.07,0.07,-0.07455700000000001
KXBTCD-26AUG0606-T64799.99,KXBTCD,fade_no,0.04,0.97,0.027963000000000026
KXBTCD-26AUG0606-T64799.99,KXBTCD,lotto_yes,0.04,0.04,-0.042688000000000004
KXBTCD-26AUG0606-T64699.99,KXBTCD,fade_no,0.1,0.91,0.08426699999999997
KXBTCD-26AUG0606-T64699.99,KXBTCD,lotto_yes,0.1,0.1,-0.1063
KXBTCD-26AUG0601-T64699.99,KXBTCD,fade_no,0.04,0.97,0.027963000000000026
KXBTCD-26AUG0601-T64699.99,KXBTCD,lotto_yes,0.04,0.04,-0.042688000000000004
KXBTCD-26AUG0601-T64499.99,KXBTCD,fav_yes,0.96,0.96,0.03731200000000003
KXBTCD-26AUG0617-T64499.99,KXBTCD,fade_no,0.06,0.95,0.04667500000000004
KXBTCD-26AUG0617-T64499.99,KXBTCD,lotto_yes,0.06,0.06,-0.063948
KXBTC-26AUG0704-B64550,KXBTC,fade_no,0.04,0.99,0.009307000000000008
KXBTC-26AUG0704-B64550,KXBTC,lotto_yes,0.04,0.04,-0.042688000000000004
KXBTC-26AUG0704-B64450,KXBTC,fade_no,0.08,0.96,0.03731200000000003
KXBTC-26AUG0704-B64450,KXBTC,lotto_yes,0.08,0.08,-0.085152
KXBTC-26AUG0704-B64150,KXBTC,fade_no,0.04,0.99,0.009307000000000008
KXBTC-26AUG0704-B64150,KXBTC,lotto_yes,0.04,0.04,-0.042688000000000004
KXBTC-26AUG0704-B64050,KXBTC,fade_no,0.04,0.98,0.018628000000000016
KXBTC-26AUG0704-B64050,KXBTC,lotto_yes,0.04,0.04,-0.042688000000000004
KXBTC-26AUG0703-B64550,KXBTC,fade_no,0.07,0.96,0.03731200000000003
KXBTC-26AUG0703-B64550,KXBTC,lotto_yes,0.07,0.07,-0.07455700000000001
KXBTC-26AUG0703-B64450,KXBTC,fade_no,0.05,0.97,0.027963000000000026
KXBTC-26AUG0703-B64450,KXBTC,lotto_yes,0.05,0.05,-0.053325000000000004
KXBTC-26AUG0703-B64150,KXBTC,fade_no,0.08,0.96,0.03731200000000003
KXBTC-26AUG0703-B64150,KXBTC,lotto_yes,0.08,0.08,-0.085152
KXBTC-26AUG0703-B64050,KXBTC,fade_no,0.04,0.99,0.009307000000000008
KXBTC-26AUG0703-B64050,KXBTC,lotto_yes,0.04,0.04,-0.042688000000000004
KXBTC-26AUG0702-B64450,KXBTC,fade_no,0.03,0.98,0.018628000000000016
KXBTC-26AUG0702-B64450,KXBTC,lotto_yes,0.03,0.03,-0.032036999999999996
KXBTC-26AUG0702-B64350,KXBTC,fade_no,0.04,0.98,0.018628000000000016
KXBTC-26AUG0702-B64350,KXBTC,lotto_yes,0.04,0.04,-0.042688000000000004
KXBTC-26AUG0702-B64250,KXBTC,fade_no,0.16,0.85,-0.8589249999999999
KXBTC-26AUG0702-B64250,KXBTC,lotto_yes,0.16,0.16,0.830592
KXBTC-26AUG0702-B64050,KXBTC,fade_no,0.04,0.99,0.009307000000000008
KXBTC-26AUG0702-B64050,KXBTC,lotto_yes,0.04,0.04,-0.042688000000000004
KXBTC-26AUG0702-B63950,KXBTC,fade_no,0.09,0.9299999999999999,0.06544300000000006
KXBTC-26AUG0702-B63950,KXBTC,lotto_yes,0.09,0.09,-0.095733
KXBTC-26AUG0701-B64550,KXBTC,fade_no,0.04,0.99,0.009307000000000008
KXBTC-26AUG0701-B64550,KXBTC,lotto_yes,0.04,0.04,-0.042688000000000004
KXBTC-26AUG0701-B64450,KXBTC,fade_no,0.11,0.92,0.07484799999999996
KXBTC-26AUG0701-B64450,KXBTC,lotto_yes,0.11,0.11,-0.116853
KXBTC-26AUG0701-B64350,KXBTC,fade_no,0.06,0.97,0.027963000000000026
KXBTC-26AUG0701-B64350,KXBTC,lotto_yes,0.06,0.06,-0.063948
KXBTC-26AUG0701-B64150,KXBTC,fade_no,0.16,0.88,-0.887392
KXBTC-26AUG0701-B64150,KXBTC,lotto_yes,0.16,0.16,0.830592
KXBTC-26AUG0701-B64050,KXBTC,fade_no,0.05,0.98,0.018628000000000016
KXBTC-26AUG0701-B64050,KXBTC,lotto_yes,0.05,0.05,-0.053325000000000004
KXBTC-26AUG0701-B63950,KXBTC,fade_no,0.03,0.98,0.018628000000000016
KXBTC-26AUG0701-B63950,KXBTC,lotto_yes,0.03,0.03,-0.032036999999999996
KXBTC-26AUG0700-B64550,KXBTC,fade_no,0.04,0.98,0.018628000000000016
KXBTC-26AUG0700-B64550,KXBTC,lotto_yes,0.04,0.04,-0.042688000000000004
KXBTC-26AUG0700-B64450,KXBTC,fade_no,0.1,0.9299999999999999,0.06544300000000006
KXBTC-26AUG0700-B64450,KXBTC,lotto_yes,0.1,0.1,-0.1063
KXBTC-26AUG0700-B64050,KXBTC,fade_no,0.06,0.97,0.027963000000000026
KXBTC-26AUG0700-B64050,KXBTC,lotto_yes,0.06,0.06,-0.063948
KXBTC-26AUG0623-B64650,KXBTC,fade_no,0.04,0.99,0.009307000000000008
KXBTC-26AUG0623-B64650,KXBTC,lotto_yes,0.04,0.04,-0.042688000000000004
KXBTC-26AUG0623-B64550,KXBTC,fade_no,0.05,0.97,0.027963000000000026
KXBTC-26AUG0623-B64550,KXBTC,lotto_yes,0.05,0.05,-0.053325000000000004
KXBTC-26AUG0623-B64450,KXBTC,fade_no,0.11,0.9299999999999999,0.06544300000000006
KXBTC-26AUG0623-B64450,KXBTC,lotto_yes,0.11,0.11,-0.116853
KXBTC-26AUG0623-B64150,KXBTC,fade_no,0.14,0.9,0.09369999999999998
KXBTC-26AUG0623-B64150,KXBTC,lotto_yes,0.14,0.14,-0.148428
KXBTC-26AUG0623-B64050,KXBTC,fade_no,0.05,0.98,0.018628000000000016
KXBTC-26AUG0623-B64050,KXBTC,lotto_yes,0.05,0.05,-0.053325000000000004
KXBTC-26AUG0622-B64650,KXBTC,fade_no,0.04,0.99,0.009307000000000008
KXBTC-26AUG0622-B64650,KXBTC,lotto_yes,0.04,0.04,-0.042688000000000004
KXBTC-26AUG0622-B64550,KXBTC,fade_no,0.04,0.98,0.018628000000000016
KXBTC-26AUG0622-B64550,KXBTC,lotto_yes,0.04,0.04,-0.042688000000000004
KXBTC-26AUG0622-B64450,KXBTC,fade_no,0.12,0.92,0.07484799999999996
KXBTC-26AUG0622-B64450,KXBTC,lotto_yes,0.12,0.12,-0.127392
KXBTC-26AUG0622-B64150,KXBTC,fade_no,0.17,0.85,0.141075
KXBTC-26AUG0622-B64150,KXBTC,lotto_yes,0.17,0.17,-0.179877
KXBTC-26AUG0622-B64050,KXBTC,fade_no,0.07,0.96,0.03731200000000003
KXBTC-26AUG0622-B64050,KXBTC,lotto_yes,0.07,0.07,-0.07455700000000001
KXBTC-26AUG0621-B64650,KXBTC,fade_no,0.04,0.99,0.009307000000000008
KXBTC-26AUG0621-B64650,KXBTC,lotto_yes,0.04,0.04,-0.042688000000000004
KXBTC-26AUG0621-B64450,KXBTC,fade_no,0.05,0.98,0.018628000000000016
KXBTC-26AUG0621-B64450,KXBTC,lotto_yes,0.05,0.05,-0.053325000000000004
KXBTC-26AUG0621-B64050,KXBTC,fade_no,0.13,0.88,0.112608
KXBTC-26AUG0621-B64050,KXBTC,lotto_yes,0.13,0.13,-0.137917
KXBTC-26AUG0621-B63950,KXBTC,fade_no,0.06,0.97,0.027963000000000026
KXBTC-26AUG0621-B63950,KXBTC,lotto_yes,0.06,0.06,-0.063948
KXBTC-26AUG0620-B64550,KXBTC,fade_no,0.03,0.99,0.009307000000000008
KXBTC-26AUG0620-B64550,KXBTC,lotto_yes,0.03,0.03,-0.032036999999999996
KXBTC-26AUG0620-B64450,KXBTC,fade_no,0.03,0.99,0.009307000000000008
KXBTC-26AUG0620-B64450,KXBTC,lotto_yes,0.03,0.03,-0.032036999999999996
KXBTC-26AUG0620-B64350,KXBTC,fade_no,0.11,0.92,0.07484799999999996
KXBTC-26AUG0620-B64350,KXBTC,lotto_yes,0.11,0.11,-0.116853
KXBTC-26AUG0620-B64050,KXBTC,fade_no,0.03,0.99,0.009307000000000008
KXBTC-26AUG0620-B64050,KXBTC,lotto_yes,0.03,0.03,-0.032036999999999996
KXBTC-26AUG0619-B64550,KXBTC,fade_no,0.06,0.97,0.027963000000000026
KXBTC-26AUG0619-B64550,KXBTC,lotto_yes,0.06,0.06,-0.063948
KXBTC-26AUG0619-B64450,KXBTC,fade_no,0.07,0.97,0.027963000000000026
KXBTC-26AUG0619-B64450,KXBTC,lotto_yes,0.07,0.07,-0.07455700000000001
KXBTC-26AUG0619-B64150,KXBTC,fade_no,0.05,0.98,0.018628000000000016
KXBTC-26AUG0619-B64150,KXBTC,lotto_yes,0.05,0.05,-0.053325000000000004
KXBTC-26AUG0618-B64650,KXBTC,fade_no,0.04,0.98,0.018628000000000016
KXBTC-26AUG0618-B64650,KXBTC,lotto_yes,0.04,0.04,-0.042688000000000004
KXBTC-26AUG0618-B64550,KXBTC,fade_no,0.09,0.95,0.04667500000000004
KXBTC-26AUG0618-B64550,KXBTC,lotto_yes,0.09,0.09,-0.095733
KXBTC-26AUG0618-B64250,KXBTC,fade_no,0.11,0.92,0.07484799999999996
KXBTC-26AUG0618-B64250,KXBTC,lotto_yes,0.11,0.11,-0.116853
KXBTC-26AUG0616-B64650,KXBTC,fade_no,0.04,0.99,0.009307000000000008
KXBTC-26AUG0616-B64650,KXBTC,lotto_yes,0.04,0.04,-0.042688000000000004
KXBTC-26AUG0616-B64550,KXBTC,fade_no,0.12,0.91,0.08426699999999997
KXBTC-26AUG0616-B64550,KXBTC,lotto_yes,0.12,0.12,-0.127392
KXBTC-26AUG0616-B64250,KXBTC,fade_no,0.12,0.9,0.09369999999999998
KXBTC-26AUG0616-B64250,KXBTC,lotto_yes,0.12,0.12,-0.127392
KXBTC-26AUG0616-B64150,KXBTC,fade_no,0.03,0.98,0.018628000000000016
KXBTC-26AUG0616-B64150,KXBTC,lotto_yes,0.03,0.03,-0.032036999999999996
KXBTC-26AUG0615-B64750,KXBTC,fade_no,0.06,0.96,0.03731200000000003
KXBTC-26AUG0615-B64750,KXBTC,lotto_yes,0.06,0.06,-0.063948
KXBTC-26AUG0615-B64650,KXBTC,fade_no,0.16,0.85,0.141075
KXBTC-26AUG0615-B64650,KXBTC,lotto_yes,0.16,0.16,-0.169408
KXBTC-26AUG0615-B64550,KXBTC,fade_no,0.06,0.98,0.018628000000000016
KXBTC-26AUG0615-B64550,KXBTC,lotto_yes,0.06,0.06,-0.063948
KXBTC-26AUG0615-B64350,KXBTC,fade_no,0.13,0.89,-0.896853
KXBTC-26AUG0615-B64350,KXBTC,lotto_yes,0.13,0.13,0.862083
KXBTC-26AUG0615-B64250,KXBTC,fade_no,0.04,0.98,0.018628000000000016
KXBTC-26AUG0615-B64250,KXBTC,lotto_yes,0.04,0.04,-0.042688000000000004
KXBTC-26AUG0614-B65050,KXBTC,fade_no,0.03,0.98,0.018628000000000016
KXBTC-26AUG0614-B65050,KXBTC,lotto_yes,0.03,0.03,-0.032036999999999996
KXBTC-26AUG0614-B64950,KXBTC,fade_no,0.05,0.98,0.018628000000000016
KXBTC-26AUG0614-B64950,KXBTC,lotto_yes,0.05,0.05,-0.053325000000000004
KXBTC-26AUG0614-B64450,KXBTC,fade_no,0.1,0.9299999999999999,0.06544300000000006
KXBTC-26AUG0614-B64450,KXBTC,lotto_yes,0.1,0.1,-0.1063
KXBTC-26AUG0613-B65050,KXBTC,fade_no,0.05,0.99,0.009307000000000008
KXBTC-26AUG0613-B65050,KXBTC,lotto_yes,0.05,0.05,-0.053325000000000004
KXBTC-26AUG0613-B64950,KXBTC,fade_no,0.03,0.99,0.009307000000000008
KXBTC-26AUG0613-B64950,KXBTC,lotto_yes,0.03,0.03,-0.032036999999999996
KXBTC-26AUG0613-B64850,KXBTC,fade_no,0.06,0.97,0.027963000000000026
KXBTC-26AUG0613-B64850,KXBTC,lotto_yes,0.06,0.06,-0.063948
KXBTC-26AUG0613-B64750,KXBTC,fade_no,0.13,0.9,0.09369999999999998
KXBTC-26AUG0613-B64750,KXBTC,lotto_yes,0.13,0.13,-0.137917
KXBTC-26AUG0613-B64450,KXBTC,fade_no,0.19,0.8200000000000001,0.16966799999999993
KXBTC-26AUG0613-B64450,KXBTC,lotto_yes,0.19,0.19,-0.200773
KXBTC-26AUG0613-B64350,KXBTC,fade_no,0.11,0.9299999999999999,0.06544300000000006
KXBTC-26AUG0613-B64350,KXBTC,lotto_yes,0.11,0.11,-0.116853
KXBTC-26AUG0613-B64250,KXBTC,fade_no,0.05,0.98,0.018628000000000016
KXBTC-26AUG0613-B64250,KXBTC,lotto_yes,0.05,0.05,-0.053325000000000004
KXBTC-26AUG0613-B64150,KXBTC,fade_no,0.04,0.99,0.009307000000000008
KXBTC-26AUG0613-B64150,KXBTC,lotto_yes,0.04,0.04,-0.042688000000000004
KXBTC-26AUG0612-B65250,KXBTC,fade_no,0.03,0.99,0.009307000000000008
KXBTC-26AUG0612-B65250,KXBTC,lotto_yes,0.03,0.03,-0.032036999999999996
KXBTC-26AUG0612-B65050,KXBTC,fade_no,0.05,0.97,0.027963000000000026
KXBTC-26AUG0612-B65050,KXBTC,lotto_yes,0.05,0.05,-0.053325000000000004
KXBTC-26AUG0612-B64950,KXBTC,fade_no,0.09,0.9299999999999999,0.06544300000000006
KXBTC-26AUG0612-B64950,KXBTC,lotto_yes,0.09,0.09,-0.095733
KXBTC-26AUG0612-B64850,KXBTC,fade_no,0.17,0.86,0.13157200000000002
KXBTC-26AUG0612-B64850,KXBTC,lotto_yes,0.17,0.17,-0.179877
KXBTC-26AUG0612-B64650,KXBTC,fade_no,0.19,0.8200000000000001,-0.8303320000000001
KXBTC-26AUG0612-B64650,KXBTC,lotto_yes,0.19,0.19,0.799227
KXBTC-26AUG0612-B64550,KXBTC,fade_no,0.14,0.88,0.112608
KXBTC-26AUG0612-B64550,KXBTC,lotto_yes,0.14,0.14,-0.148428
KXBTC-26AUG0612-B64450,KXBTC,fade_no,0.09,0.92,0.07484799999999996
KXBTC-26AUG0612-B64450,KXBTC,lotto_yes,0.09,0.09,-0.095733
KXBTC-26AUG0612-B64350,KXBTC,fade_no,0.07,0.97,0.027963000000000026
KXBTC-26AUG0612-B64350,KXBTC,lotto_yes,0.07,0.07,-0.07455700000000001
KXBTC-26AUG0611-B64850,KXBTC,fade_no,0.05,0.98,0.018628000000000016
KXBTC-26AUG0611-B64850,KXBTC,lotto_yes,0.05,0.05,-0.053325000000000004
KXBTC-26AUG0611-B64750,KXBTC,fade_no,0.06,0.98,-0.981372
KXBTC-26AUG0611-B64750,KXBTC,lotto_yes,0.06,0.06,0.936052
KXBTC-26AUG0611-B64650,KXBTC,fade_no,0.09,0.9299999999999999,0.06544300000000006
KXBTC-26AUG0611-B64650,KXBTC,lotto_yes,0.09,0.09,-0.095733
KXBTC-26AUG0611-B64550,KXBTC,fade_no,0.16,0.87,0.122083
KXBTC-26AUG0611-B64550,KXBTC,lotto_yes,0.16,0.16,-0.169408
KXBTC-26AUG0611-B64450,KXBTC,fade_no,0.2,0.81,0.17922699999999994
KXBTC-26AUG0611-B64450,KXBTC,lotto_yes,0.2,0.2,-0.2112
KXBTC-26AUG0611-B64350,KXBTC,fade_no,0.2,0.83,0.16012300000000004
KXBTC-26AUG0611-B64350,KXBTC,lotto_yes,0.2,0.2,-0.2112
KXBTC-26AUG0611-B64250,KXBTC,fade_no,0.16,0.87,0.122083
KXBTC-26AUG0611-B64250,KXBTC,lotto_yes,0.16,0.16,-0.169408
KXBTC-26AUG0611-B64150,KXBTC,fade_no,0.1,0.92,0.07484799999999996
KXBTC-26AUG0611-B64150,KXBTC,lotto_yes,0.1,0.1,-0.1063
KXBTC-26AUG0611-B64050,KXBTC,fade_no,0.07,0.96,0.03731200000000003
KXBTC-26AUG0611-B64050,KXBTC,lotto_yes,0.07,0.07,-0.07455700000000001
KXBTC-26AUG0610-B64750,KXBTC,fade_no,0.03,0.99,0.009307000000000008
KXBTC-26AUG0610-B64750,KXBTC,lotto_yes,0.03,0.03,-0.032036999999999996
KXBTC-26AUG0610-B64650,KXBTC,fade_no,0.04,0.98,0.018628000000000016
KXBTC-26AUG0610-B64650,KXBTC,lotto_yes,0.04,0.04,-0.042688000000000004
KXBTC-26AUG0610-B64550,KXBTC,fade_no,0.06,0.97,0.027963000000000026
KXBTC-26AUG0610-B64550,KXBTC,lotto_yes,0.06,0.06,-0.063948
KXBTC-26AUG0610-B64450,KXBTC,fade_no,0.1,0.94,-0.9439479999999999
KXBTC-26AUG0610-B64450,KXBTC,lotto_yes,0.1,0.1,0.8937
KXBTC-26AUG0610-B64050,KXBTC,fade_no,0.18,0.86,0.13157200000000002
KXBTC-26AUG0610-B64050,KXBTC,lotto_yes,0.18,0.18,-0.190332
KXBTC-26AUG0610-B63950,KXBTC,fade_no,0.11,0.92,0.07484799999999996
KXBTC-26AUG0610-B63950,KXBTC,lotto_yes,0.11,0.11,-0.116853
KXBTC-26AUG0610-B63850,KXBTC,fade_no,0.07,0.97,0.027963000000000026
KXBTC-26AUG0610-B63850,KXBTC,lotto_yes,0.07,0.07,-0.07455700000000001
KXBTC-26AUG0610-B63750,KXBTC,fade_no,0.05,0.98,0.018628000000000016
KXBTC-26AUG0610-B63750,KXBTC,lotto_yes,0.05,0.05,-0.053325000000000004
KXBTC-26AUG0609-B64750,KXBTC,fade_no,0.03,0.98,0.018628000000000016
KXBTC-26AUG0609-B64750,KXBTC,lotto_yes,0.03,0.03,-0.032036999999999996
KXBTC-26AUG0609-B64650,KXBTC,fade_no,0.07,0.96,0.03731200000000003
KXBTC-26AUG0609-B64650,KXBTC,lotto_yes,0.07,0.07,-0.07455700000000001
KXBTC-26AUG0609-B64250,KXBTC,fade_no,0.11,0.92,0.07484799999999996
KXBTC-26AUG0609-B64250,KXBTC,lotto_yes,0.11,0.11,-0.116853
KXBTC-26AUG0609-B64150,KXBTC,fade_no,0.06,0.99,0.009307000000000008
KXBTC-26AUG0609-B64150,KXBTC,lotto_yes,0.06,0.06,-0.063948
KXBTC-26AUG0608-B64850,KXBTC,fade_no,0.03,0.99,0.009307000000000008
KXBTC-26AUG0608-B64850,KXBTC,lotto_yes,0.03,0.03,-0.032036999999999996
KXBTC-26AUG0608-B64750,KXBTC,fade_no,0.08,0.96,0.03731200000000003
KXBTC-26AUG0608-B64750,KXBTC,lotto_yes,0.08,0.08,-0.085152
KXBTC-26AUG0608-B64350,KXBTC,fade_no,0.08,0.97,0.027963000000000026
KXBTC-26AUG0608-B64350,KXBTC,lotto_yes,0.08,0.08,-0.085152
KXBTC-26AUG0607-B64850,KXBTC,fade_no,0.04,0.98,0.018628000000000016
KXBTC-26AUG0607-B64850,KXBTC,lotto_yes,0.04,0.04,-0.042688000000000004
KXBTC-26AUG0607-B64750,KXBTC,fade_no,0.14,0.89,0.10314699999999999
KXBTC-26AUG0607-B64750,KXBTC,lotto_yes,0.14,0.14,-0.148428
KXBTC-26AUG0607-B64450,KXBTC,fade_no,0.1,0.92,0.07484799999999996
KXBTC-26AUG0607-B64450,KXBTC,lotto_yes,0.1,0.1,-0.1063
KXBTC-26AUG0607-B64350,KXBTC,fade_no,0.03,0.98,0.018628000000000016
KXBTC-26AUG0607-B64350,KXBTC,lotto_yes,0.03,0.03,-0.032036999999999996
KXBTC-26AUG0607-B64250,KXBTC,fade_no,0.03,0.99,0.009307000000000008
KXBTC-26AUG0607-B64250,KXBTC,lotto_yes,0.03,0.03,-0.032036999999999996
KXBTC-26AUG0606-B65050,KXBTC,fade_no,0.03,0.98,0.018628000000000016
KXBTC-26AUG0606-B65050,KXBTC,lotto_yes,0.03,0.03,-0.032036999999999996
KXBTC-26AUG0606-B64950,KXBTC,fade_no,0.07,0.94,0.056052000000000046
KXBTC-26AUG0606-B64950,KXBTC,lotto_yes,0.07,0.07,-0.07455700000000001
KXBTC-26AUG0606-B64750,KXBTC,fade_no,0.08,0.94,0.056052000000000046
KXBTC-26AUG0606-B64750,KXBTC,lotto_yes,0.08,0.08,-0.085152
KXBTC-26AUG0606-B64550,KXBTC,fade_no,0.07,0.96,0.03731200000000003
KXBTC-26AUG0606-B64550,KXBTC,lotto_yes,0.07,0.07,-0.07455700000000001
KXBTC-26AUG0601-B64750,KXBTC,fade_no,0.14,0.89,0.10314699999999999
KXBTC-26AUG0601-B64750,KXBTC,lotto_yes,0.14,0.14,-0.148428
KXBTC-26AUG0601-B64650,KXBTC,fade_no,0.18,0.85,-0.8589249999999999
KXBTC-26AUG0601-B64650,KXBTC,lotto_yes,0.18,0.18,0.809668
KXBTC-26AUG0601-B64450,KXBTC,fade_no,0.05,0.98,0.018628000000000016
KXBTC-26AUG0601-B64450,KXBTC,lotto_yes,0.05,0.05,-0.053325000000000004
KXBTC-26AUG0601-B64350,KXBTC,fade_no,0.03,0.99,0.009307000000000008
KXBTC-26AUG0601-B64350,KXBTC,lotto_yes,0.03,0.03,-0.032036999999999996
KXBTC-26AUG0601-B64250,KXBTC,fade_no,0.04,0.98,0.018628000000000016
KXBTC-26AUG0601-B64250,KXBTC,lotto_yes,0.04,0.04,-0.042688000000000004
KXBTC-26AUG0617-B65625,KXBTC,fade_no,0.03,0.99,0.009307000000000008
KXBTC-26AUG0617-B65625,KXBTC,lotto_yes,0.03,0.03,-0.032036999999999996
KXBTC-26AUG0617-B65375,KXBTC,fade_no,0.03,0.99,0.009307000000000008
KXBTC-26AUG0617-B65375,KXBTC,lotto_yes,0.03,0.03,-0.032036999999999996
KXBTC-26AUG0617-B65125,KXBTC,fade_no,0.03,0.99,0.009307000000000008
KXBTC-26AUG0617-B65125,KXBTC,lotto_yes,0.03,0.03,-0.032036999999999996
KXBTC-26AUG0617-B64625,KXBTC,fade_no,0.07,0.96,0.03731200000000003
KXBTC-26AUG0617-B64625,KXBTC,lotto_yes,0.07,0.07,-0.07455700000000001
KXBTC-26AUG0617-B64375,KXBTC,fav_yes,0.94,0.94,0.056052000000000046
KXBTC-26AUG0617-B63875,KXBTC,fade_no,0.03,0.99,0.009307000000000008
KXBTC-26AUG0617-B63875,KXBTC,lotto_yes,0.03,0.03,-0.032036999999999996
KXBTC-26AUG0617-B63625,KXBTC,fade_no,0.03,0.99,0.009307000000000008
KXBTC-26AUG0617-B63625,KXBTC,lotto_yes,0.03,0.03,-0.032036999999999996
KXETHD-26AUG0719-T1914.99,KXETHD,fade_no,0.17,0.84,0.15059200000000003
KXETHD-26AUG0719-T1914.99,KXETHD,lotto_yes,0.17,0.17,-0.179877
KXETHD-26AUG0718-T1914.99,KXETHD,fav_yes,0.87,0.87,0.122083
KXETHD-26AUG0716-T1914.99,KXETHD,fav_yes,0.84,0.84,0.15059200000000003
KXETHD-26AUG0715-T1909.99,KXETHD,fade_no,0.16,0.87,0.122083
KXETHD-26AUG0715-T1909.99,KXETHD,lotto_yes,0.16,0.16,-0.169408
KXETHD-26AUG0714-T1914.99,KXETHD,fade_no,0.1,0.91,0.08426699999999997
KXETHD-26AUG0714-T1914.99,KXETHD,lotto_yes,0.1,0.1,-0.1063
KXETHD-26AUG0713-T1934.99,KXETHD,fade_no,0.03,0.98,0.018628000000000016
KXETHD-26AUG0713-T1934.99,KXETHD,lotto_yes,0.03,0.03,-0.032036999999999996
KXETHD-26AUG0713-T1919.99,KXETHD,fade_no,0.05,0.97,0.027963000000000026
KXETHD-26AUG0713-T1919.99,KXETHD,lotto_yes,0.05,0.05,-0.053325000000000004
KXETHD-26AUG0713-T1909.99,KXETHD,fav_yes,0.9,0.9,-0.9063
KXETHD-26AUG0712-T1929.99,KXETHD,fade_no,0.04,0.97,0.027963000000000026
KXETHD-26AUG0712-T1929.99,KXETHD,lotto_yes,0.04,0.04,-0.042688000000000004
KXETHD-26AUG0712-T1924.99,KXETHD,fade_no,0.1,0.92,0.07484799999999996
KXETHD-26AUG0712-T1924.99,KXETHD,lotto_yes,0.1,0.1,-0.1063
KXETHD-26AUG0712-T1914.99,KXETHD,fav_yes,0.85,0.85,0.141075
KXETHD-26AUG0712-T1899.99,KXETHD,fav_yes,0.97,0.97,0.027963000000000026
KXETHD-26AUG0711-T1944.99,KXETHD,fade_no,0.03,0.99,0.009307000000000008
KXETHD-26AUG0711-T1944.99,KXETHD,lotto_yes,0.03,0.03,-0.032036999999999996
KXETHD-26AUG0711-T1924.99,KXETHD,fade_no,0.08,0.94,0.056052000000000046
KXETHD-26AUG0711-T1924.99,KXETHD,lotto_yes,0.08,0.08,-0.085152
KXETHD-26AUG0711-T1909.99,KXETHD,fav_yes,0.91,0.91,0.08426699999999997
KXETHD-26AUG0710-T1949.99,KXETHD,fade_no,0.03,0.98,0.018628000000000016
KXETHD-26AUG0710-T1949.99,KXETHD,lotto_yes,0.03,0.03,-0.032036999999999996
KXETHD-26AUG0710-T1944.99,KXETHD,fade_no,0.03,0.98,0.018628000000000016
KXETHD-26AUG0710-T1944.99,KXETHD,lotto_yes,0.03,0.03,-0.032036999999999996
KXETHD-26AUG0710-T1939.99,KXETHD,fade_no,0.06,0.95,0.04667500000000004
KXETHD-26AUG0710-T1939.99,KXETHD,lotto_yes,0.06,0.06,-0.063948
KXETHD-26AUG0710-T1924.99,KXETHD,fav_yes,0.84,0.84,-0.8494079999999999
KXETHD-26AUG0710-T1919.99,KXETHD,fav_yes,0.96,0.96,0.03731200000000003
KXETHD-26AUG0709-T1939.99,KXETHD,fade_no,0.03,0.98,0.018628000000000016
KXETHD-26AUG0709-T1939.99,KXETHD,lotto_yes,0.03,0.03,-0.032036999999999996
KXETHD-26AUG0709-T1934.99,KXETHD,fade_no,0.06,0.95,0.04667500000000004
KXETHD-26AUG0709-T1934.99,KXETHD,lotto_yes,0.06,0.06,-0.063948
KXETHD-26AUG0709-T1919.99,KXETHD,fav_yes,0.96,0.96,0.03731200000000003
KXETHD-26AUG0708-T1919.99,KXETHD,fade_no,0.03,0.98,0.018628000000000016
KXETHD-26AUG0708-T1919.99,KXETHD,lotto_yes,0.03,0.03,-0.032036999999999996
KXETHD-26AUG0707-T1914.99,KXETHD,fade_no,0.09,0.94,0.056052000000000046
KXETHD-26AUG0707-T1914.99,KXETHD,lotto_yes,0.09,0.09,-0.095733
KXETHD-26AUG0707-T1909.99,KXETHD,fav_yes,0.9,0.9,0.09369999999999998
KXETHD-26AUG0706-T1909.99,KXETHD,fav_yes,0.97,0.97,0.027963000000000026
KXETHD-26AUG0706-T1904.99,KXETHD,fav_yes,0.92,0.92,0.07484799999999996
KXETHD-26AUG0705-T1914.99,KXETHD,fade_no,0.16,0.86,0.13157200000000002
KXETHD-26AUG0705-T1914.99,KXETHD,lotto_yes,0.16,0.16,-0.169408
KXETHD-26AUG0705-T1904.99,KXETHD,fav_yes,0.94,0.94,0.056052000000000046
KXETHD-26AUG0704-T1904.99,KXETHD,fade_no,0.06,0.97,0.027963000000000026
KXETHD-26AUG0704-T1904.99,KXETHD,lotto_yes,0.06,0.06,-0.063948
KXETHD-26AUG0704-T1899.99,KXETHD,fav_yes,0.86,0.86,0.13157200000000002
KXETHD-26AUG0703-T1904.99,KXETHD,fade_no,0.18,0.85,0.141075
KXETHD-26AUG0703-T1904.99,KXETHD,lotto_yes,0.18,0.18,-0.190332
KXETHD-26AUG0703-T1899.99,KXETHD,fav_yes,0.93,0.93,0.06544299999999996
KXETHD-26AUG0703-T1894.99,KXETHD,fav_yes,0.96,0.96,0.03731200000000003
KXETHD-26AUG0702-T1899.99,KXETHD,fade_no,0.05,0.97,-0.9720369999999999
KXETHD-26AUG0702-T1899.99,KXETHD,lotto_yes,0.05,0.05,0.9466749999999999
KXETHD-26AUG0701-T1904.99,KXETHD,fade_no,0.03,0.99,0.009307000000000008
KXETHD-26AUG0701-T1904.99,KXETHD,lotto_yes,0.03,0.03,-0.032036999999999996
KXETHD-26AUG0701-T1899.99,KXETHD,fade_no,0.07,0.94,0.056052000000000046
KXETHD-26AUG0701-T1899.99,KXETHD,lotto_yes,0.07,0.07,-0.07455700000000001
KXETHD-26AUG0701-T1894.99,KXETHD,fav_yes,0.81,0.81,0.17922699999999994
KXETHD-26AUG0700-T1894.99,KXETHD,fav_yes,0.94,0.94,0.056052000000000046
KXETHD-26AUG0623-T1904.99,KXETHD,fade_no,0.07,0.94,0.056052000000000046
KXETHD-26AUG0623-T1904.99,KXETHD,lotto_yes,0.07,0.07,-0.07455700000000001
KXETHD-26AUG0622-T1904.99,KXETHD,fade_no,0.05,0.96,0.03731200000000003
KXETHD-26AUG0622-T1904.99,KXETHD,lotto_yes,0.05,0.05,-0.053325000000000004
KXETHD-26AUG0622-T1894.99,KXETHD,fav_yes,0.92,0.92,0.07484799999999996
KXETHD-26AUG0621-T1904.99,KXETHD,fade_no,0.13,0.88,0.112608
KXETHD-26AUG0621-T1904.99,KXETHD,lotto_yes,0.13,0.13,-0.137917
KXETHD-26AUG0621-T1889.99,KXETHD,fav_yes,0.97,0.97,0.027963000000000026
KXSOLD-26AUG0719-T73.7499,KXSOLD,fade_no,0.09,0.95,0.04667500000000004
KXSOLD-26AUG0719-T73.7499,KXSOLD,lotto_yes,0.09,0.09,-0.095733
KXSOLD-26AUG0719-T73.4999,KXSOLD,fav_yes,0.94,0.94,0.056052000000000046
KXSOLD-26AUG0718-T74.2499,KXSOLD,fade_no,0.03,0.99,0.009307000000000008
KXSOLD-26AUG0718-T74.2499,KXSOLD,lotto_yes,0.03,0.03,-0.032036999999999996
KXSOLD-26AUG0718-T73.9999,KXSOLD,fade_no,0.03,0.99,0.009307000000000008
KXSOLD-26AUG0718-T73.9999,KXSOLD,lotto_yes,0.03,0.03,-0.032036999999999996
KXSOLD-26AUG0716-T73.9999,KXSOLD,fade_no,0.08,0.9299999999999999,0.06544300000000006
KXSOLD-26AUG0716-T73.9999,KXSOLD,lotto_yes,0.08,0.08,-0.085152
KXSOLD-26AUG0715-T73.9999,KXSOLD,fade_no,0.03,0.99,0.009307000000000008
KXSOLD-26AUG0715-T73.9999,KXSOLD,lotto_yes,0.03,0.03,-0.032036999999999996
KXSOLD-26AUG0714-T73.7499,KXSOLD,fade_no,0.04,0.98,0.018628000000000016
KXSOLD-26AUG0714-T73.7499,KXSOLD,lotto_yes,0.04,0.04,-0.042688000000000004
KXSOLD-26AUG0714-T72.9999,KXSOLD,fav_yes,0.9,0.9,0.09369999999999998
KXSOLD-26AUG0713-T73.9999,KXSOLD,fade_no,0.05,0.98,0.018628000000000016
KXSOLD-26AUG0713-T73.9999,KXSOLD,lotto_yes,0.05,0.05,-0.053325000000000004
KXSOLD-26AUG0712-T74.4999,KXSOLD,fade_no,0.03,0.99,0.009307000000000008
KXSOLD-26AUG0712-T74.4999,KXSOLD,lotto_yes,0.03,0.03,-0.032036999999999996
KXSOLD-26AUG0712-T74.2499,KXSOLD,fade_no,0.08,0.95,0.04667500000000004
KXSOLD-26AUG0712-T74.2499,KXSOLD,lotto_yes,0.08,0.08,-0.085152
KXSOLD-26AUG0712-T73.7499,KXSOLD,fav_yes,0.82,0.82,0.16966800000000004
KXSOLD-26AUG0711-T74.4999,KXSOLD,fade_no,0.05,0.97,0.027963000000000026
KXSOLD-26AUG0711-T74.4999,KXSOLD,lotto_yes,0.05,0.05,-0.053325000000000004
KXSOLD-26AUG0711-T74.2499,KXSOLD,fade_no,0.17,0.85,0.141075
KXSOLD-26AUG0711-T74.2499,KXSOLD,lotto_yes,0.17,0.17,-0.179877
KXSOLD-26AUG0711-T73.7499,KXSOLD,fav_yes,0.88,0.88,-0.887392
KXSOLD-26AUG0711-T73.4999,KXSOLD,fav_yes,0.94,0.94,0.056052000000000046
KXSOLD-26AUG0710-T74.4999,KXSOLD,fade_no,0.06,0.96,0.03731200000000003
KXSOLD-26AUG0710-T74.4999,KXSOLD,lotto_yes,0.06,0.06,-0.063948
KXSOLD-26AUG0710-T73.9999,KXSOLD,fav_yes,0.83,0.83,0.16012300000000004
KXSOLD-26AUG0710-T73.2499,KXSOLD,fav_yes,0.97,0.97,0.027963000000000026
KXSOLD-26AUG0709-T73.9999,KXSOLD,fade_no,0.07,0.96,0.03731200000000003
KXSOLD-26AUG0709-T73.9999,KXSOLD,lotto_yes,0.07,0.07,-0.07455700000000001
KXSOLD-26AUG0709-T73.4999,KXSOLD,fav_yes,0.95,0.95,0.04667500000000004
KXSOLD-26AUG0708-T73.7499,KXSOLD,fade_no,0.09,0.94,0.056052000000000046
KXSOLD-26AUG0708-T73.7499,KXSOLD,lotto_yes,0.09,0.09,-0.095733
KXSOLD-26AUG0707-T73.9999,KXSOLD,fade_no,0.03,0.99,0.009307000000000008
KXSOLD-26AUG0707-T73.9999,KXSOLD,lotto_yes,0.03,0.03,-0.032036999999999996
KXSOLD-26AUG0707-T73.2499,KXSOLD,fav_yes,0.97,0.97,0.027963000000000026
KXSOLD-26AUG0706-T73.4999,KXSOLD,fav_yes,0.88,0.88,0.112608
KXSOLD-26AUG0705-T73.2499,KXSOLD,fade_no,0.04,0.99,0.009307000000000008
KXSOLD-26AUG0705-T73.2499,KXSOLD,lotto_yes,0.04,0.04,-0.042688000000000004
KXSOLD-26AUG0705-T72.9999,KXSOLD,fav_yes,0.97,0.97,0.027963000000000026
KXSOLD-26AUG0704-T73.2499,KXSOLD,fade_no,0.03,0.99,0.009307000000000008
KXSOLD-26AUG0704-T73.2499,KXSOLD,lotto_yes,0.03,0.03,-0.032036999999999996
KXSOLD-26AUG0704-T72.9999,KXSOLD,fade_no,0.13,0.89,0.10314699999999999
KXSOLD-26AUG0704-T72.9999,KXSOLD,lotto_yes,0.13,0.13,-0.137917
KXSOLD-26AUG0704-T72.7499,KXSOLD,fav_yes,0.93,0.93,0.06544299999999996
KXSOLD-26AUG0703-T73.2499,KXSOLD,fade_no,0.05,0.98,0.018628000000000016
KXSOLD-26AUG0703-T73.2499,KXSOLD,lotto_yes,0.05,0.05,-0.053325000000000004
KXSOLD-26AUG0703-T72.9999,KXSOLD,fade_no,0.12,0.9,0.09369999999999998
KXSOLD-26AUG0703-T72.9999,KXSOLD,lotto_yes,0.12,0.12,-0.127392
KXSOLD-26AUG0703-T72.7499,KXSOLD,fav_yes,0.82,0.82,0.16966800000000004
KXSOLD-26AUG0702-T72.7499,KXSOLD,fade_no,0.13,0.88,-0.887392
KXSOLD-26AUG0702-T72.7499,KXSOLD,lotto_yes,0.13,0.13,0.862083
KXSOLD-26AUG0702-T72.4999,KXSOLD,fav_yes,0.91,0.91,0.08426699999999997
KXSOLD-26AUG0701-T72.9999,KXSOLD,fade_no,0.07,0.96,0.03731200000000003
KXSOLD-26AUG0701-T72.9999,KXSOLD,lotto_yes,0.07,0.07,-0.07455700000000001
KXSOLD-26AUG0701-T72.4999,KXSOLD,fav_yes,0.95,0.95,0.04667500000000004
KXSOLD-26AUG0700-T72.9999,KXSOLD,fade_no,0.03,0.99,0.009307000000000008
KXSOLD-26AUG0700-T72.9999,KXSOLD,lotto_yes,0.03,0.03,-0.032036999999999996
KXSOLD-26AUG0700-T72.7499,KXSOLD,fade_no,0.16,0.87,0.122083
KXSOLD-26AUG0700-T72.7499,KXSOLD,lotto_yes,0.16,0.16,-0.169408
KXSOLD-26AUG0700-T72.2499,KXSOLD,fav_yes,0.96,0.96,0.03731200000000003
KXSOLD-26AUG0623-T72.7499,KXSOLD,fade_no,0.16,0.86,0.13157200000000002
KXSOLD-26AUG0623-T72.7499,KXSOLD,lotto_yes,0.16,0.16,-0.169408
KXSOLD-26AUG0623-T72.4999,KXSOLD,fav_yes,0.88,0.88,0.112608
KXSOLD-26AUG0622-T72.9999,KXSOLD,fade_no,0.03,0.99,0.009307000000000008
KXSOLD-26AUG0622-T72.9999,KXSOLD,lotto_yes,0.03,0.03,-0.032036999999999996
KXSOLD-26AUG0622-T72.7499,KXSOLD,fade_no,0.08,0.95,0.04667500000000004
KXSOLD-26AUG0622-T72.7499,KXSOLD,lotto_yes,0.08,0.08,-0.085152
KXSOLD-26AUG0621-T73.2499,KXSOLD,fade_no,0.03,0.99,0.009307000000000008
KXSOLD-26AUG0621-T73.2499,KXSOLD,lotto_yes,0.03,0.03,-0.032036999999999996
KXSOLD-26AUG0621-T72.9999,KXSOLD,fade_no,0.06,0.96,0.03731200000000003
KXSOLD-26AUG0621-T72.9999,KXSOLD,lotto_yes,0.06,0.06,-0.063948
KXSOLD-26AUG0621-T72.4999,KXSOLD,fav_yes,0.85,0.85,0.141075
KXXRPD-26AUG0404-T1.0799,KXXRPD,fade_no,0.03,0.99,0.009307000000000008
KXXRPD-26AUG0404-T1.0799,KXXRPD,lotto_yes,0.03,0.03,-0.032036999999999996
KXXRPD-26AUG0403-T1.0799,KXXRPD,fade_no,0.06,0.98,0.018628000000000016
KXXRPD-26AUG0403-T1.0799,KXXRPD,lotto_yes,0.06,0.06,-0.063948
KXXRPD-26AUG0402-T1.0799,KXXRPD,fade_no,0.03,0.99,0.009307000000000008
KXXRPD-26AUG0402-T1.0799,KXXRPD,lotto_yes,0.03,0.03,-0.032036999999999996
KXXRPD-26AUG0323-T1.0799,KXXRPD,fade_no,0.18,0.86,0.13157200000000002
KXXRPD-26AUG0323-T1.0799,KXXRPD,lotto_yes,0.18,0.18,-0.190332
KXXRPD-26AUG0322-T1.0799,KXXRPD,fade_no,0.08,0.95,0.04667500000000004
KXXRPD-26AUG0322-T1.0799,KXXRPD,lotto_yes,0.08,0.08,-0.085152
KXXRPD-26AUG0321-T1.0799,KXXRPD,fade_no,0.03,0.98,0.018628000000000016
KXXRPD-26AUG0321-T1.0799,KXXRPD,lotto_yes,0.03,0.03,-0.032036999999999996
KXXRPD-26AUG0319-T1.0799,KXXRPD,fade_no,0.06,0.95,0.04667500000000004
KXXRPD-26AUG0319-T1.0799,KXXRPD,lotto_yes,0.06,0.06,-0.063948
KXXRPD-26AUG0318-T1.0799,KXXRPD,fav_yes,0.81,0.81,-0.8207730000000001
KXXRPD-26AUG0312-T1.0799,KXXRPD,fav_yes,0.93,0.93,0.06544299999999996
KXXRPD-26AUG0310-T1.0799,KXXRPD,fade_no,0.03,0.99,0.009307000000000008
KXXRPD-26AUG0310-T1.0799,KXXRPD,lotto_yes,0.03,0.03,-0.032036999999999996
KXDOGED-26AUG0122-T0.0699999,KXDOGED,fade_no,0.03,0.98,0.018628000000000016
KXDOGED-26AUG0122-T0.0699999,KXDOGED,lotto_yes,0.03,0.03,-0.032036999999999996
KXDOGED-26AUG0109-T0.0699999,KXDOGED,fade_no,0.03,0.99,0.009307000000000008
KXDOGED-26AUG0109-T0.0699999,KXDOGED,lotto_yes,0.03,0.03,-0.032036999999999996
KXDOGED-26AUG0105-T0.0699999,KXDOGED,fade_no,0.03,0.99,0.009307000000000008
KXDOGED-26AUG0105-T0.0699999,KXDOGED,lotto_yes,0.03,0.03,-0.032036999999999996
KXDOGED-26AUG0104-T0.0699999,KXDOGED,fade_no,0.05,0.99,0.009307000000000008
KXDOGED-26AUG0104-T0.0699999,KXDOGED,lotto_yes,0.05,0.05,-0.053325000000000004
KXDOGED-26AUG0101-T0.0699999,KXDOGED,fav_yes,0.97,0.97,0.027963000000000026
KXDOGED-26AUG0117-T0.0699999,KXDOGED,fade_no,0.07,0.97,0.027963000000000026
KXDOGED-26AUG0117-T0.0699999,KXDOGED,lotto_yes,0.07,0.07,-0.07455700000000001
KXDOGED-26AUG0717-T0.0699999,KXDOGED,fade_no,0.03,0.98,0.018628000000000016
KXDOGED-26AUG0717-T0.0699999,KXDOGED,lotto_yes,0.03,0.03,-0.032036999999999996
KXBTCD-26AUG0804-T64999.99,KXBTCD,fade_no,0.03,0.98,0.018628000000000016
KXBTCD-26AUG0804-T64999.99,KXBTCD,lotto_yes,0.03,0.03,-0.032036999999999996
KXBTCD-26AUG0804-T64899.99,KXBTCD,fav_yes,0.83,0.83,0.16012300000000004
KXBTCD-26AUG0803-T64999.99,KXBTCD,fade_no,0.03,0.98,0.018628000000000016
KXBTCD-26AUG0803-T64999.99,KXBTCD,lotto_yes,0.03,0.03,-0.032036999999999996
KXBTCD-26AUG0803-T64899.99,KXBTCD,fav_yes,0.84,0.84,0.15059200000000003
KXBTCD-26AUG0817-T64999.99,KXBTCD,fav_yes,0.87,0.87,0.122083
KXBTCD-26AUG0802-T64999.99,KXBTCD,fade_no,0.16,0.86,0.13157200000000002
KXBTCD-26AUG0802-T64999.99,KXBTCD,lotto_yes,0.16,0.16,-0.169408
KXBTCD-26AUG0801-T65099.99,KXBTCD,fade_no,0.04,0.98,0.018628000000000016
KXBTCD-26AUG0801-T65099.99,KXBTCD,lotto_yes,0.04,0.04,-0.042688000000000004
KXBTCD-26AUG0801-T64899.99,KXBTCD,fav_yes,0.97,0.97,0.027963000000000026
KXBTCD-26AUG0723-T64999.99,KXBTCD,fade_no,0.03,0.99,0.009307000000000008
KXBTCD-26AUG0723-T64999.99,KXBTCD,lotto_yes,0.03,0.03,-0.032036999999999996
KXBTCD-26AUG0721-T64799.99,KXBTCD,fav_yes,0.97,0.97,0.027963000000000026
KXBTCD-26AUG0720-T64899.99,KXBTCD,fade_no,0.14,0.88,0.112608
KXBTCD-26AUG0720-T64899.99,KXBTCD,lotto_yes,0.14,0.14,-0.148428
KXBTCD-26AUG0719-T64899.99,KXBTCD,fade_no,0.13,0.88,0.112608
KXBTCD-26AUG0719-T64899.99,KXBTCD,lotto_yes,0.13,0.13,-0.137917
KXBTCD-26AUG0719-T64799.99,KXBTCD,fav_yes,0.91,0.91,0.08426699999999997
KXBTCD-26AUG0718-T65099.99,KXBTCD,fade_no,0.07,0.94,0.056052000000000046
KXBTCD-26AUG0718-T65099.99,KXBTCD,lotto_yes,0.07,0.07,-0.07455700000000001
KXBTCD-26AUG0718-T64899.99,KXBTCD,fav_yes,0.93,0.93,0.06544299999999996
KXBTCD-26AUG0716-T65099.99,KXBTCD,fade_no,0.03,0.98,0.018628000000000016
KXBTCD-26AUG0716-T65099.99,KXBTCD,lotto_yes,0.03,0.03,-0.032036999999999996
KXBTCD-26AUG0716-T64999.99,KXBTCD,fade_no,0.14,0.87,0.122083
KXBTCD-26AUG0716-T64999.99,KXBTCD,lotto_yes,0.14,0.14,-0.148428
KXBTCD-26AUG0716-T64799.99,KXBTCD,fav_yes,0.96,0.96,0.03731200000000003
KXBTCD-26AUG0716-T64599.99,KXBTCD,fav_yes,0.97,0.97,0.027963000000000026
KXBTCD-26AUG0715-T65099.99,KXBTCD,fade_no,0.03,0.98,0.018628000000000016
KXBTCD-26AUG0715-T65099.99,KXBTCD,lotto_yes,0.03,0.03,-0.032036999999999996
KXBTCD-26AUG0715-T64799.99,KXBTCD,fade_no,0.05,0.96,0.03731200000000003
KXBTCD-26AUG0715-T64799.99,KXBTCD,lotto_yes,0.05,0.05,-0.053325000000000004
KXBTCD-26AUG0715-T64599.99,KXBTCD,fav_yes,0.95,0.95,0.04667500000000004
KXBTCD-26AUG0714-T64899.99,KXBTCD,fade_no,0.03,0.98,0.018628000000000016
KXBTCD-26AUG0714-T64899.99,KXBTCD,lotto_yes,0.03,0.03,-0.032036999999999996
KXBTCD-26AUG0714-T64699.99,KXBTCD,fade_no,0.19,0.8200000000000001,-0.8303320000000001
KXBTCD-26AUG0714-T64699.99,KXBTCD,lotto_yes,0.19,0.19,0.799227
KXBTCD-26AUG0714-T64499.99,KXBTCD,fav_yes,0.96,0.96,0.03731200000000003
KXBTCD-26AUG0714-T64399.99,KXBTCD,fav_yes,0.94,0.94,0.056052000000000046
KXBTCD-26AUG0713-T65199.99,KXBTCD,fade_no,0.05,0.96,0.03731200000000003
KXBTCD-26AUG0713-T65199.99,KXBTCD,lotto_yes,0.05,0.05,-0.053325000000000004
KXBTCD-26AUG0713-T65099.99,KXBTCD,fade_no,0.03,0.98,0.018628000000000016
KXBTCD-26AUG0713-T65099.99,KXBTCD,lotto_yes,0.03,0.03,-0.032036999999999996
KXBTCD-26AUG0713-T64999.99,KXBTCD,fade_no,0.11,0.9,0.09369999999999998
KXBTCD-26AUG0713-T64999.99,KXBTCD,lotto_yes,0.11,0.11,-0.116853
KXBTCD-26AUG0713-T64799.99,KXBTCD,fav_yes,0.93,0.93,-0.9345570000000001
KXBTCD-26AUG0713-T64699.99,KXBTCD,fav_yes,0.94,0.94,0.056052000000000046
KXBTCD-26AUG0712-T65299.99,KXBTCD,fade_no,0.03,0.98,0.018628000000000016
KXBTCD-26AUG0712-T65299.99,KXBTCD,lotto_yes,0.03,0.03,-0.032036999999999996
KXBTCD-26AUG0712-T65199.99,KXBTCD,fade_no,0.06,0.95,0.04667500000000004
KXBTCD-26AUG0712-T65199.99,KXBTCD,lotto_yes,0.06,0.06,-0.063948
KXBTCD-26AUG0712-T65099.99,KXBTCD,fade_no,0.11,0.9,0.09369999999999998
KXBTCD-26AUG0712-T65099.99,KXBTCD,lotto_yes,0.11,0.11,-0.116853
KXBTCD-26AUG0712-T64899.99,KXBTCD,fav_yes,0.82,0.82,-0.830332
KXBTCD-26AUG0712-T64699.99,KXBTCD,fav_yes,0.83,0.83,0.16012300000000004
KXBTCD-26AUG0712-T64599.99,KXBTCD,fav_yes,0.93,0.93,0.06544299999999996
KXBTCD-26AUG0712-T64499.99,KXBTCD,fav_yes,0.97,0.97,0.027963000000000026
KXBTCD-26AUG0711-T65499.99,KXBTCD,fade_no,0.03,0.98,0.018628000000000016
KXBTCD-26AUG0711-T65499.99,KXBTCD,lotto_yes,0.03,0.03,-0.032036999999999996
KXBTCD-26AUG0711-T65399.99,KXBTCD,fade_no,0.05,0.96,0.03731200000000003
KXBTCD-26AUG0711-T65399.99,KXBTCD,lotto_yes,0.05,0.05,-0.053325000000000004
KXBTCD-26AUG0711-T65299.99,KXBTCD,fade_no,0.11,0.9,0.09369999999999998
KXBTCD-26AUG0711-T65299.99,KXBTCD,lotto_yes,0.11,0.11,-0.116853
KXBTCD-26AUG0711-T65199.99,KXBTCD,fade_no,0.19,0.8200000000000001,0.16966799999999993
KXBTCD-26AUG0711-T65199.99,KXBTCD,lotto_yes,0.19,0.19,-0.200773
KXBTCD-26AUG0711-T64899.99,KXBTCD,fav_yes,0.89,0.89,0.10314699999999999
KXBTCD-26AUG0711-T64799.99,KXBTCD,fav_yes,0.97,0.97,0.027963000000000026
KXBTCD-26AUG0711-T64699.99,KXBTCD,fav_yes,0.9,0.9,0.09369999999999998
KXBTCD-26AUG0711-T64599.99,KXBTCD,fav_yes,0.95,0.95,0.04667500000000004
KXBTCD-26AUG0710-T65699.99,KXBTCD,fade_no,0.04,0.97,0.027963000000000026
KXBTCD-26AUG0710-T65699.99,KXBTCD,lotto_yes,0.04,0.04,-0.042688000000000004
KXBTCD-26AUG0710-T65599.99,KXBTCD,fade_no,0.07,0.94,0.056052000000000046
KXBTCD-26AUG0710-T65599.99,KXBTCD,lotto_yes,0.07,0.07,-0.07455700000000001
KXBTCD-26AUG0710-T65499.99,KXBTCD,fade_no,0.12,0.89,0.10314699999999999
KXBTCD-26AUG0710-T65499.99,KXBTCD,lotto_yes,0.12,0.12,-0.127392
KXBTCD-26AUG0710-T65399.99,KXBTCD,fade_no,0.2,0.81,0.17922699999999994
KXBTCD-26AUG0710-T65399.99,KXBTCD,lotto_yes,0.2,0.2,-0.2112
KXBTCD-26AUG0710-T65099.99,KXBTCD,fav_yes,0.83,0.83,-0.839877
KXBTCD-26AUG0710-T64999.99,KXBTCD,fav_yes,0.93,0.93,-0.9345570000000001
KXBTCD-26AUG0710-T64899.99,KXBTCD,fav_yes,0.92,0.92,0.07484799999999996
KXBTCD-26AUG0710-T64799.99,KXBTCD,fav_yes,0.96,0.96,0.03731200000000003
KXBTCD-26AUG0709-T65599.99,KXBTCD,fade_no,0.03,0.98,0.018628000000000016
KXBTCD-26AUG0709-T65599.99,KXBTCD,lotto_yes,0.03,0.03,-0.032036999999999996
KXBTCD-26AUG0709-T65499.99,KXBTCD,fade_no,0.04,0.97,0.027963000000000026
KXBTCD-26AUG0709-T65499.99,KXBTCD,lotto_yes,0.04,0.04,-0.042688000000000004
KXBTCD-26AUG0709-T65299.99,KXBTCD,fade_no,0.07,0.94,0.056052000000000046
KXBTCD-26AUG0709-T65299.99,KXBTCD,lotto_yes,0.07,0.07,-0.07455700000000001
KXBTCD-26AUG0709-T64999.99,KXBTCD,fav_yes,0.86,0.86,0.13157200000000002
KXBTCD-26AUG0709-T64899.99,KXBTCD,fav_yes,0.97,0.97,0.027963000000000026
KXBTCD-26AUG0709-T64799.99,KXBTCD,fav_yes,0.96,0.96,0.03731200000000003
KXBTCD-26AUG0708-T65399.99,KXBTCD,fade_no,0.04,0.97,0.027963000000000026
KXBTCD-26AUG0708-T65399.99,KXBTCD,lotto_yes,0.04,0.04,-0.042688000000000004
KXBTCD-26AUG0708-T65299.99,KXBTCD,fade_no,0.1,0.91,0.08426699999999997
KXBTCD-26AUG0708-T65299.99,KXBTCD,lotto_yes,0.1,0.1,-0.1063
KXBTCD-26AUG0708-T65099.99,KXBTCD,fade_no,0.09,0.92,0.07484799999999996
KXBTCD-26AUG0708-T65099.99,KXBTCD,lotto_yes,0.09,0.09,-0.095733
KXBTCD-26AUG0708-T64899.99,KXBTCD,fav_yes,0.93,0.93,0.06544299999999996
KXBTCD-26AUG0707-T64999.99,KXBTCD,fade_no,0.06,0.95,0.04667500000000004
KXBTCD-26AUG0707-T64999.99,KXBTCD,lotto_yes,0.06,0.06,-0.063948
KXBTCD-26AUG0707-T64899.99,KXBTCD,fade_no,0.09,0.92,0.07484799999999996
KXBTCD-26AUG0707-T64899.99,KXBTCD,lotto_yes,0.09,0.09,-0.095733
KXBTCD-26AUG0707-T64699.99,KXBTCD,fav_yes,0.96,0.96,0.03731200000000003
KXBTCD-26AUG0707-T64599.99,KXBTCD,fav_yes,0.97,0.97,0.027963000000000026
KXBTCD-26AUG0706-T64999.99,KXBTCD,fade_no,0.05,0.96,0.03731200000000003
KXBTCD-26AUG0706-T64999.99,KXBTCD,lotto_yes,0.05,0.05,-0.053325000000000004
KXBTCD-26AUG0706-T64799.99,KXBTCD,fav_yes,0.8,0.8,-0.8112
KXBTCD-26AUG0706-T64699.99,KXBTCD,fav_yes,0.97,0.97,0.027963000000000026
KXBTCD-26AUG0706-T64499.99,KXBTCD,fav_yes,0.93,0.93,0.06544299999999996
KXBTCD-26AUG0705-T64599.99,KXBTCD,fade_no,0.03,0.98,0.018628000000000016
KXBTCD-26AUG0705-T64599.99,KXBTCD,lotto_yes,0.03,0.03,-0.032036999999999996
KXBTCD-26AUG0705-T64399.99,KXBTCD,fav_yes,0.96,0.96,0.03731200000000003
KXBTC-26AUG0804-B65050,KXBTC,fade_no,0.04,0.98,0.018628000000000016
KXBTC-26AUG0804-B65050,KXBTC,lotto_yes,0.04,0.04,-0.042688000000000004
KXBTC-26AUG0804-B64950,KXBTC,fav_yes,0.82,0.82,0.16966800000000004
KXBTC-26AUG0804-B64850,KXBTC,fade_no,0.18,0.84,0.15059200000000003
KXBTC-26AUG0804-B64850,KXBTC,lotto_yes,0.18,0.18,-0.190332
KXBTC-26AUG0803-B65050,KXBTC,fade_no,0.04,0.99,0.009307000000000008
KXBTC-26AUG0803-B65050,KXBTC,lotto_yes,0.04,0.04,-0.042688000000000004
KXBTC-26AUG0803-B64850,KXBTC,fade_no,0.18,0.84,0.15059200000000003
KXBTC-26AUG0803-B64850,KXBTC,lotto_yes,0.18,0.18,-0.190332
KXBTC-26AUG0802-B65150,KXBTC,fade_no,0.05,0.99,0.009307000000000008
KXBTC-26AUG0802-B65150,KXBTC,lotto_yes,0.05,0.05,-0.053325000000000004
KXBTC-26AUG0802-B65050,KXBTC,fade_no,0.13,0.88,0.112608
KXBTC-26AUG0802-B65050,KXBTC,lotto_yes,0.13,0.13,-0.137917
KXBTC-26AUG0802-B64950,KXBTC,fav_yes,0.82,0.82,0.16966800000000004
KXBTC-26AUG0802-B64850,KXBTC,fade_no,0.03,0.99,0.009307000000000008
KXBTC-26AUG0802-B64850,KXBTC,lotto_yes,0.03,0.03,-0.032036999999999996
KXBTC-26AUG0801-B65150,KXBTC,fade_no,0.04,0.99,0.009307000000000008
KXBTC-26AUG0801-B65150,KXBTC,lotto_yes,0.04,0.04,-0.042688000000000004
KXBTC-26AUG0801-B64850,KXBTC,fade_no,0.03,0.99,0.009307000000000008
KXBTC-26AUG0801-B64850,KXBTC,lotto_yes,0.03,0.03,-0.032036999999999996
KXBTC-26AUG0801-B64750,KXBTC,fade_no,0.05,0.98,0.018628000000000016
KXBTC-26AUG0801-B64750,KXBTC,lotto_yes,0.05,0.05,-0.053325000000000004
KXBTC-26AUG0817-B65125,KXBTC,fav_yes,0.86,0.86,0.13157200000000002
KXBTC-26AUG0817-B64875,KXBTC,fade_no,0.17,0.88,0.112608
KXBTC-26AUG0817-B64875,KXBTC,lotto_yes,0.17,0.17,-0.179877
KXBTC-26AUG0817-B64625,KXBTC,fade_no,0.05,0.99,0.009307000000000008
KXBTC-26AUG0817-B64625,KXBTC,lotto_yes,0.05,0.05,-0.053325000000000004
KXBTC-26AUG0800-B64850,KXBTC,fade_no,0.04,0.98,0.018628000000000016
KXBTC-26AUG0800-B64850,KXBTC,lotto_yes,0.04,0.04,-0.042688000000000004
KXBTC-26AUG0800-B64750,KXBTC,fade_no,0.05,0.99,0.009307000000000008
KXBTC-26AUG0800-B64750,KXBTC,lotto_yes,0.05,0.05,-0.053325000000000004
KXBTC-26AUG0723-B65050,KXBTC,fade_no,0.04,0.99,0.009307000000000008
KXBTC-26AUG0723-B65050,KXBTC,lotto_yes,0.04,0.04,-0.042688000000000004
KXBTC-26AUG0723-B64750,KXBTC,fade_no,0.04,0.99,0.009307000000000008
KXBTC-26AUG0723-B64750,KXBTC,lotto_yes,0.04,0.04,-0.042688000000000004
KXBTC-26AUG0722-B65050,KXBTC,fade_no,0.03,0.99,0.009307000000000008
KXBTC-26AUG0722-B65050,KXBTC,lotto_yes,0.03,0.03,-0.032036999999999996
KXBTC-26AUG0722-B64750,KXBTC,fade_no,0.03,0.99,0.009307000000000008
KXBTC-26AUG0722-B64750,KXBTC,lotto_yes,0.03,0.03,-0.032036999999999996
KXBTC-26AUG0721-B65050,KXBTC,fade_no,0.04,0.98,0.018628000000000016
KXBTC-26AUG0721-B65050,KXBTC,lotto_yes,0.04,0.04,-0.042688000000000004
KXBTC-26AUG0721-B64950,KXBTC,fade_no,0.1,0.94,0.056052000000000046
KXBTC-26AUG0721-B64950,KXBTC,lotto_yes,0.1,0.1,-0.1063
KXBTC-26AUG0721-B64850,KXBTC,fav_yes,0.84,0.84,0.15059200000000003
KXBTC-26AUG0721-B64750,KXBTC,fade_no,0.09,0.94,0.056052000000000046
KXBTC-26AUG0721-B64750,KXBTC,lotto_yes,0.09,0.09,-0.095733
KXBTC-26AUG0721-B64650,KXBTC,fade_no,0.03,0.98,0.018628000000000016
KXBTC-26AUG0721-B64650,KXBTC,lotto_yes,0.03,0.03,-0.032036999999999996
KXBTC-26AUG0720-B65050,KXBTC,fade_no,0.04,0.99,0.009307000000000008
KXBTC-26AUG0720-B65050,KXBTC,lotto_yes,0.04,0.04,-0.042688000000000004
KXBTC-26AUG0720-B64950,KXBTC,fade_no,0.18,0.88,0.112608
KXBTC-26AUG0720-B64950,KXBTC,lotto_yes,0.18,0.18,-0.190332
KXBTC-26AUG0720-B64850,KXBTC,fav_yes,0.85,0.85,0.141075
KXBTC-26AUG0720-B64650,KXBTC,fade_no,0.03,0.99,0.009307000000000008
KXBTC-26AUG0720-B64650,KXBTC,lotto_yes,0.03,0.03,-0.032036999999999996
KXBTC-26AUG0719-B65050,KXBTC,fade_no,0.03,0.99,0.009307000000000008
KXBTC-26AUG0719-B65050,KXBTC,lotto_yes,0.03,0.03,-0.032036999999999996
KXBTC-26AUG0719-B64950,KXBTC,fade_no,0.08,0.97,0.027963000000000026
KXBTC-26AUG0719-B64950,KXBTC,lotto_yes,0.08,0.08,-0.085152
KXBTC-26AUG0719-B64850,KXBTC,fav_yes,0.81,0.81,0.17922699999999994
KXBTC-26AUG0719-B64750,KXBTC,fade_no,0.2,0.87,0.122083
KXBTC-26AUG0719-B64750,KXBTC,lotto_yes,0.2,0.2,-0.2112
KXBTC-26AUG0718-B65150,KXBTC,fade_no,0.11,0.9299999999999999,0.06544300000000006
KXBTC-26AUG0718-B65150,KXBTC,lotto_yes,0.11,0.11,-0.116853
KXBTC-26AUG0718-B64850,KXBTC,fade_no,0.08,0.95,0.04667500000000004
KXBTC-26AUG0718-B64850,KXBTC,lotto_yes,0.08,0.08,-0.085152
KXBTC-26AUG0718-B64750,KXBTC,fade_no,0.04,0.99,0.009307000000000008
KXBTC-26AUG0718-B64750,KXBTC,lotto_yes,0.04,0.04,-0.042688000000000004
KXBTC-26AUG0716-B65050,KXBTC,fade_no,0.07,0.96,0.03731200000000003
KXBTC-26AUG0716-B65050,KXBTC,lotto_yes,0.07,0.07,-0.07455700000000001
KXBTC-26AUG0716-B64750,KXBTC,fade_no,0.05,0.98,0.018628000000000016
KXBTC-26AUG0716-B64750,KXBTC,lotto_yes,0.05,0.05,-0.053325000000000004
KXBTC-26AUG0716-B64650,KXBTC,fade_no,0.03,0.99,0.009307000000000008
KXBTC-26AUG0716-B64650,KXBTC,lotto_yes,0.03,0.03,-0.032036999999999996
KXBTC-26AUG0716-B64550,KXBTC,fade_no,0.05,0.99,0.009307000000000008
KXBTC-26AUG0716-B64550,KXBTC,lotto_yes,0.05,0.05,-0.053325000000000004
KXBTC-26AUG0715-B65150,KXBTC,fade_no,0.05,0.99,0.009307000000000008
KXBTC-26AUG0715-B65150,KXBTC,lotto_yes,0.05,0.05,-0.053325000000000004
KXBTC-26AUG0715-B65050,KXBTC,fade_no,0.06,0.97,0.027963000000000026
KXBTC-26AUG0715-B65050,KXBTC,lotto_yes,0.06,0.06,-0.063948
KXBTC-26AUG0715-B64950,KXBTC,fade_no,0.16,0.85,0.141075
KXBTC-26AUG0715-B64950,KXBTC,lotto_yes,0.16,0.16,-0.169408
KXBTC-26AUG0715-B64550,KXBTC,fade_no,0.06,0.98,0.018628000000000016
KXBTC-26AUG0715-B64550,KXBTC,lotto_yes,0.06,0.06,-0.063948
KXBTC-26AUG0715-B64450,KXBTC,fade_no,0.03,0.99,0.009307000000000008
KXBTC-26AUG0715-B64450,KXBTC,lotto_yes,0.03,0.03,-0.032036999999999996
KXBTC-26AUG0714-B65050,KXBTC,fade_no,0.03,0.98,0.018628000000000016
KXBTC-26AUG0714-B65050,KXBTC,lotto_yes,0.03,0.03,-0.032036999999999996
KXBTC-26AUG0714-B64950,KXBTC,fade_no,0.03,0.99,0.009307000000000008
KXBTC-26AUG0714-B64950,KXBTC,lotto_yes,0.03,0.03,-0.032036999999999996
KXBTC-26AUG0714-B64850,KXBTC,fade_no,0.08,0.95,0.04667500000000004
KXBTC-26AUG0714-B64850,KXBTC,lotto_yes,0.08,0.08,-0.085152
KXBTC-26AUG0714-B64750,KXBTC,fade_no,0.17,0.86,-0.868428
KXBTC-26AUG0714-B64750,KXBTC,lotto_yes,0.17,0.17,0.8201229999999999
KXBTC-26AUG0714-B64450,KXBTC,fade_no,0.14,0.87,0.122083
KXBTC-26AUG0714-B64450,KXBTC,lotto_yes,0.14,0.14,-0.148428
KXBTC-26AUG0714-B64350,KXBTC,fade_no,0.07,0.97,0.027963000000000026
KXBTC-26AUG0714-B64350,KXBTC,lotto_yes,0.07,0.07,-0.07455700000000001
KXBTC-26AUG0713-B65350,KXBTC,fade_no,0.05,0.99,0.009307000000000008
KXBTC-26AUG0713-B65350,KXBTC,lotto_yes,0.05,0.05,-0.053325000000000004
KXBTC-26AUG0713-B65250,KXBTC,fade_no,0.04,0.98,0.018628000000000016
KXBTC-26AUG0713-B65250,KXBTC,lotto_yes,0.04,0.04,-0.042688000000000004
KXBTC-26AUG0713-B65150,KXBTC,fade_no,0.1,0.92,0.07484799999999996
KXBTC-26AUG0713-B65150,KXBTC,lotto_yes,0.1,0.1,-0.1063
KXBTC-26AUG0713-B64750,KXBTC,fade_no,0.09,0.9299999999999999,-0.934557
KXBTC-26AUG0713-B64750,KXBTC,lotto_yes,0.09,0.09,0.904267
KXBTC-26AUG0713-B64650,KXBTC,fade_no,0.05,0.98,0.018628000000000016
KXBTC-26AUG0713-B64650,KXBTC,lotto_yes,0.05,0.05,-0.053325000000000004
KXBTC-26AUG0712-B65450,KXBTC,fade_no,0.04,0.99,0.009307000000000008
KXBTC-26AUG0712-B65450,KXBTC,lotto_yes,0.04,0.04,-0.042688000000000004
KXBTC-26AUG0712-B65350,KXBTC,fade_no,0.03,0.98,0.018628000000000016
KXBTC-26AUG0712-B65350,KXBTC,lotto_yes,0.03,0.03,-0.032036999999999996
KXBTC-26AUG0712-B65250,KXBTC,fade_no,0.05,0.98,0.018628000000000016
KXBTC-26AUG0712-B65250,KXBTC,lotto_yes,0.05,0.05,-0.053325000000000004
KXBTC-26AUG0712-B65150,KXBTC,fade_no,0.08,0.94,0.056052000000000046
KXBTC-26AUG0712-B65150,KXBTC,lotto_yes,0.08,0.08,-0.085152
KXBTC-26AUG0712-B65050,KXBTC,fade_no,0.16,0.88,0.112608
KXBTC-26AUG0712-B65050,KXBTC,lotto_yes,0.16,0.16,-0.169408
KXBTC-26AUG0712-B64750,KXBTC,fade_no,0.18,0.86,0.13157200000000002
KXBTC-26AUG0712-B64750,KXBTC,lotto_yes,0.18,0.18,-0.190332
KXBTC-26AUG0712-B64650,KXBTC,fade_no,0.09,0.9299999999999999,0.06544300000000006
KXBTC-26AUG0712-B64650,KXBTC,lotto_yes,0.09,0.09,-0.095733
KXBTC-26AUG0712-B64550,KXBTC,fade_no,0.05,0.97,0.027963000000000026
KXBTC-26AUG0712-B64550,KXBTC,lotto_yes,0.05,0.05,-0.053325000000000004
KXBTC-26AUG0712-B64450,KXBTC,fade_no,0.04,0.98,0.018628000000000016
KXBTC-26AUG0712-B64450,KXBTC,lotto_yes,0.04,0.04,-0.042688000000000004
KXBTC-26AUG0711-B65450,KXBTC,fade_no,0.06,0.98,0.018628000000000016
KXBTC-26AUG0711-B65450,KXBTC,lotto_yes,0.06,0.06,-0.063948
KXBTC-26AUG0711-B65350,KXBTC,fade_no,0.05,0.96,0.03731200000000003
KXBTC-26AUG0711-B65350,KXBTC,lotto_yes,0.05,0.05,-0.053325000000000004
KXBTC-26AUG0711-B65250,KXBTC,fade_no,0.09,0.9299999999999999,0.06544300000000006
KXBTC-26AUG0711-B65250,KXBTC,lotto_yes,0.09,0.09,-0.095733
KXBTC-26AUG0711-B65050,KXBTC,fade_no,0.19,0.8200000000000001,0.16966799999999993
KXBTC-26AUG0711-B65050,KXBTC,lotto_yes,0.19,0.19,-0.200773
KXBTC-26AUG0711-B64950,KXBTC,fade_no,0.19,0.8200000000000001,-0.8303320000000001
KXBTC-26AUG0711-B64950,KXBTC,lotto_yes,0.19,0.19,0.799227
KXBTC-26AUG0711-B64850,KXBTC,fade_no,0.09,0.9299999999999999,0.06544300000000006
KXBTC-26AUG0711-B64850,KXBTC,lotto_yes,0.09,0.09,-0.095733
KXBTC-26AUG0711-B64750,KXBTC,fade_no,0.11,0.92,0.07484799999999996
KXBTC-26AUG0711-B64750,KXBTC,lotto_yes,0.11,0.11,-0.116853
KXBTC-26AUG0711-B64650,KXBTC,fade_no,0.07,0.96,0.03731200000000003
KXBTC-26AUG0711-B64650,KXBTC,lotto_yes,0.07,0.07,-0.07455700000000001
KXBTC-26AUG0711-B64550,KXBTC,fade_no,0.05,0.99,0.009307000000000008
KXBTC-26AUG0711-B64550,KXBTC,lotto_yes,0.05,0.05,-0.053325000000000004
KXBTC-26AUG0711-B64450,KXBTC,fade_no,0.04,0.98,0.018628000000000016
KXBTC-26AUG0711-B64450,KXBTC,lotto_yes,0.04,0.04,-0.042688000000000004
KXBTC-26AUG0711-B64350,KXBTC,fade_no,0.05,0.99,0.009307000000000008
KXBTC-26AUG0711-B64350,KXBTC,lotto_yes,0.05,0.05,-0.053325000000000004
KXBTC-26AUG0710-B65750,KXBTC,fade_no,0.04,0.98,0.018628000000000016
KXBTC-26AUG0710-B65750,KXBTC,lotto_yes,0.04,0.04,-0.042688000000000004
KXBTC-26AUG0710-B65650,KXBTC,fade_no,0.06,0.98,0.018628000000000016
KXBTC-26AUG0710-B65650,KXBTC,lotto_yes,0.06,0.06,-0.063948
KXBTC-26AUG0710-B65550,KXBTC,fade_no,0.08,0.95,0.04667500000000004
KXBTC-26AUG0710-B65550,KXBTC,lotto_yes,0.08,0.08,-0.085152
KXBTC-26AUG0710-B65450,KXBTC,fade_no,0.12,0.91,0.08426699999999997
KXBTC-26AUG0710-B65450,KXBTC,lotto_yes,0.12,0.12,-0.127392
KXBTC-26AUG0710-B65350,KXBTC,fade_no,0.16,0.85,0.141075
KXBTC-26AUG0710-B65350,KXBTC,lotto_yes,0.16,0.16,-0.169408
KXBTC-26AUG0710-B65050,KXBTC,fade_no,0.15,0.87,0.122083
KXBTC-26AUG0710-B65050,KXBTC,lotto_yes,0.15,0.15,-0.15892499999999998
KXBTC-26AUG0710-B64950,KXBTC,fade_no,0.09,0.94,-0.9439479999999999
KXBTC-26AUG0710-B64950,KXBTC,lotto_yes,0.09,0.09,0.904267
KXBTC-26AUG0710-B64850,KXBTC,fade_no,0.06,0.97,0.027963000000000026
KXBTC-26AUG0710-B64850,KXBTC,lotto_yes,0.06,0.06,-0.063948
KXBTC-26AUG0710-B64750,KXBTC,fade_no,0.06,0.99,0.009307000000000008
KXBTC-26AUG0710-B64750,KXBTC,lotto_yes,0.06,0.06,-0.063948
KXBTC-26AUG0710-B64650,KXBTC,fade_no,0.04,0.99,0.009307000000000008
KXBTC-26AUG0710-B64650,KXBTC,lotto_yes,0.04,0.04,-0.042688000000000004
KXBTC-26AUG0709-B65350,KXBTC,fade_no,0.13,0.92,0.07484799999999996
KXBTC-26AUG0709-B65350,KXBTC,lotto_yes,0.13,0.13,-0.137917
KXBTC-26AUG0709-B65250,KXBTC,fade_no,0.2,0.83,-0.839877
KXBTC-26AUG0709-B65250,KXBTC,lotto_yes,0.2,0.2,0.7888000000000001
KXBTC-26AUG0709-B64950,KXBTC,fade_no,0.13,0.91,0.08426699999999997
KXBTC-26AUG0709-B64950,KXBTC,lotto_yes,0.13,0.13,-0.137917
KXBTC-26AUG0709-B64850,KXBTC,fade_no,0.04,0.99,0.009307000000000008
KXBTC-26AUG0709-B64850,KXBTC,lotto_yes,0.04,0.04,-0.042688000000000004
KXBTC-26AUG0709-B64750,KXBTC,fade_no,0.05,0.98,0.018628000000000016
KXBTC-26AUG0709-B64750,KXBTC,lotto_yes,0.05,0.05,-0.053325000000000004
KXBTC-26AUG0709-B64650,KXBTC,fade_no,0.04,0.99,0.009307000000000008
KXBTC-26AUG0709-B64650,KXBTC,lotto_yes,0.04,0.04,-0.042688000000000004
KXBTC-26AUG0708-B64850,KXBTC,fade_no,0.07,0.96,0.03731200000000003
KXBTC-26AUG0708-B64850,KXBTC,lotto_yes,0.07,0.07,-0.07455700000000001
KXBTC-26AUG0708-B64750,KXBTC,fade_no,0.06,0.97,0.027963000000000026
KXBTC-26AUG0708-B64750,KXBTC,lotto_yes,0.06,0.06,-0.063948
KXBTC-26AUG0708-B64650,KXBTC,fade_no,0.04,0.99,0.009307000000000008
KXBTC-26AUG0708-B64650,KXBTC,lotto_yes,0.04,0.04,-0.042688000000000004
KXBTC-26AUG0707-B65050,KXBTC,fade_no,0.05,0.97,0.027963000000000026
KXBTC-26AUG0707-B65050,KXBTC,lotto_yes,0.05,0.05,-0.053325000000000004
KXBTC-26AUG0707-B64950,KXBTC,fade_no,0.07,0.95,0.04667500000000004
KXBTC-26AUG0707-B64950,KXBTC,lotto_yes,0.07,0.07,-0.07455700000000001
KXBTC-26AUG0707-B64650,KXBTC,fade_no,0.11,0.92,0.07484799999999996
KXBTC-26AUG0707-B64650,KXBTC,lotto_yes,0.11,0.11,-0.116853
KXBTC-26AUG0707-B64550,KXBTC,fade_no,0.04,0.98,0.018628000000000016
KXBTC-26AUG0707-B64550,KXBTC,lotto_yes,0.04,0.04,-0.042688000000000004
KXBTC-26AUG0706-B64850,KXBTC,fade_no,0.15,0.89,0.10314699999999999
KXBTC-26AUG0706-B64850,KXBTC,lotto_yes,0.15,0.15,-0.15892499999999998
KXBTC-26AUG0706-B64550,KXBTC,fade_no,0.16,0.86,0.13157200000000002
KXBTC-26AUG0706-B64550,KXBTC,lotto_yes,0.16,0.16,-0.169408
KXBTC-26AUG0706-B64450,KXBTC,fade_no,0.06,0.97,0.027963000000000026
KXBTC-26AUG0706-B64450,KXBTC,lotto_yes,0.06,0.06,-0.063948
KXBTC-26AUG0706-B64350,KXBTC,fade_no,0.03,0.98,0.018628000000000016
KXBTC-26AUG0706-B64350,KXBTC,lotto_yes,0.03,0.03,-0.032036999999999996
KXBTC-26AUG0705-B64550,KXBTC,fade_no,0.07,0.96,-0.962688
KXBTC-26AUG0705-B64550,KXBTC,lotto_yes,0.07,0.07,0.9254429999999999
KXBTC-26AUG0705-B64250,KXBTC,fade_no,0.03,0.98,0.018628000000000016
KXBTC-26AUG0705-B64250,KXBTC,lotto_yes,0.03,0.03,-0.032036999999999996
KXBTC-26AUG0705-B64150,KXBTC,fade_no,0.06,0.97,0.027963000000000026
KXBTC-26AUG0705-B64150,KXBTC,lotto_yes,0.06,0.06,-0.063948
KXBTC-26AUG0705-B64050,KXBTC,fade_no,0.04,0.99,0.009307000000000008
KXBTC-26AUG0705-B64050,KXBTC,lotto_yes,0.04,0.04,-0.042688000000000004
KXBTC-26AUG0705-B63950,KXBTC,fade_no,0.03,0.99,0.009307000000000008
KXBTC-26AUG0705-B63950,KXBTC,lotto_yes,0.03,0.03,-0.032036999999999996
KXETHD-26AUG0820-T1919.99,KXETHD,fade_no,0.03,0.99,0.009307000000000008
KXETHD-26AUG0820-T1919.99,KXETHD,lotto_yes,0.03,0.03,-0.032036999999999996
KXETHD-26AUG0819-T1924.99,KXETHD,fade_no,0.03,0.98,0.018628000000000016
KXETHD-26AUG0819-T1924.99,KXETHD,lotto_yes,0.03,0.03,-0.032036999999999996
KXETHD-26AUG0819-T1919.99,KXETHD,fade_no,0.06,0.95,0.04667500000000004
KXETHD-26AUG0819-T1919.99,KXETHD,lotto_yes,0.06,0.06,-0.063948
KXETHD-26AUG0818-T1924.99,KXETHD,fade_no,0.05,0.98,0.018628000000000016
KXETHD-26AUG0818-T1924.99,KXETHD,lotto_yes,0.05,0.05,-0.053325000000000004
KXETHD-26AUG0814-T1924.99,KXETHD,fade_no,0.16,0.88,0.112608
KXETHD-26AUG0814-T1924.99,KXETHD,lotto_yes,0.16,0.16,-0.169408
KXETHD-26AUG0813-T1924.99,KXETHD,fade_no,0.03,0.99,0.009307000000000008
KXETHD-26AUG0813-T1924.99,KXETHD,lotto_yes,0.03,0.03,-0.032036999999999996
KXETHD-26AUG0812-T1924.99,KXETHD,fade_no,0.03,0.99,0.009307000000000008
KXETHD-26AUG0812-T1924.99,KXETHD,lotto_yes,0.03,0.03,-0.032036999999999996
KXETHD-26AUG0811-T1924.99,KXETHD,fade_no,0.04,0.98,0.018628000000000016
KXETHD-26AUG0811-T1924.99,KXETHD,lotto_yes,0.04,0.04,-0.042688000000000004
KXETHD-26AUG0810-T1919.99,KXETHD,fade_no,0.07,0.95,0.04667500000000004
KXETHD-26AUG0810-T1919.99,KXETHD,lotto_yes,0.07,0.07,-0.07455700000000001
KXETHD-26AUG0808-T1919.99,KXETHD,fade_no,0.07,0.94,0.056052000000000046
KXETHD-26AUG0808-T1919.99,KXETHD,lotto_yes,0.07,0.07,-0.07455700000000001
KXETHD-26AUG0807-T1924.99,KXETHD,fade_no,0.03,0.99,0.009307000000000008
KXETHD-26AUG0807-T1924.99,KXETHD,lotto_yes,0.03,0.03,-0.032036999999999996
KXETHD-26AUG0806-T1924.99,KXETHD,fade_no,0.03,0.98,0.018628000000000016
KXETHD-26AUG0806-T1924.99,KXETHD,lotto_yes,0.03,0.03,-0.032036999999999996
KXETHD-26AUG0806-T1919.99,KXETHD,fade_no,0.1,0.9299999999999999,0.06544300000000006
KXETHD-26AUG0806-T1919.99,KXETHD,lotto_yes,0.1,0.1,-0.1063
KXETHD-26AUG0805-T1914.99,KXETHD,fav_yes,0.96,0.96,0.03731200000000003
KXETHD-26AUG0804-T1914.99,KXETHD,fade_no,0.14,0.87,0.122083
KXETHD-26AUG0804-T1914.99,KXETHD,lotto_yes,0.14,0.14,-0.148428
KXETHD-26AUG0801-T1919.99,KXETHD,fade_no,0.05,0.97,0.027963000000000026
KXETHD-26AUG0801-T1919.99,KXETHD,lotto_yes,0.05,0.05,-0.053325000000000004
KXETHD-26AUG0801-T1914.99,KXETHD,fav_yes,0.97,0.97,0.027963000000000026
KXETHD-26AUG0817-T1979.99,KXETHD,fade_no,0.04,0.99,0.009307000000000008
KXETHD-26AUG0817-T1979.99,KXETHD,lotto_yes,0.04,0.04,-0.042688000000000004
KXETHD-26AUG0817-T1939.99,KXETHD,fade_no,0.04,0.99,0.009307000000000008
KXETHD-26AUG0817-T1939.99,KXETHD,lotto_yes,0.04,0.04,-0.042688000000000004
KXETHD-26AUG0800-T1914.99,KXETHD,fav_yes,0.96,0.96,0.03731200000000003
KXETHD-26AUG0723-T1919.99,KXETHD,fade_no,0.03,0.99,0.009307000000000008
KXETHD-26AUG0723-T1919.99,KXETHD,lotto_yes,0.03,0.03,-0.032036999999999996
KXETHD-26AUG0723-T1914.99,KXETHD,fade_no,0.03,0.98,0.018628000000000016
KXETHD-26AUG0723-T1914.99,KXETHD,lotto_yes,0.03,0.03,-0.032036999999999996
KXETHD-26AUG0721-T1914.99,KXETHD,fade_no,0.2,0.81,0.17922699999999994
KXETHD-26AUG0721-T1914.99,KXETHD,lotto_yes,0.2,0.2,-0.2112
KXSOLD-26AUG0819-T76.4999,KXSOLD,fade_no,0.04,0.99,0.009307000000000008
KXSOLD-26AUG0819-T76.4999,KXSOLD,lotto_yes,0.04,0.04,-0.042688000000000004
KXSOLD-26AUG0819-T76.2499,KXSOLD,fade_no,0.05,0.99,0.009307000000000008
KXSOLD-26AUG0819-T76.2499,KXSOLD,lotto_yes,0.05,0.05,-0.053325000000000004
KXSOLD-26AUG0819-T75.9999,KXSOLD,fav_yes,0.84,0.84,-0.8494079999999999
KXSOLD-26AUG0818-T76.7499,KXSOLD,fade_no,0.04,0.99,0.009307000000000008
KXSOLD-26AUG0818-T76.7499,KXSOLD,lotto_yes,0.04,0.04,-0.042688000000000004
KXSOLD-26AUG0818-T76.4999,KXSOLD,fade_no,0.03,0.99,0.009307000000000008
KXSOLD-26AUG0818-T76.4999,KXSOLD,lotto_yes,0.03,0.03,-0.032036999999999996
KXSOLD-26AUG0818-T76.2499,KXSOLD,fade_no,0.2,0.84,0.15059200000000003
KXSOLD-26AUG0818-T76.2499,KXSOLD,lotto_yes,0.2,0.2,-0.2112
KXSOLD-26AUG0818-T75.9999,KXSOLD,fav_yes,0.96,0.96,0.03731200000000003
KXSOLD-26AUG0816-T76.2499,KXSOLD,fade_no,0.04,0.99,0.009307000000000008
KXSOLD-26AUG0816-T76.2499,KXSOLD,lotto_yes,0.04,0.04,-0.042688000000000004
KXSOLD-26AUG0815-T76.4999,KXSOLD,fade_no,0.05,0.98,0.018628000000000016
KXSOLD-26AUG0815-T76.4999,KXSOLD,lotto_yes,0.05,0.05,-0.053325000000000004
KXSOLD-26AUG0815-T76.2499,KXSOLD,fade_no,0.05,0.99,0.009307000000000008
KXSOLD-26AUG0815-T76.2499,KXSOLD,lotto_yes,0.05,0.05,-0.053325000000000004
KXSOLD-26AUG0815-T75.9999,KXSOLD,fav_yes,0.91,0.91,0.08426699999999997
KXSOLD-26AUG0814-T76.7499,KXSOLD,fade_no,0.03,0.99,0.009307000000000008
KXSOLD-26AUG0814-T76.7499,KXSOLD,lotto_yes,0.03,0.03,-0.032036999999999996
KXSOLD-26AUG0814-T76.4999,KXSOLD,fade_no,0.11,0.94,0.056052000000000046
KXSOLD-26AUG0814-T76.4999,KXSOLD,lotto_yes,0.11,0.11,-0.116853
KXSOLD-26AUG0814-T76.2499,KXSOLD,fav_yes,0.86,0.86,0.13157200000000002
KXSOLD-26AUG0813-T76.7499,KXSOLD,fade_no,0.04,0.99,0.009307000000000008
KXSOLD-26AUG0813-T76.7499,KXSOLD,lotto_yes,0.04,0.04,-0.042688000000000004
KXSOLD-26AUG0813-T76.4999,KXSOLD,fade_no,0.03,0.99,0.009307000000000008
KXSOLD-26AUG0813-T76.4999,KXSOLD,lotto_yes,0.03,0.03,-0.032036999999999996
KXSOLD-26AUG0812-T77.2499,KXSOLD,fade_no,0.03,0.98,0.018628000000000016
KXSOLD-26AUG0812-T77.2499,KXSOLD,lotto_yes,0.03,0.03,-0.032036999999999996
KXSOLD-26AUG0812-T76.4999,KXSOLD,fade_no,0.08,0.95,0.04667500000000004
KXSOLD-26AUG0812-T76.4999,KXSOLD,lotto_yes,0.08,0.08,-0.085152
KXSOLD-26AUG0811-T76.2499,KXSOLD,fade_no,0.03,0.99,-0.990693
KXSOLD-26AUG0811-T76.2499,KXSOLD,lotto_yes,0.03,0.03,0.967963
KXSOLD-26AUG0811-T75.7499,KXSOLD,fav_yes,0.93,0.93,0.06544299999999996
KXSOLD-26AUG0810-T75.9999,KXSOLD,fade_no,0.03,0.99,0.009307000000000008
KXSOLD-26AUG0810-T75.9999,KXSOLD,lotto_yes,0.03,0.03,-0.032036999999999996
KXSOLD-26AUG0809-T75.7499,KXSOLD,fade_no,0.03,0.99,0.009307000000000008
KXSOLD-26AUG0809-T75.7499,KXSOLD,lotto_yes,0.03,0.03,-0.032036999999999996
KXSOLD-26AUG0809-T75.2499,KXSOLD,fav_yes,0.96,0.96,0.03731200000000003
KXSOLD-26AUG0807-T75.2499,KXSOLD,fade_no,0.03,0.99,0.009307000000000008
KXSOLD-26AUG0807-T75.2499,KXSOLD,lotto_yes,0.03,0.03,-0.032036999999999996
KXSOLD-26AUG0806-T74.9999,KXSOLD,fade_no,0.04,0.99,0.009307000000000008
KXSOLD-26AUG0806-T74.9999,KXSOLD,lotto_yes,0.04,0.04,-0.042688000000000004
KXSOLD-26AUG0805-T74.9999,KXSOLD,fade_no,0.03,0.99,0.009307000000000008
KXSOLD-26AUG0805-T74.9999,KXSOLD,lotto_yes,0.03,0.03,-0.032036999999999996
KXSOLD-26AUG0804-T74.4999,KXSOLD,fav_yes,0.97,0.97,0.027963000000000026
KXSOLD-26AUG0803-T74.7499,KXSOLD,fade_no,0.17,0.86,0.13157200000000002
KXSOLD-26AUG0803-T74.7499,KXSOLD,lotto_yes,0.17,0.17,-0.179877
KXSOLD-26AUG0803-T74.4999,KXSOLD,fav_yes,0.95,0.95,0.04667500000000004
KXSOLD-26AUG0802-T74.7499,KXSOLD,fade_no,0.03,0.98,0.018628000000000016
KXSOLD-26AUG0802-T74.7499,KXSOLD,lotto_yes,0.03,0.03,-0.032036999999999996
KXSOLD-26AUG0802-T74.2499,KXSOLD,fav_yes,0.93,0.93,0.06544299999999996
KXSOLD-26AUG0801-T74.7499,KXSOLD,fade_no,0.16,0.87,0.122083
KXSOLD-26AUG0801-T74.7499,KXSOLD,lotto_yes,0.16,0.16,-0.169408
KXSOLD-26AUG0801-T74.4999,KXSOLD,fav_yes,0.88,0.88,0.112608
KXSOLD-26AUG0817-T76.9999,KXSOLD,fade_no,0.03,0.99,0.009307000000000008
KXSOLD-26AUG0817-T76.9999,KXSOLD,lotto_yes,0.03,0.03,-0.032036999999999996
KXSOLD-26AUG0800-T74.4999,KXSOLD,fade_no,0.1,0.9299999999999999,-0.934557
KXSOLD-26AUG0800-T74.4999,KXSOLD,lotto_yes,0.1,0.1,0.8937
KXSOLD-26AUG0800-T74.2499,KXSOLD,fav_yes,0.88,0.88,0.112608
KXSOLD-26AUG0723-T73.9999,KXSOLD,fade_no,0.14,0.89,0.10314699999999999
KXSOLD-26AUG0723-T73.9999,KXSOLD,lotto_yes,0.14,0.14,-0.148428
KXSOLD-26AUG0722-T73.9999,KXSOLD,fade_no,0.17,0.87,0.122083
KXSOLD-26AUG0722-T73.9999,KXSOLD,lotto_yes,0.17,0.17,-0.179877
KXSOLD-26AUG0722-T73.7499,KXSOLD,fav_yes,0.97,0.97,0.027963000000000026
KXSOLD-26AUG0721-T73.7499,KXSOLD,fade_no,0.12,0.9299999999999999,0.06544300000000006
KXSOLD-26AUG0721-T73.7499,KXSOLD,lotto_yes,0.12,0.12,-0.127392
KXXRPD-26AUG0517-T1.0799,KXXRPD,fade_no,0.03,0.99,0.009307000000000008
KXXRPD-26AUG0517-T1.0799,KXXRPD,lotto_yes,0.03,0.03,-0.032036999999999996
KXXRPD-26AUG0420-T1.0799,KXXRPD,fade_no,0.03,0.99,0.009307000000000008
KXXRPD-26AUG0420-T1.0799,KXXRPD,lotto_yes,0.03,0.03,-0.032036999999999996
KXXRPD-26AUG0419-T1.0799,KXXRPD,fade_no,0.04,0.99,0.009307000000000008
KXXRPD-26AUG0419-T1.0799,KXXRPD,lotto_yes,0.04,0.04,-0.042688000000000004
KXXRPD-26AUG0418-T1.0799,KXXRPD,fade_no,0.08,0.95,0.04667500000000004
KXXRPD-26AUG0418-T1.0799,KXXRPD,lotto_yes,0.08,0.08,-0.085152
KXXRPD-26AUG0415-T1.0799,KXXRPD,fade_no,0.03,0.98,0.018628000000000016
KXXRPD-26AUG0415-T1.0799,KXXRPD,lotto_yes,0.03,0.03,-0.032036999999999996
KXXRPD-26AUG0414-T1.0799,KXXRPD,fade_no,0.05,0.98,0.018628000000000016
KXXRPD-26AUG0414-T1.0799,KXXRPD,lotto_yes,0.05,0.05,-0.053325000000000004
KXXRPD-26AUG0413-T1.0799,KXXRPD,fade_no,0.12,0.91,0.08426699999999997
KXXRPD-26AUG0413-T1.0799,KXXRPD,lotto_yes,0.12,0.12,-0.127392
KXXRPD-26AUG0412-T1.0799,KXXRPD,fade_no,0.07,0.97,0.027963000000000026
KXXRPD-26AUG0412-T1.0799,KXXRPD,lotto_yes,0.07,0.07,-0.07455700000000001
KXXRPD-26AUG0411-T1.0799,KXXRPD,fade_no,0.05,0.98,0.018628000000000016
KXXRPD-26AUG0411-T1.0799,KXXRPD,lotto_yes,0.05,0.05,-0.053325000000000004
KXXRPD-26AUG0410-T1.0799,KXXRPD,fade_no,0.13,0.9,0.09369999999999998
KXXRPD-26AUG0410-T1.0799,KXXRPD,lotto_yes,0.13,0.13,-0.137917
KXXRPD-26AUG0409-T1.0799,KXXRPD,fade_no,0.04,0.99,0.009307000000000008
KXXRPD-26AUG0409-T1.0799,KXXRPD,lotto_yes,0.04,0.04,-0.042688000000000004
KXXRPD-26AUG0408-T1.0799,KXXRPD,fade_no,0.04,0.97,0.027963000000000026
KXXRPD-26AUG0408-T1.0799,KXXRPD,lotto_yes,0.04,0.04,-0.042688000000000004
KXDOGED-26AUG0223-T0.0699999,KXDOGED,fav_yes,0.8,0.8,-0.8112
KXDOGED-26AUG0214-T0.0699999,KXDOGED,fav_yes,0.95,0.95,0.04667500000000004
KXDOGED-26AUG0212-T0.0699999,KXDOGED,fav_yes,0.97,0.97,0.027963000000000026
KXDOGED-26AUG0208-T0.0699999,KXDOGED,fade_no,0.19,0.84,0.15059200000000003
KXDOGED-26AUG0208-T0.0699999,KXDOGED,lotto_yes,0.19,0.19,-0.200773
KXDOGED-26AUG0206-T0.0699999,KXDOGED,fav_yes,0.96,0.96,0.03731200000000003
KXDOGED-26AUG0201-T0.0699999,KXDOGED,fav_yes,0.8,0.8,0.18879999999999997
KXDOGED-26AUG0217-T0.0699999,KXDOGED,fav_yes,0.97,0.97,0.027963000000000026
KXBTCD-26AUG0902-T64799.99,KXBTCD,fade_no,0.04,0.97,0.027963000000000026
KXBTCD-26AUG0902-T64799.99,KXBTCD,lotto_yes,0.04,0.04,-0.042688000000000004
KXBTCD-26AUG0902-T64699.99,KXBTCD,fav_yes,0.89,0.89,0.10314699999999999
KXBTCD-26AUG0901-T64799.99,KXBTCD,fade_no,0.07,0.94,0.056052000000000046
KXBTCD-26AUG0901-T64799.99,KXBTCD,lotto_yes,0.07,0.07,-0.07455700000000001
KXBTCD-26AUG0901-T64699.99,KXBTCD,fav_yes,0.95,0.95,0.04667500000000004
KXBTCD-26AUG0900-T64799.99,KXBTCD,fade_no,0.04,0.97,0.027963000000000026
KXBTCD-26AUG0900-T64799.99,KXBTCD,lotto_yes,0.04,0.04,-0.042688000000000004
KXBTCD-26AUG0900-T64699.99,KXBTCD,fav_yes,0.9,0.9,0.09369999999999998
KXBTCD-26AUG0823-T64799.99,KXBTCD,fade_no,0.1,0.92,0.07484799999999996
KXBTCD-26AUG0823-T64799.99,KXBTCD,lotto_yes,0.1,0.1,-0.1063
KXBTCD-26AUG0823-T64699.99,KXBTCD,fav_yes,0.92,0.92,0.07484799999999996
KXBTCD-26AUG0822-T64899.99,KXBTCD,fade_no,0.03,0.98,0.018628000000000016
KXBTCD-26AUG0822-T64899.99,KXBTCD,lotto_yes,0.03,0.03,-0.032036999999999996
KXBTCD-26AUG0822-T64799.99,KXBTCD,fav_yes,0.88,0.88,0.112608
KXBTCD-26AUG0821-T64899.99,KXBTCD,fav_yes,0.82,0.82,0.16966800000000004
KXBTCD-26AUG0820-T64999.99,KXBTCD,fade_no,0.03,0.98,0.018628000000000016
KXBTCD-26AUG0820-T64999.99,KXBTCD,lotto_yes,0.03,0.03,-0.032036999999999996
KXBTCD-26AUG0819-T64999.99,KXBTCD,fade_no,0.05,0.97,0.027963000000000026
KXBTCD-26AUG0819-T64999.99,KXBTCD,lotto_yes,0.05,0.05,-0.053325000000000004
KXBTCD-26AUG0818-T65099.99,KXBTCD,fade_no,0.05,0.96,0.03731200000000003
KXBTCD-26AUG0818-T65099.99,KXBTCD,lotto_yes,0.05,0.05,-0.053325000000000004
KXBTCD-26AUG0818-T64899.99,KXBTCD,fav_yes,0.97,0.97,0.027963000000000026
KXBTCD-26AUG0812-T65099.99,KXBTCD,fade_no,0.06,0.95,0.04667500000000004
KXBTCD-26AUG0812-T65099.99,KXBTCD,lotto_yes,0.06,0.06,-0.063948
KXBTCD-26AUG0812-T64999.99,KXBTCD,fav_yes,0.82,0.82,0.16966800000000004
KXBTCD-26AUG0811-T64999.99,KXBTCD,fav_yes,0.95,0.95,0.04667500000000004
KXBTCD-26AUG0810-T64999.99,KXBTCD,fade_no,0.13,0.89,0.10314699999999999
KXBTCD-26AUG0810-T64999.99,KXBTCD,lotto_yes,0.13,0.13,-0.137917
KXBTCD-26AUG0809-T64999.99,KXBTCD,fade_no,0.11,0.9,0.09369999999999998
KXBTCD-26AUG0809-T64999.99,KXBTCD,lotto_yes,0.11,0.11,-0.116853
KXBTCD-26AUG0809-T64899.99,KXBTCD,fav_yes,0.97,0.97,0.027963000000000026
KXBTCD-26AUG0808-T64999.99,KXBTCD,fade_no,0.04,0.98,0.018628000000000016
KXBTCD-26AUG0808-T64999.99,KXBTCD,lotto_yes,0.04,0.04,-0.042688000000000004
KXBTCD-26AUG0808-T64899.99,KXBTCD,fav_yes,0.94,0.94,0.056052000000000046
KXBTCD-26AUG0807-T64999.99,KXBTCD,fade_no,0.18,0.83,0.16012300000000004
KXBTCD-26AUG0807-T64999.99,KXBTCD,lotto_yes,0.18,0.18,-0.190332
KXBTCD-26AUG0806-T64999.99,KXBTCD,fade_no,0.15,0.86,0.13157200000000002
KXBTCD-26AUG0806-T64999.99,KXBTCD,lotto_yes,0.15,0.15,-0.15892499999999998
KXBTCD-26AUG0805-T64999.99,KXBTCD,fade_no,0.18,0.83,0.16012300000000004
KXBTCD-26AUG0805-T64999.99,KXBTCD,lotto_yes,0.18,0.18,-0.190332
KXBTC-26AUG0902-B64850,KXBTC,fade_no,0.04,0.97,0.027963000000000026
KXBTC-26AUG0902-B64850,KXBTC,lotto_yes,0.04,0.04,-0.042688000000000004
KXBTC-26AUG0902-B64750,KXBTC,fav_yes,0.87,0.87,0.122083
KXBTC-26AUG0902-B64650,KXBTC,fade_no,0.12,0.95,0.04667500000000004
KXBTC-26AUG0902-B64650,KXBTC,lotto_yes,0.12,0.12,-0.127392
KXBTC-26AUG0901-B64850,KXBTC,fade_no,0.1,0.97,0.027963000000000026
KXBTC-26AUG0901-B64850,KXBTC,lotto_yes,0.1,0.1,-0.1063
KXBTC-26AUG0901-B64750,KXBTC,fav_yes,0.92,0.92,0.07484799999999996
KXBTC-26AUG0901-B64650,KXBTC,fade_no,0.05,0.98,0.018628000000000016
KXBTC-26AUG0901-B64650,KXBTC,lotto_yes,0.05,0.05,-0.053325000000000004
KXBTC-26AUG0917-B65875,KXBTC,fade_no,0.03,0.99,0.009307000000000008
KXBTC-26AUG0917-B65875,KXBTC,lotto_yes,0.03,0.03,-0.032036999999999996
KXBTC-26AUG0917-B65625,KXBTC,fade_no,0.03,0.98,0.018628000000000016
KXBTC-26AUG0917-B65625,KXBTC,lotto_yes,0.03,0.03,-0.032036999999999996
KXBTC-26AUG0917-B65375,KXBTC,fade_no,0.04,0.99,0.009307000000000008
KXBTC-26AUG0917-B65375,KXBTC,lotto_yes,0.04,0.04,-0.042688000000000004
KXBTC-26AUG0917-B65125,KXBTC,fav_yes,0.95,0.95,0.04667500000000004
KXBTC-26AUG0917-B64875,KXBTC,fade_no,0.14,0.98,0.018628000000000016
KXBTC-26AUG0917-B64875,KXBTC,lotto_yes,0.14,0.14,-0.148428
KXBTC-26AUG0900-B64950,KXBTC,fade_no,0.04,0.98,0.018628000000000016
KXBTC-26AUG0900-B64950,KXBTC,lotto_yes,0.04,0.04,-0.042688000000000004
KXBTC-26AUG0900-B64850,KXBTC,fade_no,0.05,0.98,0.018628000000000016
KXBTC-26AUG0900-B64850,KXBTC,lotto_yes,0.05,0.05,-0.053325000000000004
KXBTC-26AUG0900-B64750,KXBTC,fav_yes,0.88,0.88,0.112608
KXBTC-26AUG0900-B64650,KXBTC,fade_no,0.1,0.94,0.056052000000000046
KXBTC-26AUG0900-B64650,KXBTC,lotto_yes,0.1,0.1,-0.1063
KXBTC-26AUG0823-B64950,KXBTC,fade_no,0.03,0.98,0.018628000000000016
KXBTC-26AUG0823-B64950,KXBTC,lotto_yes,0.03,0.03,-0.032036999999999996
KXBTC-26AUG0823-B64850,KXBTC,fade_no,0.09,0.95,0.04667500000000004
KXBTC-26AUG0823-B64850,KXBTC,lotto_yes,0.09,0.09,-0.095733
KXBTC-26AUG0823-B64750,KXBTC,fav_yes,0.86,0.86,0.13157200000000002
KXBTC-26AUG0823-B64650,KXBTC,fade_no,0.07,0.94,0.056052000000000046
KXBTC-26AUG0823-B64650,KXBTC,lotto_yes,0.07,0.07,-0.07455700000000001
KXBTC-26AUG0822-B65050,KXBTC,fade_no,0.03,0.98,0.018628000000000016
KXBTC-26AUG0822-B65050,KXBTC,lotto_yes,0.03,0.03,-0.032036999999999996
KXBTC-26AUG0822-B64950,KXBTC,fade_no,0.05,0.98,0.018628000000000016
KXBTC-26AUG0822-B64950,KXBTC,lotto_yes,0.05,0.05,-0.053325000000000004
KXBTC-26AUG0822-B64850,KXBTC,fav_yes,0.84,0.84,0.15059200000000003
KXBTC-26AUG0822-B64750,KXBTC,fade_no,0.1,0.94,0.056052000000000046
KXBTC-26AUG0822-B64750,KXBTC,lotto_yes,0.1,0.1,-0.1063
KXBTC-26AUG0822-B64650,KXBTC,fade_no,0.06,0.99,0.009307000000000008
KXBTC-26AUG0822-B64650,KXBTC,lotto_yes,0.06,0.06,-0.063948
KXBTC-26AUG0821-B65050,KXBTC,fade_no,0.03,0.98,0.018628000000000016
KXBTC-26AUG0821-B65050,KXBTC,lotto_yes,0.03,0.03,-0.032036999999999996
KXBTC-26AUG0821-B64950,KXBTC,fav_yes,0.82,0.82,0.16966800000000004
KXBTC-26AUG0821-B64750,KXBTC,fade_no,0.04,0.99,0.009307000000000008
KXBTC-26AUG0821-B64750,KXBTC,lotto_yes,0.04,0.04,-0.042688000000000004
KXBTC-26AUG0820-B65050,KXBTC,fade_no,0.04,0.98,0.018628000000000016
KXBTC-26AUG0820-B65050,KXBTC,lotto_yes,0.04,0.04,-0.042688000000000004
KXBTC-26AUG0820-B64750,KXBTC,fade_no,0.03,0.98,0.018628000000000016
KXBTC-26AUG0820-B64750,KXBTC,lotto_yes,0.03,0.03,-0.032036999999999996
KXBTC-26AUG0819-B65150,KXBTC,fade_no,0.03,0.98,0.018628000000000016
KXBTC-26AUG0819-B65150,KXBTC,lotto_yes,0.03,0.03,-0.032036999999999996
KXBTC-26AUG0819-B65050,KXBTC,fade_no,0.06,0.98,0.018628000000000016
KXBTC-26AUG0819-B65050,KXBTC,lotto_yes,0.06,0.06,-0.063948
KXBTC-26AUG0818-B65150,KXBTC,fade_no,0.06,0.96,0.03731200000000003
KXBTC-26AUG0818-B65150,KXBTC,lotto_yes,0.06,0.06,-0.063948
KXBTC-26AUG0818-B64850,KXBTC,fade_no,0.03,0.98,0.018628000000000016
KXBTC-26AUG0818-B64850,KXBTC,lotto_yes,0.03,0.03,-0.032036999999999996
KXBTC-26AUG0816-B65150,KXBTC,fade_no,0.03,0.98,0.018628000000000016
KXBTC-26AUG0816-B65150,KXBTC,lotto_yes,0.03,0.03,-0.032036999999999996
KXBTC-26AUG0816-B64850,KXBTC,fade_no,0.05,0.98,0.018628000000000016
KXBTC-26AUG0816-B64850,KXBTC,lotto_yes,0.05,0.05,-0.053325000000000004
KXBTC-26AUG0815-B65250,KXBTC,fade_no,0.04,0.98,0.018628000000000016
KXBTC-26AUG0815-B65250,KXBTC,lotto_yes,0.04,0.04,-0.042688000000000004
KXBTC-26AUG0815-B65150,KXBTC,fade_no,0.04,0.98,0.018628000000000016
KXBTC-26AUG0815-B65150,KXBTC,lotto_yes,0.04,0.04,-0.042688000000000004
KXBTC-26AUG0814-B65250,KXBTC,fade_no,0.03,0.98,0.018628000000000016
KXBTC-26AUG0814-B65250,KXBTC,lotto_yes,0.03,0.03,-0.032036999999999996
KXBTC-26AUG0814-B64950,KXBTC,fade_no,0.04,0.98,0.018628000000000016
KXBTC-26AUG0814-B64950,KXBTC,lotto_yes,0.04,0.04,-0.042688000000000004
KXBTC-26AUG0813-B65250,KXBTC,fade_no,0.03,0.98,0.018628000000000016
KXBTC-26AUG0813-B65250,KXBTC,lotto_yes,0.03,0.03,-0.032036999999999996
KXBTC-26AUG0813-B65150,KXBTC,fade_no,0.04,0.98,0.018628000000000016
KXBTC-26AUG0813-B65150,KXBTC,lotto_yes,0.04,0.04,-0.042688000000000004
KXBTC-26AUG0812-B65250,KXBTC,fade_no,0.05,0.98,0.018628000000000016
KXBTC-26AUG0812-B65250,KXBTC,lotto_yes,0.05,0.05,-0.053325000000000004
KXBTC-26AUG0812-B65150,KXBTC,fade_no,0.04,0.98,0.018628000000000016
KXBTC-26AUG0812-B65150,KXBTC,lotto_yes,0.04,0.04,-0.042688000000000004
KXBTC-26AUG0811-B64950,KXBTC,fade_no,0.08,0.97,0.027963000000000026
KXBTC-26AUG0811-B64950,KXBTC,lotto_yes,0.08,0.08,-0.085152
KXBTC-26AUG0811-B64850,KXBTC,fade_no,0.04,0.99,0.009307000000000008
KXBTC-26AUG0811-B64850,KXBTC,lotto_yes,0.04,0.04,-0.042688000000000004
KXBTC-26AUG0810-B65050,KXBTC,fade_no,0.13,0.94,0.056052000000000046
KXBTC-26AUG0810-B65050,KXBTC,lotto_yes,0.13,0.13,-0.137917
KXBTC-26AUG0810-B64950,KXBTC,fav_yes,0.87,0.87,0.122083
KXBTC-26AUG0810-B64850,KXBTC,fade_no,0.03,0.99,0.009307000000000008
KXBTC-26AUG0810-B64850,KXBTC,lotto_yes,0.03,0.03,-0.032036999999999996
KXBTC-26AUG0809-B65150,KXBTC,fade_no,0.04,0.98,0.018628000000000016
KXBTC-26AUG0809-B65150,KXBTC,lotto_yes,0.04,0.04,-0.042688000000000004
KXBTC-26AUG0809-B65050,KXBTC,fade_no,0.1,0.94,0.056052000000000046
KXBTC-26AUG0809-B65050,KXBTC,lotto_yes,0.1,0.1,-0.1063
KXBTC-26AUG0809-B64950,KXBTC,fav_yes,0.87,0.87,0.122083
KXBTC-26AUG0809-B64850,KXBTC,fade_no,0.06,0.98,0.018628000000000016
KXBTC-26AUG0809-B64850,KXBTC,lotto_yes,0.06,0.06,-0.063948
KXBTC-26AUG0809-B64750,KXBTC,fade_no,0.06,0.99,0.009307000000000008
KXBTC-26AUG0809-B64750,KXBTC,lotto_yes,0.06,0.06,-0.063948
KXBTC-26AUG0808-B65050,KXBTC,fade_no,0.05,0.98,0.018628000000000016
KXBTC-26AUG0808-B65050,KXBTC,lotto_yes,0.05,0.05,-0.053325000000000004
KXBTC-26AUG0808-B64950,KXBTC,fav_yes,0.94,0.94,0.056052000000000046
KXBTC-26AUG0808-B64850,KXBTC,fade_no,0.1,0.96,0.03731200000000003
KXBTC-26AUG0808-B64850,KXBTC,lotto_yes,0.1,0.1,-0.1063
KXBTC-26AUG0807-B65050,KXBTC,fade_no,0.16,0.88,0.112608
KXBTC-26AUG0807-B65050,KXBTC,lotto_yes,0.16,0.16,-0.169408
KXBTC-26AUG0807-B64950,KXBTC,fav_yes,0.85,0.85,0.141075
KXBTC-26AUG0807-B64850,KXBTC,fade_no,0.04,0.99,0.009307000000000008
KXBTC-26AUG0807-B64850,KXBTC,lotto_yes,0.04,0.04,-0.042688000000000004
KXBTC-26AUG0806-B65050,KXBTC,fade_no,0.11,0.9,0.09369999999999998
KXBTC-26AUG0806-B65050,KXBTC,lotto_yes,0.11,0.11,-0.116853
KXBTC-26AUG0806-B64950,KXBTC,fav_yes,0.87,0.87,0.122083
KXBTC-26AUG0806-B64850,KXBTC,fade_no,0.05,0.99,0.009307000000000008
KXBTC-26AUG0806-B64850,KXBTC,lotto_yes,0.05,0.05,-0.053325000000000004
KXBTC-26AUG0805-B65050,KXBTC,fade_no,0.2,0.86,0.13157200000000002
KXBTC-26AUG0805-B65050,KXBTC,lotto_yes,0.2,0.2,-0.2112
KXBTC-26AUG0805-B64950,KXBTC,fav_yes,0.84,0.84,0.15059200000000003
KXBTC-26AUG0805-B64850,KXBTC,fade_no,0.04,0.98,0.018628000000000016
KXBTC-26AUG0805-B64850,KXBTC,lotto_yes,0.04,0.04,-0.042688000000000004
KXETHD-26AUG0918-T1919.99,KXETHD,fav_yes,0.92,0.92,0.07484799999999996
KXETHD-26AUG0916-T1924.99,KXETHD,fade_no,0.03,0.98,0.018628000000000016
KXETHD-26AUG0916-T1924.99,KXETHD,lotto_yes,0.03,0.03,-0.032036999999999996
KXETHD-26AUG0916-T1919.99,KXETHD,fav_yes,0.9,0.9,0.09369999999999998
KXETHD-26AUG0915-T1924.99,KXETHD,fade_no,0.03,0.99,0.009307000000000008
KXETHD-26AUG0915-T1924.99,KXETHD,lotto_yes,0.03,0.03,-0.032036999999999996
KXETHD-26AUG0914-T1924.99,KXETHD,fade_no,0.08,0.9299999999999999,0.06544300000000006
KXETHD-26AUG0914-T1924.99,KXETHD,lotto_yes,0.08,0.08,-0.085152
KXETHD-26AUG0913-T1929.99,KXETHD,fade_no,0.03,0.99,0.009307000000000008
KXETHD-26AUG0913-T1929.99,KXETHD,lotto_yes,0.03,0.03,-0.032036999999999996
KXETHD-26AUG0913-T1924.99,KXETHD,fade_no,0.18,0.85,0.141075
KXETHD-26AUG0913-T1924.99,KXETHD,lotto_yes,0.18,0.18,-0.190332
KXETHD-26AUG0912-T1929.99,KXETHD,fade_no,0.04,0.99,0.009307000000000008
KXETHD-26AUG0912-T1929.99,KXETHD,lotto_yes,0.04,0.04,-0.042688000000000004
KXETHD-26AUG0911-T1924.99,KXETHD,fade_no,0.06,0.97,0.027963000000000026
KXETHD-26AUG0911-T1924.99,KXETHD,lotto_yes,0.06,0.06,-0.063948
KXETHD-26AUG0911-T1919.99,KXETHD,fav_yes,0.95,0.95,0.04667500000000004
KXETHD-26AUG0910-T1929.99,KXETHD,fade_no,0.04,0.99,0.009307000000000008
KXETHD-26AUG0910-T1929.99,KXETHD,lotto_yes,0.04,0.04,-0.042688000000000004
KXETHD-26AUG0910-T1924.99,KXETHD,fade_no,0.05,0.98,0.018628000000000016
KXETHD-26AUG0910-T1924.99,KXETHD,lotto_yes,0.05,0.05,-0.053325000000000004
KXETHD-26AUG0910-T1919.99,KXETHD,fav_yes,0.81,0.81,0.17922699999999994
KXETHD-26AUG0909-T1914.99,KXETHD,fav_yes,0.84,0.84,0.15059200000000003
KXETHD-26AUG0908-T1924.99,KXETHD,fade_no,0.03,0.99,0.009307000000000008
KXETHD-26AUG0908-T1924.99,KXETHD,lotto_yes,0.03,0.03,-0.032036999999999996
KXETHD-26AUG0907-T1919.99,KXETHD,fade_no,0.12,0.91,0.08426699999999997
KXETHD-26AUG0907-T1919.99,KXETHD,lotto_yes,0.12,0.12,-0.127392
KXETHD-26AUG0906-T1919.99,KXETHD,fade_no,0.03,0.98,0.018628000000000016
KXETHD-26AUG0906-T1919.99,KXETHD,lotto_yes,0.03,0.03,-0.032036999999999996
KXETHD-26AUG0905-T1924.99,KXETHD,fade_no,0.03,0.98,0.018628000000000016
KXETHD-26AUG0905-T1924.99,KXETHD,lotto_yes,0.03,0.03,-0.032036999999999996
KXETHD-26AUG0904-T1919.99,KXETHD,fade_no,0.04,0.99,0.009307000000000008
KXETHD-26AUG0904-T1919.99,KXETHD,lotto_yes,0.04,0.04,-0.042688000000000004
KXETHD-26AUG0904-T1914.99,KXETHD,fav_yes,0.87,0.87,0.122083
KXETHD-26AUG0903-T1919.99,KXETHD,fade_no,0.04,0.99,0.009307000000000008
KXETHD-26AUG0903-T1919.99,KXETHD,lotto_yes,0.04,0.04,-0.042688000000000004
KXETHD-26AUG0903-T1914.99,KXETHD,fav_yes,0.9,0.9,0.09369999999999998
KXETHD-26AUG0902-T1914.99,KXETHD,fade_no,0.05,0.98,0.018628000000000016
KXETHD-26AUG0902-T1914.99,KXETHD,lotto_yes,0.05,0.05,-0.053325000000000004
KXETHD-26AUG0901-T1914.99,KXETHD,fade_no,0.03,0.99,0.009307000000000008
KXETHD-26AUG0901-T1914.99,KXETHD,lotto_yes,0.03,0.03,-0.032036999999999996
KXETHD-26AUG0917-T1979.99,KXETHD,fade_no,0.04,0.99,0.009307000000000008
KXETHD-26AUG0917-T1979.99,KXETHD,lotto_yes,0.04,0.04,-0.042688000000000004
KXETHD-26AUG0917-T1899.99,KXETHD,fav_yes,0.97,0.97,0.027963000000000026
KXETHD-26AUG0900-T1914.99,KXETHD,fade_no,0.03,0.99,0.009307000000000008
KXETHD-26AUG0900-T1914.99,KXETHD,lotto_yes,0.03,0.03,-0.032036999999999996
KXETHD-26AUG0823-T1919.99,KXETHD,fade_no,0.04,0.99,0.009307000000000008
KXETHD-26AUG0823-T1919.99,KXETHD,lotto_yes,0.04,0.04,-0.042688000000000004
KXETHD-26AUG0823-T1914.99,KXETHD,fade_no,0.11,0.91,0.08426699999999997
KXETHD-26AUG0823-T1914.99,KXETHD,lotto_yes,0.11,0.11,-0.116853
KXETHD-26AUG0822-T1924.99,KXETHD,fade_no,0.03,0.99,0.009307000000000008
KXETHD-26AUG0822-T1924.99,KXETHD,lotto_yes,0.03,0.03,-0.032036999999999996
KXETHD-26AUG0822-T1919.99,KXETHD,fade_no,0.03,0.99,0.009307000000000008
KXETHD-26AUG0822-T1919.99,KXETHD,lotto_yes,0.03,0.03,-0.032036999999999996
KXETHD-26AUG0821-T1919.99,KXETHD,fade_no,0.03,0.99,0.009307000000000008
KXETHD-26AUG0821-T1919.99,KXETHD,lotto_yes,0.03,0.03,-0.032036999999999996
KXETHD-26AUG0821-T1914.99,KXETHD,fav_yes,0.93,0.93,0.06544299999999996
KXSOLD-26AUG0918-T77.4999,KXSOLD,fade_no,0.09,0.92,0.07484799999999996
KXSOLD-26AUG0918-T77.4999,KXSOLD,lotto_yes,0.09,0.09,-0.095733
KXSOLD-26AUG0918-T77.2499,KXSOLD,fav_yes,0.85,0.85,0.141075
KXSOLD-26AUG0916-T77.4999,KXSOLD,fade_no,0.04,0.99,0.009307000000000008
KXSOLD-26AUG0916-T77.4999,KXSOLD,lotto_yes,0.04,0.04,-0.042688000000000004
KXSOLD-26AUG0915-T77.4999,KXSOLD,fade_no,0.04,0.99,0.009307000000000008
KXSOLD-26AUG0915-T77.4999,KXSOLD,lotto_yes,0.04,0.04,-0.042688000000000004
KXSOLD-26AUG0915-T77.2499,KXSOLD,fade_no,0.05,0.96,0.03731200000000003
KXSOLD-26AUG0915-T77.2499,KXSOLD,lotto_yes,0.05,0.05,-0.053325000000000004
KXSOLD-26AUG0915-T76.9999,KXSOLD,fav_yes,0.93,0.93,0.06544299999999996
KXSOLD-26AUG0914-T77.4999,KXSOLD,fade_no,0.05,0.99,0.009307000000000008
KXSOLD-26AUG0914-T77.4999,KXSOLD,lotto_yes,0.05,0.05,-0.053325000000000004
KXSOLD-26AUG0914-T76.9999,KXSOLD,fav_yes,0.92,0.92,0.07484799999999996
KXSOLD-26AUG0913-T77.7499,KXSOLD,fade_no,0.03,0.98,0.018628000000000016
KXSOLD-26AUG0913-T77.7499,KXSOLD,lotto_yes,0.03,0.03,-0.032036999999999996
KXSOLD-26AUG0913-T77.4999,KXSOLD,fade_no,0.04,0.98,0.018628000000000016
KXSOLD-26AUG0913-T77.4999,KXSOLD,lotto_yes,0.04,0.04,-0.042688000000000004
KXSOLD-26AUG0912-T77.4999,KXSOLD,fade_no,0.04,0.99,0.009307000000000008
KXSOLD-26AUG0912-T77.4999,KXSOLD,lotto_yes,0.04,0.04,-0.042688000000000004
KXSOLD-26AUG0912-T77.2499,KXSOLD,fade_no,0.05,0.99,-0.990693
KXSOLD-26AUG0912-T77.2499,KXSOLD,lotto_yes,0.05,0.05,0.9466749999999999
KXSOLD-26AUG0912-T76.9999,KXSOLD,fav_yes,0.96,0.96,0.03731200000000003
KXSOLD-26AUG0911-T76.9999,KXSOLD,fade_no,0.03,0.99,0.009307000000000008
KXSOLD-26AUG0911-T76.9999,KXSOLD,lotto_yes,0.03,0.03,-0.032036999999999996
KXSOLD-26AUG0910-T76.7499,KXSOLD,fade_no,0.16,0.88,0.112608
KXSOLD-26AUG0910-T76.7499,KXSOLD,lotto_yes,0.16,0.16,-0.169408
KXSOLD-26AUG0910-T76.4999,KXSOLD,fav_yes,0.96,0.96,0.03731200000000003
KXSOLD-26AUG0909-T76.7499,KXSOLD,fade_no,0.07,0.96,0.03731200000000003
KXSOLD-26AUG0909-T76.7499,KXSOLD,lotto_yes,0.07,0.07,-0.07455700000000001
KXSOLD-26AUG0909-T76.4999,KXSOLD,fade_no,0.03,0.99,0.009307000000000008
KXSOLD-26AUG0909-T76.4999,KXSOLD,lotto_yes,0.03,0.03,-0.032036999999999996
KXSOLD-26AUG0909-T76.2499,KXSOLD,fav_yes,0.94,0.94,0.056052000000000046
KXSOLD-26AUG0908-T76.2499,KXSOLD,fav_yes,0.93,0.93,0.06544299999999996
KXSOLD-26AUG0907-T76.7499,KXSOLD,fade_no,0.03,0.99,0.009307000000000008
KXSOLD-26AUG0907-T76.7499,KXSOLD,lotto_yes,0.03,0.03,-0.032036999999999996
KXSOLD-26AUG0907-T76.4999,KXSOLD,fade_no,0.12,0.89,0.10314699999999999
KXSOLD-26AUG0907-T76.4999,KXSOLD,lotto_yes,0.12,0.12,-0.127392
KXSOLD-26AUG0906-T76.7499,KXSOLD,fade_no,0.04,0.99,0.009307000000000008
KXSOLD-26AUG0906-T76.7499,KXSOLD,lotto_yes,0.04,0.04,-0.042688000000000004
KXSOLD-26AUG0906-T76.4999,KXSOLD,fade_no,0.17,0.87,0.122083
KXSOLD-26AUG0906-T76.4999,KXSOLD,lotto_yes,0.17,0.17,-0.179877
KXSOLD-26AUG0905-T76.7499,KXSOLD,fade_no,0.03,0.99,0.009307000000000008
KXSOLD-26AUG0905-T76.7499,KXSOLD,lotto_yes,0.03,0.03,-0.032036999999999996
KXSOLD-26AUG0905-T76.4999,KXSOLD,fade_no,0.11,0.92,0.07484799999999996
KXSOLD-26AUG0905-T76.4999,KXSOLD,lotto_yes,0.11,0.11,-0.116853
KXSOLD-26AUG0905-T76.2499,KXSOLD,fav_yes,0.83,0.83,0.16012300000000004
KXSOLD-26AUG0904-T76.7499,KXSOLD,fade_no,0.03,0.99,0.009307000000000008
KXSOLD-26AUG0904-T76.7499,KXSOLD,lotto_yes,0.03,0.03,-0.032036999999999996
KXSOLD-26AUG0904-T76.4999,KXSOLD,fade_no,0.03,0.99,0.009307000000000008
KXSOLD-26AUG0904-T76.4999,KXSOLD,lotto_yes,0.03,0.03,-0.032036999999999996
KXSOLD-26AUG0902-T76.2499,KXSOLD,fade_no,0.03,0.99,0.009307000000000008
KXSOLD-26AUG0902-T76.2499,KXSOLD,lotto_yes,0.03,0.03,-0.032036999999999996
KXSOLD-26AUG0902-T75.9999,KXSOLD,fade_no,0.08,0.96,0.03731200000000003
KXSOLD-26AUG0902-T75.9999,KXSOLD,lotto_yes,0.08,0.08,-0.085152
KXSOLD-26AUG0902-T75.7499,KXSOLD,fav_yes,0.96,0.96,0.03731200000000003
KXSOLD-26AUG0901-T76.2499,KXSOLD,fade_no,0.04,0.99,0.009307000000000008
KXSOLD-26AUG0901-T76.2499,KXSOLD,lotto_yes,0.04,0.04,-0.042688000000000004
KXSOLD-26AUG0917-T78.9999,KXSOLD,fade_no,0.03,0.99,0.009307000000000008
KXSOLD-26AUG0917-T78.9999,KXSOLD,lotto_yes,0.03,0.03,-0.032036999999999996
KXSOLD-26AUG0917-T77.9999,KXSOLD,fade_no,0.04,0.99,0.009307000000000008
KXSOLD-26AUG0917-T77.9999,KXSOLD,lotto_yes,0.04,0.04,-0.042688000000000004
KXSOLD-26AUG0900-T76.2499,KXSOLD,fade_no,0.04,0.99,0.009307000000000008
KXSOLD-26AUG0900-T76.2499,KXSOLD,lotto_yes,0.04,0.04,-0.042688000000000004
KXSOLD-26AUG0823-T75.9999,KXSOLD,fade_no,0.11,0.95,0.04667500000000004
KXSOLD-26AUG0823-T75.9999,KXSOLD,lotto_yes,0.11,0.11,-0.116853
KXSOLD-26AUG0822-T76.2499,KXSOLD,fade_no,0.03,0.99,0.009307000000000008
KXSOLD-26AUG0822-T76.2499,KXSOLD,lotto_yes,0.03,0.03,-0.032036999999999996
KXSOLD-26AUG0822-T75.9999,KXSOLD,fade_no,0.04,0.99,0.009307000000000008
KXSOLD-26AUG0822-T75.9999,KXSOLD,lotto_yes,0.04,0.04,-0.042688000000000004
KXSOLD-26AUG0822-T75.7499,KXSOLD,fav_yes,0.82,0.82,0.16966800000000004
KXSOLD-26AUG0821-T76.2499,KXSOLD,fade_no,0.04,0.99,0.009307000000000008
KXSOLD-26AUG0821-T76.2499,KXSOLD,lotto_yes,0.04,0.04,-0.042688000000000004
KXSOLD-26AUG0821-T75.9999,KXSOLD,fade_no,0.15,0.9,0.09369999999999998
KXSOLD-26AUG0821-T75.9999,KXSOLD,lotto_yes,0.15,0.15,-0.15892499999999998
KXXRPD-26AUG0617-T1.0599,KXXRPD,fade_no,0.03,0.99,0.009307000000000008
KXXRPD-26AUG0617-T1.0599,KXXRPD,lotto_yes,0.03,0.03,-0.032036999999999996
KXXRPD-26AUG0617-T1.0399,KXXRPD,fade_no,0.03,0.98,0.018628000000000016
KXXRPD-26AUG0617-T1.0399,KXXRPD,lotto_yes,0.03,0.03,-0.032036999999999996
KXXRPD-26AUG0523-T1.0599,KXXRPD,fade_no,0.03,0.99,0.009307000000000008
KXXRPD-26AUG0523-T1.0599,KXXRPD,lotto_yes,0.03,0.03,-0.032036999999999996
KXXRPD-26AUG0522-T1.0599,KXXRPD,fade_no,0.08,0.96,0.03731200000000003
KXXRPD-26AUG0522-T1.0599,KXXRPD,lotto_yes,0.08,0.08,-0.085152
KXXRPD-26AUG0521-T1.0599,KXXRPD,fav_yes,0.84,0.84,0.15059200000000003
KXXRPD-26AUG0520-T1.0599,KXXRPD,fav_yes,0.88,0.88,0.112608
KXXRPD-26AUG0513-T1.0599,KXXRPD,fav_yes,0.89,0.89,0.10314699999999999
KXXRPD-26AUG0512-T1.0599,KXXRPD,fav_yes,0.97,0.97,0.027963000000000026
KXDOGED-26AUG0320-T0.0699999,KXDOGED,fav_yes,0.95,0.95,0.04667500000000004
KXDOGED-26AUG0319-T0.0699999,KXDOGED,fav_yes,0.84,0.84,0.15059200000000003
KXDOGED-26AUG0313-T0.0699999,KXDOGED,fav_yes,0.9,0.9,0.09369999999999998
KXDOGED-26AUG0312-T0.0699999,KXDOGED,fav_yes,0.95,0.95,0.04667500000000004
KXDOGED-26AUG0311-T0.0699999,KXDOGED,fav_yes,0.93,0.93,0.06544299999999996
KXDOGED-26AUG0307-T0.0699999,KXDOGED,fade_no,0.03,0.99,0.009307000000000008
KXDOGED-26AUG0307-T0.0699999,KXDOGED,lotto_yes,0.03,0.03,-0.032036999999999996
KXDOGED-26AUG0303-T0.0699999,KXDOGED,fade_no,0.07,0.96,0.03731200000000003
KXDOGED-26AUG0303-T0.0699999,KXDOGED,lotto_yes,0.07,0.07,-0.07455700000000001
KXDOGED-26AUG0302-T0.0699999,KXDOGED,fade_no,0.03,0.99,0.009307000000000008
KXDOGED-26AUG0302-T0.0699999,KXDOGED,lotto_yes,0.03,0.03,-0.032036999999999996
KXBTC-26AUG0903-B64650,KXBTC,fade_no,0.05,0.98,0.018628000000000016
KXBTC-26AUG0903-B64650,KXBTC,lotto_yes,0.05,0.05,-0.053325000000000004
KXETHD-26AUG0919-T1944.99,KXETHD,fade_no,0.1,0.9299999999999999,0.06544300000000006
KXETHD-26AUG0919-T1944.99,KXETHD,lotto_yes,0.1,0.1,-0.1063
KXETHD-26AUG0919-T1924.99,KXETHD,fade_no,0.03,0.98,0.018628000000000016
KXETHD-26AUG0919-T1924.99,KXETHD,lotto_yes,0.03,0.03,-0.032036999999999996
KXETHD-26AUG0919-T1914.99,KXETHD,fav_yes,0.87,0.87,0.122083
KXSOLD-26AUG0919-T77.9999,KXSOLD,fade_no,0.03,0.99,0.009307000000000008
KXSOLD-26AUG0919-T77.9999,KXSOLD,lotto_yes,0.03,0.03,-0.032036999999999996
KXSOLD-26AUG0919-T77.7499,KXSOLD,fade_no,0.03,0.99,0.009307000000000008
KXSOLD-26AUG0919-T77.7499,KXSOLD,lotto_yes,0.03,0.03,-0.032036999999999996
KXSOLD-26AUG0919-T77.2499,KXSOLD,fade_no,0.05,0.98,0.018628000000000016
KXSOLD-26AUG0919-T77.2499,KXSOLD,lotto_yes,0.05,0.05,-0.053325000000000004
KXBTC-26AUG0904-B64950,KXBTC,fade_no,0.03,0.98,0.018628000000000016
KXBTC-26AUG0904-B64950,KXBTC,lotto_yes,0.03,0.03,-0.032036999999999996
KXETHD-26AUG0920-T1924.99,KXETHD,fade_no,0.04,0.98,0.018628000000000016
KXETHD-26AUG0920-T1924.99,KXETHD,lotto_yes,0.04,0.04,-0.042688000000000004
KXETHD-26AUG0920-T1914.99,KXETHD,fade_no,0.07,0.94,0.056052000000000046
KXETHD-26AUG0920-T1914.99,KXETHD,lotto_yes,0.07,0.07,-0.07455700000000001
KXETHD-26AUG0920-T1904.99,KXETHD,fav_yes,0.97,0.97,0.027963000000000026
KXSOLD-26AUG0920-T77.2499,KXSOLD,fade_no,0.03,0.99,0.009307000000000008
KXSOLD-26AUG0920-T77.2499,KXSOLD,lotto_yes,0.03,0.03,-0.032036999999999996
KXSOLD-26AUG0920-T76.9999,KXSOLD,fade_no,0.08,0.95,0.04667500000000004
KXSOLD-26AUG0920-T76.9999,KXSOLD,lotto_yes,0.08,0.08,-0.085152
KXSOLD-26AUG0920-T76.4999,KXSOLD,fade_no,0.13,0.9,0.09369999999999998
KXSOLD-26AUG0920-T76.4999,KXSOLD,lotto_yes,0.13,0.13,-0.137917
KXBTCD-26AUG1004-T65199.99,KXBTCD,fav_yes,0.95,0.95,-0.953325
KXBTCD-26AUG1003-T65299.99,KXBTCD,fade_no,0.04,0.97,0.027963000000000026
KXBTCD-26AUG1003-T65299.99,KXBTCD,lotto_yes,0.04,0.04,-0.042688000000000004
KXBTCD-26AUG1003-T65099.99,KXBTCD,fav_yes,0.96,0.96,0.03731200000000003
KXBTCD-26AUG1002-T65199.99,KXBTCD,fade_no,0.03,0.98,0.018628000000000016
KXBTCD-26AUG1002-T65199.99,KXBTCD,lotto_yes,0.03,0.03,-0.032036999999999996
KXBTCD-26AUG1002-T65099.99,KXBTCD,fade_no,0.1,0.91,0.08426699999999997
KXBTCD-26AUG1002-T65099.99,KXBTCD,lotto_yes,0.1,0.1,-0.1063
KXBTCD-26AUG1001-T65299.99,KXBTCD,fade_no,0.03,0.98,0.018628000000000016
KXBTCD-26AUG1001-T65299.99,KXBTCD,lotto_yes,0.03,0.03,-0.032036999999999996
KXBTCD-26AUG1001-T65099.99,KXBTCD,fade_no,0.05,0.96,0.03731200000000003
KXBTCD-26AUG1001-T65099.99,KXBTCD,lotto_yes,0.05,0.05,-0.053325000000000004
KXBTCD-26AUG1001-T64899.99,KXBTCD,fav_yes,0.82,0.82,0.16966800000000004
KXBTCD-26AUG1017-T64249.99,KXBTCD,fade_no,0.04,0.97,0.027963000000000026
KXBTCD-26AUG1017-T64249.99,KXBTCD,lotto_yes,0.04,0.04,-0.042688000000000004
KXBTCD-26AUG1017-T63999.99,KXBTCD,fav_yes,0.97,0.97,0.027963000000000026
KXBTCD-26AUG1000-T65099.99,KXBTCD,fade_no,0.04,0.97,0.027963000000000026
KXBTCD-26AUG1000-T65099.99,KXBTCD,lotto_yes,0.04,0.04,-0.042688000000000004
KXBTCD-26AUG1000-T64899.99,KXBTCD,fav_yes,0.84,0.84,0.15059200000000003
KXBTCD-26AUG0923-T65299.99,KXBTCD,fade_no,0.08,0.9299999999999999,0.06544300000000006
KXBTCD-26AUG0923-T65299.99,KXBTCD,lotto_yes,0.08,0.08,-0.085152
KXBTCD-26AUG0923-T64999.99,KXBTCD,fav_yes,0.92,0.92,0.07484799999999996
KXBTCD-26AUG0922-T64999.99,KXBTCD,fade_no,0.12,0.89,-0.896853
KXBTCD-26AUG0922-T64999.99,KXBTCD,lotto_yes,0.12,0.12,0.872608
KXBTCD-26AUG0922-T64799.99,KXBTCD,fav_yes,0.95,0.95,0.04667500000000004
KXBTCD-26AUG0921-T65199.99,KXBTCD,fade_no,0.03,0.98,0.018628000000000016
KXBTCD-26AUG0921-T65199.99,KXBTCD,lotto_yes,0.03,0.03,-0.032036999999999996
KXBTCD-26AUG0921-T64999.99,KXBTCD,fade_no,0.05,0.96,0.03731200000000003
KXBTCD-26AUG0921-T64999.99,KXBTCD,lotto_yes,0.05,0.05,-0.053325000000000004
KXBTCD-26AUG0921-T64899.99,KXBTCD,fade_no,0.18,0.83,-0.839877
KXBTCD-26AUG0921-T64899.99,KXBTCD,lotto_yes,0.18,0.18,0.809668
KXBTCD-26AUG0921-T64699.99,KXBTCD,fav_yes,0.83,0.83,0.16012300000000004
KXBTCD-26AUG0921-T64599.99,KXBTCD,fav_yes,0.96,0.96,0.03731200000000003
KXBTCD-26AUG0920-T64999.99,KXBTCD,fade_no,0.04,0.97,0.027963000000000026
KXBTCD-26AUG0920-T64999.99,KXBTCD,lotto_yes,0.04,0.04,-0.042688000000000004
KXBTCD-26AUG0920-T64799.99,KXBTCD,fav_yes,0.8,0.8,0.18879999999999997
KXBTCD-26AUG0919-T65099.99,KXBTCD,fade_no,0.06,0.95,0.04667500000000004
KXBTCD-26AUG0919-T65099.99,KXBTCD,lotto_yes,0.06,0.06,-0.063948
KXBTCD-26AUG0919-T64899.99,KXBTCD,fav_yes,0.89,0.89,0.10314699999999999
KXBTCD-26AUG0918-T65299.99,KXBTCD,fade_no,0.06,0.95,0.04667500000000004
KXBTCD-26AUG0918-T65299.99,KXBTCD,lotto_yes,0.06,0.06,-0.063948
KXBTCD-26AUG0918-T65099.99,KXBTCD,fav_yes,0.93,0.93,0.06544299999999996
KXBTCD-26AUG0915-T65199.99,KXBTCD,fade_no,0.11,0.9,0.09369999999999998
KXBTCD-26AUG0915-T65199.99,KXBTCD,lotto_yes,0.11,0.11,-0.116853
KXBTCD-26AUG0913-T65299.99,KXBTCD,fade_no,0.03,0.98,0.018628000000000016
KXBTCD-26AUG0913-T65299.99,KXBTCD,lotto_yes,0.03,0.03,-0.032036999999999996
KXBTCD-26AUG0911-T65199.99,KXBTCD,fade_no,0.04,0.97,-0.9720369999999999
KXBTCD-26AUG0911-T65199.99,KXBTCD,lotto_yes,0.04,0.04,0.9573119999999999
KXBTCD-26AUG0910-T65099.99,KXBTCD,fav_yes,0.85,0.85,0.141075
KXBTCD-26AUG0908-T64999.99,KXBTCD,fade_no,0.04,0.97,0.027963000000000026
KXBTCD-26AUG0908-T64999.99,KXBTCD,lotto_yes,0.04,0.04,-0.042688000000000004
KXBTCD-26AUG0908-T64899.99,KXBTCD,fav_yes,0.91,0.91,0.08426699999999997
KXBTCD-26AUG0906-T64799.99,KXBTCD,fade_no,0.08,0.94,-0.9439479999999999
KXBTCD-26AUG0906-T64799.99,KXBTCD,lotto_yes,0.08,0.08,0.914848
KXBTCD-26AUG0905-T64799.99,KXBTCD,fade_no,0.11,0.9,0.09369999999999998
KXBTCD-26AUG0905-T64799.99,KXBTCD,lotto_yes,0.11,0.11,-0.116853
KXBTCD-26AUG0905-T64699.99,KXBTCD,fav_yes,0.93,0.93,0.06544299999999996
KXBTC-26AUG1004-B65550,KXBTC,fade_no,0.04,0.99,0.009307000000000008
KXBTC-26AUG1004-B65550,KXBTC,lotto_yes,0.04,0.04,-0.042688000000000004
KXBTC-26AUG1004-B65450,KXBTC,fade_no,0.06,0.97,0.027963000000000026
KXBTC-26AUG1004-B65450,KXBTC,lotto_yes,0.06,0.06,-0.063948
KXBTC-26AUG1004-B65150,KXBTC,fade_no,0.05,0.96,-0.962688
KXBTC-26AUG1004-B65150,KXBTC,lotto_yes,0.05,0.05,0.9466749999999999
KXBTC-26AUG1004-B65050,KXBTC,fade_no,0.05,0.97,0.027963000000000026
KXBTC-26AUG1004-B65050,KXBTC,lotto_yes,0.05,0.05,-0.053325000000000004
KXBTC-26AUG1004-B64950,KXBTC,fade_no,0.03,0.98,0.018628000000000016
KXBTC-26AUG1004-B64950,KXBTC,lotto_yes,0.03,0.03,-0.032036999999999996
KXBTC-26AUG1003-B65450,KXBTC,fade_no,0.03,0.98,0.018628000000000016
KXBTC-26AUG1003-B65450,KXBTC,lotto_yes,0.03,0.03,-0.032036999999999996
KXBTC-26AUG1003-B65350,KXBTC,fade_no,0.09,0.95,0.04667500000000004
KXBTC-26AUG1003-B65350,KXBTC,lotto_yes,0.09,0.09,-0.095733
KXBTC-26AUG1003-B65050,KXBTC,fade_no,0.06,0.97,0.027963000000000026
KXBTC-26AUG1003-B65050,KXBTC,lotto_yes,0.06,0.06,-0.063948
KXBTC-26AUG1003-B64950,KXBTC,fade_no,0.06,0.96,0.03731200000000003
KXBTC-26AUG1003-B64950,KXBTC,lotto_yes,0.06,0.06,-0.063948
KXBTC-26AUG1003-B64850,KXBTC,fade_no,0.03,0.98,0.018628000000000016
KXBTC-26AUG1003-B64850,KXBTC,lotto_yes,0.03,0.03,-0.032036999999999996
KXBTC-26AUG1002-B65250,KXBTC,fade_no,0.04,0.98,0.018628000000000016
KXBTC-26AUG1002-B65250,KXBTC,lotto_yes,0.04,0.04,-0.042688000000000004
KXBTC-26AUG1002-B65150,KXBTC,fade_no,0.09,0.94,0.056052000000000046
KXBTC-26AUG1002-B65150,KXBTC,lotto_yes,0.09,0.09,-0.095733
KXBTC-26AUG1002-B64850,KXBTC,fade_no,0.19,0.85,0.141075
KXBTC-26AUG1002-B64850,KXBTC,lotto_yes,0.19,0.19,-0.200773
KXBTC-26AUG1002-B64750,KXBTC,fade_no,0.06,0.97,0.027963000000000026
KXBTC-26AUG1002-B64750,KXBTC,lotto_yes,0.06,0.06,-0.063948
KXBTC-26AUG1001-B65250,KXBTC,fade_no,0.06,0.97,0.027963000000000026
KXBTC-26AUG1001-B65250,KXBTC,lotto_yes,0.06,0.06,-0.063948
KXBTC-26AUG1001-B65150,KXBTC,fade_no,0.03,0.98,0.018628000000000016
KXBTC-26AUG1001-B65150,KXBTC,lotto_yes,0.03,0.03,-0.032036999999999996
KXBTC-26AUG1001-B64750,KXBTC,fade_no,0.03,0.98,0.018628000000000016
KXBTC-26AUG1001-B64750,KXBTC,lotto_yes,0.03,0.03,-0.032036999999999996
KXBTC-26AUG1017-B65625,KXBTC,fade_no,0.03,0.98,0.018628000000000016
KXBTC-26AUG1017-B65625,KXBTC,lotto_yes,0.03,0.03,-0.032036999999999996
KXBTC-26AUG1017-B65375,KXBTC,fade_no,0.03,0.99,0.009307000000000008
KXBTC-26AUG1017-B65375,KXBTC,lotto_yes,0.03,0.03,-0.032036999999999996
KXBTC-26AUG1017-B64875,KXBTC,fade_no,0.03,0.99,0.009307000000000008
KXBTC-26AUG1017-B64875,KXBTC,lotto_yes,0.03,0.03,-0.032036999999999996
KXBTC-26AUG1017-B64625,KXBTC,fade_no,0.03,0.99,0.009307000000000008
KXBTC-26AUG1017-B64625,KXBTC,lotto_yes,0.03,0.03,-0.032036999999999996
KXBTC-26AUG1017-B64375,KXBTC,fade_no,0.06,0.98,0.018628000000000016
KXBTC-26AUG1017-B64375,KXBTC,lotto_yes,0.06,0.06,-0.063948
KXBTC-26AUG1017-B64125,KXBTC,fav_yes,0.92,0.92,0.07484799999999996
KXBTC-26AUG1017-B63875,KXBTC,fade_no,0.05,0.97,0.027963000000000026
KXBTC-26AUG1017-B63875,KXBTC,lotto_yes,0.05,0.05,-0.053325000000000004
KXBTC-26AUG1017-B63625,KXBTC,fade_no,0.03,0.99,0.009307000000000008
KXBTC-26AUG1017-B63625,KXBTC,lotto_yes,0.03,0.03,-0.032036999999999996
KXBTC-26AUG1017-B63375,KXBTC,fade_no,0.03,0.99,0.009307000000000008
KXBTC-26AUG1017-B63375,KXBTC,lotto_yes,0.03,0.03,-0.032036999999999996
KXBTC-26AUG1017-B63125,KXBTC,fade_no,0.04,0.97,0.027963000000000026
KXBTC-26AUG1017-B63125,KXBTC,lotto_yes,0.04,0.04,-0.042688000000000004
KXBTC-26AUG1000-B65350,KXBTC,fade_no,0.03,0.99,0.009307000000000008
KXBTC-26AUG1000-B65350,KXBTC,lotto_yes,0.03,0.03,-0.032036999999999996
KXBTC-26AUG1000-B65250,KXBTC,fade_no,0.07,0.96,0.03731200000000003
KXBTC-26AUG1000-B65250,KXBTC,lotto_yes,0.07,0.07,-0.07455700000000001
KXBTC-26AUG1000-B64850,KXBTC,fade_no,0.15,0.88,0.112608
KXBTC-26AUG1000-B64850,KXBTC,lotto_yes,0.15,0.15,-0.15892499999999998
KXBTC-26AUG1000-B64750,KXBTC,fade_no,0.04,0.98,0.018628000000000016
KXBTC-26AUG1000-B64750,KXBTC,lotto_yes,0.04,0.04,-0.042688000000000004
KXBTC-26AUG0923-B65350,KXBTC,fade_no,0.03,0.98,0.018628000000000016
KXBTC-26AUG0923-B65350,KXBTC,lotto_yes,0.03,0.03,-0.032036999999999996
KXBTC-26AUG0923-B65250,KXBTC,fade_no,0.03,0.98,0.018628000000000016
KXBTC-26AUG0923-B65250,KXBTC,lotto_yes,0.03,0.03,-0.032036999999999996
KXBTC-26AUG0923-B65150,KXBTC,fade_no,0.06,0.96,0.03731200000000003
KXBTC-26AUG0923-B65150,KXBTC,lotto_yes,0.06,0.06,-0.063948
KXBTC-26AUG0923-B65050,KXBTC,fade_no,0.18,0.84,-0.8494079999999999
KXBTC-26AUG0923-B65050,KXBTC,lotto_yes,0.18,0.18,0.809668
KXBTC-26AUG0923-B64950,KXBTC,fade_no,0.07,0.95,0.04667500000000004
KXBTC-26AUG0923-B64950,KXBTC,lotto_yes,0.07,0.07,-0.07455700000000001
KXBTC-26AUG0923-B64850,KXBTC,fade_no,0.03,0.99,0.009307000000000008
KXBTC-26AUG0923-B64850,KXBTC,lotto_yes,0.03,0.03,-0.032036999999999996
KXBTC-26AUG0923-B64750,KXBTC,fade_no,0.17,0.88,0.112608
KXBTC-26AUG0923-B64750,KXBTC,lotto_yes,0.17,0.17,-0.179877
KXBTC-26AUG0922-B65250,KXBTC,fade_no,0.06,0.97,0.027963000000000026
KXBTC-26AUG0922-B65250,KXBTC,lotto_yes,0.06,0.06,-0.063948
KXBTC-26AUG0922-B65150,KXBTC,fade_no,0.14,0.89,-0.896853
KXBTC-26AUG0922-B65150,KXBTC,lotto_yes,0.14,0.14,0.851572
KXBTC-26AUG0922-B65050,KXBTC,fade_no,0.11,0.92,0.07484799999999996
KXBTC-26AUG0922-B65050,KXBTC,lotto_yes,0.11,0.11,-0.116853
KXBTC-26AUG0922-B64750,KXBTC,fade_no,0.07,0.95,0.04667500000000004
KXBTC-26AUG0922-B64750,KXBTC,lotto_yes,0.07,0.07,-0.07455700000000001
KXBTC-26AUG0922-B64650,KXBTC,fade_no,0.04,0.98,0.018628000000000016
KXBTC-26AUG0922-B64650,KXBTC,lotto_yes,0.04,0.04,-0.042688000000000004
KXBTC-26AUG0922-B64550,KXBTC,fade_no,0.03,0.98,0.018628000000000016
KXBTC-26AUG0922-B64550,KXBTC,lotto_yes,0.03,0.03,-0.032036999999999996
KXBTC-26AUG0921-B65550,KXBTC,fade_no,0.05,0.98,0.018628000000000016
KXBTC-26AUG0921-B65550,KXBTC,lotto_yes,0.05,0.05,-0.053325000000000004
KXBTC-26AUG0921-B65450,KXBTC,fade_no,0.05,0.98,0.018628000000000016
KXBTC-26AUG0921-B65450,KXBTC,lotto_yes,0.05,0.05,-0.053325000000000004
KXBTC-26AUG0921-B65350,KXBTC,fade_no,0.05,0.97,0.027963000000000026
KXBTC-26AUG0921-B65350,KXBTC,lotto_yes,0.05,0.05,-0.053325000000000004
KXBTC-26AUG0921-B65250,KXBTC,fade_no,0.09,0.96,0.03731200000000003
KXBTC-26AUG0921-B65250,KXBTC,lotto_yes,0.09,0.09,-0.095733
KXBTC-26AUG0921-B65150,KXBTC,fade_no,0.04,0.98,0.018628000000000016
KXBTC-26AUG0921-B65150,KXBTC,lotto_yes,0.04,0.04,-0.042688000000000004
KXBTC-26AUG0921-B65050,KXBTC,fade_no,0.04,0.98,0.018628000000000016
KXBTC-26AUG0921-B65050,KXBTC,lotto_yes,0.04,0.04,-0.042688000000000004
KXBTC-26AUG0921-B64950,KXBTC,fade_no,0.12,0.9,-0.9063
KXBTC-26AUG0921-B64950,KXBTC,lotto_yes,0.12,0.12,0.872608
KXBTC-26AUG0921-B64750,KXBTC,fade_no,0.07,0.96,0.03731200000000003
KXBTC-26AUG0921-B64750,KXBTC,lotto_yes,0.07,0.07,-0.07455700000000001
KXBTC-26AUG0921-B64650,KXBTC,fade_no,0.03,0.98,0.018628000000000016
KXBTC-26AUG0921-B64650,KXBTC,lotto_yes,0.03,0.03,-0.032036999999999996
KXBTC-26AUG0921-B64550,KXBTC,fade_no,0.03,0.98,0.018628000000000016
KXBTC-26AUG0921-B64550,KXBTC,lotto_yes,0.03,0.03,-0.032036999999999996
KXBTC-26AUG0921-B64450,KXBTC,fade_no,0.04,0.99,0.009307000000000008
KXBTC-26AUG0921-B64450,KXBTC,lotto_yes,0.04,0.04,-0.042688000000000004
KXBTC-26AUG0920-B65350,KXBTC,fade_no,0.03,0.98,0.018628000000000016
KXBTC-26AUG0920-B65350,KXBTC,lotto_yes,0.03,0.03,-0.032036999999999996
KXBTC-26AUG0920-B65250,KXBTC,fade_no,0.04,0.98,0.018628000000000016
KXBTC-26AUG0920-B65250,KXBTC,lotto_yes,0.04,0.04,-0.042688000000000004
KXBTC-26AUG0920-B65150,KXBTC,fade_no,0.1,0.9299999999999999,0.06544300000000006
KXBTC-26AUG0920-B65150,KXBTC,lotto_yes,0.1,0.1,-0.1063
KXBTC-26AUG0920-B65050,KXBTC,fade_no,0.04,0.98,0.018628000000000016
KXBTC-26AUG0920-B65050,KXBTC,lotto_yes,0.04,0.04,-0.042688000000000004
KXBTC-26AUG0920-B64750,KXBTC,fade_no,0.08,0.95,0.04667500000000004
KXBTC-26AUG0920-B64750,KXBTC,lotto_yes,0.08,0.08,-0.085152
KXBTC-26AUG0919-B65450,KXBTC,fade_no,0.03,0.98,0.018628000000000016
KXBTC-26AUG0919-B65450,KXBTC,lotto_yes,0.03,0.03,-0.032036999999999996
KXBTC-26AUG0919-B65350,KXBTC,fade_no,0.04,0.99,0.009307000000000008
KXBTC-26AUG0919-B65350,KXBTC,lotto_yes,0.04,0.04,-0.042688000000000004
KXBTC-26AUG0919-B65250,KXBTC,fade_no,0.03,0.99,0.009307000000000008
KXBTC-26AUG0919-B65250,KXBTC,lotto_yes,0.03,0.03,-0.032036999999999996
KXBTC-26AUG0919-B65150,KXBTC,fade_no,0.06,0.95,0.04667500000000004
KXBTC-26AUG0919-B65150,KXBTC,lotto_yes,0.06,0.06,-0.063948
KXBTC-26AUG0918-B65250,KXBTC,fade_no,0.04,0.98,0.018628000000000016
KXBTC-26AUG0918-B65250,KXBTC,lotto_yes,0.04,0.04,-0.042688000000000004
KXBTC-26AUG0918-B65050,KXBTC,fade_no,0.13,0.9,0.09369999999999998
KXBTC-26AUG0918-B65050,KXBTC,lotto_yes,0.13,0.13,-0.137917
KXBTC-26AUG0918-B64950,KXBTC,fade_no,0.04,0.99,0.009307000000000008
KXBTC-26AUG0918-B64950,KXBTC,lotto_yes,0.04,0.04,-0.042688000000000004
KXBTC-26AUG0916-B65250,KXBTC,fade_no,0.05,0.98,0.018628000000000016
KXBTC-26AUG0916-B65250,KXBTC,lotto_yes,0.05,0.05,-0.053325000000000004
KXBTC-26AUG0916-B65150,KXBTC,fav_yes,0.95,0.95,0.04667500000000004
KXBTC-26AUG0916-B65050,KXBTC,fade_no,0.03,0.98,0.018628000000000016
KXBTC-26AUG0916-B65050,KXBTC,lotto_yes,0.03,0.03,-0.032036999999999996
KXBTC-26AUG0915-B65250,KXBTC,fade_no,0.09,0.92,0.07484799999999996
KXBTC-26AUG0915-B65250,KXBTC,lotto_yes,0.09,0.09,-0.095733
KXBTC-26AUG0915-B65150,KXBTC,fav_yes,0.91,0.91,0.08426699999999997
KXBTC-26AUG0915-B65050,KXBTC,fade_no,0.04,0.98,0.018628000000000016
KXBTC-26AUG0915-B65050,KXBTC,lotto_yes,0.04,0.04,-0.042688000000000004
KXBTC-26AUG0914-B65350,KXBTC,fade_no,0.03,0.98,0.018628000000000016
KXBTC-26AUG0914-B65350,KXBTC,lotto_yes,0.03,0.03,-0.032036999999999996
KXBTC-26AUG0914-B65050,KXBTC,fade_no,0.04,0.99,0.009307000000000008
KXBTC-26AUG0914-B65050,KXBTC,lotto_yes,0.04,0.04,-0.042688000000000004
KXBTC-26AUG0913-B65350,KXBTC,fade_no,0.06,0.96,0.03731200000000003
KXBTC-26AUG0913-B65350,KXBTC,lotto_yes,0.06,0.06,-0.063948
KXBTC-26AUG0913-B65050,KXBTC,fade_no,0.04,0.99,0.009307000000000008
KXBTC-26AUG0913-B65050,KXBTC,lotto_yes,0.04,0.04,-0.042688000000000004
KXBTC-26AUG0912-B65350,KXBTC,fade_no,0.03,0.98,0.018628000000000016
KXBTC-26AUG0912-B65350,KXBTC,lotto_yes,0.03,0.03,-0.032036999999999996
KXBTC-26AUG0912-B65050,KXBTC,fade_no,0.05,0.99,0.009307000000000008
KXBTC-26AUG0912-B65050,KXBTC,lotto_yes,0.05,0.05,-0.053325000000000004
KXBTC-26AUG0912-B64950,KXBTC,fade_no,0.03,0.98,0.018628000000000016
KXBTC-26AUG0912-B64950,KXBTC,lotto_yes,0.03,0.03,-0.032036999999999996
KXBTC-26AUG0911-B65350,KXBTC,fade_no,0.03,0.98,0.018628000000000016
KXBTC-26AUG0911-B65350,KXBTC,lotto_yes,0.03,0.03,-0.032036999999999996
KXBTC-26AUG0911-B65250,KXBTC,fade_no,0.04,0.98,-0.981372
KXBTC-26AUG0911-B65250,KXBTC,lotto_yes,0.04,0.04,0.9573119999999999
KXBTC-26AUG0910-B65050,KXBTC,fade_no,0.15,0.9,0.09369999999999998
KXBTC-26AUG0910-B65050,KXBTC,lotto_yes,0.15,0.15,-0.15892499999999998
KXBTC-26AUG0910-B64850,KXBTC,fade_no,0.09,0.94,0.056052000000000046
KXBTC-26AUG0910-B64850,KXBTC,lotto_yes,0.09,0.09,-0.095733
KXBTC-26AUG0909-B65050,KXBTC,fade_no,0.06,0.98,0.018628000000000016
KXBTC-26AUG0909-B65050,KXBTC,lotto_yes,0.06,0.06,-0.063948
KXBTC-26AUG0909-B64750,KXBTC,fade_no,0.04,0.99,0.009307000000000008
KXBTC-26AUG0909-B64750,KXBTC,lotto_yes,0.04,0.04,-0.042688000000000004
KXBTC-26AUG0908-B65050,KXBTC,fade_no,0.04,0.98,0.018628000000000016
KXBTC-26AUG0908-B65050,KXBTC,lotto_yes,0.04,0.04,-0.042688000000000004
KXBTC-26AUG0908-B64950,KXBTC,fav_yes,0.86,0.86,0.13157200000000002
KXBTC-26AUG0908-B64850,KXBTC,fade_no,0.08,0.95,0.04667500000000004
KXBTC-26AUG0908-B64850,KXBTC,lotto_yes,0.08,0.08,-0.085152
KXBTC-26AUG0908-B64750,KXBTC,fade_no,0.05,0.98,0.018628000000000016
KXBTC-26AUG0908-B64750,KXBTC,lotto_yes,0.05,0.05,-0.053325000000000004
KXBTC-26AUG0907-B64750,KXBTC,fade_no,0.04,0.99,0.009307000000000008
KXBTC-26AUG0907-B64750,KXBTC,lotto_yes,0.04,0.04,-0.042688000000000004
KXBTC-26AUG0906-B64850,KXBTC,fade_no,0.07,0.95,-0.953325
KXBTC-26AUG0906-B64850,KXBTC,lotto_yes,0.07,0.07,0.9254429999999999
KXBTC-26AUG0906-B64750,KXBTC,fav_yes,0.91,0.91,-0.915733
KXBTC-26AUG0906-B64650,KXBTC,fade_no,0.07,0.98,0.018628000000000016
KXBTC-26AUG0906-B64650,KXBTC,lotto_yes,0.07,0.07,-0.07455700000000001
KXBTC-26AUG0905-B65050,KXBTC,fade_no,0.04,0.97,0.027963000000000026
KXBTC-26AUG0905-B65050,KXBTC,lotto_yes,0.04,0.04,-0.042688000000000004
KXBTC-26AUG0905-B64950,KXBTC,fade_no,0.03,0.98,0.018628000000000016
KXBTC-26AUG0905-B64950,KXBTC,lotto_yes,0.03,0.03,-0.032036999999999996
KXBTC-26AUG0905-B64850,KXBTC,fade_no,0.11,0.92,0.07484799999999996
KXBTC-26AUG0905-B64850,KXBTC,lotto_yes,0.11,0.11,-0.116853
KXBTC-26AUG0905-B64750,KXBTC,fav_yes,0.85,0.85,0.141075
KXETHD-26AUG1020-T1879.99,KXETHD,fade_no,0.04,0.97,0.027963000000000026
KXETHD-26AUG1020-T1879.99,KXETHD,lotto_yes,0.04,0.04,-0.042688000000000004
KXETHD-26AUG1020-T1874.99,KXETHD,fade_no,0.06,0.95,0.04667500000000004
KXETHD-26AUG1020-T1874.99,KXETHD,lotto_yes,0.06,0.06,-0.063948
KXETHD-26AUG1019-T1874.99,KXETHD,fade_no,0.15,0.88,0.112608
KXETHD-26AUG1019-T1874.99,KXETHD,lotto_yes,0.15,0.15,-0.15892499999999998
KXETHD-26AUG1019-T1869.99,KXETHD,fav_yes,0.93,0.93,0.06544299999999996
KXETHD-26AUG1018-T1869.99,KXETHD,fav_yes,0.96,0.96,0.03731200000000003
KXETHD-26AUG1016-T1884.99,KXETHD,fade_no,0.03,0.98,0.018628000000000016
KXETHD-26AUG1016-T1884.99,KXETHD,lotto_yes,0.03,0.03,-0.032036999999999996
KXETHD-26AUG1016-T1879.99,KXETHD,fade_no,0.19,0.83,0.16012300000000004
KXETHD-26AUG1016-T1879.99,KXETHD,lotto_yes,0.19,0.19,-0.200773
KXETHD-26AUG1016-T1874.99,KXETHD,fav_yes,0.86,0.86,0.13157200000000002
KXETHD-26AUG1016-T1864.99,KXETHD,fav_yes,0.97,0.97,0.027963000000000026
KXETHD-26AUG1015-T1889.99,KXETHD,fade_no,0.03,0.99,0.009307000000000008
KXETHD-26AUG1015-T1889.99,KXETHD,lotto_yes,0.03,0.03,-0.032036999999999996
KXETHD-26AUG1015-T1879.99,KXETHD,fade_no,0.03,0.98,0.018628000000000016
KXETHD-26AUG1015-T1879.99,KXETHD,lotto_yes,0.03,0.03,-0.032036999999999996
KXETHD-26AUG1015-T1874.99,KXETHD,fade_no,0.1,0.91,0.08426699999999997
KXETHD-26AUG1015-T1874.99,KXETHD,lotto_yes,0.1,0.1,-0.1063
KXETHD-26AUG1015-T1859.99,KXETHD,fav_yes,0.97,0.97,0.027963000000000026
KXETHD-26AUG1014-T1879.99,KXETHD,fade_no,0.05,0.96,0.03731200000000003
KXETHD-26AUG1014-T1879.99,KXETHD,lotto_yes,0.05,0.05,-0.053325000000000004
KXETHD-26AUG1014-T1869.99,KXETHD,fav_yes,0.93,0.93,0.06544299999999996
KXETHD-26AUG1013-T1894.99,KXETHD,fade_no,0.03,0.98,0.018628000000000016
KXETHD-26AUG1013-T1894.99,KXETHD,lotto_yes,0.03,0.03,-0.032036999999999996
KXETHD-26AUG1013-T1884.99,KXETHD,fade_no,0.03,0.98,0.018628000000000016
KXETHD-26AUG1013-T1884.99,KXETHD,lotto_yes,0.03,0.03,-0.032036999999999996
KXETHD-26AUG1013-T1874.99,KXETHD,fade_no,0.16,0.85,0.141075
KXETHD-26AUG1013-T1874.99,KXETHD,lotto_yes,0.16,0.16,-0.169408
KXETHD-26AUG1013-T1864.99,KXETHD,fav_yes,0.97,0.97,0.027963000000000026
KXETHD-26AUG1012-T1909.99,KXETHD,fade_no,0.03,0.98,0.018628000000000016
KXETHD-26AUG1012-T1909.99,KXETHD,lotto_yes,0.03,0.03,-0.032036999999999996
KXETHD-26AUG1012-T1884.99,KXETHD,fade_no,0.03,0.99,0.009307000000000008
KXETHD-26AUG1012-T1884.99,KXETHD,lotto_yes,0.03,0.03,-0.032036999999999996
KXETHD-26AUG1012-T1869.99,KXETHD,fav_yes,0.95,0.95,0.04667500000000004
KXETHD-26AUG1012-T1864.99,KXETHD,fav_yes,0.95,0.95,0.04667500000000004
KXETHD-26AUG1012-T1859.99,KXETHD,fav_yes,0.97,0.97,0.027963000000000026
KXETHD-26AUG1011-T1904.99,KXETHD,fade_no,0.1,0.92,0.07484799999999996
KXETHD-26AUG1011-T1904.99,KXETHD,lotto_yes,0.1,0.1,-0.1063
KXETHD-26AUG1011-T1894.99,KXETHD,fav_yes,0.83,0.83,-0.839877
KXETHD-26AUG1011-T1884.99,KXETHD,fav_yes,0.97,0.97,0.027963000000000026
KXETHD-26AUG1010-T1919.99,KXETHD,fade_no,0.04,0.98,0.018628000000000016
KXETHD-26AUG1010-T1919.99,KXETHD,lotto_yes,0.04,0.04,-0.042688000000000004
KXETHD-26AUG1010-T1909.99,KXETHD,fade_no,0.03,0.98,0.018628000000000016
KXETHD-26AUG1010-T1909.99,KXETHD,lotto_yes,0.03,0.03,-0.032036999999999996
KXETHD-26AUG1010-T1904.99,KXETHD,fade_no,0.16,0.86,0.13157200000000002
KXETHD-26AUG1010-T1904.99,KXETHD,lotto_yes,0.16,0.16,-0.169408
KXETHD-26AUG1010-T1894.99,KXETHD,fav_yes,0.82,0.82,0.16966800000000004
KXETHD-26AUG1010-T1889.99,KXETHD,fav_yes,0.97,0.97,0.027963000000000026
KXETHD-26AUG1009-T1929.99,KXETHD,fade_no,0.03,0.99,0.009307000000000008
KXETHD-26AUG1009-T1929.99,KXETHD,lotto_yes,0.03,0.03,-0.032036999999999996
KXETHD-26AUG1009-T1919.99,KXETHD,fade_no,0.03,0.98,0.018628000000000016
KXETHD-26AUG1009-T1919.99,KXETHD,lotto_yes,0.03,0.03,-0.032036999999999996
KXETHD-26AUG1009-T1909.99,KXETHD,fav_yes,0.91,0.91,-0.915733
KXETHD-26AUG1008-T1919.99,KXETHD,fade_no,0.1,0.91,0.08426699999999997
KXETHD-26AUG1008-T1919.99,KXETHD,lotto_yes,0.1,0.1,-0.1063
KXETHD-26AUG1008-T1914.99,KXETHD,fav_yes,0.85,0.85,0.141075
KXETHD-26AUG1008-T1909.99,KXETHD,fav_yes,0.95,0.95,0.04667500000000004
KXETHD-26AUG1007-T1924.99,KXETHD,fade_no,0.04,0.98,0.018628000000000016
KXETHD-26AUG1007-T1924.99,KXETHD,lotto_yes,0.04,0.04,-0.042688000000000004
KXETHD-26AUG1007-T1919.99,KXETHD,fade_no,0.06,0.97,0.027963000000000026
KXETHD-26AUG1007-T1919.99,KXETHD,lotto_yes,0.06,0.06,-0.063948
KXETHD-26AUG1006-T1929.99,KXETHD,fade_no,0.04,0.97,0.027963000000000026
KXETHD-26AUG1006-T1929.99,KXETHD,lotto_yes,0.04,0.04,-0.042688000000000004
KXETHD-26AUG1006-T1919.99,KXETHD,fade_no,0.08,0.94,0.056052000000000046
KXETHD-26AUG1006-T1919.99,KXETHD,lotto_yes,0.08,0.08,-0.085152
KXETHD-26AUG1006-T1914.99,KXETHD,fav_yes,0.82,0.82,0.16966800000000004
KXETHD-26AUG1005-T1929.99,KXETHD,fade_no,0.14,0.87,0.122083
KXETHD-26AUG1005-T1929.99,KXETHD,lotto_yes,0.14,0.14,-0.148428
KXETHD-26AUG1005-T1919.99,KXETHD,fav_yes,0.94,0.94,0.056052000000000046
KXETHD-26AUG1004-T1929.99,KXETHD,fade_no,0.18,0.83,0.16012300000000004
KXETHD-26AUG1004-T1929.99,KXETHD,lotto_yes,0.18,0.18,-0.190332
KXETHD-26AUG1003-T1934.99,KXETHD,fade_no,0.06,0.95,0.04667500000000004
KXETHD-26AUG1003-T1934.99,KXETHD,lotto_yes,0.06,0.06,-0.063948
KXETHD-26AUG1003-T1929.99,KXETHD,fade_no,0.03,0.98,0.018628000000000016
KXETHD-26AUG1003-T1929.99,KXETHD,lotto_yes,0.03,0.03,-0.032036999999999996
KXETHD-26AUG1002-T1924.99,KXETHD,fade_no,0.04,0.98,0.018628000000000016
KXETHD-26AUG1002-T1924.99,KXETHD,lotto_yes,0.04,0.04,-0.042688000000000004
KXETHD-26AUG1002-T1909.99,KXETHD,fav_yes,0.9,0.9,0.09369999999999998
KXETHD-26AUG1001-T1929.99,KXETHD,fade_no,0.03,0.99,0.009307000000000008
KXETHD-26AUG1001-T1929.99,KXETHD,lotto_yes,0.03,0.03,-0.032036999999999996
KXETHD-26AUG1001-T1924.99,KXETHD,fade_no,0.07,0.94,0.056052000000000046
KXETHD-26AUG1001-T1924.99,KXETHD,lotto_yes,0.07,0.07,-0.07455700000000001
KXETHD-26AUG1001-T1919.99,KXETHD,fade_no,0.08,0.9299999999999999,0.06544300000000006
KXETHD-26AUG1001-T1919.99,KXETHD,lotto_yes,0.08,0.08,-0.085152
KXETHD-26AUG1001-T1914.99,KXETHD,fav_yes,0.8,0.8,-0.8112
KXETHD-26AUG1001-T1909.99,KXETHD,fav_yes,0.97,0.97,0.027963000000000026
KXETHD-26AUG1017-T1899.99,KXETHD,fade_no,0.03,0.99,0.009307000000000008
KXETHD-26AUG1017-T1899.99,KXETHD,lotto_yes,0.03,0.03,-0.032036999999999996
KXETHD-26AUG1000-T1934.99,KXETHD,fade_no,0.03,0.99,0.009307000000000008
KXETHD-26AUG1000-T1934.99,KXETHD,lotto_yes,0.03,0.03,-0.032036999999999996
KXETHD-26AUG1000-T1919.99,KXETHD,fade_no,0.2,0.81,0.17922699999999994
KXETHD-26AUG1000-T1919.99,KXETHD,lotto_yes,0.2,0.2,-0.2112
KXETHD-26AUG1000-T1914.99,KXETHD,fav_yes,0.85,0.85,0.141075
KXETHD-26AUG1000-T1904.99,KXETHD,fav_yes,0.95,0.95,0.04667500000000004
KXETHD-26AUG0923-T1929.99,KXETHD,fade_no,0.08,0.94,0.056052000000000046
KXETHD-26AUG0923-T1929.99,KXETHD,lotto_yes,0.08,0.08,-0.085152
KXETHD-26AUG0923-T1919.99,KXETHD,fav_yes,0.9,0.9,0.09369999999999998
KXETHD-26AUG0923-T1904.99,KXETHD,fav_yes,0.92,0.92,0.07484799999999996
KXETHD-26AUG0922-T1929.99,KXETHD,fade_no,0.03,0.99,0.009307000000000008
KXETHD-26AUG0922-T1929.99,KXETHD,lotto_yes,0.03,0.03,-0.032036999999999996
KXETHD-26AUG0922-T1924.99,KXETHD,fade_no,0.07,0.95,0.04667500000000004
KXETHD-26AUG0922-T1924.99,KXETHD,lotto_yes,0.07,0.07,-0.07455700000000001
KXETHD-26AUG0922-T1919.99,KXETHD,fade_no,0.03,0.99,-0.990693
KXETHD-26AUG0922-T1919.99,KXETHD,lotto_yes,0.03,0.03,0.967963
KXETHD-26AUG0922-T1909.99,KXETHD,fav_yes,0.87,0.87,0.122083
KXETHD-26AUG0921-T1939.99,KXETHD,fade_no,0.05,0.98,0.018628000000000016
KXETHD-26AUG0921-T1939.99,KXETHD,lotto_yes,0.05,0.05,-0.053325000000000004
KXETHD-26AUG0921-T1934.99,KXETHD,fade_no,0.03,0.98,0.018628000000000016
KXETHD-26AUG0921-T1934.99,KXETHD,lotto_yes,0.03,0.03,-0.032036999999999996
KXETHD-26AUG0921-T1929.99,KXETHD,fade_no,0.05,0.97,0.027963000000000026
KXETHD-26AUG0921-T1929.99,KXETHD,lotto_yes,0.05,0.05,-0.053325000000000004
KXETHD-26AUG0921-T1924.99,KXETHD,fade_no,0.08,0.9299999999999999,0.06544300000000006
KXETHD-26AUG0921-T1924.99,KXETHD,lotto_yes,0.08,0.08,-0.085152
KXETHD-26AUG0921-T1919.99,KXETHD,fade_no,0.03,0.99,0.009307000000000008
KXETHD-26AUG0921-T1919.99,KXETHD,lotto_yes,0.03,0.03,-0.032036999999999996
KXETHD-26AUG0921-T1909.99,KXETHD,fade_no,0.15,0.88,-0.887392
KXETHD-26AUG0921-T1909.99,KXETHD,lotto_yes,0.15,0.15,0.841075
KXSOLD-26AUG1020-T76.4999,KXSOLD,fade_no,0.04,0.99,0.009307000000000008
KXSOLD-26AUG1020-T76.4999,KXSOLD,lotto_yes,0.04,0.04,-0.042688000000000004
KXSOLD-26AUG1020-T76.2499,KXSOLD,fade_no,0.04,0.98,0.018628000000000016
KXSOLD-26AUG1020-T76.2499,KXSOLD,lotto_yes,0.04,0.04,-0.042688000000000004
KXSOLD-26AUG1020-T75.9999,KXSOLD,fav_yes,0.81,0.81,-0.8207730000000001
KXSOLD-26AUG1019-T76.4999,KXSOLD,fade_no,0.04,0.99,0.009307000000000008
KXSOLD-26AUG1019-T76.4999,KXSOLD,lotto_yes,0.04,0.04,-0.042688000000000004
KXSOLD-26AUG1019-T76.2499,KXSOLD,fade_no,0.07,0.96,0.03731200000000003
KXSOLD-26AUG1019-T76.2499,KXSOLD,lotto_yes,0.07,0.07,-0.07455700000000001
KXSOLD-26AUG1019-T75.9999,KXSOLD,fav_yes,0.86,0.86,0.13157200000000002
KXSOLD-26AUG1018-T76.7499,KXSOLD,fade_no,0.04,0.99,0.009307000000000008
KXSOLD-26AUG1018-T76.7499,KXSOLD,lotto_yes,0.04,0.04,-0.042688000000000004
KXSOLD-26AUG1018-T76.4999,KXSOLD,fade_no,0.1,0.94,0.056052000000000046
KXSOLD-26AUG1018-T76.4999,KXSOLD,lotto_yes,0.1,0.1,-0.1063
KXSOLD-26AUG1018-T76.2499,KXSOLD,fav_yes,0.83,0.83,0.16012300000000004
KXSOLD-26AUG1016-T75.9999,KXSOLD,fav_yes,0.91,0.91,0.08426699999999997
KXSOLD-26AUG1015-T76.2499,KXSOLD,fade_no,0.03,0.99,0.009307000000000008
KXSOLD-26AUG1015-T76.2499,KXSOLD,lotto_yes,0.03,0.03,-0.032036999999999996
KXSOLD-26AUG1015-T75.9999,KXSOLD,fade_no,0.03,0.99,0.009307000000000008
KXSOLD-26AUG1015-T75.9999,KXSOLD,lotto_yes,0.03,0.03,-0.032036999999999996
KXSOLD-26AUG1015-T75.4999,KXSOLD,fav_yes,0.97,0.97,0.027963000000000026
KXSOLD-26AUG1014-T76.2499,KXSOLD,fade_no,0.08,0.95,0.04667500000000004
KXSOLD-26AUG1014-T76.2499,KXSOLD,lotto_yes,0.08,0.08,-0.085152
KXSOLD-26AUG1014-T75.7499,KXSOLD,fav_yes,0.95,0.95,0.04667500000000004
KXSOLD-26AUG1014-T75.4999,KXSOLD,fav_yes,0.96,0.96,0.03731200000000003
KXSOLD-26AUG1013-T76.4999,KXSOLD,fade_no,0.03,0.99,0.009307000000000008
KXSOLD-26AUG1013-T76.4999,KXSOLD,lotto_yes,0.03,0.03,-0.032036999999999996
KXSOLD-26AUG1013-T76.2499,KXSOLD,fade_no,0.04,0.99,0.009307000000000008
KXSOLD-26AUG1013-T76.2499,KXSOLD,lotto_yes,0.04,0.04,-0.042688000000000004
KXSOLD-26AUG1013-T75.4999,KXSOLD,fav_yes,0.88,0.88,0.112608
KXSOLD-26AUG1012-T76.7499,KXSOLD,fade_no,0.05,0.98,0.018628000000000016
KXSOLD-26AUG1012-T76.7499,KXSOLD,lotto_yes,0.05,0.05,-0.053325000000000004
KXSOLD-26AUG1012-T75.7499,KXSOLD,fav_yes,0.96,0.96,0.03731200000000003
KXSOLD-26AUG1011-T76.9999,KXSOLD,fade_no,0.07,0.98,0.018628000000000016
KXSOLD-26AUG1011-T76.9999,KXSOLD,lotto_yes,0.07,0.07,-0.07455700000000001
KXSOLD-26AUG1011-T76.7499,KXSOLD,fade_no,0.16,0.9,0.09369999999999998
KXSOLD-26AUG1011-T76.7499,KXSOLD,lotto_yes,0.16,0.16,-0.169408
KXSOLD-26AUG1011-T76.2499,KXSOLD,fav_yes,0.83,0.83,-0.839877
KXSOLD-26AUG1011-T75.9999,KXSOLD,fav_yes,0.97,0.97,0.027963000000000026
KXSOLD-26AUG1010-T77.2499,KXSOLD,fade_no,0.04,0.98,0.018628000000000016
KXSOLD-26AUG1010-T77.2499,KXSOLD,lotto_yes,0.04,0.04,-0.042688000000000004
KXSOLD-26AUG1010-T75.9999,KXSOLD,fav_yes,0.93,0.93,0.06544299999999996
KXSOLD-26AUG1009-T77.4999,KXSOLD,fade_no,0.04,0.99,0.009307000000000008
KXSOLD-26AUG1009-T77.4999,KXSOLD,lotto_yes,0.04,0.04,-0.042688000000000004
KXSOLD-26AUG1009-T77.2499,KXSOLD,fade_no,0.03,0.99,0.009307000000000008
KXSOLD-26AUG1009-T77.2499,KXSOLD,lotto_yes,0.03,0.03,-0.032036999999999996
KXSOLD-26AUG1009-T76.9999,KXSOLD,fade_no,0.08,0.95,0.04667500000000004
KXSOLD-26AUG1009-T76.9999,KXSOLD,lotto_yes,0.08,0.08,-0.085152
KXSOLD-26AUG1009-T76.4999,KXSOLD,fav_yes,0.97,0.97,0.027963000000000026
KXSOLD-26AUG1008-T76.9999,KXSOLD,fade_no,0.11,0.9299999999999999,0.06544300000000006
KXSOLD-26AUG1008-T76.9999,KXSOLD,lotto_yes,0.11,0.11,-0.116853
KXSOLD-26AUG1007-T76.9999,KXSOLD,fade_no,0.03,0.99,0.009307000000000008
KXSOLD-26AUG1007-T76.9999,KXSOLD,lotto_yes,0.03,0.03,-0.032036999999999996
KXSOLD-26AUG1006-T77.2499,KXSOLD,fade_no,0.04,0.99,0.009307000000000008
KXSOLD-26AUG1006-T77.2499,KXSOLD,lotto_yes,0.04,0.04,-0.042688000000000004
KXSOLD-26AUG1005-T77.2499,KXSOLD,fade_no,0.06,0.97,0.027963000000000026
KXSOLD-26AUG1005-T77.2499,KXSOLD,lotto_yes,0.06,0.06,-0.063948
KXSOLD-26AUG1005-T76.9999,KXSOLD,fade_no,0.03,0.98,0.018628000000000016
KXSOLD-26AUG1005-T76.9999,KXSOLD,lotto_yes,0.03,0.03,-0.032036999999999996
KXSOLD-26AUG1004-T77.2499,KXSOLD,fade_no,0.07,0.96,0.03731200000000003
KXSOLD-26AUG1004-T77.2499,KXSOLD,lotto_yes,0.07,0.07,-0.07455700000000001
KXSOLD-26AUG1003-T77.2499,KXSOLD,fade_no,0.06,0.99,0.009307000000000008
KXSOLD-26AUG1003-T77.2499,KXSOLD,lotto_yes,0.06,0.06,-0.063948
KXSOLD-26AUG1003-T76.7499,KXSOLD,fav_yes,0.94,0.94,0.056052000000000046
KXSOLD-26AUG1002-T76.9999,KXSOLD,fade_no,0.04,0.99,0.009307000000000008
KXSOLD-26AUG1002-T76.9999,KXSOLD,lotto_yes,0.04,0.04,-0.042688000000000004
KXSOLD-26AUG1002-T76.2499,KXSOLD,fav_yes,0.95,0.95,0.04667500000000004
KXSOLD-26AUG1001-T76.9999,KXSOLD,fade_no,0.07,0.98,0.018628000000000016
KXSOLD-26AUG1001-T76.9999,KXSOLD,lotto_yes,0.07,0.07,-0.07455700000000001
KXSOLD-26AUG1001-T76.7499,KXSOLD,fade_no,0.05,0.99,0.009307000000000008
KXSOLD-26AUG1001-T76.7499,KXSOLD,lotto_yes,0.05,0.05,-0.053325000000000004
KXSOLD-26AUG1017-T76.9999,KXSOLD,fade_no,0.03,0.99,0.009307000000000008
KXSOLD-26AUG1017-T76.9999,KXSOLD,lotto_yes,0.03,0.03,-0.032036999999999996
KXSOLD-26AUG1000-T77.2499,KXSOLD,fade_no,0.04,0.99,0.009307000000000008
KXSOLD-26AUG1000-T77.2499,KXSOLD,lotto_yes,0.04,0.04,-0.042688000000000004
KXSOLD-26AUG1000-T76.9999,KXSOLD,fade_no,0.14,0.89,0.10314699999999999
KXSOLD-26AUG1000-T76.9999,KXSOLD,lotto_yes,0.14,0.14,-0.148428
KXSOLD-26AUG1000-T76.4999,KXSOLD,fav_yes,0.95,0.95,0.04667500000000004
KXSOLD-26AUG0923-T77.2499,KXSOLD,fade_no,0.04,0.99,0.009307000000000008
KXSOLD-26AUG0923-T77.2499,KXSOLD,lotto_yes,0.04,0.04,-0.042688000000000004
KXSOLD-26AUG0923-T76.9999,KXSOLD,fade_no,0.14,0.9,0.09369999999999998
KXSOLD-26AUG0923-T76.9999,KXSOLD,lotto_yes,0.14,0.14,-0.148428
KXSOLD-26AUG0923-T76.2499,KXSOLD,fav_yes,0.88,0.88,0.112608
KXSOLD-26AUG0922-T76.9999,KXSOLD,fade_no,0.15,0.88,0.112608
KXSOLD-26AUG0922-T76.9999,KXSOLD,lotto_yes,0.15,0.15,-0.15892499999999998
KXSOLD-26AUG0922-T76.7499,KXSOLD,fade_no,0.08,0.95,-0.953325
KXSOLD-26AUG0922-T76.7499,KXSOLD,lotto_yes,0.08,0.08,0.914848
KXSOLD-26AUG0922-T76.2499,KXSOLD,fav_yes,0.96,0.96,0.03731200000000003
KXSOLD-26AUG0921-T76.9999,KXSOLD,fade_no,0.07,0.97,0.027963000000000026
KXSOLD-26AUG0921-T76.9999,KXSOLD,lotto_yes,0.07,0.07,-0.07455700000000001
KXSOLD-26AUG0921-T76.7499,KXSOLD,fade_no,0.04,0.99,0.009307000000000008
KXSOLD-26AUG0921-T76.7499,KXSOLD,lotto_yes,0.04,0.04,-0.042688000000000004
KXSOLD-26AUG0921-T76.4999,KXSOLD,fade_no,0.13,0.89,0.10314699999999999
KXSOLD-26AUG0921-T76.4999,KXSOLD,lotto_yes,0.13,0.13,-0.137917
KXSOLD-26AUG0921-T76.2499,KXSOLD,fav_yes,0.88,0.88,0.112608
KXXRPD-26AUG0709-T1.0399,KXXRPD,fade_no,0.03,0.99,0.009307000000000008
KXXRPD-26AUG0709-T1.0399,KXXRPD,lotto_yes,0.03,0.03,-0.032036999999999996
KXXRPD-26AUG0708-T1.0399,KXXRPD,fade_no,0.05,0.98,0.018628000000000016
KXXRPD-26AUG0708-T1.0399,KXXRPD,lotto_yes,0.05,0.05,-0.053325000000000004
KXXRPD-26AUG0707-T1.0399,KXXRPD,fade_no,0.03,0.99,0.009307000000000008
KXXRPD-26AUG0707-T1.0399,KXXRPD,lotto_yes,0.03,0.03,-0.032036999999999996
KXXRPD-26AUG0706-T1.0399,KXXRPD,fade_no,0.05,0.98,0.018628000000000016
KXXRPD-26AUG0706-T1.0399,KXXRPD,lotto_yes,0.05,0.05,-0.053325000000000004
KXXRPD-26AUG0703-T1.0199,KXXRPD,fav_yes,0.92,0.92,0.07484799999999996
KXXRPD-26AUG0702-T1.0199,KXXRPD,fade_no,0.12,0.92,-0.9251520000000001
KXXRPD-26AUG0702-T1.0199,KXXRPD,lotto_yes,0.12,0.12,0.872608
KXXRPD-26AUG0623-T1.0399,KXXRPD,fade_no,0.03,0.99,0.009307000000000008
KXXRPD-26AUG0623-T1.0399,KXXRPD,lotto_yes,0.03,0.03,-0.032036999999999996
KXXRPD-26AUG0622-T1.0399,KXXRPD,fade_no,0.03,0.99,0.009307000000000008
KXXRPD-26AUG0622-T1.0399,KXXRPD,lotto_yes,0.03,0.03,-0.032036999999999996
KXXRPD-26AUG0620-T1.0399,KXXRPD,fade_no,0.03,0.99,0.009307000000000008
KXXRPD-26AUG0620-T1.0399,KXXRPD,lotto_yes,0.03,0.03,-0.032036999999999996
KXXRPD-26AUG0619-T1.0399,KXXRPD,fade_no,0.05,0.97,0.027963000000000026
KXXRPD-26AUG0619-T1.0399,KXXRPD,lotto_yes,0.05,0.05,-0.053325000000000004
KXXRPD-26AUG0618-T1.0399,KXXRPD,fade_no,0.03,0.99,0.009307000000000008
KXXRPD-26AUG0618-T1.0399,KXXRPD,lotto_yes,0.03,0.03,-0.032036999999999996
KXXRPD-26AUG0616-T1.0399,KXXRPD,fade_no,0.05,0.98,0.018628000000000016
KXXRPD-26AUG0616-T1.0399,KXXRPD,lotto_yes,0.05,0.05,-0.053325000000000004
KXXRPD-26AUG0615-T1.0399,KXXRPD,fade_no,0.03,0.99,0.009307000000000008
KXXRPD-26AUG0615-T1.0399,KXXRPD,lotto_yes,0.03,0.03,-0.032036999999999996
KXXRPD-26AUG0613-T1.0399,KXXRPD,fav_yes,0.94,0.94,0.056052000000000046
KXDOGED-26AUG0501-T0.0699999,KXDOGED,fade_no,0.07,0.97,0.027963000000000026
KXDOGED-26AUG0501-T0.0699999,KXDOGED,lotto_yes,0.07,0.07,-0.07455700000000001
KXDOGED-26AUG0500-T0.0699999,KXDOGED,fade_no,0.04,0.99,0.009307000000000008
KXDOGED-26AUG0500-T0.0699999,KXDOGED,lotto_yes,0.04,0.04,-0.042688000000000004
KXDOGED-26AUG0422-T0.0699999,KXDOGED,fav_yes,0.85,0.85,0.141075
KXDOGED-26AUG0413-T0.0699999,KXDOGED,fav_yes,0.91,0.91,0.08426699999999997
KXDOGED-26AUG0412-T0.0699999,KXDOGED,fav_yes,0.93,0.93,0.06544299999999996
KXDOGED-26AUG0410-T0.0699999,KXDOGED,fav_yes,0.97,0.97,0.027963000000000026
KXDOGED-26AUG0408-T0.0699999,KXDOGED,fav_yes,0.93,0.93,0.06544299999999996
KXDOGED-26AUG0406-T0.0699999,KXDOGED,fav_yes,0.91,0.91,0.08426699999999997
KXDOGED-26AUG0404-T0.0699999,KXDOGED,fav_yes,0.94,0.94,0.056052000000000046
KXBTCD-26AUG1104-T63899.99,KXBTCD,fav_yes,0.96,0.96,0.03731200000000003
KXBTCD-26AUG1103-T63899.99,KXBTCD,fade_no,0.2,0.81,-0.8207730000000001
KXBTCD-26AUG1103-T63899.99,KXBTCD,lotto_yes,0.2,0.2,0.7888000000000001
KXBTCD-26AUG1103-T63799.99,KXBTCD,fav_yes,0.96,0.96,0.03731200000000003
KXBTCD-26AUG1102-T63899.99,KXBTCD,fav_yes,0.95,0.95,0.04667500000000004
KXBTCD-26AUG1101-T64099.99,KXBTCD,fade_no,0.03,0.98,0.018628000000000016
KXBTCD-26AUG1101-T64099.99,KXBTCD,lotto_yes,0.03,0.03,-0.032036999999999996
KXBTCD-26AUG1101-T63999.99,KXBTCD,fav_yes,0.93,0.93,-0.9345570000000001
KXBTCD-26AUG1117-T64999.99,KXBTCD,fade_no,0.03,0.98,0.018628000000000016
KXBTCD-26AUG1117-T64999.99,KXBTCD,lotto_yes,0.03,0.03,-0.032036999999999996
KXBTCD-26AUG1117-T63749.99,KXBTCD,fade_no,0.03,0.98,0.018628000000000016
KXBTCD-26AUG1117-T63749.99,KXBTCD,lotto_yes,0.03,0.03,-0.032036999999999996
KXBTCD-26AUG1117-T63499.99,KXBTCD,fav_yes,0.97,0.97,0.027963000000000026
KXBTCD-26AUG1100-T64299.99,KXBTCD,fade_no,0.03,0.98,0.018628000000000016
KXBTCD-26AUG1100-T64299.99,KXBTCD,lotto_yes,0.03,0.03,-0.032036999999999996
KXBTCD-26AUG1100-T64099.99,KXBTCD,fade_no,0.2,0.81,0.17922699999999994
KXBTCD-26AUG1100-T64099.99,KXBTCD,lotto_yes,0.2,0.2,-0.2112
KXBTCD-26AUG1100-T63999.99,KXBTCD,fav_yes,0.96,0.96,0.03731200000000003
KXBTCD-26AUG1022-T63999.99,KXBTCD,fade_no,0.11,0.9,-0.9063
KXBTCD-26AUG1022-T63999.99,KXBTCD,lotto_yes,0.11,0.11,0.883147
KXBTCD-26AUG1022-T63899.99,KXBTCD,fav_yes,0.81,0.81,0.17922699999999994
KXBTCD-26AUG1021-T63999.99,KXBTCD,fade_no,0.04,0.97,0.027963000000000026
KXBTCD-26AUG1021-T63999.99,KXBTCD,lotto_yes,0.04,0.04,-0.042688000000000004
KXBTCD-26AUG1021-T63799.99,KXBTCD,fav_yes,0.97,0.97,0.027963000000000026
KXBTCD-26AUG1020-T63999.99,KXBTCD,fade_no,0.05,0.96,0.03731200000000003
KXBTCD-26AUG1020-T63999.99,KXBTCD,lotto_yes,0.05,0.05,-0.053325000000000004
KXBTCD-26AUG1020-T63799.99,KXBTCD,fav_yes,0.97,0.97,0.027963000000000026
KXBTCD-26AUG1019-T63999.99,KXBTCD,fade_no,0.07,0.94,0.056052000000000046
KXBTCD-26AUG1019-T63999.99,KXBTCD,lotto_yes,0.07,0.07,-0.07455700000000001
KXBTCD-26AUG1019-T63899.99,KXBTCD,fav_yes,0.8,0.8,0.18879999999999997
KXBTCD-26AUG1018-T64099.99,KXBTCD,fade_no,0.05,0.97,0.027963000000000026
KXBTCD-26AUG1018-T64099.99,KXBTCD,lotto_yes,0.05,0.05,-0.053325000000000004
KXBTCD-26AUG1018-T63899.99,KXBTCD,fav_yes,0.91,0.91,0.08426699999999997
KXBTCD-26AUG1016-T64099.99,KXBTCD,fade_no,0.06,0.95,0.04667500000000004
KXBTCD-26AUG1016-T64099.99,KXBTCD,lotto_yes,0.06,0.06,-0.063948
KXBTCD-26AUG1016-T63799.99,KXBTCD,fav_yes,0.97,0.97,0.027963000000000026
KXBTCD-26AUG1016-T63599.99,KXBTCD,fav_yes,0.97,0.97,0.027963000000000026
KXBTCD-26AUG1015-T64199.99,KXBTCD,fade_no,0.03,0.98,0.018628000000000016
KXBTCD-26AUG1015-T64199.99,KXBTCD,lotto_yes,0.03,0.03,-0.032036999999999996
KXBTCD-26AUG1015-T63999.99,KXBTCD,fade_no,0.03,0.98,0.018628000000000016
KXBTCD-26AUG1015-T63999.99,KXBTCD,lotto_yes,0.03,0.03,-0.032036999999999996
KXBTCD-26AUG1015-T63899.99,KXBTCD,fade_no,0.16,0.85,0.141075
KXBTCD-26AUG1015-T63899.99,KXBTCD,lotto_yes,0.16,0.16,-0.169408
KXBTCD-26AUG1015-T63699.99,KXBTCD,fav_yes,0.94,0.94,0.056052000000000046
KXBTCD-26AUG1015-T63599.99,KXBTCD,fav_yes,0.97,0.97,0.027963000000000026
KXBTCD-26AUG1014-T64199.99,KXBTCD,fade_no,0.03,0.98,0.018628000000000016
KXBTCD-26AUG1014-T64199.99,KXBTCD,lotto_yes,0.03,0.03,-0.032036999999999996
KXBTCD-26AUG1014-T64099.99,KXBTCD,fade_no,0.03,0.98,0.018628000000000016
KXBTCD-26AUG1014-T64099.99,KXBTCD,lotto_yes,0.03,0.03,-0.032036999999999996
KXBTCD-26AUG1014-T63999.99,KXBTCD,fade_no,0.09,0.92,0.07484799999999996
KXBTCD-26AUG1014-T63999.99,KXBTCD,lotto_yes,0.09,0.09,-0.095733
KXBTCD-26AUG1014-T63799.99,KXBTCD,fav_yes,0.89,0.89,0.10314699999999999
KXBTCD-26AUG1014-T63599.99,KXBTCD,fav_yes,0.97,0.97,0.027963000000000026
KXBTCD-26AUG1013-T64199.99,KXBTCD,fade_no,0.04,0.97,0.027963000000000026
KXBTCD-26AUG1013-T64199.99,KXBTCD,lotto_yes,0.04,0.04,-0.042688000000000004
KXBTCD-26AUG1013-T64099.99,KXBTCD,fade_no,0.08,0.9299999999999999,0.06544300000000006
KXBTCD-26AUG1013-T64099.99,KXBTCD,lotto_yes,0.08,0.08,-0.085152
KXBTCD-26AUG1013-T63799.99,KXBTCD,fav_yes,0.93,0.93,0.06544299999999996
KXBTCD-26AUG1013-T63699.99,KXBTCD,fav_yes,0.97,0.97,0.027963000000000026
KXBTCD-26AUG1012-T64899.99,KXBTCD,fade_no,0.05,0.96,0.03731200000000003
KXBTCD-26AUG1012-T64899.99,KXBTCD,lotto_yes,0.05,0.05,-0.053325000000000004
KXBTCD-26AUG1012-T64799.99,KXBTCD,fade_no,0.11,0.9,0.09369999999999998
KXBTCD-26AUG1012-T64799.99,KXBTCD,lotto_yes,0.11,0.11,-0.116853
KXBTCD-26AUG1012-T64499.99,KXBTCD,fade_no,0.03,0.98,0.018628000000000016
KXBTCD-26AUG1012-T64499.99,KXBTCD,lotto_yes,0.03,0.03,-0.032036999999999996
KXBTCD-26AUG1012-T64399.99,KXBTCD,fade_no,0.11,0.9,0.09369999999999998
KXBTCD-26AUG1012-T64399.99,KXBTCD,lotto_yes,0.11,0.11,-0.116853
KXBTCD-26AUG1012-T64199.99,KXBTCD,fav_yes,0.82,0.82,0.16966800000000004
KXBTCD-26AUG1012-T64099.99,KXBTCD,fav_yes,0.97,0.97,0.027963000000000026
KXBTCD-26AUG1011-T65299.99,KXBTCD,fade_no,0.03,0.98,0.018628000000000016
KXBTCD-26AUG1011-T65299.99,KXBTCD,lotto_yes,0.03,0.03,-0.032036999999999996
KXBTCD-26AUG1011-T65099.99,KXBTCD,fade_no,0.03,0.98,0.018628000000000016
KXBTCD-26AUG1011-T65099.99,KXBTCD,lotto_yes,0.03,0.03,-0.032036999999999996
KXBTCD-26AUG1011-T64999.99,KXBTCD,fade_no,0.06,0.95,0.04667500000000004
KXBTCD-26AUG1011-T64999.99,KXBTCD,lotto_yes,0.06,0.06,-0.063948
KXBTCD-26AUG1011-T64899.99,KXBTCD,fade_no,0.11,0.9,0.09369999999999998
KXBTCD-26AUG1011-T64899.99,KXBTCD,lotto_yes,0.11,0.11,-0.116853
KXBTCD-26AUG1011-T64699.99,KXBTCD,fav_yes,0.8,0.8,-0.8112
KXBTCD-26AUG1011-T64599.99,KXBTCD,fav_yes,0.96,0.96,-0.962688
KXBTCD-26AUG1011-T64399.99,KXBTCD,fav_yes,0.94,0.94,0.056052000000000046
KXBTCD-26AUG1011-T64299.99,KXBTCD,fav_yes,0.97,0.97,0.027963000000000026
KXBTCD-26AUG1010-T65299.99,KXBTCD,fade_no,0.03,0.98,0.018628000000000016
KXBTCD-26AUG1010-T65299.99,KXBTCD,lotto_yes,0.03,0.03,-0.032036999999999996
KXBTCD-26AUG1010-T65199.99,KXBTCD,fade_no,0.05,0.96,0.03731200000000003
KXBTCD-26AUG1010-T65199.99,KXBTCD,lotto_yes,0.05,0.05,-0.053325000000000004
KXBTCD-26AUG1010-T64899.99,KXBTCD,fade_no,0.03,0.98,0.018628000000000016
KXBTCD-26AUG1010-T64899.99,KXBTCD,lotto_yes,0.03,0.03,-0.032036999999999996
KXBTCD-26AUG1010-T64799.99,KXBTCD,fade_no,0.08,0.9299999999999999,0.06544300000000006
KXBTCD-26AUG1010-T64799.99,KXBTCD,lotto_yes,0.08,0.08,-0.085152
KXBTCD-26AUG1010-T64499.99,KXBTCD,fav_yes,0.8,0.8,0.18879999999999997
KXBTCD-26AUG1009-T65099.99,KXBTCD,fade_no,0.05,0.96,0.03731200000000003
KXBTCD-26AUG1009-T65099.99,KXBTCD,lotto_yes,0.05,0.05,-0.053325000000000004
KXBTCD-26AUG1009-T64899.99,KXBTCD,fav_yes,0.9,0.9,-0.9063
KXBTCD-26AUG1008-T65099.99,KXBTCD,fade_no,0.04,0.97,0.027963000000000026
KXBTCD-26AUG1008-T65099.99,KXBTCD,lotto_yes,0.04,0.04,-0.042688000000000004
KXBTCD-26AUG1007-T64899.99,KXBTCD,fav_yes,0.91,0.91,0.08426699999999997
KXBTCD-26AUG1006-T65099.99,KXBTCD,fade_no,0.07,0.94,0.056052000000000046
KXBTCD-26AUG1006-T65099.99,KXBTCD,lotto_yes,0.07,0.07,-0.07455700000000001
KXBTCD-26AUG1005-T65299.99,KXBTCD,fade_no,0.03,0.98,0.018628000000000016
KXBTCD-26AUG1005-T65299.99,KXBTCD,lotto_yes,0.03,0.03,-0.032036999999999996
KXBTCD-26AUG1005-T65099.99,KXBTCD,fav_yes,0.96,0.96,0.03731200000000003
KXBTC-26AUG1104-B64150,KXBTC,fade_no,0.03,0.98,0.018628000000000016
KXBTC-26AUG1104-B64150,KXBTC,lotto_yes,0.03,0.03,-0.032036999999999996
KXBTC-26AUG1104-B63750,KXBTC,fade_no,0.16,0.86,0.13157200000000002
KXBTC-26AUG1104-B63750,KXBTC,lotto_yes,0.16,0.16,-0.169408
KXBTC-26AUG1104-B63650,KXBTC,fade_no,0.04,0.99,0.009307000000000008
KXBTC-26AUG1104-B63650,KXBTC,lotto_yes,0.04,0.04,-0.042688000000000004
KXBTC-26AUG1103-B64150,KXBTC,fade_no,0.03,0.98,0.018628000000000016
KXBTC-26AUG1103-B64150,KXBTC,lotto_yes,0.03,0.03,-0.032036999999999996
KXBTC-26AUG1103-B64050,KXBTC,fade_no,0.03,0.98,0.018628000000000016
KXBTC-26AUG1103-B64050,KXBTC,lotto_yes,0.03,0.03,-0.032036999999999996
KXBTC-26AUG1103-B63750,KXBTC,fade_no,0.04,0.99,0.009307000000000008
KXBTC-26AUG1103-B63750,KXBTC,lotto_yes,0.04,0.04,-0.042688000000000004
KXBTC-26AUG1102-B64150,KXBTC,fade_no,0.06,0.98,0.018628000000000016
KXBTC-26AUG1102-B64150,KXBTC,lotto_yes,0.06,0.06,-0.063948
KXBTC-26AUG1102-B63850,KXBTC,fade_no,0.05,0.98,0.018628000000000016
KXBTC-26AUG1102-B63850,KXBTC,lotto_yes,0.05,0.05,-0.053325000000000004
KXBTC-26AUG1101-B64250,KXBTC,fade_no,0.05,0.98,0.018628000000000016
KXBTC-26AUG1101-B64250,KXBTC,lotto_yes,0.05,0.05,-0.053325000000000004
KXBTC-26AUG1101-B64150,KXBTC,fade_no,0.04,0.98,0.018628000000000016
KXBTC-26AUG1101-B64150,KXBTC,lotto_yes,0.04,0.04,-0.042688000000000004
KXBTC-26AUG1101-B64050,KXBTC,fav_yes,0.89,0.89,-0.896853
KXBTC-26AUG1101-B63950,KXBTC,fade_no,0.06,0.96,-0.962688
KXBTC-26AUG1101-B63950,KXBTC,lotto_yes,0.06,0.06,0.936052
KXBTC-26AUG1101-B63850,KXBTC,fade_no,0.03,0.99,0.009307000000000008
KXBTC-26AUG1101-B63850,KXBTC,lotto_yes,0.03,0.03,-0.032036999999999996
KXBTC-26AUG1117-B64375,KXBTC,fade_no,0.03,0.99,0.009307000000000008
KXBTC-26AUG1117-B64375,KXBTC,lotto_yes,0.03,0.03,-0.032036999999999996
KXBTC-26AUG1117-B64125,KXBTC,fade_no,0.03,0.99,0.009307000000000008
KXBTC-26AUG1117-B64125,KXBTC,lotto_yes,0.03,0.03,-0.032036999999999996
KXBTC-26AUG1117-B63875,KXBTC,fade_no,0.14,0.97,0.027963000000000026
KXBTC-26AUG1117-B63875,KXBTC,lotto_yes,0.14,0.14,-0.148428
KXBTC-26AUG1117-B63625,KXBTC,fav_yes,0.94,0.94,0.056052000000000046
KXBTC-26AUG1117-B63375,KXBTC,fade_no,0.05,0.98,0.018628000000000016
KXBTC-26AUG1117-B63375,KXBTC,lotto_yes,0.05,0.05,-0.053325000000000004
KXBTC-26AUG1117-B63125,KXBTC,fade_no,0.08,0.99,0.009307000000000008
KXBTC-26AUG1117-B63125,KXBTC,lotto_yes,0.08,0.08,-0.085152
KXBTC-26AUG1117-B62875,KXBTC,fade_no,0.07,0.97,0.027963000000000026
KXBTC-26AUG1117-B62875,KXBTC,lotto_yes,0.07,0.07,-0.07455700000000001
KXBTC-26AUG1117-B62625,KXBTC,fade_no,0.03,0.98,0.018628000000000016
KXBTC-26AUG1117-B62625,KXBTC,lotto_yes,0.03,0.03,-0.032036999999999996
KXBTC-26AUG1100-B64250,KXBTC,fade_no,0.06,0.98,0.018628000000000016
KXBTC-26AUG1100-B64250,KXBTC,lotto_yes,0.06,0.06,-0.063948
KXBTC-26AUG1100-B63950,KXBTC,fade_no,0.04,0.99,0.009307000000000008
KXBTC-26AUG1100-B63950,KXBTC,lotto_yes,0.04,0.04,-0.042688000000000004
KXBTC-26AUG1100-B63850,KXBTC,fade_no,0.03,0.99,0.009307000000000008
KXBTC-26AUG1100-B63850,KXBTC,lotto_yes,0.03,0.03,-0.032036999999999996
KXBTC-26AUG1023-B64250,KXBTC,fade_no,0.03,0.99,0.009307000000000008
KXBTC-26AUG1023-B64250,KXBTC,lotto_yes,0.03,0.03,-0.032036999999999996
KXBTC-26AUG1023-B63850,KXBTC,fade_no,0.04,0.99,0.009307000000000008
KXBTC-26AUG1023-B63850,KXBTC,lotto_yes,0.04,0.04,-0.042688000000000004
KXBTC-26AUG1023-B63750,KXBTC,fade_no,0.03,0.99,0.009307000000000008
KXBTC-26AUG1023-B63750,KXBTC,lotto_yes,0.03,0.03,-0.032036999999999996
KXBTC-26AUG1022-B64150,KXBTC,fade_no,0.1,0.94,0.056052000000000046
KXBTC-26AUG1022-B64150,KXBTC,lotto_yes,0.1,0.1,-0.1063
KXBTC-26AUG1022-B64050,KXBTC,fade_no,0.11,0.92,-0.9251520000000001
KXBTC-26AUG1022-B64050,KXBTC,lotto_yes,0.11,0.11,0.883147
KXBTC-26AUG1022-B63850,KXBTC,fade_no,0.2,0.84,0.15059200000000003
KXBTC-26AUG1022-B63850,KXBTC,lotto_yes,0.2,0.2,-0.2112
KXBTC-26AUG1022-B63750,KXBTC,fade_no,0.06,0.97,0.027963000000000026
KXBTC-26AUG1022-B63750,KXBTC,lotto_yes,0.06,0.06,-0.063948
KXBTC-26AUG1022-B63650,KXBTC,fade_no,0.04,0.99,0.009307000000000008
KXBTC-26AUG1022-B63650,KXBTC,lotto_yes,0.04,0.04,-0.042688000000000004
KXBTC-26AUG1021-B64150,KXBTC,fade_no,0.05,0.98,0.018628000000000016
KXBTC-26AUG1021-B64150,KXBTC,lotto_yes,0.05,0.05,-0.053325000000000004
KXBTC-26AUG1021-B64050,KXBTC,fade_no,0.07,0.96,0.03731200000000003
KXBTC-26AUG1021-B64050,KXBTC,lotto_yes,0.07,0.07,-0.07455700000000001
KXBTC-26AUG1021-B63750,KXBTC,fade_no,0.1,0.91,0.08426699999999997
KXBTC-26AUG1021-B63750,KXBTC,lotto_yes,0.1,0.1,-0.1063
KXBTC-26AUG1021-B63650,KXBTC,fade_no,0.04,0.98,0.018628000000000016
KXBTC-26AUG1021-B63650,KXBTC,lotto_yes,0.04,0.04,-0.042688000000000004
KXBTC-26AUG1020-B64150,KXBTC,fade_no,0.03,0.98,0.018628000000000016
KXBTC-26AUG1020-B64150,KXBTC,lotto_yes,0.03,0.03,-0.032036999999999996
KXBTC-26AUG1020-B64050,KXBTC,fade_no,0.04,0.98,0.018628000000000016
KXBTC-26AUG1020-B64050,KXBTC,lotto_yes,0.04,0.04,-0.042688000000000004
KXBTC-26AUG1020-B63750,KXBTC,fade_no,0.05,0.96,0.03731200000000003
KXBTC-26AUG1020-B63750,KXBTC,lotto_yes,0.05,0.05,-0.053325000000000004
KXBTC-26AUG1019-B64250,KXBTC,fade_no,0.03,0.98,0.018628000000000016
KXBTC-26AUG1019-B64250,KXBTC,lotto_yes,0.03,0.03,-0.032036999999999996
KXBTC-26AUG1019-B64150,KXBTC,fade_no,0.1,0.94,0.056052000000000046
KXBTC-26AUG1019-B64150,KXBTC,lotto_yes,0.1,0.1,-0.1063
KXBTC-26AUG1019-B64050,KXBTC,fade_no,0.05,0.96,0.03731200000000003
KXBTC-26AUG1019-B64050,KXBTC,lotto_yes,0.05,0.05,-0.053325000000000004
KXBTC-26AUG1019-B63750,KXBTC,fade_no,0.08,0.9299999999999999,0.06544300000000006
KXBTC-26AUG1019-B63750,KXBTC,lotto_yes,0.08,0.08,-0.085152
KXBTC-26AUG1019-B63650,KXBTC,fade_no,0.03,0.98,0.018628000000000016
KXBTC-26AUG1019-B63650,KXBTC,lotto_yes,0.03,0.03,-0.032036999999999996
KXBTC-26AUG1018-B64250,KXBTC,fade_no,0.08,0.9299999999999999,0.06544300000000006
KXBTC-26AUG1018-B64250,KXBTC,lotto_yes,0.08,0.08,-0.085152
KXBTC-26AUG1018-B64150,KXBTC,fade_no,0.03,0.98,0.018628000000000016
KXBTC-26AUG1018-B64150,KXBTC,lotto_yes,0.03,0.03,-0.032036999999999996
KXBTC-26AUG1018-B63850,KXBTC,fade_no,0.09,0.92,0.07484799999999996
KXBTC-26AUG1018-B63850,KXBTC,lotto_yes,0.09,0.09,-0.095733
KXBTC-26AUG1018-B63750,KXBTC,fade_no,0.03,0.98,0.018628000000000016
KXBTC-26AUG1018-B63750,KXBTC,lotto_yes,0.03,0.03,-0.032036999999999996
KXBTC-26AUG1016-B64150,KXBTC,fade_no,0.03,0.98,0.018628000000000016
KXBTC-26AUG1016-B64150,KXBTC,lotto_yes,0.03,0.03,-0.032036999999999996
KXBTC-26AUG1016-B63850,KXBTC,fade_no,0.18,0.87,0.122083
KXBTC-26AUG1016-B63850,KXBTC,lotto_yes,0.18,0.18,-0.190332
KXBTC-26AUG1016-B63650,KXBTC,fade_no,0.08,0.9299999999999999,0.06544300000000006
KXBTC-26AUG1016-B63650,KXBTC,lotto_yes,0.08,0.08,-0.085152
KXBTC-26AUG1016-B63550,KXBTC,fade_no,0.03,0.98,0.018628000000000016
KXBTC-26AUG1016-B63550,KXBTC,lotto_yes,0.03,0.03,-0.032036999999999996
KXBTC-26AUG1015-B64150,KXBTC,fade_no,0.06,0.95,0.04667500000000004
KXBTC-26AUG1015-B64150,KXBTC,lotto_yes,0.06,0.06,-0.063948
KXBTC-26AUG1015-B64050,KXBTC,fade_no,0.14,0.9,0.09369999999999998
KXBTC-26AUG1015-B64050,KXBTC,lotto_yes,0.14,0.14,-0.148428
KXBTC-26AUG1015-B63950,KXBTC,fade_no,0.15,0.86,0.13157200000000002
KXBTC-26AUG1015-B63950,KXBTC,lotto_yes,0.15,0.15,-0.15892499999999998
KXBTC-26AUG1015-B63750,KXBTC,fade_no,0.19,0.85,0.141075
KXBTC-26AUG1015-B63750,KXBTC,lotto_yes,0.19,0.19,-0.200773
KXBTC-26AUG1015-B63650,KXBTC,fade_no,0.08,0.96,0.03731200000000003
KXBTC-26AUG1015-B63650,KXBTC,lotto_yes,0.08,0.08,-0.085152
KXBTC-26AUG1015-B63550,KXBTC,fade_no,0.05,0.99,0.009307000000000008
KXBTC-26AUG1015-B63550,KXBTC,lotto_yes,0.05,0.05,-0.053325000000000004
KXBTC-26AUG1014-B64250,KXBTC,fade_no,0.03,0.98,0.018628000000000016
KXBTC-26AUG1014-B64250,KXBTC,lotto_yes,0.03,0.03,-0.032036999999999996
KXBTC-26AUG1014-B64150,KXBTC,fade_no,0.06,0.97,0.027963000000000026
KXBTC-26AUG1014-B64150,KXBTC,lotto_yes,0.06,0.06,-0.063948
KXBTC-26AUG1014-B64050,KXBTC,fade_no,0.14,0.88,0.112608
KXBTC-26AUG1014-B64050,KXBTC,lotto_yes,0.14,0.14,-0.148428
KXBTC-26AUG1014-B63750,KXBTC,fade_no,0.16,0.86,0.13157200000000002
KXBTC-26AUG1014-B63750,KXBTC,lotto_yes,0.16,0.16,-0.169408
KXBTC-26AUG1014-B63650,KXBTC,fade_no,0.06,0.97,0.027963000000000026
KXBTC-26AUG1014-B63650,KXBTC,lotto_yes,0.06,0.06,-0.063948
KXBTC-26AUG1014-B63550,KXBTC,fade_no,0.03,0.99,0.009307000000000008
KXBTC-26AUG1014-B63550,KXBTC,lotto_yes,0.03,0.03,-0.032036999999999996
KXBTC-26AUG1013-B64550,KXBTC,fade_no,0.03,0.98,0.018628000000000016
KXBTC-26AUG1013-B64550,KXBTC,lotto_yes,0.03,0.03,-0.032036999999999996
KXBTC-26AUG1013-B64450,KXBTC,fade_no,0.03,0.98,0.018628000000000016
KXBTC-26AUG1013-B64450,KXBTC,lotto_yes,0.03,0.03,-0.032036999999999996
KXBTC-26AUG1013-B64350,KXBTC,fade_no,0.05,0.98,0.018628000000000016
KXBTC-26AUG1013-B64350,KXBTC,lotto_yes,0.05,0.05,-0.053325000000000004
KXBTC-26AUG1013-B64250,KXBTC,fade_no,0.03,0.98,0.018628000000000016
KXBTC-26AUG1013-B64250,KXBTC,lotto_yes,0.03,0.03,-0.032036999999999996
KXBTC-26AUG1013-B64150,KXBTC,fade_no,0.19,0.84,0.15059200000000003
KXBTC-26AUG1013-B64150,KXBTC,lotto_yes,0.19,0.19,-0.200773
KXBTC-26AUG1013-B63850,KXBTC,fade_no,0.12,0.9,-0.9063
KXBTC-26AUG1013-B63850,KXBTC,lotto_yes,0.12,0.12,0.872608
KXBTC-26AUG1012-B65050,KXBTC,fade_no,0.04,0.99,0.009307000000000008
KXBTC-26AUG1012-B65050,KXBTC,lotto_yes,0.04,0.04,-0.042688000000000004
KXBTC-26AUG1012-B64950,KXBTC,fade_no,0.03,0.99,0.009307000000000008
KXBTC-26AUG1012-B64950,KXBTC,lotto_yes,0.03,0.03,-0.032036999999999996
KXBTC-26AUG1012-B64850,KXBTC,fade_no,0.06,0.97,0.027963000000000026
KXBTC-26AUG1012-B64850,KXBTC,lotto_yes,0.06,0.06,-0.063948
KXBTC-26AUG1012-B64750,KXBTC,fade_no,0.14,0.9,0.09369999999999998
KXBTC-26AUG1012-B64750,KXBTC,lotto_yes,0.14,0.14,-0.148428
KXBTC-26AUG1012-B64650,KXBTC,fade_no,0.03,0.99,0.009307000000000008
KXBTC-26AUG1012-B64650,KXBTC,lotto_yes,0.03,0.03,-0.032036999999999996
KXBTC-26AUG1012-B64450,KXBTC,fade_no,0.19,0.84,0.15059200000000003
KXBTC-26AUG1012-B64450,KXBTC,lotto_yes,0.19,0.19,-0.200773
KXBTC-26AUG1012-B64350,KXBTC,fade_no,0.12,0.92,0.07484799999999996
KXBTC-26AUG1012-B64350,KXBTC,lotto_yes,0.12,0.12,-0.127392
KXBTC-26AUG1012-B64250,KXBTC,fade_no,0.08,0.97,-0.9720369999999999
KXBTC-26AUG1012-B64250,KXBTC,lotto_yes,0.08,0.08,0.914848
KXBTC-26AUG1011-B65150,KXBTC,fade_no,0.04,0.99,0.009307000000000008
KXBTC-26AUG1011-B65150,KXBTC,lotto_yes,0.04,0.04,-0.042688000000000004
KXBTC-26AUG1011-B65050,KXBTC,fade_no,0.05,0.98,0.018628000000000016
KXBTC-26AUG1011-B65050,KXBTC,lotto_yes,0.05,0.05,-0.053325000000000004
KXBTC-26AUG1011-B64950,KXBTC,fade_no,0.09,0.95,0.04667500000000004
KXBTC-26AUG1011-B64950,KXBTC,lotto_yes,0.09,0.09,-0.095733
KXBTC-26AUG1011-B64850,KXBTC,fade_no,0.14,0.89,0.10314699999999999
KXBTC-26AUG1011-B64850,KXBTC,lotto_yes,0.14,0.14,-0.148428
KXBTC-26AUG1011-B64650,KXBTC,fade_no,0.17,0.87,0.122083
KXBTC-26AUG1011-B64650,KXBTC,lotto_yes,0.17,0.17,-0.179877
KXBTC-26AUG1011-B64550,KXBTC,fade_no,0.19,0.85,-0.8589249999999999
KXBTC-26AUG1011-B64550,KXBTC,lotto_yes,0.19,0.19,0.799227
KXBTC-26AUG1011-B64450,KXBTC,fade_no,0.1,0.92,0.07484799999999996
KXBTC-26AUG1011-B64450,KXBTC,lotto_yes,0.1,0.1,-0.1063
KXBTC-26AUG1011-B64350,KXBTC,fade_no,0.05,0.98,0.018628000000000016
KXBTC-26AUG1011-B64350,KXBTC,lotto_yes,0.05,0.05,-0.053325000000000004
KXBTC-26AUG1011-B64250,KXBTC,fade_no,0.03,0.99,0.009307000000000008
KXBTC-26AUG1011-B64250,KXBTC,lotto_yes,0.03,0.03,-0.032036999999999996
KXBTC-26AUG1011-B64150,KXBTC,fade_no,0.03,0.98,0.018628000000000016
KXBTC-26AUG1011-B64150,KXBTC,lotto_yes,0.03,0.03,-0.032036999999999996
KXBTC-26AUG1010-B65250,KXBTC,fade_no,0.05,0.98,0.018628000000000016
KXBTC-26AUG1010-B65250,KXBTC,lotto_yes,0.05,0.05,-0.053325000000000004
KXBTC-26AUG1010-B65150,KXBTC,fade_no,0.09,0.95,0.04667500000000004
KXBTC-26AUG1010-B65150,KXBTC,lotto_yes,0.09,0.09,-0.095733
KXBTC-26AUG1010-B65050,KXBTC,fade_no,0.13,0.89,0.10314699999999999
KXBTC-26AUG1010-B65050,KXBTC,lotto_yes,0.13,0.13,-0.137917
KXBTC-26AUG1010-B64950,KXBTC,fade_no,0.04,0.99,0.009307000000000008
KXBTC-26AUG1010-B64950,KXBTC,lotto_yes,0.04,0.04,-0.042688000000000004
KXBTC-26AUG1010-B64850,KXBTC,fade_no,0.07,0.96,0.03731200000000003
KXBTC-26AUG1010-B64850,KXBTC,lotto_yes,0.07,0.07,-0.07455700000000001
KXBTC-26AUG1010-B64750,KXBTC,fade_no,0.16,0.88,0.112608
KXBTC-26AUG1010-B64750,KXBTC,lotto_yes,0.16,0.16,-0.169408
KXBTC-26AUG1010-B64650,KXBTC,fade_no,0.11,0.92,0.07484799999999996
KXBTC-26AUG1010-B64650,KXBTC,lotto_yes,0.11,0.11,-0.116853
KXBTC-26AUG1010-B64550,KXBTC,fade_no,0.06,0.98,-0.981372
KXBTC-26AUG1010-B64550,KXBTC,lotto_yes,0.06,0.06,0.936052
KXBTC-26AUG1010-B64450,KXBTC,fade_no,0.03,0.99,0.009307000000000008
KXBTC-26AUG1010-B64450,KXBTC,lotto_yes,0.03,0.03,-0.032036999999999996
KXBTC-26AUG1009-B65450,KXBTC,fade_no,0.03,0.98,0.018628000000000016
KXBTC-26AUG1009-B65450,KXBTC,lotto_yes,0.03,0.03,-0.032036999999999996
KXBTC-26AUG1009-B65350,KXBTC,fade_no,0.03,0.98,0.018628000000000016
KXBTC-26AUG1009-B65350,KXBTC,lotto_yes,0.03,0.03,-0.032036999999999996
KXBTC-26AUG1009-B65150,KXBTC,fade_no,0.04,0.98,0.018628000000000016
KXBTC-26AUG1009-B65150,KXBTC,lotto_yes,0.04,0.04,-0.042688000000000004
KXBTC-26AUG1009-B64850,KXBTC,fade_no,0.14,0.88,-0.887392
KXBTC-26AUG1009-B64850,KXBTC,lotto_yes,0.14,0.14,0.851572
KXBTC-26AUG1008-B65250,KXBTC,fade_no,0.03,0.99,0.009307000000000008
KXBTC-26AUG1008-B65250,KXBTC,lotto_yes,0.03,0.03,-0.032036999999999996
KXBTC-26AUG1008-B65150,KXBTC,fade_no,0.05,0.98,0.018628000000000016
KXBTC-26AUG1008-B65150,KXBTC,lotto_yes,0.05,0.05,-0.053325000000000004
KXBTC-26AUG1008-B64850,KXBTC,fade_no,0.03,0.99,0.009307000000000008
KXBTC-26AUG1008-B64850,KXBTC,lotto_yes,0.03,0.03,-0.032036999999999996
KXBTC-26AUG1008-B64750,KXBTC,fade_no,0.05,0.96,0.03731200000000003
KXBTC-26AUG1008-B64750,KXBTC,lotto_yes,0.05,0.05,-0.053325000000000004
KXBTC-26AUG1007-B65250,KXBTC,fade_no,0.03,0.98,0.018628000000000016
KXBTC-26AUG1007-B65250,KXBTC,lotto_yes,0.03,0.03,-0.032036999999999996
KXBTC-26AUG1007-B65150,KXBTC,fade_no,0.11,0.92,0.07484799999999996
KXBTC-26AUG1007-B65150,KXBTC,lotto_yes,0.11,0.11,-0.116853
KXBTC-26AUG1007-B64850,KXBTC,fade_no,0.1,0.94,0.056052000000000046
KXBTC-26AUG1007-B64850,KXBTC,lotto_yes,0.1,0.1,-0.1063
KXBTC-26AUG1007-B64750,KXBTC,fade_no,0.05,0.99,0.009307000000000008
KXBTC-26AUG1007-B64750,KXBTC,lotto_yes,0.05,0.05,-0.053325000000000004
KXBTC-26AUG1006-B65350,KXBTC,fade_no,0.05,0.98,0.018628000000000016
KXBTC-26AUG1006-B65350,KXBTC,lotto_yes,0.05,0.05,-0.053325000000000004
KXBTC-26AUG1006-B65250,KXBTC,fade_no,0.19,0.83,0.16012300000000004
KXBTC-26AUG1006-B65250,KXBTC,lotto_yes,0.19,0.19,-0.200773
KXBTC-26AUG1006-B65150,KXBTC,fade_no,0.08,0.95,0.04667500000000004
KXBTC-26AUG1006-B65150,KXBTC,lotto_yes,0.08,0.08,-0.085152
KXBTC-26AUG1005-B65450,KXBTC,fade_no,0.06,0.96,0.03731200000000003
KXBTC-26AUG1005-B65450,KXBTC,lotto_yes,0.06,0.06,-0.063948
KXBTC-26AUG1005-B65350,KXBTC,fade_no,0.04,0.98,0.018628000000000016
KXBTC-26AUG1005-B65350,KXBTC,lotto_yes,0.04,0.04,-0.042688000000000004
KXBTC-26AUG1005-B65050,KXBTC,fade_no,0.08,0.95,0.04667500000000004
KXBTC-26AUG1005-B65050,KXBTC,lotto_yes,0.08,0.08,-0.085152
KXBTC-26AUG1005-B64950,KXBTC,fade_no,0.04,0.99,0.009307000000000008
KXBTC-26AUG1005-B64950,KXBTC,lotto_yes,0.04,0.04,-0.042688000000000004
KXETHD-26AUG1120-T1884.99,KXETHD,fade_no,0.05,0.97,0.027963000000000026
KXETHD-26AUG1120-T1884.99,KXETHD,lotto_yes,0.05,0.05,-0.053325000000000004
KXETHD-26AUG1120-T1879.99,KXETHD,fav_yes,0.93,0.93,0.06544299999999996
KXETHD-26AUG1119-T1889.99,KXETHD,fade_no,0.05,0.96,0.03731200000000003
KXETHD-26AUG1119-T1889.99,KXETHD,lotto_yes,0.05,0.05,-0.053325000000000004
KXETHD-26AUG1119-T1874.99,KXETHD,fav_yes,0.96,0.96,0.03731200000000003
KXETHD-26AUG1118-T1889.99,KXETHD,fade_no,0.07,0.96,0.03731200000000003
KXETHD-26AUG1118-T1889.99,KXETHD,lotto_yes,0.07,0.07,-0.07455700000000001
KXETHD-26AUG1118-T1884.99,KXETHD,fade_no,0.05,0.97,0.027963000000000026
KXETHD-26AUG1118-T1884.99,KXETHD,lotto_yes,0.05,0.05,-0.053325000000000004
KXETHD-26AUG1116-T1874.99,KXETHD,fade_no,0.06,0.96,-0.962688
KXETHD-26AUG1116-T1874.99,KXETHD,lotto_yes,0.06,0.06,0.936052
KXETHD-26AUG1116-T1864.99,KXETHD,fav_yes,0.96,0.96,0.03731200000000003
KXETHD-26AUG1116-T1854.99,KXETHD,fav_yes,0.97,0.97,0.027963000000000026
KXETHD-26AUG1115-T1864.99,KXETHD,fade_no,0.18,0.83,0.16012300000000004
KXETHD-26AUG1115-T1864.99,KXETHD,lotto_yes,0.18,0.18,-0.190332
KXETHD-26AUG1115-T1854.99,KXETHD,fav_yes,0.95,0.95,0.04667500000000004
KXETHD-26AUG1114-T1874.99,KXETHD,fade_no,0.04,0.98,0.018628000000000016
KXETHD-26AUG1114-T1874.99,KXETHD,lotto_yes,0.04,0.04,-0.042688000000000004
KXETHD-26AUG1114-T1869.99,KXETHD,fade_no,0.14,0.88,0.112608
KXETHD-26AUG1114-T1869.99,KXETHD,lotto_yes,0.14,0.14,-0.148428
KXETHD-26AUG1114-T1859.99,KXETHD,fav_yes,0.84,0.84,0.15059200000000003
KXETHD-26AUG1114-T1854.99,KXETHD,fav_yes,0.96,0.96,0.03731200000000003
KXETHD-26AUG1113-T1879.99,KXETHD,fade_no,0.04,0.98,0.018628000000000016
KXETHD-26AUG1113-T1879.99,KXETHD,lotto_yes,0.04,0.04,-0.042688000000000004
KXETHD-26AUG1113-T1874.99,KXETHD,fade_no,0.08,0.9299999999999999,0.06544300000000006
KXETHD-26AUG1113-T1874.99,KXETHD,lotto_yes,0.08,0.08,-0.085152
KXETHD-26AUG1113-T1854.99,KXETHD,fav_yes,0.93,0.93,0.06544299999999996
KXETHD-26AUG1113-T1844.99,KXETHD,fav_yes,0.97,0.97,0.027963000000000026
KXETHD-26AUG1112-T1889.99,KXETHD,fade_no,0.03,0.98,0.018628000000000016
KXETHD-26AUG1112-T1889.99,KXETHD,lotto_yes,0.03,0.03,-0.032036999999999996
KXETHD-26AUG1112-T1884.99,KXETHD,fade_no,0.04,0.99,0.009307000000000008
KXETHD-26AUG1112-T1884.99,KXETHD,lotto_yes,0.04,0.04,-0.042688000000000004
KXETHD-26AUG1112-T1869.99,KXETHD,fade_no,0.04,0.97,0.027963000000000026
KXETHD-26AUG1112-T1869.99,KXETHD,lotto_yes,0.04,0.04,-0.042688000000000004
KXETHD-26AUG1112-T1864.99,KXETHD,fade_no,0.12,0.89,0.10314699999999999
KXETHD-26AUG1112-T1864.99,KXETHD,lotto_yes,0.12,0.12,-0.127392
KXETHD-26AUG1111-T1899.99,KXETHD,fade_no,0.03,0.98,0.018628000000000016
KXETHD-26AUG1111-T1899.99,KXETHD,lotto_yes,0.03,0.03,-0.032036999999999996
KXETHD-26AUG1111-T1894.99,KXETHD,fade_no,0.05,0.96,0.03731200000000003
KXETHD-26AUG1111-T1894.99,KXETHD,lotto_yes,0.05,0.05,-0.053325000000000004
KXETHD-26AUG1111-T1889.99,KXETHD,fade_no,0.12,0.9,0.09369999999999998
KXETHD-26AUG1111-T1889.99,KXETHD,lotto_yes,0.12,0.12,-0.127392
KXETHD-26AUG1111-T1884.99,KXETHD,fade_no,0.04,0.97,0.027963000000000026
KXETHD-26AUG1111-T1884.99,KXETHD,lotto_yes,0.04,0.04,-0.042688000000000004
KXETHD-26AUG1111-T1879.99,KXETHD,fade_no,0.16,0.86,0.13157200000000002
KXETHD-26AUG1111-T1879.99,KXETHD,lotto_yes,0.16,0.16,-0.169408
KXETHD-26AUG1110-T1899.99,KXETHD,fade_no,0.03,0.99,0.009307000000000008
KXETHD-26AUG1110-T1899.99,KXETHD,lotto_yes,0.03,0.03,-0.032036999999999996
KXETHD-26AUG1110-T1894.99,KXETHD,fade_no,0.12,0.9,0.09369999999999998
KXETHD-26AUG1110-T1894.99,KXETHD,lotto_yes,0.12,0.12,-0.127392
KXETHD-26AUG1110-T1884.99,KXETHD,fav_yes,0.82,0.82,0.16966800000000004
KXETHD-26AUG1110-T1874.99,KXETHD,fav_yes,0.97,0.97,0.027963000000000026
KXETHD-26AUG1109-T1894.99,KXETHD,fade_no,0.03,0.98,0.018628000000000016
KXETHD-26AUG1109-T1894.99,KXETHD,lotto_yes,0.03,0.03,-0.032036999999999996
KXETHD-26AUG1109-T1884.99,KXETHD,fav_yes,0.96,0.96,0.03731200000000003
KXETHD-26AUG1108-T1904.99,KXETHD,fade_no,0.03,0.99,0.009307000000000008
KXETHD-26AUG1108-T1904.99,KXETHD,lotto_yes,0.03,0.03,-0.032036999999999996
KXETHD-26AUG1108-T1899.99,KXETHD,fade_no,0.07,0.94,0.056052000000000046
KXETHD-26AUG1108-T1899.99,KXETHD,lotto_yes,0.07,0.07,-0.07455700000000001
KXETHD-26AUG1108-T1894.99,KXETHD,fade_no,0.04,0.97,0.027963000000000026
KXETHD-26AUG1108-T1894.99,KXETHD,lotto_yes,0.04,0.04,-0.042688000000000004
KXETHD-26AUG1107-T1879.99,KXETHD,fav_yes,0.84,0.84,0.15059200000000003
KXETHD-26AUG1106-T1884.99,KXETHD,fade_no,0.03,0.99,0.009307000000000008
KXETHD-26AUG1106-T1884.99,KXETHD,lotto_yes,0.03,0.03,-0.032036999999999996
KXETHD-26AUG1106-T1874.99,KXETHD,fav_yes,0.86,0.86,0.13157200000000002
KXETHD-26AUG1105-T1884.99,KXETHD,fade_no,0.03,0.98,0.018628000000000016
KXETHD-26AUG1105-T1884.99,KXETHD,lotto_yes,0.03,0.03,-0.032036999999999996
KXETHD-26AUG1105-T1879.99,KXETHD,fade_no,0.08,0.9299999999999999,0.06544300000000006
KXETHD-26AUG1105-T1879.99,KXETHD,lotto_yes,0.08,0.08,-0.085152
KXETHD-26AUG1105-T1874.99,KXETHD,fav_yes,0.88,0.88,0.112608
KXETHD-26AUG1105-T1869.99,KXETHD,fav_yes,0.95,0.95,0.04667500000000004
KXETHD-26AUG1104-T1864.99,KXETHD,fav_yes,0.97,0.97,0.027963000000000026
KXETHD-26AUG1103-T1874.99,KXETHD,fade_no,0.08,0.94,0.056052000000000046
KXETHD-26AUG1103-T1874.99,KXETHD,lotto_yes,0.08,0.08,-0.085152
KXETHD-26AUG1103-T1869.99,KXETHD,fav_yes,0.93,0.93,0.06544299999999996
KXETHD-26AUG1102-T1879.99,KXETHD,fade_no,0.03,0.98,0.018628000000000016
KXETHD-26AUG1102-T1879.99,KXETHD,lotto_yes,0.03,0.03,-0.032036999999999996
KXETHD-26AUG1101-T1884.99,KXETHD,fade_no,0.03,0.98,0.018628000000000016
KXETHD-26AUG1101-T1884.99,KXETHD,lotto_yes,0.03,0.03,-0.032036999999999996
KXETHD-26AUG1101-T1879.99,KXETHD,fade_no,0.03,0.99,0.009307000000000008
KXETHD-26AUG1101-T1879.99,KXETHD,lotto_yes,0.03,0.03,-0.032036999999999996
KXETHD-26AUG1101-T1874.99,KXETHD,fav_yes,0.87,0.87,0.122083
KXETHD-26AUG1100-T1874.99,KXETHD,fav_yes,0.96,0.96,0.03731200000000003
KXETHD-26AUG1023-T1884.99,KXETHD,fade_no,0.03,0.98,0.018628000000000016
KXETHD-26AUG1023-T1884.99,KXETHD,lotto_yes,0.03,0.03,-0.032036999999999996
KXETHD-26AUG1023-T1879.99,KXETHD,fade_no,0.06,0.96,0.03731200000000003
KXETHD-26AUG1023-T1879.99,KXETHD,lotto_yes,0.06,0.06,-0.063948
KXETHD-26AUG1023-T1874.99,KXETHD,fav_yes,0.91,0.91,0.08426699999999997
KXETHD-26AUG1023-T1869.99,KXETHD,fav_yes,0.97,0.97,0.027963000000000026
KXETHD-26AUG1022-T1884.99,KXETHD,fade_no,0.03,0.99,0.009307000000000008
KXETHD-26AUG1022-T1884.99,KXETHD,lotto_yes,0.03,0.03,-0.032036999999999996
KXETHD-26AUG1022-T1879.99,KXETHD,fade_no,0.03,0.98,0.018628000000000016
KXETHD-26AUG1022-T1879.99,KXETHD,lotto_yes,0.03,0.03,-0.032036999999999996
KXETHD-26AUG1022-T1869.99,KXETHD,fav_yes,0.87,0.87,0.122083
KXETHD-26AUG1021-T1879.99,KXETHD,fade_no,0.03,0.98,0.018628000000000016
KXETHD-26AUG1021-T1879.99,KXETHD,lotto_yes,0.03,0.03,-0.032036999999999996
KXETHD-26AUG1021-T1874.99,KXETHD,fade_no,0.11,0.91,0.08426699999999997
KXETHD-26AUG1021-T1874.99,KXETHD,lotto_yes,0.11,0.11,-0.116853
KXSOLD-26AUG1120-T76.4999,KXSOLD,fade_no,0.04,0.99,0.009307000000000008
KXSOLD-26AUG1120-T76.4999,KXSOLD,lotto_yes,0.04,0.04,-0.042688000000000004
KXSOLD-26AUG1119-T76.7499,KXSOLD,fade_no,0.07,0.97,0.027963000000000026
KXSOLD-26AUG1119-T76.7499,KXSOLD,lotto_yes,0.07,0.07,-0.07455700000000001
KXSOLD-26AUG1119-T76.4999,KXSOLD,fade_no,0.17,0.88,0.112608
KXSOLD-26AUG1119-T76.4999,KXSOLD,lotto_yes,0.17,0.17,-0.179877
KXSOLD-26AUG1119-T75.9999,KXSOLD,fav_yes,0.96,0.96,0.03731200000000003
KXSOLD-26AUG1118-T76.2499,KXSOLD,fade_no,0.19,0.85,-0.8589249999999999
KXSOLD-26AUG1118-T76.2499,KXSOLD,lotto_yes,0.19,0.19,0.799227
KXSOLD-26AUG1118-T75.9999,KXSOLD,fav_yes,0.81,0.81,0.17922699999999994
KXSOLD-26AUG1118-T75.7499,KXSOLD,fav_yes,0.94,0.94,0.056052000000000046
KXSOLD-26AUG1116-T75.2499,KXSOLD,fav_yes,0.87,0.87,0.122083
KXSOLD-26AUG1115-T75.4999,KXSOLD,fade_no,0.09,0.96,0.03731200000000003
KXSOLD-26AUG1115-T75.4999,KXSOLD,lotto_yes,0.09,0.09,-0.095733
KXSOLD-26AUG1115-T74.9999,KXSOLD,fav_yes,0.94,0.94,0.056052000000000046
KXSOLD-26AUG1115-T74.7499,KXSOLD,fav_yes,0.97,0.97,0.027963000000000026
KXSOLD-26AUG1114-T75.4999,KXSOLD,fade_no,0.04,0.99,0.009307000000000008
KXSOLD-26AUG1114-T75.4999,KXSOLD,lotto_yes,0.04,0.04,-0.042688000000000004
KXSOLD-26AUG1114-T75.2499,KXSOLD,fade_no,0.09,0.95,0.04667500000000004
KXSOLD-26AUG1114-T75.2499,KXSOLD,lotto_yes,0.09,0.09,-0.095733
KXSOLD-26AUG1114-T74.7499,KXSOLD,fav_yes,0.96,0.96,0.03731200000000003
KXSOLD-26AUG1113-T75.4999,KXSOLD,fade_no,0.04,0.98,0.018628000000000016
KXSOLD-26AUG1113-T75.4999,KXSOLD,lotto_yes,0.04,0.04,-0.042688000000000004
KXSOLD-26AUG1113-T75.2499,KXSOLD,fade_no,0.16,0.87,0.122083
KXSOLD-26AUG1113-T75.2499,KXSOLD,lotto_yes,0.16,0.16,-0.169408
KXSOLD-26AUG1113-T74.7499,KXSOLD,fav_yes,0.85,0.85,0.141075
KXSOLD-26AUG1112-T75.7499,KXSOLD,fade_no,0.04,0.99,0.009307000000000008
KXSOLD-26AUG1112-T75.7499,KXSOLD,lotto_yes,0.04,0.04,-0.042688000000000004
KXSOLD-26AUG1112-T74.9999,KXSOLD,fade_no,0.17,0.87,0.122083
KXSOLD-26AUG1112-T74.9999,KXSOLD,lotto_yes,0.17,0.17,-0.179877
KXSOLD-26AUG1112-T74.7499,KXSOLD,fav_yes,0.95,0.95,0.04667500000000004
KXSOLD-26AUG1112-T74.4999,KXSOLD,fav_yes,0.95,0.95,0.04667500000000004
KXSOLD-26AUG1111-T76.4999,KXSOLD,fade_no,0.03,0.99,0.009307000000000008
KXSOLD-26AUG1111-T76.4999,KXSOLD,lotto_yes,0.03,0.03,-0.032036999999999996
KXSOLD-26AUG1111-T76.2499,KXSOLD,fade_no,0.08,0.95,0.04667500000000004
KXSOLD-26AUG1111-T76.2499,KXSOLD,lotto_yes,0.08,0.08,-0.085152
KXSOLD-26AUG1111-T75.7499,KXSOLD,fade_no,0.08,0.96,0.03731200000000003
KXSOLD-26AUG1111-T75.7499,KXSOLD,lotto_yes,0.08,0.08,-0.085152
KXSOLD-26AUG1111-T75.2499,KXSOLD,fav_yes,0.88,0.88,-0.887392
KXSOLD-26AUG1110-T76.4999,KXSOLD,fade_no,0.04,0.99,0.009307000000000008
KXSOLD-26AUG1110-T76.4999,KXSOLD,lotto_yes,0.04,0.04,-0.042688000000000004
KXSOLD-26AUG1110-T76.2499,KXSOLD,fade_no,0.05,0.98,0.018628000000000016
KXSOLD-26AUG1110-T76.2499,KXSOLD,lotto_yes,0.05,0.05,-0.053325000000000004
KXSOLD-26AUG1109-T76.4999,KXSOLD,fade_no,0.04,0.99,0.009307000000000008
KXSOLD-26AUG1109-T76.4999,KXSOLD,lotto_yes,0.04,0.04,-0.042688000000000004
KXSOLD-26AUG1109-T75.9999,KXSOLD,fade_no,0.13,0.89,0.10314699999999999
KXSOLD-26AUG1109-T75.9999,KXSOLD,lotto_yes,0.13,0.13,-0.137917
KXSOLD-26AUG1108-T76.4999,KXSOLD,fade_no,0.08,0.95,0.04667500000000004
KXSOLD-26AUG1108-T76.4999,KXSOLD,lotto_yes,0.08,0.08,-0.085152
KXSOLD-26AUG1108-T76.2499,KXSOLD,fade_no,0.12,0.89,0.10314699999999999
KXSOLD-26AUG1108-T76.2499,KXSOLD,lotto_yes,0.12,0.12,-0.127392
KXSOLD-26AUG1108-T75.9999,KXSOLD,fav_yes,0.87,0.87,0.122083
KXSOLD-26AUG1107-T76.2499,KXSOLD,fade_no,0.04,0.99,0.009307000000000008
KXSOLD-26AUG1107-T76.2499,KXSOLD,lotto_yes,0.04,0.04,-0.042688000000000004
KXSOLD-26AUG1107-T75.9999,KXSOLD,fade_no,0.09,0.94,0.056052000000000046
KXSOLD-26AUG1107-T75.9999,KXSOLD,lotto_yes,0.09,0.09,-0.095733
KXSOLD-26AUG1106-T75.9999,KXSOLD,fade_no,0.08,0.96,0.03731200000000003
KXSOLD-26AUG1106-T75.9999,KXSOLD,lotto_yes,0.08,0.08,-0.085152
KXSOLD-26AUG1106-T75.4999,KXSOLD,fav_yes,0.95,0.95,0.04667500000000004
KXSOLD-26AUG1105-T75.9999,KXSOLD,fade_no,0.03,0.99,0.009307000000000008
KXSOLD-26AUG1105-T75.9999,KXSOLD,lotto_yes,0.03,0.03,-0.032036999999999996
KXSOLD-26AUG1104-T75.9999,KXSOLD,fade_no,0.03,0.99,0.009307000000000008
KXSOLD-26AUG1104-T75.9999,KXSOLD,lotto_yes,0.03,0.03,-0.032036999999999996
KXSOLD-26AUG1104-T75.7499,KXSOLD,fade_no,0.08,0.96,0.03731200000000003
KXSOLD-26AUG1104-T75.7499,KXSOLD,lotto_yes,0.08,0.08,-0.085152
KXSOLD-26AUG1104-T75.4999,KXSOLD,fav_yes,0.94,0.94,0.056052000000000046
KXSOLD-26AUG1104-T75.2499,KXSOLD,fav_yes,0.9,0.9,0.09369999999999998
KXSOLD-26AUG1103-T76.2499,KXSOLD,fade_no,0.03,0.99,0.009307000000000008
KXSOLD-26AUG1103-T76.2499,KXSOLD,lotto_yes,0.03,0.03,-0.032036999999999996
KXSOLD-26AUG1103-T75.9999,KXSOLD,fade_no,0.03,0.99,0.009307000000000008
KXSOLD-26AUG1103-T75.9999,KXSOLD,lotto_yes,0.03,0.03,-0.032036999999999996
KXSOLD-26AUG1102-T76.2499,KXSOLD,fade_no,0.05,0.99,0.009307000000000008
KXSOLD-26AUG1102-T76.2499,KXSOLD,lotto_yes,0.05,0.05,-0.053325000000000004
KXSOLD-26AUG1102-T75.9999,KXSOLD,fade_no,0.12,0.91,0.08426699999999997
KXSOLD-26AUG1102-T75.9999,KXSOLD,lotto_yes,0.12,0.12,-0.127392
KXSOLD-26AUG1102-T75.7499,KXSOLD,fav_yes,0.93,0.93,0.06544299999999996
KXSOLD-26AUG1101-T76.2499,KXSOLD,fade_no,0.12,0.92,0.07484799999999996
KXSOLD-26AUG1101-T76.2499,KXSOLD,lotto_yes,0.12,0.12,-0.127392
KXSOLD-26AUG1101-T75.9999,KXSOLD,fav_yes,0.9,0.9,0.09369999999999998
KXSOLD-26AUG1100-T76.2499,KXSOLD,fade_no,0.05,0.98,0.018628000000000016
KXSOLD-26AUG1100-T76.2499,KXSOLD,lotto_yes,0.05,0.05,-0.053325000000000004
KXSOLD-26AUG1023-T76.2499,KXSOLD,fade_no,0.05,0.98,0.018628000000000016
KXSOLD-26AUG1023-T76.2499,KXSOLD,lotto_yes,0.05,0.05,-0.053325000000000004
KXSOLD-26AUG1022-T75.4999,KXSOLD,fav_yes,0.97,0.97,0.027963000000000026
KXSOLD-26AUG1021-T76.2499,KXSOLD,fade_no,0.03,0.99,0.009307000000000008
KXSOLD-26AUG1021-T76.2499,KXSOLD,lotto_yes,0.03,0.03,-0.032036999999999996
KXSOLD-26AUG1021-T75.9999,KXSOLD,fade_no,0.11,0.9299999999999999,0.06544300000000006
KXSOLD-26AUG1021-T75.9999,KXSOLD,lotto_yes,0.11,0.11,-0.116853
KXSOLD-26AUG1021-T75.7499,KXSOLD,fav_yes,0.8,0.8,0.18879999999999997
KXXRPD-26AUG0809-T1.0399,KXXRPD,fade_no,0.16,0.89,-0.896853
KXXRPD-26AUG0809-T1.0399,KXXRPD,lotto_yes,0.16,0.16,0.830592
KXXRPD-26AUG0808-T1.0399,KXXRPD,fade_no,0.08,0.95,0.04667500000000004
KXXRPD-26AUG0808-T1.0399,KXXRPD,lotto_yes,0.08,0.08,-0.085152
KXXRPD-26AUG0807-T1.0399,KXXRPD,fade_no,0.04,0.99,0.009307000000000008
KXXRPD-26AUG0807-T1.0399,KXXRPD,lotto_yes,0.04,0.04,-0.042688000000000004
KXXRPD-26AUG0806-T1.0399,KXXRPD,fade_no,0.03,0.99,0.009307000000000008
KXXRPD-26AUG0806-T1.0399,KXXRPD,lotto_yes,0.03,0.03,-0.032036999999999996
KXXRPD-26AUG0804-T1.0399,KXXRPD,fade_no,0.04,0.99,0.009307000000000008
KXXRPD-26AUG0804-T1.0399,KXXRPD,lotto_yes,0.04,0.04,-0.042688000000000004
KXXRPD-26AUG0802-T1.0399,KXXRPD,fade_no,0.03,0.99,0.009307000000000008
KXXRPD-26AUG0802-T1.0399,KXXRPD,lotto_yes,0.03,0.03,-0.032036999999999996
KXXRPD-26AUG0801-T1.0399,KXXRPD,fade_no,0.03,0.99,0.009307000000000008
KXXRPD-26AUG0801-T1.0399,KXXRPD,lotto_yes,0.03,0.03,-0.032036999999999996
KXXRPD-26AUG0817-T1.0599,KXXRPD,fade_no,0.03,0.99,0.009307000000000008
KXXRPD-26AUG0817-T1.0599,KXXRPD,lotto_yes,0.03,0.03,-0.032036999999999996
KXXRPD-26AUG0800-T1.0399,KXXRPD,fade_no,0.04,0.99,0.009307000000000008
KXXRPD-26AUG0800-T1.0399,KXXRPD,lotto_yes,0.04,0.04,-0.042688000000000004
KXXRPD-26AUG0719-T1.0199,KXXRPD,fade_no,0.15,0.89,-0.896853
KXXRPD-26AUG0719-T1.0199,KXXRPD,lotto_yes,0.15,0.15,0.841075
KXXRPD-26AUG0716-T1.0199,KXXRPD,fav_yes,0.8,0.8,0.18879999999999997
KXXRPD-26AUG0714-T1.0199,KXXRPD,fade_no,0.03,0.99,0.009307000000000008
KXXRPD-26AUG0714-T1.0199,KXXRPD,lotto_yes,0.03,0.03,-0.032036999999999996
KXXRPD-26AUG0711-T1.0399,KXXRPD,fade_no,0.03,0.99,0.009307000000000008
KXXRPD-26AUG0711-T1.0399,KXXRPD,lotto_yes,0.03,0.03,-0.032036999999999996
KXDOGED-26AUG0606-T0.0699999,KXDOGED,fade_no,0.03,0.99,0.009307000000000008
KXDOGED-26AUG0606-T0.0699999,KXDOGED,lotto_yes,0.03,0.03,-0.032036999999999996
KXDOGED-26AUG0601-T0.0699999,KXDOGED,fade_no,0.04,0.99,0.009307000000000008
KXDOGED-26AUG0601-T0.0699999,KXDOGED,lotto_yes,0.04,0.04,-0.042688000000000004
KXDOGED-26AUG0617-T0.0699999,KXDOGED,fade_no,0.06,0.97,0.027963000000000026
KXDOGED-26AUG0617-T0.0699999,KXDOGED,lotto_yes,0.06,0.06,-0.063948
KXDOGED-26AUG0600-T0.0699999,KXDOGED,fade_no,0.03,0.99,0.009307000000000008
KXDOGED-26AUG0600-T0.0699999,KXDOGED,lotto_yes,0.03,0.03,-0.032036999999999996
KXDOGED-26AUG0523-T0.0699999,KXDOGED,fade_no,0.03,0.99,0.009307000000000008
KXDOGED-26AUG0523-T0.0699999,KXDOGED,lotto_yes,0.03,0.03,-0.032036999999999996
KXDOGED-26AUG0522-T0.0699999,KXDOGED,fade_no,0.04,0.99,0.009307000000000008
KXDOGED-26AUG0522-T0.0699999,KXDOGED,lotto_yes,0.04,0.04,-0.042688000000000004
KXDOGED-26AUG0514-T0.0699999,KXDOGED,fav_yes,0.9,0.9,0.09369999999999998
KXDOGED-26AUG0513-T0.0699999,KXDOGED,fav_yes,0.91,0.91,0.08426699999999997
KXDOGED-26AUG0512-T0.0699999,KXDOGED,fade_no,0.18,0.86,0.13157200000000002
KXDOGED-26AUG0512-T0.0699999,KXDOGED,lotto_yes,0.18,0.18,-0.190332
KXDOGED-26AUG0511-T0.0699999,KXDOGED,fade_no,0.18,0.85,0.141075
KXDOGED-26AUG0511-T0.0699999,KXDOGED,lotto_yes,0.18,0.18,-0.190332
KXDOGED-26AUG0510-T0.0699999,KXDOGED,fade_no,0.04,0.99,0.009307000000000008
KXDOGED-26AUG0510-T0.0699999,KXDOGED,lotto_yes,0.04,0.04,-0.042688000000000004
KXDOGED-26AUG0508-T0.0699999,KXDOGED,fade_no,0.03,0.99,0.009307000000000008
KXDOGED-26AUG0508-T0.0699999,KXDOGED,lotto_yes,0.03,0.03,-0.032036999999999996
KXDOGED-26AUG0507-T0.0699999,KXDOGED,fade_no,0.03,0.99,0.009307000000000008
KXDOGED-26AUG0507-T0.0699999,KXDOGED,lotto_yes,0.03,0.03,-0.032036999999999996
KXDOGED-26AUG0506-T0.0699999,KXDOGED,fade_no,0.04,0.99,0.009307000000000008
KXDOGED-26AUG0506-T0.0699999,KXDOGED,lotto_yes,0.04,0.04,-0.042688000000000004
KXDOGED-26AUG0505-T0.0699999,KXDOGED,fade_no,0.03,0.99,0.009307000000000008
KXDOGED-26AUG0505-T0.0699999,KXDOGED,lotto_yes,0.03,0.03,-0.032036999999999996
KXDOGED-26AUG0504-T0.0699999,KXDOGED,fade_no,0.03,0.99,0.009307000000000008
KXDOGED-26AUG0504-T0.0699999,KXDOGED,lotto_yes,0.03,0.03,-0.032036999999999996
KXDOGED-26AUG0503-T0.0699999,KXDOGED,fade_no,0.03,0.99,0.009307000000000008
KXDOGED-26AUG0503-T0.0699999,KXDOGED,lotto_yes,0.03,0.03,-0.032036999999999996
KXBTCD-26AUG1200-T63799.99,KXBTCD,fade_no,0.17,0.86,0.13157200000000002
KXBTCD-26AUG1200-T63799.99,KXBTCD,lotto_yes,0.17,0.17,-0.179877
KXBTCD-26AUG1200-T63699.99,KXBTCD,fav_yes,0.9,0.9,0.09369999999999998
KXBTCD-26AUG1200-T63499.99,KXBTCD,fav_yes,0.96,0.96,0.03731200000000003
KXBTCD-26AUG1123-T63799.99,KXBTCD,fade_no,0.05,0.96,0.03731200000000003
KXBTCD-26AUG1123-T63799.99,KXBTCD,lotto_yes,0.05,0.05,-0.053325000000000004
KXBTCD-26AUG1122-T63899.99,KXBTCD,fade_no,0.04,0.97,0.027963000000000026
KXBTCD-26AUG1122-T63899.99,KXBTCD,lotto_yes,0.04,0.04,-0.042688000000000004
KXBTCD-26AUG1122-T63799.99,KXBTCD,fade_no,0.18,0.83,0.16012300000000004
KXBTCD-26AUG1122-T63799.99,KXBTCD,lotto_yes,0.18,0.18,-0.190332
KXBTCD-26AUG1122-T63699.99,KXBTCD,fav_yes,0.86,0.86,0.13157200000000002
KXBTCD-26AUG1121-T63699.99,KXBTCD,fade_no,0.18,0.83,0.16012300000000004
KXBTCD-26AUG1121-T63699.99,KXBTCD,lotto_yes,0.18,0.18,-0.190332
KXBTCD-26AUG1121-T63599.99,KXBTCD,fav_yes,0.89,0.89,0.10314699999999999
KXBTCD-26AUG1120-T63499.99,KXBTCD,fav_yes,0.97,0.97,0.027963000000000026
KXBTCD-26AUG1119-T63699.99,KXBTCD,fade_no,0.05,0.96,0.03731200000000003
KXBTCD-26AUG1119-T63699.99,KXBTCD,lotto_yes,0.05,0.05,-0.053325000000000004
KXBTCD-26AUG1119-T63499.99,KXBTCD,fav_yes,0.97,0.97,0.027963000000000026
KXBTCD-26AUG1118-T63699.99,KXBTCD,fade_no,0.1,0.9299999999999999,0.06544300000000006
KXBTCD-26AUG1118-T63699.99,KXBTCD,lotto_yes,0.1,0.1,-0.1063
KXBTCD-26AUG1118-T63499.99,KXBTCD,fav_yes,0.97,0.97,0.027963000000000026
KXBTCD-26AUG1116-T63499.99,KXBTCD,fade_no,0.07,0.94,0.056052000000000046
KXBTCD-26AUG1116-T63499.99,KXBTCD,lotto_yes,0.07,0.07,-0.07455700000000001
KXBTCD-26AUG1116-T63299.99,KXBTCD,fav_yes,0.89,0.89,0.10314699999999999
KXBTCD-26AUG1116-T62999.99,KXBTCD,fav_yes,0.97,0.97,0.027963000000000026
KXBTCD-26AUG1115-T63799.99,KXBTCD,fade_no,0.03,0.98,0.018628000000000016
KXBTCD-26AUG1115-T63799.99,KXBTCD,lotto_yes,0.03,0.03,-0.032036999999999996
KXBTCD-26AUG1115-T63699.99,KXBTCD,fade_no,0.09,0.92,0.07484799999999996
KXBTCD-26AUG1115-T63699.99,KXBTCD,lotto_yes,0.09,0.09,-0.095733
KXBTCD-26AUG1115-T63499.99,KXBTCD,fade_no,0.03,0.98,0.018628000000000016
KXBTCD-26AUG1115-T63499.99,KXBTCD,lotto_yes,0.03,0.03,-0.032036999999999996
KXBTCD-26AUG1115-T63399.99,KXBTCD,fade_no,0.1,0.91,0.08426699999999997
KXBTCD-26AUG1115-T63399.99,KXBTCD,lotto_yes,0.1,0.1,-0.1063
KXBTCD-26AUG1114-T63699.99,KXBTCD,fade_no,0.04,0.97,0.027963000000000026
KXBTCD-26AUG1114-T63699.99,KXBTCD,lotto_yes,0.04,0.04,-0.042688000000000004
KXBTCD-26AUG1114-T63599.99,KXBTCD,fade_no,0.08,0.9299999999999999,0.06544300000000006
KXBTCD-26AUG1114-T63599.99,KXBTCD,lotto_yes,0.08,0.08,-0.085152
KXBTCD-26AUG1114-T63399.99,KXBTCD,fav_yes,0.95,0.95,0.04667500000000004
KXBTCD-26AUG1113-T63899.99,KXBTCD,fade_no,0.04,0.97,0.027963000000000026
KXBTCD-26AUG1113-T63899.99,KXBTCD,lotto_yes,0.04,0.04,-0.042688000000000004
KXBTCD-26AUG1113-T63799.99,KXBTCD,fade_no,0.12,0.9,0.09369999999999998
KXBTCD-26AUG1113-T63799.99,KXBTCD,lotto_yes,0.12,0.12,-0.127392
KXBTCD-26AUG1113-T63599.99,KXBTCD,fade_no,0.05,0.96,0.03731200000000003
KXBTCD-26AUG1113-T63599.99,KXBTCD,lotto_yes,0.05,0.05,-0.053325000000000004
KXBTCD-26AUG1113-T63299.99,KXBTCD,fav_yes,0.96,0.96,0.03731200000000003
KXBTCD-26AUG1112-T64099.99,KXBTCD,fade_no,0.04,0.97,0.027963000000000026
KXBTCD-26AUG1112-T64099.99,KXBTCD,lotto_yes,0.04,0.04,-0.042688000000000004
KXBTCD-26AUG1112-T63999.99,KXBTCD,fade_no,0.07,0.94,0.056052000000000046
KXBTCD-26AUG1112-T63999.99,KXBTCD,lotto_yes,0.07,0.07,-0.07455700000000001
KXBTCD-26AUG1112-T63699.99,KXBTCD,fade_no,0.06,0.95,0.04667500000000004
KXBTCD-26AUG1112-T63699.99,KXBTCD,lotto_yes,0.06,0.06,-0.063948
KXBTCD-26AUG1112-T63599.99,KXBTCD,fade_no,0.18,0.83,0.16012300000000004
KXBTCD-26AUG1112-T63599.99,KXBTCD,lotto_yes,0.18,0.18,-0.190332
KXBTCD-26AUG1112-T63399.99,KXBTCD,fav_yes,0.8,0.8,0.18879999999999997
KXBTCD-26AUG1111-T64299.99,KXBTCD,fade_no,0.08,0.9299999999999999,0.06544300000000006
KXBTCD-26AUG1111-T64299.99,KXBTCD,lotto_yes,0.08,0.08,-0.085152
KXBTCD-26AUG1111-T64099.99,KXBTCD,fade_no,0.06,0.95,0.04667500000000004
KXBTCD-26AUG1111-T64099.99,KXBTCD,lotto_yes,0.06,0.06,-0.063948
KXBTCD-26AUG1111-T63999.99,KXBTCD,fade_no,0.19,0.83,0.16012300000000004
KXBTCD-26AUG1111-T63999.99,KXBTCD,lotto_yes,0.19,0.19,-0.200773
KXBTCD-26AUG1111-T63799.99,KXBTCD,fav_yes,0.81,0.81,-0.8207730000000001
KXBTCD-26AUG1111-T63699.99,KXBTCD,fav_yes,0.95,0.95,0.04667500000000004
KXBTCD-26AUG1110-T64299.99,KXBTCD,fade_no,0.12,0.89,0.10314699999999999
KXBTCD-26AUG1110-T64299.99,KXBTCD,lotto_yes,0.12,0.12,-0.127392
KXBTCD-26AUG1110-T63999.99,KXBTCD,fav_yes,0.88,0.88,0.112608
KXBTCD-26AUG1109-T64599.99,KXBTCD,fade_no,0.03,0.98,0.018628000000000016
KXBTCD-26AUG1109-T64599.99,KXBTCD,lotto_yes,0.03,0.03,-0.032036999999999996
KXBTCD-26AUG1109-T64399.99,KXBTCD,fade_no,0.03,0.98,0.018628000000000016
KXBTCD-26AUG1109-T64399.99,KXBTCD,lotto_yes,0.03,0.03,-0.032036999999999996
KXBTCD-26AUG1109-T64199.99,KXBTCD,fav_yes,0.94,0.94,0.056052000000000046
KXBTCD-26AUG1108-T64399.99,KXBTCD,fade_no,0.03,0.98,0.018628000000000016
KXBTCD-26AUG1108-T64399.99,KXBTCD,lotto_yes,0.03,0.03,-0.032036999999999996
KXBTCD-26AUG1108-T64099.99,KXBTCD,fav_yes,0.97,0.97,0.027963000000000026
KXBTCD-26AUG1107-T64299.99,KXBTCD,fade_no,0.05,0.96,0.03731200000000003
KXBTCD-26AUG1107-T64299.99,KXBTCD,lotto_yes,0.05,0.05,-0.053325000000000004
KXBTCD-26AUG1106-T64299.99,KXBTCD,fade_no,0.03,0.98,0.018628000000000016
KXBTCD-26AUG1106-T64299.99,KXBTCD,lotto_yes,0.03,0.03,-0.032036999999999996
KXBTCD-26AUG1106-T64099.99,KXBTCD,fav_yes,0.96,0.96,0.03731200000000003
KXBTCD-26AUG1106-T63899.99,KXBTCD,fav_yes,0.97,0.97,0.027963000000000026
KXBTCD-26AUG1105-T64199.99,KXBTCD,fade_no,0.03,0.98,0.018628000000000016
KXBTCD-26AUG1105-T64199.99,KXBTCD,lotto_yes,0.03,0.03,-0.032036999999999996
KXBTCD-26AUG1105-T64099.99,KXBTCD,fade_no,0.1,0.91,0.08426699999999997
KXBTCD-26AUG1105-T64099.99,KXBTCD,lotto_yes,0.1,0.1,-0.1063
KXBTCD-26AUG1105-T63999.99,KXBTCD,fav_yes,0.91,0.91,0.08426699999999997
KXBTC-26AUG1217-B64125,KXBTC,fade_no,0.03,0.99,0.009307000000000008
KXBTC-26AUG1217-B64125,KXBTC,lotto_yes,0.03,0.03,-0.032036999999999996
KXBTC-26AUG1217-B63875,KXBTC,fade_no,0.04,0.99,0.009307000000000008
KXBTC-26AUG1217-B63875,KXBTC,lotto_yes,0.04,0.04,-0.042688000000000004
KXBTC-26AUG1217-B63125,KXBTC,fade_no,0.06,0.97,0.027963000000000026
KXBTC-26AUG1217-B63125,KXBTC,lotto_yes,0.06,0.06,-0.063948
KXBTC-26AUG1217-B62875,KXBTC,fade_no,0.06,0.97,0.027963000000000026
KXBTC-26AUG1217-B62875,KXBTC,lotto_yes,0.06,0.06,-0.063948
KXBTC-26AUG1217-B62625,KXBTC,fade_no,0.03,0.99,0.009307000000000008
KXBTC-26AUG1217-B62625,KXBTC,lotto_yes,0.03,0.03,-0.032036999999999996
KXBTC-26AUG1217-B62375,KXBTC,fade_no,0.03,0.99,0.009307000000000008
KXBTC-26AUG1217-B62375,KXBTC,lotto_yes,0.03,0.03,-0.032036999999999996
KXBTC-26AUG1200-B63850,KXBTC,fade_no,0.15,0.91,0.08426699999999997
KXBTC-26AUG1200-B63850,KXBTC,lotto_yes,0.15,0.15,-0.15892499999999998
KXBTC-26AUG1200-B63650,KXBTC,fade_no,0.12,0.9299999999999999,0.06544300000000006
KXBTC-26AUG1200-B63650,KXBTC,lotto_yes,0.12,0.12,-0.127392
KXBTC-26AUG1200-B63550,KXBTC,fade_no,0.17,0.89,0.10314699999999999
KXBTC-26AUG1200-B63550,KXBTC,lotto_yes,0.17,0.17,-0.179877
KXBTC-26AUG1123-B64050,KXBTC,fade_no,0.09,0.98,0.018628000000000016
KXBTC-26AUG1123-B64050,KXBTC,lotto_yes,0.09,0.09,-0.095733
KXBTC-26AUG1123-B63950,KXBTC,fade_no,0.06,0.97,0.027963000000000026
KXBTC-26AUG1123-B63950,KXBTC,lotto_yes,0.06,0.06,-0.063948
KXBTC-26AUG1123-B63850,KXBTC,fade_no,0.05,0.98,0.018628000000000016
KXBTC-26AUG1123-B63850,KXBTC,lotto_yes,0.05,0.05,-0.053325000000000004
KXBTC-26AUG1123-B63550,KXBTC,fade_no,0.07,0.98,0.018628000000000016
KXBTC-26AUG1123-B63550,KXBTC,lotto_yes,0.07,0.07,-0.07455700000000001
KXBTC-26AUG1122-B63850,KXBTC,fade_no,0.19,0.85,0.141075
KXBTC-26AUG1122-B63850,KXBTC,lotto_yes,0.19,0.19,-0.200773
KXBTC-26AUG1122-B63650,KXBTC,fade_no,0.13,0.9299999999999999,0.06544300000000006
KXBTC-26AUG1122-B63650,KXBTC,lotto_yes,0.13,0.13,-0.137917
KXBTC-26AUG1122-B63550,KXBTC,fade_no,0.06,0.98,0.018628000000000016
KXBTC-26AUG1122-B63550,KXBTC,lotto_yes,0.06,0.06,-0.063948
KXBTC-26AUG1122-B63450,KXBTC,fade_no,0.08,0.98,0.018628000000000016
KXBTC-26AUG1122-B63450,KXBTC,lotto_yes,0.08,0.08,-0.085152
KXBTC-26AUG1121-B63750,KXBTC,fade_no,0.18,0.84,0.15059200000000003
KXBTC-26AUG1121-B63750,KXBTC,lotto_yes,0.18,0.18,-0.190332
KXBTC-26AUG1121-B63550,KXBTC,fade_no,0.14,0.87,0.122083
KXBTC-26AUG1121-B63550,KXBTC,lotto_yes,0.14,0.14,-0.148428
KXBTC-26AUG1121-B63450,KXBTC,fade_no,0.1,0.96,0.03731200000000003
KXBTC-26AUG1121-B63450,KXBTC,lotto_yes,0.1,0.1,-0.1063
KXBTC-26AUG1121-B63350,KXBTC,fade_no,0.09,0.96,0.03731200000000003
KXBTC-26AUG1121-B63350,KXBTC,lotto_yes,0.09,0.09,-0.095733
KXBTC-26AUG1120-B63750,KXBTC,fade_no,0.08,0.94,0.056052000000000046
KXBTC-26AUG1120-B63750,KXBTC,lotto_yes,0.08,0.08,-0.085152
KXBTC-26AUG1120-B63450,KXBTC,fade_no,0.07,0.97,0.027963000000000026
KXBTC-26AUG1120-B63450,KXBTC,lotto_yes,0.07,0.07,-0.07455700000000001
KXBTC-26AUG1120-B63350,KXBTC,fade_no,0.08,0.98,0.018628000000000016
KXBTC-26AUG1120-B63350,KXBTC,lotto_yes,0.08,0.08,-0.085152
KXBTC-26AUG1119-B63950,KXBTC,fade_no,0.04,0.98,0.018628000000000016
KXBTC-26AUG1119-B63950,KXBTC,lotto_yes,0.04,0.04,-0.042688000000000004
KXBTC-26AUG1119-B63850,KXBTC,fade_no,0.06,0.98,0.018628000000000016
KXBTC-26AUG1119-B63850,KXBTC,lotto_yes,0.06,0.06,-0.063948
KXBTC-26AUG1119-B63750,KXBTC,fade_no,0.07,0.98,0.018628000000000016
KXBTC-26AUG1119-B63750,KXBTC,lotto_yes,0.07,0.07,-0.07455700000000001
KXBTC-26AUG1119-B63450,KXBTC,fade_no,0.05,0.97,0.027963000000000026
KXBTC-26AUG1119-B63450,KXBTC,lotto_yes,0.05,0.05,-0.053325000000000004
KXBTC-26AUG1118-B63850,KXBTC,fade_no,0.11,0.95,0.04667500000000004
KXBTC-26AUG1118-B63850,KXBTC,lotto_yes,0.11,0.11,-0.116853
KXBTC-26AUG1118-B63750,KXBTC,fade_no,0.11,0.97,0.027963000000000026
KXBTC-26AUG1118-B63750,KXBTC,lotto_yes,0.11,0.11,-0.116853
KXBTC-26AUG1118-B63450,KXBTC,fade_no,0.14,0.98,0.018628000000000016
KXBTC-26AUG1118-B63450,KXBTC,lotto_yes,0.14,0.14,-0.148428
KXBTC-26AUG1116-B63550,KXBTC,fade_no,0.05,0.98,0.018628000000000016
KXBTC-26AUG1116-B63550,KXBTC,lotto_yes,0.05,0.05,-0.053325000000000004
KXBTC-26AUG1116-B63450,KXBTC,fade_no,0.12,0.91,-0.915733
KXBTC-26AUG1116-B63450,KXBTC,lotto_yes,0.12,0.12,0.872608
KXBTC-26AUG1116-B63250,KXBTC,fade_no,0.12,0.9299999999999999,0.06544300000000006
KXBTC-26AUG1116-B63250,KXBTC,lotto_yes,0.12,0.12,-0.127392
KXBTC-26AUG1116-B63150,KXBTC,fade_no,0.2,0.83,0.16012300000000004
KXBTC-26AUG1116-B63150,KXBTC,lotto_yes,0.2,0.2,-0.2112
KXBTC-26AUG1116-B63050,KXBTC,fade_no,0.08,0.96,0.03731200000000003
KXBTC-26AUG1116-B63050,KXBTC,lotto_yes,0.08,0.08,-0.085152
KXBTC-26AUG1116-B62950,KXBTC,fade_no,0.05,0.99,0.009307000000000008
KXBTC-26AUG1116-B62950,KXBTC,lotto_yes,0.05,0.05,-0.053325000000000004
KXBTC-26AUG1115-B63750,KXBTC,fade_no,0.08,0.97,0.027963000000000026
KXBTC-26AUG1115-B63750,KXBTC,lotto_yes,0.08,0.08,-0.085152
KXBTC-26AUG1115-B63550,KXBTC,fade_no,0.06,0.98,0.018628000000000016
KXBTC-26AUG1115-B63550,KXBTC,lotto_yes,0.06,0.06,-0.063948
KXBTC-26AUG1115-B63350,KXBTC,fade_no,0.11,0.9299999999999999,-0.934557
KXBTC-26AUG1115-B63350,KXBTC,lotto_yes,0.11,0.11,0.883147
KXBTC-26AUG1115-B63250,KXBTC,fade_no,0.04,0.98,0.018628000000000016
KXBTC-26AUG1115-B63250,KXBTC,lotto_yes,0.04,0.04,-0.042688000000000004
KXBTC-26AUG1114-B63750,KXBTC,fade_no,0.03,0.99,0.009307000000000008
KXBTC-26AUG1114-B63750,KXBTC,lotto_yes,0.03,0.03,-0.032036999999999996
KXBTC-26AUG1114-B63650,KXBTC,fade_no,0.13,0.89,0.10314699999999999
KXBTC-26AUG1114-B63650,KXBTC,lotto_yes,0.13,0.13,-0.137917
KXBTC-26AUG1114-B63350,KXBTC,fade_no,0.13,0.89,0.10314699999999999
KXBTC-26AUG1114-B63350,KXBTC,lotto_yes,0.13,0.13,-0.137917
KXBTC-26AUG1114-B63250,KXBTC,fade_no,0.04,0.99,0.009307000000000008
KXBTC-26AUG1114-B63250,KXBTC,lotto_yes,0.04,0.04,-0.042688000000000004
KXBTC-26AUG1114-B63150,KXBTC,fade_no,0.03,0.98,0.018628000000000016
KXBTC-26AUG1114-B63150,KXBTC,lotto_yes,0.03,0.03,-0.032036999999999996
KXBTC-26AUG1113-B63950,KXBTC,fade_no,0.05,0.98,0.018628000000000016
KXBTC-26AUG1113-B63950,KXBTC,lotto_yes,0.05,0.05,-0.053325000000000004
KXBTC-26AUG1113-B63850,KXBTC,fade_no,0.06,0.95,0.04667500000000004
KXBTC-26AUG1113-B63850,KXBTC,lotto_yes,0.06,0.06,-0.063948
KXBTC-26AUG1113-B63750,KXBTC,fade_no,0.14,0.89,0.10314699999999999
KXBTC-26AUG1113-B63750,KXBTC,lotto_yes,0.14,0.14,-0.148428
KXBTC-26AUG1113-B63450,KXBTC,fade_no,0.18,0.85,-0.8589249999999999
KXBTC-26AUG1113-B63450,KXBTC,lotto_yes,0.18,0.18,0.809668
KXBTC-26AUG1113-B63350,KXBTC,fade_no,0.09,0.9299999999999999,0.06544300000000006
KXBTC-26AUG1113-B63350,KXBTC,lotto_yes,0.09,0.09,-0.095733
KXBTC-26AUG1113-B63250,KXBTC,fade_no,0.05,0.98,0.018628000000000016
KXBTC-26AUG1113-B63250,KXBTC,lotto_yes,0.05,0.05,-0.053325000000000004
KXBTC-26AUG1113-B63150,KXBTC,fade_no,0.03,0.99,0.009307000000000008
KXBTC-26AUG1113-B63150,KXBTC,lotto_yes,0.03,0.03,-0.032036999999999996
KXBTC-26AUG1112-B64050,KXBTC,fade_no,0.04,0.98,0.018628000000000016
KXBTC-26AUG1112-B64050,KXBTC,lotto_yes,0.04,0.04,-0.042688000000000004
KXBTC-26AUG1112-B63950,KXBTC,fade_no,0.08,0.94,0.056052000000000046
KXBTC-26AUG1112-B63950,KXBTC,lotto_yes,0.08,0.08,-0.085152
KXBTC-26AUG1112-B63850,KXBTC,fade_no,0.16,0.88,0.112608
KXBTC-26AUG1112-B63850,KXBTC,lotto_yes,0.16,0.16,-0.169408
KXBTC-26AUG1112-B63750,KXBTC,fade_no,0.05,0.98,0.018628000000000016
KXBTC-26AUG1112-B63750,KXBTC,lotto_yes,0.05,0.05,-0.053325000000000004
KXBTC-26AUG1112-B63550,KXBTC,fade_no,0.14,0.88,-0.887392
KXBTC-26AUG1112-B63550,KXBTC,lotto_yes,0.14,0.14,0.851572
KXBTC-26AUG1112-B63450,KXBTC,fade_no,0.07,0.94,0.056052000000000046
KXBTC-26AUG1112-B63450,KXBTC,lotto_yes,0.07,0.07,-0.07455700000000001
KXBTC-26AUG1111-B64550,KXBTC,fade_no,0.03,0.98,0.018628000000000016
KXBTC-26AUG1111-B64550,KXBTC,lotto_yes,0.03,0.03,-0.032036999999999996
KXBTC-26AUG1111-B64450,KXBTC,fade_no,0.03,0.98,0.018628000000000016
KXBTC-26AUG1111-B64450,KXBTC,lotto_yes,0.03,0.03,-0.032036999999999996
KXBTC-26AUG1111-B64350,KXBTC,fade_no,0.05,0.98,0.018628000000000016
KXBTC-26AUG1111-B64350,KXBTC,lotto_yes,0.05,0.05,-0.053325000000000004
KXBTC-26AUG1111-B64250,KXBTC,fade_no,0.1,0.9299999999999999,0.06544300000000006
KXBTC-26AUG1111-B64250,KXBTC,lotto_yes,0.1,0.1,-0.1063
KXBTC-26AUG1111-B64150,KXBTC,fade_no,0.05,0.96,0.03731200000000003
KXBTC-26AUG1111-B64150,KXBTC,lotto_yes,0.05,0.05,-0.053325000000000004
KXBTC-26AUG1111-B63850,KXBTC,fade_no,0.15,0.87,0.122083
KXBTC-26AUG1111-B63850,KXBTC,lotto_yes,0.15,0.15,-0.15892499999999998
KXBTC-26AUG1111-B63750,KXBTC,fade_no,0.07,0.95,-0.953325
KXBTC-26AUG1111-B63750,KXBTC,lotto_yes,0.07,0.07,0.9254429999999999
KXBTC-26AUG1110-B64650,KXBTC,fade_no,0.03,0.99,0.009307000000000008
KXBTC-26AUG1110-B64650,KXBTC,lotto_yes,0.03,0.03,-0.032036999999999996
KXBTC-26AUG1110-B64550,KXBTC,fade_no,0.04,0.98,0.018628000000000016
KXBTC-26AUG1110-B64550,KXBTC,lotto_yes,0.04,0.04,-0.042688000000000004
KXBTC-26AUG1110-B64450,KXBTC,fade_no,0.04,0.98,0.018628000000000016
KXBTC-26AUG1110-B64450,KXBTC,lotto_yes,0.04,0.04,-0.042688000000000004
KXBTC-26AUG1110-B64350,KXBTC,fade_no,0.08,0.95,0.04667500000000004
KXBTC-26AUG1110-B64350,KXBTC,lotto_yes,0.08,0.08,-0.085152
KXBTC-26AUG1110-B63950,KXBTC,fade_no,0.08,0.94,0.056052000000000046
KXBTC-26AUG1110-B63950,KXBTC,lotto_yes,0.08,0.08,-0.085152
KXBTC-26AUG1110-B63850,KXBTC,fade_no,0.05,0.99,0.009307000000000008
KXBTC-26AUG1110-B63850,KXBTC,lotto_yes,0.05,0.05,-0.053325000000000004
KXBTC-26AUG1109-B64650,KXBTC,fade_no,0.04,0.97,0.027963000000000026
KXBTC-26AUG1109-B64650,KXBTC,lotto_yes,0.04,0.04,-0.042688000000000004
KXBTC-26AUG1109-B64550,KXBTC,fade_no,0.08,0.94,0.056052000000000046
KXBTC-26AUG1109-B64550,KXBTC,lotto_yes,0.08,0.08,-0.085152
KXBTC-26AUG1109-B64150,KXBTC,fade_no,0.07,0.95,0.04667500000000004
KXBTC-26AUG1109-B64150,KXBTC,lotto_yes,0.07,0.07,-0.07455700000000001
KXBTC-26AUG1108-B64550,KXBTC,fade_no,0.04,0.98,0.018628000000000016
KXBTC-26AUG1108-B64550,KXBTC,lotto_yes,0.04,0.04,-0.042688000000000004
KXBTC-26AUG1108-B64450,KXBTC,fade_no,0.14,0.9,0.09369999999999998
KXBTC-26AUG1108-B64450,KXBTC,lotto_yes,0.14,0.14,-0.148428
KXBTC-26AUG1108-B64150,KXBTC,fade_no,0.13,0.9,0.09369999999999998
KXBTC-26AUG1108-B64150,KXBTC,lotto_yes,0.13,0.13,-0.137917
KXBTC-26AUG1108-B64050,KXBTC,fade_no,0.03,0.99,0.009307000000000008
KXBTC-26AUG1108-B64050,KXBTC,lotto_yes,0.03,0.03,-0.032036999999999996
KXBTC-26AUG1107-B64450,KXBTC,fade_no,0.03,0.98,0.018628000000000016
KXBTC-26AUG1107-B64450,KXBTC,lotto_yes,0.03,0.03,-0.032036999999999996
KXBTC-26AUG1107-B64350,KXBTC,fade_no,0.06,0.97,0.027963000000000026
KXBTC-26AUG1107-B64350,KXBTC,lotto_yes,0.06,0.06,-0.063948
KXBTC-26AUG1107-B64050,KXBTC,fade_no,0.03,0.99,0.009307000000000008
KXBTC-26AUG1107-B64050,KXBTC,lotto_yes,0.03,0.03,-0.032036999999999996
KXBTC-26AUG1106-B64050,KXBTC,fade_no,0.05,0.96,0.03731200000000003
KXBTC-26AUG1106-B64050,KXBTC,lotto_yes,0.05,0.05,-0.053325000000000004
KXBTC-26AUG1106-B63950,KXBTC,fade_no,0.06,0.97,0.027963000000000026
KXBTC-26AUG1106-B63950,KXBTC,lotto_yes,0.06,0.06,-0.063948
KXBTC-26AUG1105-B64250,KXBTC,fade_no,0.04,0.99,0.009307000000000008
KXBTC-26AUG1105-B64250,KXBTC,lotto_yes,0.04,0.04,-0.042688000000000004
KXBTC-26AUG1105-B64150,KXBTC,fade_no,0.14,0.87,0.122083
KXBTC-26AUG1105-B64150,KXBTC,lotto_yes,0.14,0.14,-0.148428
KXBTC-26AUG1105-B63950,KXBTC,fade_no,0.09,0.95,0.04667500000000004
KXBTC-26AUG1105-B63950,KXBTC,lotto_yes,0.09,0.09,-0.095733
KXBTC-26AUG1105-B63850,KXBTC,fade_no,0.09,0.94,0.056052000000000046
KXBTC-26AUG1105-B63850,KXBTC,lotto_yes,0.09,0.09,-0.095733
KXETHD-26AUG1215-T1894.99,KXETHD,fade_no,0.07,0.96,0.03731200000000003
KXETHD-26AUG1215-T1894.99,KXETHD,lotto_yes,0.07,0.07,-0.07455700000000001
KXETHD-26AUG1215-T1889.99,KXETHD,fade_no,0.08,0.94,0.056052000000000046
KXETHD-26AUG1215-T1889.99,KXETHD,lotto_yes,0.08,0.08,-0.085152
KXETHD-26AUG1215-T1879.99,KXETHD,fav_yes,0.95,0.95,0.04667500000000004
KXETHD-26AUG1214-T1899.99,KXETHD,fade_no,0.03,0.99,0.009307000000000008
KXETHD-26AUG1214-T1899.99,KXETHD,lotto_yes,0.03,0.03,-0.032036999999999996
KXETHD-26AUG1214-T1894.99,KXETHD,fade_no,0.04,0.99,0.009307000000000008
KXETHD-26AUG1214-T1894.99,KXETHD,lotto_yes,0.04,0.04,-0.042688000000000004
KXETHD-26AUG1214-T1889.99,KXETHD,fade_no,0.17,0.86,0.13157200000000002
KXETHD-26AUG1214-T1889.99,KXETHD,lotto_yes,0.17,0.17,-0.179877
KXETHD-26AUG1214-T1879.99,KXETHD,fav_yes,0.91,0.91,0.08426699999999997
KXETHD-26AUG1213-T1904.99,KXETHD,fade_no,0.03,0.99,0.009307000000000008
KXETHD-26AUG1213-T1904.99,KXETHD,lotto_yes,0.03,0.03,-0.032036999999999996
KXETHD-26AUG1213-T1899.99,KXETHD,fade_no,0.1,0.91,0.08426699999999997
KXETHD-26AUG1213-T1899.99,KXETHD,lotto_yes,0.1,0.1,-0.1063
KXETHD-26AUG1213-T1894.99,KXETHD,fade_no,0.15,0.86,0.13157200000000002
KXETHD-26AUG1213-T1894.99,KXETHD,lotto_yes,0.15,0.15,-0.15892499999999998
KXETHD-26AUG1213-T1884.99,KXETHD,fav_yes,0.89,0.89,0.10314699999999999
KXETHD-26AUG1212-T1904.99,KXETHD,fade_no,0.05,0.96,0.03731200000000003
KXETHD-26AUG1212-T1904.99,KXETHD,lotto_yes,0.05,0.05,-0.053325000000000004
KXETHD-26AUG1212-T1899.99,KXETHD,fade_no,0.05,0.98,0.018628000000000016
KXETHD-26AUG1212-T1899.99,KXETHD,lotto_yes,0.05,0.05,-0.053325000000000004
KXETHD-26AUG1212-T1884.99,KXETHD,fav_yes,0.85,0.85,0.141075
KXETHD-26AUG1211-T1899.99,KXETHD,fade_no,0.05,0.97,0.027963000000000026
KXETHD-26AUG1211-T1899.99,KXETHD,lotto_yes,0.05,0.05,-0.053325000000000004
KXETHD-26AUG1211-T1894.99,KXETHD,fade_no,0.18,0.84,0.15059200000000003
KXETHD-26AUG1211-T1894.99,KXETHD,lotto_yes,0.18,0.18,-0.190332
KXETHD-26AUG1211-T1884.99,KXETHD,fav_yes,0.88,0.88,-0.887392
KXETHD-26AUG1211-T1864.99,KXETHD,fav_yes,0.97,0.97,0.027963000000000026
KXETHD-26AUG1211-T1859.99,KXETHD,fav_yes,0.97,0.97,0.027963000000000026
KXETHD-26AUG1210-T1924.99,KXETHD,fade_no,0.05,0.96,0.03731200000000003
KXETHD-26AUG1210-T1924.99,KXETHD,lotto_yes,0.05,0.05,-0.053325000000000004
KXETHD-26AUG1210-T1919.99,KXETHD,fade_no,0.11,0.9,0.09369999999999998
KXETHD-26AUG1210-T1919.99,KXETHD,lotto_yes,0.11,0.11,-0.116853
KXETHD-26AUG1210-T1909.99,KXETHD,fade_no,0.11,0.91,0.08426699999999997
KXETHD-26AUG1210-T1909.99,KXETHD,lotto_yes,0.11,0.11,-0.116853
KXETHD-26AUG1210-T1899.99,KXETHD,fav_yes,0.8,0.8,0.18879999999999997
KXETHD-26AUG1210-T1894.99,KXETHD,fav_yes,0.92,0.92,0.07484799999999996
KXETHD-26AUG1210-T1889.99,KXETHD,fav_yes,0.97,0.97,0.027963000000000026
KXETHD-26AUG1209-T1929.99,KXETHD,fade_no,0.03,0.99,0.009307000000000008
KXETHD-26AUG1209-T1929.99,KXETHD,lotto_yes,0.03,0.03,-0.032036999999999996
KXETHD-26AUG1209-T1924.99,KXETHD,fade_no,0.04,0.97,0.027963000000000026
KXETHD-26AUG1209-T1924.99,KXETHD,lotto_yes,0.04,0.04,-0.042688000000000004
KXETHD-26AUG1209-T1914.99,KXETHD,fade_no,0.1,0.91,0.08426699999999997
KXETHD-26AUG1209-T1914.99,KXETHD,lotto_yes,0.1,0.1,-0.1063
KXETHD-26AUG1209-T1904.99,KXETHD,fav_yes,0.8,0.8,0.18879999999999997
KXETHD-26AUG1209-T1899.99,KXETHD,fav_yes,0.97,0.97,0.027963000000000026
KXETHD-26AUG1208-T1914.99,KXETHD,fade_no,0.15,0.86,0.13157200000000002
KXETHD-26AUG1208-T1914.99,KXETHD,lotto_yes,0.15,0.15,-0.15892499999999998
KXETHD-26AUG1207-T1914.99,KXETHD,fade_no,0.04,0.98,0.018628000000000016
KXETHD-26AUG1207-T1914.99,KXETHD,lotto_yes,0.04,0.04,-0.042688000000000004
KXETHD-26AUG1206-T1899.99,KXETHD,fav_yes,0.9,0.9,0.09369999999999998
KXETHD-26AUG1206-T1889.99,KXETHD,fav_yes,0.97,0.97,0.027963000000000026
KXETHD-26AUG1205-T1899.99,KXETHD,fade_no,0.04,0.97,0.027963000000000026
KXETHD-26AUG1205-T1899.99,KXETHD,lotto_yes,0.04,0.04,-0.042688000000000004
KXETHD-26AUG1205-T1884.99,KXETHD,fav_yes,0.97,0.97,0.027963000000000026
KXETHD-26AUG1204-T1894.99,KXETHD,fade_no,0.05,0.97,0.027963000000000026
KXETHD-26AUG1204-T1894.99,KXETHD,lotto_yes,0.05,0.05,-0.053325000000000004
KXETHD-26AUG1204-T1889.99,KXETHD,fade_no,0.05,0.97,-0.9720369999999999
KXETHD-26AUG1204-T1889.99,KXETHD,lotto_yes,0.05,0.05,0.9466749999999999
KXETHD-26AUG1204-T1884.99,KXETHD,fav_yes,0.88,0.88,0.112608
KXETHD-26AUG1202-T1894.99,KXETHD,fade_no,0.03,0.99,0.009307000000000008
KXETHD-26AUG1202-T1894.99,KXETHD,lotto_yes,0.03,0.03,-0.032036999999999996
KXETHD-26AUG1202-T1884.99,KXETHD,fav_yes,0.9,0.9,0.09369999999999998
KXETHD-26AUG1201-T1889.99,KXETHD,fade_no,0.08,0.9299999999999999,0.06544300000000006
KXETHD-26AUG1201-T1889.99,KXETHD,lotto_yes,0.08,0.08,-0.085152
KXETHD-26AUG1201-T1884.99,KXETHD,fav_yes,0.86,0.86,0.13157200000000002
KXETHD-26AUG1217-T1929.99,KXETHD,fade_no,0.03,0.99,0.009307000000000008
KXETHD-26AUG1217-T1929.99,KXETHD,lotto_yes,0.03,0.03,-0.032036999999999996
KXETHD-26AUG1217-T1889.99,KXETHD,fade_no,0.04,0.98,0.018628000000000016
KXETHD-26AUG1217-T1889.99,KXETHD,lotto_yes,0.04,0.04,-0.042688000000000004
KXETHD-26AUG1200-T1889.99,KXETHD,fade_no,0.03,0.99,0.009307000000000008
KXETHD-26AUG1200-T1889.99,KXETHD,lotto_yes,0.03,0.03,-0.032036999999999996
KXETHD-26AUG1123-T1884.99,KXETHD,fade_no,0.2,0.83,0.16012300000000004
KXETHD-26AUG1123-T1884.99,KXETHD,lotto_yes,0.2,0.2,-0.2112
KXETHD-26AUG1123-T1879.99,KXETHD,fav_yes,0.86,0.86,0.13157200000000002
KXETHD-26AUG1122-T1889.99,KXETHD,fade_no,0.03,0.98,0.018628000000000016
KXETHD-26AUG1122-T1889.99,KXETHD,lotto_yes,0.03,0.03,-0.032036999999999996
KXETHD-26AUG1122-T1879.99,KXETHD,fav_yes,0.97,0.97,0.027963000000000026
KXETHD-26AUG1122-T1874.99,KXETHD,fav_yes,0.93,0.93,0.06544299999999996
KXETHD-26AUG1121-T1889.99,KXETHD,fade_no,0.03,0.98,0.018628000000000016
KXETHD-26AUG1121-T1889.99,KXETHD,lotto_yes,0.03,0.03,-0.032036999999999996
KXETHD-26AUG1121-T1884.99,KXETHD,fade_no,0.04,0.98,0.018628000000000016
KXETHD-26AUG1121-T1884.99,KXETHD,lotto_yes,0.04,0.04,-0.042688000000000004
KXETHD-26AUG1121-T1874.99,KXETHD,fav_yes,0.92,0.92,0.07484799999999996
KXSOLD-26AUG1215-T76.4999,KXSOLD,fade_no,0.03,0.99,0.009307000000000008
KXSOLD-26AUG1215-T76.4999,KXSOLD,lotto_yes,0.03,0.03,-0.032036999999999996
KXSOLD-26AUG1215-T76.2499,KXSOLD,fade_no,0.03,0.99,0.009307000000000008
KXSOLD-26AUG1215-T76.2499,KXSOLD,lotto_yes,0.03,0.03,-0.032036999999999996
KXSOLD-26AUG1215-T75.7499,KXSOLD,fav_yes,0.97,0.97,0.027963000000000026
KXSOLD-26AUG1215-T75.4999,KXSOLD,fav_yes,0.97,0.97,0.027963000000000026
KXSOLD-26AUG1214-T75.7499,KXSOLD,fav_yes,0.89,0.89,0.10314699999999999
KXSOLD-26AUG1214-T75.2499,KXSOLD,fav_yes,0.97,0.97,0.027963000000000026
KXSOLD-26AUG1213-T76.2499,KXSOLD,fade_no,0.03,0.99,0.009307000000000008
KXSOLD-26AUG1213-T76.2499,KXSOLD,lotto_yes,0.03,0.03,-0.032036999999999996
KXSOLD-26AUG1213-T75.9999,KXSOLD,fade_no,0.11,0.92,0.07484799999999996
KXSOLD-26AUG1213-T75.9999,KXSOLD,lotto_yes,0.11,0.11,-0.116853
KXSOLD-26AUG1213-T75.2499,KXSOLD,fav_yes,0.96,0.96,0.03731200000000003
KXSOLD-26AUG1212-T76.2499,KXSOLD,fade_no,0.08,0.95,0.04667500000000004
KXSOLD-26AUG1212-T76.2499,KXSOLD,lotto_yes,0.08,0.08,-0.085152
KXSOLD-26AUG1212-T75.2499,KXSOLD,fav_yes,0.95,0.95,0.04667500000000004
KXSOLD-26AUG1211-T76.9999,KXSOLD,fade_no,0.03,0.99,0.009307000000000008
KXSOLD-26AUG1211-T76.9999,KXSOLD,lotto_yes,0.03,0.03,-0.032036999999999996
KXSOLD-26AUG1211-T76.7499,KXSOLD,fade_no,0.03,0.99,0.009307000000000008
KXSOLD-26AUG1211-T76.7499,KXSOLD,lotto_yes,0.03,0.03,-0.032036999999999996
KXSOLD-26AUG1211-T76.4999,KXSOLD,fade_no,0.03,0.99,0.009307000000000008
KXSOLD-26AUG1211-T76.4999,KXSOLD,lotto_yes,0.03,0.03,-0.032036999999999996
KXSOLD-26AUG1211-T75.9999,KXSOLD,fade_no,0.03,0.98,0.018628000000000016
KXSOLD-26AUG1211-T75.9999,KXSOLD,lotto_yes,0.03,0.03,-0.032036999999999996
KXSOLD-26AUG1211-T75.4999,KXSOLD,fav_yes,0.84,0.84,-0.8494079999999999
KXSOLD-26AUG1210-T77.2499,KXSOLD,fade_no,0.04,0.98,0.018628000000000016
KXSOLD-26AUG1210-T77.2499,KXSOLD,lotto_yes,0.04,0.04,-0.042688000000000004
KXSOLD-26AUG1210-T76.9999,KXSOLD,fade_no,0.12,0.91,0.08426699999999997
KXSOLD-26AUG1210-T76.9999,KXSOLD,lotto_yes,0.12,0.12,-0.127392
KXSOLD-26AUG1210-T75.9999,KXSOLD,fav_yes,0.91,0.91,0.08426699999999997
KXSOLD-26AUG1209-T76.7499,KXSOLD,fade_no,0.15,0.89,0.10314699999999999
KXSOLD-26AUG1209-T76.7499,KXSOLD,lotto_yes,0.15,0.15,-0.15892499999999998
KXSOLD-26AUG1208-T76.9999,KXSOLD,fade_no,0.14,0.91,0.08426699999999997
KXSOLD-26AUG1208-T76.9999,KXSOLD,lotto_yes,0.14,0.14,-0.148428
KXSOLD-26AUG1208-T76.4999,KXSOLD,fav_yes,0.97,0.97,0.027963000000000026
KXSOLD-26AUG1207-T76.4999,KXSOLD,fav_yes,0.94,0.94,0.056052000000000046
KXSOLD-26AUG1206-T76.4999,KXSOLD,fav_yes,0.97,0.97,0.027963000000000026
KXSOLD-26AUG1205-T76.4999,KXSOLD,fade_no,0.09,0.96,0.03731200000000003
KXSOLD-26AUG1205-T76.4999,KXSOLD,lotto_yes,0.09,0.09,-0.095733
KXSOLD-26AUG1204-T76.2499,KXSOLD,fade_no,0.08,0.97,0.027963000000000026
KXSOLD-26AUG1204-T76.2499,KXSOLD,lotto_yes,0.08,0.08,-0.085152
KXSOLD-26AUG1204-T75.7499,KXSOLD,fav_yes,0.96,0.96,0.03731200000000003
KXSOLD-26AUG1203-T76.4999,KXSOLD,fade_no,0.07,0.97,0.027963000000000026
KXSOLD-26AUG1203-T76.4999,KXSOLD,lotto_yes,0.07,0.07,-0.07455700000000001
KXSOLD-26AUG1203-T75.9999,KXSOLD,fav_yes,0.8,0.8,-0.8112
KXSOLD-26AUG1202-T76.4999,KXSOLD,fade_no,0.07,0.97,0.027963000000000026
KXSOLD-26AUG1202-T76.4999,KXSOLD,lotto_yes,0.07,0.07,-0.07455700000000001
KXSOLD-26AUG1202-T75.9999,KXSOLD,fav_yes,0.97,0.97,0.027963000000000026
KXSOLD-26AUG1201-T76.4999,KXSOLD,fade_no,0.09,0.96,0.03731200000000003
KXSOLD-26AUG1201-T76.4999,KXSOLD,lotto_yes,0.09,0.09,-0.095733
KXSOLD-26AUG1200-T76.4999,KXSOLD,fade_no,0.2,0.85,0.141075
KXSOLD-26AUG1200-T76.4999,KXSOLD,lotto_yes,0.2,0.2,-0.2112
KXSOLD-26AUG1200-T76.2499,KXSOLD,fav_yes,0.93,0.93,0.06544299999999996
KXSOLD-26AUG1123-T76.7499,KXSOLD,fade_no,0.05,0.96,0.03731200000000003
KXSOLD-26AUG1123-T76.7499,KXSOLD,lotto_yes,0.05,0.05,-0.053325000000000004
KXSOLD-26AUG1123-T76.2499,KXSOLD,fav_yes,0.86,0.86,0.13157200000000002
KXSOLD-26AUG1122-T76.7499,KXSOLD,fade_no,0.08,0.96,0.03731200000000003
KXSOLD-26AUG1122-T76.7499,KXSOLD,lotto_yes,0.08,0.08,-0.085152
KXSOLD-26AUG1122-T76.2499,KXSOLD,fav_yes,0.93,0.93,0.06544299999999996
KXSOLD-26AUG1122-T75.9999,KXSOLD,fav_yes,0.97,0.97,0.027963000000000026
KXSOLD-26AUG1121-T76.4999,KXSOLD,fade_no,0.08,0.96,0.03731200000000003
KXSOLD-26AUG1121-T76.4999,KXSOLD,lotto_yes,0.08,0.08,-0.085152
KXSOLD-26AUG1121-T75.9999,KXSOLD,fav_yes,0.97,0.97,0.027963000000000026
KXXRPD-26AUG0905-T1.0399,KXXRPD,fade_no,0.03,0.99,0.009307000000000008
KXXRPD-26AUG0905-T1.0399,KXXRPD,lotto_yes,0.03,0.03,-0.032036999999999996
KXXRPD-26AUG0902-T1.0399,KXXRPD,fade_no,0.03,0.99,0.009307000000000008
KXXRPD-26AUG0902-T1.0399,KXXRPD,lotto_yes,0.03,0.03,-0.032036999999999996
KXXRPD-26AUG0901-T1.0399,KXXRPD,fade_no,0.03,0.99,0.009307000000000008
KXXRPD-26AUG0901-T1.0399,KXXRPD,lotto_yes,0.03,0.03,-0.032036999999999996
KXXRPD-26AUG0917-T1.0399,KXXRPD,fav_yes,0.88,0.88,0.112608
KXXRPD-26AUG0900-T1.0399,KXXRPD,fade_no,0.04,0.99,0.009307000000000008
KXXRPD-26AUG0900-T1.0399,KXXRPD,lotto_yes,0.04,0.04,-0.042688000000000004
KXXRPD-26AUG0822-T1.0399,KXXRPD,fade_no,0.03,0.99,0.009307000000000008
KXXRPD-26AUG0822-T1.0399,KXXRPD,lotto_yes,0.03,0.03,-0.032036999999999996
KXXRPD-26AUG0821-T1.0399,KXXRPD,fade_no,0.18,0.86,0.13157200000000002
KXXRPD-26AUG0821-T1.0399,KXXRPD,lotto_yes,0.18,0.18,-0.190332
KXXRPD-26AUG0820-T1.0399,KXXRPD,fade_no,0.07,0.96,0.03731200000000003
KXXRPD-26AUG0820-T1.0399,KXXRPD,lotto_yes,0.07,0.07,-0.07455700000000001
KXXRPD-26AUG0819-T1.0399,KXXRPD,fade_no,0.17,0.85,0.141075
KXXRPD-26AUG0819-T1.0399,KXXRPD,lotto_yes,0.17,0.17,-0.179877
KXXRPD-26AUG0818-T1.0399,KXXRPD,fav_yes,0.97,0.97,0.027963000000000026
KXXRPD-26AUG0815-T1.0399,KXXRPD,fav_yes,0.95,0.95,0.04667500000000004
KXXRPD-26AUG0813-T1.0399,KXXRPD,fav_yes,0.97,0.97,0.027963000000000026
KXXRPD-26AUG0810-T1.0399,KXXRPD,fav_yes,0.92,0.92,0.07484799999999996
KXBTCD-26AUG1300-T63599.99,KXBTCD,fade_no,0.04,0.97,0.027963000000000026
KXBTCD-26AUG1300-T63599.99,KXBTCD,lotto_yes,0.04,0.04,-0.042688000000000004
KXBTCD-26AUG1223-T63499.99,KXBTCD,fade_no,0.1,0.91,0.08426699999999997
KXBTCD-26AUG1223-T63499.99,KXBTCD,lotto_yes,0.1,0.1,-0.1063
KXBTCD-26AUG1222-T63799.99,KXBTCD,fade_no,0.03,0.98,0.018628000000000016
KXBTCD-26AUG1222-T63799.99,KXBTCD,lotto_yes,0.03,0.03,-0.032036999999999996
KXBTCD-26AUG1222-T63699.99,KXBTCD,fade_no,0.05,0.96,0.03731200000000003
KXBTCD-26AUG1222-T63699.99,KXBTCD,lotto_yes,0.05,0.05,-0.053325000000000004
KXBTCD-26AUG1222-T63499.99,KXBTCD,fade_no,0.03,0.98,0.018628000000000016
KXBTCD-26AUG1222-T63499.99,KXBTCD,lotto_yes,0.03,0.03,-0.032036999999999996
KXBTCD-26AUG1222-T63299.99,KXBTCD,fav_yes,0.81,0.81,0.17922699999999994
KXBTCD-26AUG1221-T63399.99,KXBTCD,fav_yes,0.8,0.8,0.18879999999999997
KXBTCD-26AUG1220-T63399.99,KXBTCD,fade_no,0.13,0.88,-0.887392
KXBTCD-26AUG1220-T63399.99,KXBTCD,lotto_yes,0.13,0.13,0.862083
KXBTCD-26AUG1219-T63399.99,KXBTCD,fade_no,0.18,0.83,0.16012300000000004
KXBTCD-26AUG1219-T63399.99,KXBTCD,lotto_yes,0.18,0.18,-0.190332
KXBTCD-26AUG1218-T63799.99,KXBTCD,fade_no,0.03,0.98,0.018628000000000016
KXBTCD-26AUG1218-T63799.99,KXBTCD,lotto_yes,0.03,0.03,-0.032036999999999996
KXBTCD-26AUG1218-T63599.99,KXBTCD,fade_no,0.03,0.98,0.018628000000000016
KXBTCD-26AUG1218-T63599.99,KXBTCD,lotto_yes,0.03,0.03,-0.032036999999999996
KXBTCD-26AUG1218-T63399.99,KXBTCD,fav_yes,0.84,0.84,0.15059200000000003
KXBTCD-26AUG1216-T63399.99,KXBTCD,fade_no,0.05,0.96,0.03731200000000003
KXBTCD-26AUG1216-T63399.99,KXBTCD,lotto_yes,0.05,0.05,-0.053325000000000004
KXBTCD-26AUG1216-T63199.99,KXBTCD,fav_yes,0.93,0.93,0.06544299999999996
KXBTCD-26AUG1215-T63599.99,KXBTCD,fade_no,0.05,0.96,0.03731200000000003
KXBTCD-26AUG1215-T63599.99,KXBTCD,lotto_yes,0.05,0.05,-0.053325000000000004
KXBTCD-26AUG1215-T63499.99,KXBTCD,fade_no,0.03,0.98,0.018628000000000016
KXBTCD-26AUG1215-T63499.99,KXBTCD,lotto_yes,0.03,0.03,-0.032036999999999996
KXBTCD-26AUG1215-T63299.99,KXBTCD,fav_yes,0.9,0.9,0.09369999999999998
KXBTCD-26AUG1215-T63199.99,KXBTCD,fav_yes,0.95,0.95,0.04667500000000004
KXBTCD-26AUG1214-T63599.99,KXBTCD,fade_no,0.03,0.98,0.018628000000000016
KXBTCD-26AUG1214-T63599.99,KXBTCD,lotto_yes,0.03,0.03,-0.032036999999999996
KXBTCD-26AUG1214-T63499.99,KXBTCD,fade_no,0.06,0.95,0.04667500000000004
KXBTCD-26AUG1214-T63499.99,KXBTCD,lotto_yes,0.06,0.06,-0.063948
KXBTCD-26AUG1214-T63299.99,KXBTCD,fav_yes,0.97,0.97,0.027963000000000026
KXBTCD-26AUG1214-T63199.99,KXBTCD,fav_yes,0.92,0.92,0.07484799999999996
KXBTCD-26AUG1213-T63799.99,KXBTCD,fade_no,0.04,0.97,0.027963000000000026
KXBTCD-26AUG1213-T63799.99,KXBTCD,lotto_yes,0.04,0.04,-0.042688000000000004
KXBTCD-26AUG1213-T63699.99,KXBTCD,fade_no,0.09,0.92,0.07484799999999996
KXBTCD-26AUG1213-T63699.99,KXBTCD,lotto_yes,0.09,0.09,-0.095733
KXBTCD-26AUG1213-T63599.99,KXBTCD,fade_no,0.04,0.97,0.027963000000000026
KXBTCD-26AUG1213-T63599.99,KXBTCD,lotto_yes,0.04,0.04,-0.042688000000000004
KXBTCD-26AUG1213-T63299.99,KXBTCD,fav_yes,0.97,0.97,0.027963000000000026
KXBTCD-26AUG1213-T63199.99,KXBTCD,fav_yes,0.92,0.92,0.07484799999999996
KXBTCD-26AUG1213-T63099.99,KXBTCD,fav_yes,0.97,0.97,0.027963000000000026
KXBTCD-26AUG1212-T63899.99,KXBTCD,fade_no,0.03,0.98,0.018628000000000016
KXBTCD-26AUG1212-T63899.99,KXBTCD,lotto_yes,0.03,0.03,-0.032036999999999996
KXBTCD-26AUG1212-T63799.99,KXBTCD,fade_no,0.05,0.96,0.03731200000000003
KXBTCD-26AUG1212-T63799.99,KXBTCD,lotto_yes,0.05,0.05,-0.053325000000000004
KXBTCD-26AUG1212-T63699.99,KXBTCD,fade_no,0.11,0.9,0.09369999999999998
KXBTCD-26AUG1212-T63699.99,KXBTCD,lotto_yes,0.11,0.11,-0.116853
KXBTCD-26AUG1212-T63299.99,KXBTCD,fav_yes,0.96,0.96,0.03731200000000003
KXBTCD-26AUG1212-T63199.99,KXBTCD,fav_yes,0.87,0.87,0.122083
KXBTCD-26AUG1212-T63099.99,KXBTCD,fav_yes,0.94,0.94,0.056052000000000046
KXBTCD-26AUG1212-T62999.99,KXBTCD,fav_yes,0.97,0.97,0.027963000000000026
KXBTCD-26AUG1211-T64199.99,KXBTCD,fade_no,0.03,0.98,0.018628000000000016
KXBTCD-26AUG1211-T64199.99,KXBTCD,lotto_yes,0.03,0.03,-0.032036999999999996
KXBTCD-26AUG1211-T64099.99,KXBTCD,fade_no,0.06,0.95,0.04667500000000004
KXBTCD-26AUG1211-T64099.99,KXBTCD,lotto_yes,0.06,0.06,-0.063948
KXBTCD-26AUG1211-T63799.99,KXBTCD,fade_no,0.03,0.98,0.018628000000000016
KXBTCD-26AUG1211-T63799.99,KXBTCD,lotto_yes,0.03,0.03,-0.032036999999999996
KXBTCD-26AUG1211-T63699.99,KXBTCD,fade_no,0.09,0.92,0.07484799999999996
KXBTCD-26AUG1211-T63699.99,KXBTCD,lotto_yes,0.09,0.09,-0.095733
KXBTCD-26AUG1211-T63399.99,KXBTCD,fav_yes,0.82,0.82,-0.830332
KXBTCD-26AUG1211-T63299.99,KXBTCD,fav_yes,0.95,0.95,0.04667500000000004
KXBTCD-26AUG1210-T64499.99,KXBTCD,fade_no,0.04,0.97,0.027963000000000026
KXBTCD-26AUG1210-T64499.99,KXBTCD,lotto_yes,0.04,0.04,-0.042688000000000004
KXBTCD-26AUG1210-T64399.99,KXBTCD,fade_no,0.05,0.96,0.03731200000000003
KXBTCD-26AUG1210-T64399.99,KXBTCD,lotto_yes,0.05,0.05,-0.053325000000000004
KXBTCD-26AUG1210-T64299.99,KXBTCD,fade_no,0.1,0.92,0.07484799999999996
KXBTCD-26AUG1210-T64299.99,KXBTCD,lotto_yes,0.1,0.1,-0.1063
KXBTCD-26AUG1210-T64199.99,KXBTCD,fade_no,0.16,0.85,0.141075
KXBTCD-26AUG1210-T64199.99,KXBTCD,lotto_yes,0.16,0.16,-0.169408
KXBTCD-26AUG1210-T64099.99,KXBTCD,fade_no,0.11,0.9,0.09369999999999998
KXBTCD-26AUG1210-T64099.99,KXBTCD,lotto_yes,0.11,0.11,-0.116853
KXBTCD-26AUG1210-T63799.99,KXBTCD,fav_yes,0.82,0.82,0.16966800000000004
KXBTCD-26AUG1210-T63699.99,KXBTCD,fav_yes,0.85,0.85,0.141075
KXBTCD-26AUG1210-T63599.99,KXBTCD,fav_yes,0.97,0.97,0.027963000000000026
KXBTCD-26AUG1210-T63499.99,KXBTCD,fav_yes,0.96,0.96,0.03731200000000003
KXBTCD-26AUG1210-T63399.99,KXBTCD,fav_yes,0.97,0.97,0.027963000000000026
KXBTCD-26AUG1209-T64799.99,KXBTCD,fade_no,0.03,0.98,0.018628000000000016
KXBTCD-26AUG1209-T64799.99,KXBTCD,lotto_yes,0.03,0.03,-0.032036999999999996
KXBTCD-26AUG1209-T64699.99,KXBTCD,fade_no,0.04,0.97,0.027963000000000026
KXBTCD-26AUG1209-T64699.99,KXBTCD,lotto_yes,0.04,0.04,-0.042688000000000004
KXBTCD-26AUG1209-T64599.99,KXBTCD,fade_no,0.04,0.98,0.018628000000000016
KXBTCD-26AUG1209-T64599.99,KXBTCD,lotto_yes,0.04,0.04,-0.042688000000000004
KXBTCD-26AUG1209-T64299.99,KXBTCD,fade_no,0.04,0.97,0.027963000000000026
KXBTCD-26AUG1209-T64299.99,KXBTCD,lotto_yes,0.04,0.04,-0.042688000000000004
KXBTCD-26AUG1209-T64199.99,KXBTCD,fade_no,0.11,0.9,0.09369999999999998
KXBTCD-26AUG1209-T64199.99,KXBTCD,lotto_yes,0.11,0.11,-0.116853
KXBTCD-26AUG1209-T63899.99,KXBTCD,fav_yes,0.89,0.89,0.10314699999999999
KXBTCD-26AUG1208-T64299.99,KXBTCD,fade_no,0.04,0.97,0.027963000000000026
KXBTCD-26AUG1208-T64299.99,KXBTCD,lotto_yes,0.04,0.04,-0.042688000000000004
KXBTCD-26AUG1208-T64199.99,KXBTCD,fade_no,0.13,0.89,0.10314699999999999
KXBTCD-26AUG1208-T64199.99,KXBTCD,lotto_yes,0.13,0.13,-0.137917
KXBTCD-26AUG1208-T63999.99,KXBTCD,fav_yes,0.95,0.95,0.04667500000000004
KXBTCD-26AUG1208-T63899.99,KXBTCD,fav_yes,0.97,0.97,0.027963000000000026
KXBTCD-26AUG1207-T64199.99,KXBTCD,fade_no,0.04,0.97,0.027963000000000026
KXBTCD-26AUG1207-T64199.99,KXBTCD,lotto_yes,0.04,0.04,-0.042688000000000004
KXBTCD-26AUG1207-T63999.99,KXBTCD,fav_yes,0.93,0.93,0.06544299999999996
KXBTCD-26AUG1207-T63799.99,KXBTCD,fav_yes,0.97,0.97,0.027963000000000026
KXBTCD-26AUG1206-T63899.99,KXBTCD,fav_yes,0.88,0.88,0.112608
KXBTCD-26AUG1206-T63799.99,KXBTCD,fav_yes,0.97,0.97,0.027963000000000026
KXBTCD-26AUG1205-T63999.99,KXBTCD,fade_no,0.03,0.98,0.018628000000000016
KXBTCD-26AUG1205-T63999.99,KXBTCD,lotto_yes,0.03,0.03,-0.032036999999999996
KXBTCD-26AUG1205-T63799.99,KXBTCD,fade_no,0.09,0.92,0.07484799999999996
KXBTCD-26AUG1205-T63799.99,KXBTCD,lotto_yes,0.09,0.09,-0.095733
KXBTCD-26AUG1205-T63599.99,KXBTCD,fav_yes,0.97,0.97,0.027963000000000026
KXBTCD-26AUG1204-T63699.99,KXBTCD,fade_no,0.09,0.94,-0.9439479999999999
KXBTCD-26AUG1204-T63699.99,KXBTCD,lotto_yes,0.09,0.09,0.904267
KXBTCD-26AUG1204-T63599.99,KXBTCD,fav_yes,0.82,0.82,0.16966800000000004
KXBTCD-26AUG1204-T63499.99,KXBTCD,fav_yes,0.97,0.97,0.027963000000000026
KXBTCD-26AUG1203-T63699.99,KXBTCD,fade_no,0.04,0.97,0.027963000000000026
KXBTCD-26AUG1203-T63699.99,KXBTCD,lotto_yes,0.04,0.04,-0.042688000000000004
KXBTCD-26AUG1203-T63499.99,KXBTCD,fav_yes,0.96,0.96,0.03731200000000003
KXBTCD-26AUG1202-T63699.99,KXBTCD,fav_yes,0.96,0.96,0.03731200000000003
KXBTCD-26AUG1201-T63799.99,KXBTCD,fade_no,0.05,0.96,0.03731200000000003
KXBTCD-26AUG1201-T63799.99,KXBTCD,lotto_yes,0.05,0.05,-0.053325000000000004
KXBTC-26AUG1300-B63750,KXBTC,fade_no,0.05,0.97,0.027963000000000026
KXBTC-26AUG1300-B63750,KXBTC,lotto_yes,0.05,0.05,-0.053325000000000004
KXBTC-26AUG1300-B63650,KXBTC,fade_no,0.04,0.98,0.018628000000000016
KXBTC-26AUG1300-B63650,KXBTC,lotto_yes,0.04,0.04,-0.042688000000000004
KXBTC-26AUG1300-B63350,KXBTC,fade_no,0.07,0.96,0.03731200000000003
KXBTC-26AUG1300-B63350,KXBTC,lotto_yes,0.07,0.07,-0.07455700000000001
KXBTC-26AUG1300-B63250,KXBTC,fade_no,0.03,0.98,0.018628000000000016
KXBTC-26AUG1300-B63250,KXBTC,lotto_yes,0.03,0.03,-0.032036999999999996
KXBTC-26AUG1223-B63650,KXBTC,fade_no,0.04,0.98,0.018628000000000016
KXBTC-26AUG1223-B63650,KXBTC,lotto_yes,0.04,0.04,-0.042688000000000004
KXBTC-26AUG1223-B63550,KXBTC,fade_no,0.11,0.9299999999999999,0.06544300000000006
KXBTC-26AUG1223-B63550,KXBTC,lotto_yes,0.11,0.11,-0.116853
KXBTC-26AUG1223-B63250,KXBTC,fade_no,0.16,0.87,0.122083
KXBTC-26AUG1223-B63250,KXBTC,lotto_yes,0.16,0.16,-0.169408
KXBTC-26AUG1223-B63150,KXBTC,fade_no,0.04,0.98,0.018628000000000016
KXBTC-26AUG1223-B63150,KXBTC,lotto_yes,0.04,0.04,-0.042688000000000004
KXBTC-26AUG1222-B63750,KXBTC,fade_no,0.09,0.98,0.018628000000000016
KXBTC-26AUG1222-B63750,KXBTC,lotto_yes,0.09,0.09,-0.095733
KXBTC-26AUG1222-B63650,KXBTC,fade_no,0.04,0.99,0.009307000000000008
KXBTC-26AUG1222-B63650,KXBTC,lotto_yes,0.04,0.04,-0.042688000000000004
KXBTC-26AUG1222-B63550,KXBTC,fade_no,0.03,0.99,0.009307000000000008
KXBTC-26AUG1222-B63550,KXBTC,lotto_yes,0.03,0.03,-0.032036999999999996
KXBTC-26AUG1222-B63350,KXBTC,fade_no,0.14,0.88,-0.887392
KXBTC-26AUG1222-B63350,KXBTC,lotto_yes,0.14,0.14,0.851572
KXBTC-26AUG1222-B63250,KXBTC,fade_no,0.07,0.98,0.018628000000000016
KXBTC-26AUG1222-B63250,KXBTC,lotto_yes,0.07,0.07,-0.07455700000000001
KXBTC-26AUG1221-B63650,KXBTC,fade_no,0.18,0.83,0.16012300000000004
KXBTC-26AUG1221-B63650,KXBTC,lotto_yes,0.18,0.18,-0.190332
KXBTC-26AUG1221-B63550,KXBTC,fade_no,0.19,0.8200000000000001,-0.8303320000000001
KXBTC-26AUG1221-B63550,KXBTC,lotto_yes,0.19,0.19,0.799227
KXBTC-26AUG1221-B63350,KXBTC,fade_no,0.19,0.83,0.16012300000000004
KXBTC-26AUG1221-B63350,KXBTC,lotto_yes,0.19,0.19,-0.200773
KXBTC-26AUG1221-B63250,KXBTC,fade_no,0.04,0.99,0.009307000000000008
KXBTC-26AUG1221-B63250,KXBTC,lotto_yes,0.04,0.04,-0.042688000000000004
KXBTC-26AUG1221-B63150,KXBTC,fade_no,0.03,0.98,0.018628000000000016
KXBTC-26AUG1221-B63150,KXBTC,lotto_yes,0.03,0.03,-0.032036999999999996
KXBTC-26AUG1220-B63550,KXBTC,fade_no,0.06,0.98,0.018628000000000016
KXBTC-26AUG1220-B63550,KXBTC,lotto_yes,0.06,0.06,-0.063948
KXBTC-26AUG1220-B63450,KXBTC,fade_no,0.14,0.89,-0.896853
KXBTC-26AUG1220-B63450,KXBTC,lotto_yes,0.14,0.14,0.851572
KXBTC-26AUG1220-B63150,KXBTC,fade_no,0.07,0.97,0.027963000000000026
KXBTC-26AUG1220-B63150,KXBTC,lotto_yes,0.07,0.07,-0.07455700000000001
KXBTC-26AUG1219-B63650,KXBTC,fade_no,0.08,0.97,0.027963000000000026
KXBTC-26AUG1219-B63650,KXBTC,lotto_yes,0.08,0.08,-0.085152
KXBTC-26AUG1219-B63550,KXBTC,fade_no,0.03,0.98,0.018628000000000016
KXBTC-26AUG1219-B63550,KXBTC,lotto_yes,0.03,0.03,-0.032036999999999996
KXBTC-26AUG1219-B63450,KXBTC,fade_no,0.16,0.87,0.122083
KXBTC-26AUG1219-B63450,KXBTC,lotto_yes,0.16,0.16,-0.169408
KXBTC-26AUG1219-B63250,KXBTC,fade_no,0.08,0.96,0.03731200000000003
KXBTC-26AUG1219-B63250,KXBTC,lotto_yes,0.08,0.08,-0.085152
KXBTC-26AUG1219-B63150,KXBTC,fade_no,0.03,0.98,0.018628000000000016
KXBTC-26AUG1219-B63150,KXBTC,lotto_yes,0.03,0.03,-0.032036999999999996
KXBTC-26AUG1218-B63750,KXBTC,fade_no,0.1,0.97,0.027963000000000026
KXBTC-26AUG1218-B63750,KXBTC,lotto_yes,0.1,0.1,-0.1063
KXBTC-26AUG1218-B63650,KXBTC,fade_no,0.06,0.98,0.018628000000000016
KXBTC-26AUG1218-B63650,KXBTC,lotto_yes,0.06,0.06,-0.063948
KXBTC-26AUG1218-B63350,KXBTC,fade_no,0.14,0.9299999999999999,0.06544300000000006
KXBTC-26AUG1218-B63350,KXBTC,lotto_yes,0.14,0.14,-0.148428
KXBTC-26AUG1218-B63250,KXBTC,fade_no,0.08,0.98,0.018628000000000016
KXBTC-26AUG1218-B63250,KXBTC,lotto_yes,0.08,0.08,-0.085152
KXBTC-26AUG1216-B63550,KXBTC,fade_no,0.09,0.94,0.056052000000000046
KXBTC-26AUG1216-B63550,KXBTC,lotto_yes,0.09,0.09,-0.095733
KXBTC-26AUG1216-B63150,KXBTC,fade_no,0.1,0.9299999999999999,0.06544300000000006
KXBTC-26AUG1216-B63150,KXBTC,lotto_yes,0.1,0.1,-0.1063
KXBTC-26AUG1215-B63650,KXBTC,fade_no,0.04,0.98,0.018628000000000016
KXBTC-26AUG1215-B63650,KXBTC,lotto_yes,0.04,0.04,-0.042688000000000004
KXBTC-26AUG1215-B63550,KXBTC,fade_no,0.14,0.89,0.10314699999999999
KXBTC-26AUG1215-B63550,KXBTC,lotto_yes,0.14,0.14,-0.148428
KXBTC-26AUG1215-B63250,KXBTC,fade_no,0.15,0.87,0.122083
KXBTC-26AUG1215-B63250,KXBTC,lotto_yes,0.15,0.15,-0.15892499999999998
KXBTC-26AUG1215-B63150,KXBTC,fade_no,0.05,0.98,0.018628000000000016
KXBTC-26AUG1215-B63150,KXBTC,lotto_yes,0.05,0.05,-0.053325000000000004
KXBTC-26AUG1214-B63750,KXBTC,fade_no,0.04,0.99,0.009307000000000008
KXBTC-26AUG1214-B63750,KXBTC,lotto_yes,0.04,0.04,-0.042688000000000004
KXBTC-26AUG1214-B63650,KXBTC,fade_no,0.03,0.98,0.018628000000000016
KXBTC-26AUG1214-B63650,KXBTC,lotto_yes,0.03,0.03,-0.032036999999999996
KXBTC-26AUG1214-B63550,KXBTC,fade_no,0.1,0.94,0.056052000000000046
KXBTC-26AUG1214-B63550,KXBTC,lotto_yes,0.1,0.1,-0.1063
KXBTC-26AUG1214-B63250,KXBTC,fade_no,0.2,0.84,0.15059200000000003
KXBTC-26AUG1214-B63250,KXBTC,lotto_yes,0.2,0.2,-0.2112
KXBTC-26AUG1214-B63150,KXBTC,fade_no,0.06,0.96,0.03731200000000003
KXBTC-26AUG1214-B63150,KXBTC,lotto_yes,0.06,0.06,-0.063948
KXBTC-26AUG1213-B63750,KXBTC,fade_no,0.06,0.98,0.018628000000000016
KXBTC-26AUG1213-B63750,KXBTC,lotto_yes,0.06,0.06,-0.063948
KXBTC-26AUG1213-B63650,KXBTC,fade_no,0.05,0.98,0.018628000000000016
KXBTC-26AUG1213-B63650,KXBTC,lotto_yes,0.05,0.05,-0.053325000000000004
KXBTC-26AUG1213-B63250,KXBTC,fade_no,0.11,0.92,0.07484799999999996
KXBTC-26AUG1213-B63250,KXBTC,lotto_yes,0.11,0.11,-0.116853
KXBTC-26AUG1213-B63150,KXBTC,fade_no,0.06,0.98,0.018628000000000016
KXBTC-26AUG1213-B63150,KXBTC,lotto_yes,0.06,0.06,-0.063948
KXBTC-26AUG1212-B63850,KXBTC,fade_no,0.05,0.98,0.018628000000000016
KXBTC-26AUG1212-B63850,KXBTC,lotto_yes,0.05,0.05,-0.053325000000000004
KXBTC-26AUG1212-B63750,KXBTC,fade_no,0.09,0.96,0.03731200000000003
KXBTC-26AUG1212-B63750,KXBTC,lotto_yes,0.09,0.09,-0.095733
KXBTC-26AUG1212-B63650,KXBTC,fade_no,0.11,0.91,0.08426699999999997
KXBTC-26AUG1212-B63650,KXBTC,lotto_yes,0.11,0.11,-0.116853
KXBTC-26AUG1212-B63550,KXBTC,fade_no,0.19,0.83,0.16012300000000004
KXBTC-26AUG1212-B63550,KXBTC,lotto_yes,0.19,0.19,-0.200773
KXBTC-26AUG1212-B63350,KXBTC,fade_no,0.18,0.83,-0.839877
KXBTC-26AUG1212-B63350,KXBTC,lotto_yes,0.18,0.18,0.809668
KXBTC-26AUG1212-B63250,KXBTC,fade_no,0.14,0.87,0.122083
KXBTC-26AUG1212-B63250,KXBTC,lotto_yes,0.14,0.14,-0.148428
KXBTC-26AUG1212-B63150,KXBTC,fade_no,0.08,0.95,0.04667500000000004
KXBTC-26AUG1212-B63150,KXBTC,lotto_yes,0.08,0.08,-0.085152
KXBTC-26AUG1212-B63050,KXBTC,fade_no,0.04,0.98,0.018628000000000016
KXBTC-26AUG1212-B63050,KXBTC,lotto_yes,0.04,0.04,-0.042688000000000004
KXBTC-26AUG1212-B62950,KXBTC,fade_no,0.03,0.99,0.009307000000000008
KXBTC-26AUG1212-B62950,KXBTC,lotto_yes,0.03,0.03,-0.032036999999999996
KXBTC-26AUG1211-B64250,KXBTC,fade_no,0.04,0.98,0.018628000000000016
KXBTC-26AUG1211-B64250,KXBTC,lotto_yes,0.04,0.04,-0.042688000000000004
KXBTC-26AUG1211-B64150,KXBTC,fade_no,0.03,0.98,0.018628000000000016
KXBTC-26AUG1211-B64150,KXBTC,lotto_yes,0.03,0.03,-0.032036999999999996
KXBTC-26AUG1211-B64050,KXBTC,fade_no,0.05,0.97,0.027963000000000026
KXBTC-26AUG1211-B64050,KXBTC,lotto_yes,0.05,0.05,-0.053325000000000004
KXBTC-26AUG1211-B63950,KXBTC,fade_no,0.09,0.9299999999999999,0.06544300000000006
KXBTC-26AUG1211-B63950,KXBTC,lotto_yes,0.09,0.09,-0.095733
KXBTC-26AUG1211-B63850,KXBTC,fade_no,0.17,0.87,0.122083
KXBTC-26AUG1211-B63850,KXBTC,lotto_yes,0.17,0.17,-0.179877
KXBTC-26AUG1211-B63750,KXBTC,fade_no,0.07,0.95,0.04667500000000004
KXBTC-26AUG1211-B63750,KXBTC,lotto_yes,0.07,0.07,-0.07455700000000001
KXBTC-26AUG1211-B63550,KXBTC,fade_no,0.15,0.88,0.112608
KXBTC-26AUG1211-B63550,KXBTC,lotto_yes,0.15,0.15,-0.15892499999999998
KXBTC-26AUG1211-B63350,KXBTC,fade_no,0.07,0.97,-0.9720369999999999
KXBTC-26AUG1211-B63350,KXBTC,lotto_yes,0.07,0.07,0.9254429999999999
KXBTC-26AUG1211-B63250,KXBTC,fade_no,0.04,0.98,0.018628000000000016
KXBTC-26AUG1211-B63250,KXBTC,lotto_yes,0.04,0.04,-0.042688000000000004
KXBTC-26AUG1210-B64550,KXBTC,fade_no,0.04,0.98,0.018628000000000016
KXBTC-26AUG1210-B64550,KXBTC,lotto_yes,0.04,0.04,-0.042688000000000004
KXBTC-26AUG1210-B64450,KXBTC,fade_no,0.04,0.98,0.018628000000000016
KXBTC-26AUG1210-B64450,KXBTC,lotto_yes,0.04,0.04,-0.042688000000000004
KXBTC-26AUG1210-B64350,KXBTC,fade_no,0.07,0.97,0.027963000000000026
KXBTC-26AUG1210-B64350,KXBTC,lotto_yes,0.07,0.07,-0.07455700000000001
KXBTC-26AUG1210-B64250,KXBTC,fade_no,0.09,0.94,0.056052000000000046
KXBTC-26AUG1210-B64250,KXBTC,lotto_yes,0.09,0.09,-0.095733
KXBTC-26AUG1210-B64150,KXBTC,fade_no,0.08,0.95,0.04667500000000004
KXBTC-26AUG1210-B64150,KXBTC,lotto_yes,0.08,0.08,-0.085152
KXBTC-26AUG1210-B64050,KXBTC,fade_no,0.19,0.84,0.15059200000000003
KXBTC-26AUG1210-B64050,KXBTC,lotto_yes,0.19,0.19,-0.200773
KXBTC-26AUG1210-B63950,KXBTC,fade_no,0.17,0.84,0.15059200000000003
KXBTC-26AUG1210-B63950,KXBTC,lotto_yes,0.17,0.17,-0.179877
KXBTC-26AUG1210-B63850,KXBTC,fade_no,0.13,0.88,-0.887392
KXBTC-26AUG1210-B63850,KXBTC,lotto_yes,0.13,0.13,0.862083
KXBTC-26AUG1210-B63750,KXBTC,fade_no,0.12,0.92,0.07484799999999996
KXBTC-26AUG1210-B63750,KXBTC,lotto_yes,0.12,0.12,-0.127392
KXBTC-26AUG1210-B63650,KXBTC,fade_no,0.1,0.98,0.018628000000000016
KXBTC-26AUG1210-B63650,KXBTC,lotto_yes,0.1,0.1,-0.1063
KXBTC-26AUG1210-B63550,KXBTC,fade_no,0.08,0.96,0.03731200000000003
KXBTC-26AUG1210-B63550,KXBTC,lotto_yes,0.08,0.08,-0.085152
KXBTC-26AUG1209-B64450,KXBTC,fade_no,0.09,0.97,0.027963000000000026
KXBTC-26AUG1209-B64450,KXBTC,lotto_yes,0.09,0.09,-0.095733
KXBTC-26AUG1209-B64350,KXBTC,fade_no,0.19,0.85,0.141075
KXBTC-26AUG1209-B64350,KXBTC,lotto_yes,0.19,0.19,-0.200773
KXBTC-26AUG1209-B64250,KXBTC,fade_no,0.12,0.9299999999999999,0.06544300000000006
KXBTC-26AUG1209-B64250,KXBTC,lotto_yes,0.12,0.12,-0.127392
KXBTC-26AUG1209-B63950,KXBTC,fade_no,0.06,0.98,0.018628000000000016
KXBTC-26AUG1209-B63950,KXBTC,lotto_yes,0.06,0.06,-0.063948
KXBTC-26AUG1209-B63850,KXBTC,fade_no,0.11,0.95,0.04667500000000004
KXBTC-26AUG1209-B63850,KXBTC,lotto_yes,0.11,0.11,-0.116853
KXBTC-26AUG1208-B64350,KXBTC,fade_no,0.05,0.97,0.027963000000000026
KXBTC-26AUG1208-B64350,KXBTC,lotto_yes,0.05,0.05,-0.053325000000000004
KXBTC-26AUG1208-B64250,KXBTC,fade_no,0.17,0.89,0.10314699999999999
KXBTC-26AUG1208-B64250,KXBTC,lotto_yes,0.17,0.17,-0.179877
KXBTC-26AUG1208-B63950,KXBTC,fade_no,0.1,0.95,0.04667500000000004
KXBTC-26AUG1208-B63950,KXBTC,lotto_yes,0.1,0.1,-0.1063
KXBTC-26AUG1208-B63850,KXBTC,fade_no,0.05,0.98,0.018628000000000016
KXBTC-26AUG1208-B63850,KXBTC,lotto_yes,0.05,0.05,-0.053325000000000004
KXBTC-26AUG1207-B64350,KXBTC,fade_no,0.05,0.98,0.018628000000000016
KXBTC-26AUG1207-B64350,KXBTC,lotto_yes,0.05,0.05,-0.053325000000000004
KXBTC-26AUG1207-B64250,KXBTC,fade_no,0.08,0.98,0.018628000000000016
KXBTC-26AUG1207-B64250,KXBTC,lotto_yes,0.08,0.08,-0.085152
KXBTC-26AUG1207-B64150,KXBTC,fade_no,0.17,0.89,0.10314699999999999
KXBTC-26AUG1207-B64150,KXBTC,lotto_yes,0.17,0.17,-0.179877
KXBTC-26AUG1207-B63850,KXBTC,fade_no,0.06,0.98,0.018628000000000016
KXBTC-26AUG1207-B63850,KXBTC,lotto_yes,0.06,0.06,-0.063948
KXBTC-26AUG1206-B63650,KXBTC,fade_no,0.11,0.95,0.04667500000000004
KXBTC-26AUG1206-B63650,KXBTC,lotto_yes,0.11,0.11,-0.116853
KXBTC-26AUG1206-B63550,KXBTC,fade_no,0.08,0.98,0.018628000000000016
KXBTC-26AUG1206-B63550,KXBTC,lotto_yes,0.08,0.08,-0.085152
KXBTC-26AUG1205-B63950,KXBTC,fade_no,0.06,0.98,0.018628000000000016
KXBTC-26AUG1205-B63950,KXBTC,lotto_yes,0.06,0.06,-0.063948
KXBTC-26AUG1205-B63550,KXBTC,fade_no,0.05,0.97,0.027963000000000026
KXBTC-26AUG1205-B63550,KXBTC,lotto_yes,0.05,0.05,-0.053325000000000004
KXBTC-26AUG1204-B63950,KXBTC,fade_no,0.06,0.98,0.018628000000000016
KXBTC-26AUG1204-B63950,KXBTC,lotto_yes,0.06,0.06,-0.063948
KXBTC-26AUG1204-B63850,KXBTC,fade_no,0.1,0.96,0.03731200000000003
KXBTC-26AUG1204-B63850,KXBTC,lotto_yes,0.1,0.1,-0.1063
KXBTC-26AUG1203-B63850,KXBTC,fade_no,0.09,0.97,0.027963000000000026
KXBTC-26AUG1203-B63850,KXBTC,lotto_yes,0.09,0.09,-0.095733
KXBTC-26AUG1203-B63750,KXBTC,fade_no,0.2,0.86,0.13157200000000002
KXBTC-26AUG1203-B63750,KXBTC,lotto_yes,0.2,0.2,-0.2112
KXBTC-26AUG1202-B63950,KXBTC,fade_no,0.09,0.98,0.018628000000000016
KXBTC-26AUG1202-B63950,KXBTC,lotto_yes,0.09,0.09,-0.095733
KXBTC-26AUG1202-B63650,KXBTC,fade_no,0.04,0.98,0.018628000000000016
KXBTC-26AUG1202-B63650,KXBTC,lotto_yes,0.04,0.04,-0.042688000000000004
KXBTC-26AUG1202-B63550,KXBTC,fade_no,0.06,0.98,0.018628000000000016
KXBTC-26AUG1202-B63550,KXBTC,lotto_yes,0.06,0.06,-0.063948
KXBTC-26AUG1201-B63950,KXBTC,fade_no,0.08,0.97,0.027963000000000026
KXBTC-26AUG1201-B63950,KXBTC,lotto_yes,0.08,0.08,-0.085152
KXBTC-26AUG1201-B63850,KXBTC,fade_no,0.06,0.98,0.018628000000000016
KXBTC-26AUG1201-B63850,KXBTC,lotto_yes,0.06,0.06,-0.063948
KXBTC-26AUG1201-B63550,KXBTC,fade_no,0.08,0.96,0.03731200000000003
KXBTC-26AUG1201-B63550,KXBTC,lotto_yes,0.08,0.08,-0.085152
KXETHD-26AUG1318-T1889.99,KXETHD,fade_no,0.08,0.95,0.04667500000000004
KXETHD-26AUG1318-T1889.99,KXETHD,lotto_yes,0.08,0.08,-0.085152
KXETHD-26AUG1318-T1884.99,KXETHD,fav_yes,0.81,0.81,0.17922699999999994
KXETHD-26AUG1316-T1899.99,KXETHD,fade_no,0.03,0.98,0.018628000000000016
KXETHD-26AUG1316-T1899.99,KXETHD,lotto_yes,0.03,0.03,-0.032036999999999996
KXETHD-26AUG1316-T1894.99,KXETHD,fade_no,0.08,0.94,0.056052000000000046
KXETHD-26AUG1316-T1894.99,KXETHD,lotto_yes,0.08,0.08,-0.085152
KXETHD-26AUG1316-T1889.99,KXETHD,fade_no,0.04,0.97,0.027963000000000026
KXETHD-26AUG1316-T1889.99,KXETHD,lotto_yes,0.04,0.04,-0.042688000000000004
KXETHD-26AUG1316-T1879.99,KXETHD,fav_yes,0.97,0.97,0.027963000000000026
KXETHD-26AUG1315-T1889.99,KXETHD,fade_no,0.03,0.99,0.009307000000000008
KXETHD-26AUG1315-T1889.99,KXETHD,lotto_yes,0.03,0.03,-0.032036999999999996
KXETHD-26AUG1315-T1884.99,KXETHD,fade_no,0.08,0.9299999999999999,0.06544300000000006
KXETHD-26AUG1315-T1884.99,KXETHD,lotto_yes,0.08,0.08,-0.085152
KXETHD-26AUG1315-T1874.99,KXETHD,fav_yes,0.86,0.86,0.13157200000000002
KXETHD-26AUG1315-T1869.99,KXETHD,fav_yes,0.96,0.96,0.03731200000000003
KXETHD-26AUG1314-T1884.99,KXETHD,fade_no,0.06,0.95,0.04667500000000004
KXETHD-26AUG1314-T1884.99,KXETHD,lotto_yes,0.06,0.06,-0.063948
KXETHD-26AUG1314-T1869.99,KXETHD,fav_yes,0.91,0.91,0.08426699999999997
KXETHD-26AUG1313-T1884.99,KXETHD,fade_no,0.05,0.97,0.027963000000000026
KXETHD-26AUG1313-T1884.99,KXETHD,lotto_yes,0.05,0.05,-0.053325000000000004
KXETHD-26AUG1313-T1874.99,KXETHD,fade_no,0.05,0.97,0.027963000000000026
KXETHD-26AUG1313-T1874.99,KXETHD,lotto_yes,0.05,0.05,-0.053325000000000004
KXETHD-26AUG1313-T1869.99,KXETHD,fade_no,0.18,0.83,-0.839877
KXETHD-26AUG1313-T1869.99,KXETHD,lotto_yes,0.18,0.18,0.809668
KXETHD-26AUG1313-T1859.99,KXETHD,fav_yes,0.81,0.81,0.17922699999999994
KXETHD-26AUG1312-T1904.99,KXETHD,fade_no,0.03,0.99,0.009307000000000008
KXETHD-26AUG1312-T1904.99,KXETHD,lotto_yes,0.03,0.03,-0.032036999999999996
KXETHD-26AUG1312-T1899.99,KXETHD,fade_no,0.04,0.98,0.018628000000000016
KXETHD-26AUG1312-T1899.99,KXETHD,lotto_yes,0.04,0.04,-0.042688000000000004
KXETHD-26AUG1312-T1894.99,KXETHD,fade_no,0.06,0.96,0.03731200000000003
KXETHD-26AUG1312-T1894.99,KXETHD,lotto_yes,0.06,0.06,-0.063948
KXETHD-26AUG1312-T1884.99,KXETHD,fav_yes,0.92,0.92,-0.9251520000000001
KXETHD-26AUG1311-T1899.99,KXETHD,fade_no,0.06,0.96,0.03731200000000003
KXETHD-26AUG1311-T1899.99,KXETHD,lotto_yes,0.06,0.06,-0.063948
KXETHD-26AUG1311-T1889.99,KXETHD,fav_yes,0.9,0.9,0.09369999999999998
KXETHD-26AUG1311-T1879.99,KXETHD,fav_yes,0.96,0.96,0.03731200000000003
KXETHD-26AUG1310-T1899.99,KXETHD,fade_no,0.04,0.97,0.027963000000000026
KXETHD-26AUG1310-T1899.99,KXETHD,lotto_yes,0.04,0.04,-0.042688000000000004
KXETHD-26AUG1310-T1879.99,KXETHD,fav_yes,0.92,0.92,0.07484799999999996
KXETHD-26AUG1309-T1889.99,KXETHD,fade_no,0.08,0.94,0.056052000000000046
KXETHD-26AUG1309-T1889.99,KXETHD,lotto_yes,0.08,0.08,-0.085152
KXETHD-26AUG1309-T1874.99,KXETHD,fav_yes,0.93,0.93,0.06544299999999996
KXETHD-26AUG1308-T1879.99,KXETHD,fade_no,0.16,0.88,0.112608
KXETHD-26AUG1308-T1879.99,KXETHD,lotto_yes,0.16,0.16,-0.169408
KXETHD-26AUG1307-T1884.99,KXETHD,fade_no,0.07,0.96,0.03731200000000003
KXETHD-26AUG1307-T1884.99,KXETHD,lotto_yes,0.07,0.07,-0.07455700000000001
KXETHD-26AUG1307-T1879.99,KXETHD,fav_yes,0.87,0.87,0.122083
KXETHD-26AUG1306-T1889.99,KXETHD,fade_no,0.08,0.95,0.04667500000000004
KXETHD-26AUG1306-T1889.99,KXETHD,lotto_yes,0.08,0.08,-0.085152
KXETHD-26AUG1306-T1879.99,KXETHD,fav_yes,0.86,0.86,0.13157200000000002
KXETHD-26AUG1301-T1879.99,KXETHD,fav_yes,0.92,0.92,0.07484799999999996
KXETHD-26AUG1317-T1889.99,KXETHD,fade_no,0.03,0.98,0.018628000000000016
KXETHD-26AUG1317-T1889.99,KXETHD,lotto_yes,0.03,0.03,-0.032036999999999996
KXETHD-26AUG1300-T1884.99,KXETHD,fade_no,0.11,0.91,-0.915733
KXETHD-26AUG1300-T1884.99,KXETHD,lotto_yes,0.11,0.11,0.883147
KXETHD-26AUG1300-T1879.99,KXETHD,fav_yes,0.91,0.91,0.08426699999999997
KXETHD-26AUG1300-T1874.99,KXETHD,fav_yes,0.97,0.97,0.027963000000000026
KXETHD-26AUG1223-T1869.99,KXETHD,fav_yes,0.94,0.94,0.056052000000000046
KXETHD-26AUG1222-T1884.99,KXETHD,fade_no,0.09,0.95,0.04667500000000004
KXETHD-26AUG1222-T1884.99,KXETHD,lotto_yes,0.09,0.09,-0.095733
KXETHD-26AUG1222-T1879.99,KXETHD,fade_no,0.04,0.97,0.027963000000000026
KXETHD-26AUG1222-T1879.99,KXETHD,lotto_yes,0.04,0.04,-0.042688000000000004
KXETHD-26AUG1221-T1889.99,KXETHD,fade_no,0.06,0.96,0.03731200000000003
KXETHD-26AUG1221-T1889.99,KXETHD,lotto_yes,0.06,0.06,-0.063948
KXETHD-26AUG1221-T1879.99,KXETHD,fade_no,0.19,0.84,-0.8494079999999999
KXETHD-26AUG1221-T1879.99,KXETHD,lotto_yes,0.19,0.19,0.799227
KXETHD-26AUG1220-T1879.99,KXETHD,fade_no,0.07,0.94,0.056052000000000046
KXETHD-26AUG1220-T1879.99,KXETHD,lotto_yes,0.07,0.07,-0.07455700000000001
KXETHD-26AUG1220-T1869.99,KXETHD,fav_yes,0.91,0.91,0.08426699999999997
KXETHD-26AUG1218-T1884.99,KXETHD,fade_no,0.08,0.95,0.04667500000000004
KXETHD-26AUG1218-T1884.99,KXETHD,lotto_yes,0.08,0.08,-0.085152
KXETHD-26AUG1218-T1874.99,KXETHD,fav_yes,0.96,0.96,0.03731200000000003
KXETHD-26AUG1216-T1894.99,KXETHD,fade_no,0.03,0.99,0.009307000000000008
KXETHD-26AUG1216-T1894.99,KXETHD,lotto_yes,0.03,0.03,-0.032036999999999996
KXETHD-26AUG1216-T1884.99,KXETHD,fade_no,0.03,0.99,0.009307000000000008
KXETHD-26AUG1216-T1884.99,KXETHD,lotto_yes,0.03,0.03,-0.032036999999999996
KXETHD-26AUG1216-T1874.99,KXETHD,fav_yes,0.97,0.97,0.027963000000000026
KXSOLD-26AUG1320-T76.4999,KXSOLD,fade_no,0.03,0.99,0.009307000000000008
KXSOLD-26AUG1320-T76.4999,KXSOLD,lotto_yes,0.03,0.03,-0.032036999999999996
KXSOLD-26AUG1319-T76.4999,KXSOLD,fade_no,0.04,0.99,0.009307000000000008
KXSOLD-26AUG1319-T76.4999,KXSOLD,lotto_yes,0.04,0.04,-0.042688000000000004
KXSOLD-26AUG1319-T75.9999,KXSOLD,fav_yes,0.97,0.97,0.027963000000000026
KXSOLD-26AUG1318-T76.2499,KXSOLD,fade_no,0.11,0.9299999999999999,0.06544300000000006
KXSOLD-26AUG1318-T76.2499,KXSOLD,lotto_yes,0.11,0.11,-0.116853
KXSOLD-26AUG1318-T75.9999,KXSOLD,fav_yes,0.89,0.89,0.10314699999999999
KXSOLD-26AUG1316-T76.7499,KXSOLD,fade_no,0.03,0.99,0.009307000000000008
KXSOLD-26AUG1316-T76.7499,KXSOLD,lotto_yes,0.03,0.03,-0.032036999999999996
KXSOLD-26AUG1315-T76.2499,KXSOLD,fade_no,0.05,0.97,0.027963000000000026
KXSOLD-26AUG1315-T76.2499,KXSOLD,lotto_yes,0.05,0.05,-0.053325000000000004
KXSOLD-26AUG1315-T75.4999,KXSOLD,fav_yes,0.93,0.93,0.06544299999999996
KXSOLD-26AUG1314-T76.2499,KXSOLD,fade_no,0.04,0.98,0.018628000000000016
KXSOLD-26AUG1314-T76.2499,KXSOLD,lotto_yes,0.04,0.04,-0.042688000000000004
KXSOLD-26AUG1314-T75.9999,KXSOLD,fade_no,0.19,0.85,0.141075
KXSOLD-26AUG1314-T75.9999,KXSOLD,lotto_yes,0.19,0.19,-0.200773
KXSOLD-26AUG1314-T75.4999,KXSOLD,fav_yes,0.89,0.89,0.10314699999999999
KXSOLD-26AUG1313-T75.9999,KXSOLD,fade_no,0.03,0.99,0.009307000000000008
KXSOLD-26AUG1313-T75.9999,KXSOLD,lotto_yes,0.03,0.03,-0.032036999999999996
KXSOLD-26AUG1313-T75.4999,KXSOLD,fade_no,0.08,0.96,-0.962688
KXSOLD-26AUG1313-T75.4999,KXSOLD,lotto_yes,0.08,0.08,0.914848
KXSOLD-26AUG1313-T75.2499,KXSOLD,fav_yes,0.97,0.97,0.027963000000000026
KXSOLD-26AUG1313-T74.9999,KXSOLD,fav_yes,0.91,0.91,0.08426699999999997
KXSOLD-26AUG1312-T76.9999,KXSOLD,fade_no,0.04,0.99,0.009307000000000008
KXSOLD-26AUG1312-T76.9999,KXSOLD,lotto_yes,0.04,0.04,-0.042688000000000004
KXSOLD-26AUG1312-T76.7499,KXSOLD,fade_no,0.06,0.99,0.009307000000000008
KXSOLD-26AUG1312-T76.7499,KXSOLD,lotto_yes,0.06,0.06,-0.063948
KXSOLD-26AUG1312-T76.4999,KXSOLD,fade_no,0.03,0.99,0.009307000000000008
KXSOLD-26AUG1312-T76.4999,KXSOLD,lotto_yes,0.03,0.03,-0.032036999999999996
KXSOLD-26AUG1312-T76.2499,KXSOLD,fade_no,0.13,0.91,0.08426699999999997
KXSOLD-26AUG1312-T76.2499,KXSOLD,lotto_yes,0.13,0.13,-0.137917
KXSOLD-26AUG1311-T76.9999,KXSOLD,fade_no,0.03,0.99,0.009307000000000008
KXSOLD-26AUG1311-T76.9999,KXSOLD,lotto_yes,0.03,0.03,-0.032036999999999996
KXSOLD-26AUG1311-T76.7499,KXSOLD,fade_no,0.06,0.97,0.027963000000000026
KXSOLD-26AUG1311-T76.7499,KXSOLD,lotto_yes,0.06,0.06,-0.063948
KXSOLD-26AUG1311-T76.2499,KXSOLD,fav_yes,0.94,0.94,0.056052000000000046
KXSOLD-26AUG1310-T76.7499,KXSOLD,fade_no,0.04,0.98,0.018628000000000016
KXSOLD-26AUG1310-T76.7499,KXSOLD,lotto_yes,0.04,0.04,-0.042688000000000004
KXSOLD-26AUG1310-T76.4999,KXSOLD,fade_no,0.14,0.89,0.10314699999999999
KXSOLD-26AUG1310-T76.4999,KXSOLD,lotto_yes,0.14,0.14,-0.148428
KXSOLD-26AUG1310-T75.4999,KXSOLD,fav_yes,0.96,0.96,0.03731200000000003
KXSOLD-26AUG1309-T76.2499,KXSOLD,fade_no,0.04,0.97,0.027963000000000026
KXSOLD-26AUG1309-T76.2499,KXSOLD,lotto_yes,0.04,0.04,-0.042688000000000004
KXSOLD-26AUG1309-T75.7499,KXSOLD,fav_yes,0.86,0.86,0.13157200000000002
KXSOLD-26AUG1309-T75.4999,KXSOLD,fav_yes,0.96,0.96,0.03731200000000003
KXSOLD-26AUG1308-T75.7499,KXSOLD,fade_no,0.14,0.9,0.09369999999999998
KXSOLD-26AUG1308-T75.7499,KXSOLD,lotto_yes,0.14,0.14,-0.148428
KXSOLD-26AUG1308-T75.4999,KXSOLD,fav_yes,0.83,0.83,0.16012300000000004
KXSOLD-26AUG1307-T76.2499,KXSOLD,fade_no,0.03,0.99,0.009307000000000008
KXSOLD-26AUG1307-T76.2499,KXSOLD,lotto_yes,0.03,0.03,-0.032036999999999996
KXSOLD-26AUG1307-T75.9999,KXSOLD,fade_no,0.07,0.97,0.027963000000000026
KXSOLD-26AUG1307-T75.9999,KXSOLD,lotto_yes,0.07,0.07,-0.07455700000000001
KXSOLD-26AUG1306-T76.2499,KXSOLD,fade_no,0.06,0.98,0.018628000000000016
KXSOLD-26AUG1306-T76.2499,KXSOLD,lotto_yes,0.06,0.06,-0.063948
KXSOLD-26AUG1301-T76.4999,KXSOLD,fade_no,0.03,0.99,0.009307000000000008
KXSOLD-26AUG1301-T76.4999,KXSOLD,lotto_yes,0.03,0.03,-0.032036999999999996
KXSOLD-26AUG1301-T76.2499,KXSOLD,fade_no,0.08,0.95,0.04667500000000004
KXSOLD-26AUG1301-T76.2499,KXSOLD,lotto_yes,0.08,0.08,-0.085152
KXSOLD-26AUG1301-T75.9999,KXSOLD,fav_yes,0.85,0.85,0.141075
KXSOLD-26AUG1317-T76.9999,KXSOLD,fade_no,0.03,0.99,0.009307000000000008
KXSOLD-26AUG1317-T76.9999,KXSOLD,lotto_yes,0.03,0.03,-0.032036999999999996
KXSOLD-26AUG1317-T75.9999,KXSOLD,fav_yes,0.97,0.97,0.027963000000000026
KXSOLD-26AUG1300-T75.9999,KXSOLD,fav_yes,0.93,0.93,0.06544299999999996
KXSOLD-26AUG1223-T75.9999,KXSOLD,fade_no,0.04,0.98,0.018628000000000016
KXSOLD-26AUG1223-T75.9999,KXSOLD,lotto_yes,0.04,0.04,-0.042688000000000004
KXSOLD-26AUG1223-T75.7499,KXSOLD,fade_no,0.14,0.88,-0.887392
KXSOLD-26AUG1223-T75.7499,KXSOLD,lotto_yes,0.14,0.14,0.851572
KXSOLD-26AUG1223-T75.4999,KXSOLD,fav_yes,0.9,0.9,0.09369999999999998
KXSOLD-26AUG1222-T75.9999,KXSOLD,fade_no,0.03,0.99,0.009307000000000008
KXSOLD-26AUG1222-T75.9999,KXSOLD,lotto_yes,0.03,0.03,-0.032036999999999996
KXSOLD-26AUG1222-T75.7499,KXSOLD,fade_no,0.17,0.87,0.122083
KXSOLD-26AUG1222-T75.7499,KXSOLD,lotto_yes,0.17,0.17,-0.179877
KXSOLD-26AUG1222-T75.4999,KXSOLD,fav_yes,0.85,0.85,0.141075
KXSOLD-26AUG1221-T75.9999,KXSOLD,fade_no,0.03,0.99,0.009307000000000008
KXSOLD-26AUG1221-T75.9999,KXSOLD,lotto_yes,0.03,0.03,-0.032036999999999996
KXSOLD-26AUG1221-T75.7499,KXSOLD,fade_no,0.16,0.88,0.112608
KXSOLD-26AUG1221-T75.7499,KXSOLD,lotto_yes,0.16,0.16,-0.169408
KXSOLD-26AUG1220-T75.7499,KXSOLD,fade_no,0.03,0.99,0.009307000000000008
KXSOLD-26AUG1220-T75.7499,KXSOLD,lotto_yes,0.03,0.03,-0.032036999999999996
KXSOLD-26AUG1219-T75.7499,KXSOLD,fade_no,0.19,0.83,0.16012300000000004
KXSOLD-26AUG1219-T75.7499,KXSOLD,lotto_yes,0.19,0.19,-0.200773
KXSOLD-26AUG1218-T76.2499,KXSOLD,fade_no,0.03,0.99,0.009307000000000008
KXSOLD-26AUG1218-T76.2499,KXSOLD,lotto_yes,0.03,0.03,-0.032036999999999996
KXSOLD-26AUG1218-T75.7499,KXSOLD,fade_no,0.12,0.91,0.08426699999999997
KXSOLD-26AUG1218-T75.7499,KXSOLD,lotto_yes,0.12,0.12,-0.127392
KXSOLD-26AUG1218-T75.4999,KXSOLD,fav_yes,0.86,0.86,-0.868428
KXSOLD-26AUG1216-T75.9999,KXSOLD,fade_no,0.03,0.99,0.009307000000000008
KXSOLD-26AUG1216-T75.9999,KXSOLD,lotto_yes,0.03,0.03,-0.032036999999999996
KXXRPD-26AUG1005-T1.0399,KXXRPD,fade_no,0.05,0.97,0.027963000000000026
KXXRPD-26AUG1005-T1.0399,KXXRPD,lotto_yes,0.05,0.05,-0.053325000000000004
KXXRPD-26AUG1004-T1.0399,KXXRPD,fade_no,0.17,0.86,0.13157200000000002
KXXRPD-26AUG1004-T1.0399,KXXRPD,lotto_yes,0.17,0.17,-0.179877
KXXRPD-26AUG1003-T1.0399,KXXRPD,fade_no,0.07,0.97,0.027963000000000026
KXXRPD-26AUG1003-T1.0399,KXXRPD,lotto_yes,0.07,0.07,-0.07455700000000001
KXXRPD-26AUG1002-T1.0399,KXXRPD,fade_no,0.04,0.99,0.009307000000000008
KXXRPD-26AUG1002-T1.0399,KXXRPD,lotto_yes,0.04,0.04,-0.042688000000000004
KXXRPD-26AUG1017-T1.0399,KXXRPD,fade_no,0.03,0.99,0.009307000000000008
KXXRPD-26AUG1017-T1.0399,KXXRPD,lotto_yes,0.03,0.03,-0.032036999999999996
KXXRPD-26AUG1000-T1.0399,KXXRPD,fade_no,0.03,0.99,0.009307000000000008
KXXRPD-26AUG1000-T1.0399,KXXRPD,lotto_yes,0.03,0.03,-0.032036999999999996
KXXRPD-26AUG0923-T1.0399,KXXRPD,fade_no,0.06,0.96,0.03731200000000003
KXXRPD-26AUG0923-T1.0399,KXXRPD,lotto_yes,0.06,0.06,-0.063948
KXXRPD-26AUG0921-T1.0399,KXXRPD,fade_no,0.03,0.99,0.009307000000000008
KXXRPD-26AUG0921-T1.0399,KXXRPD,lotto_yes,0.03,0.03,-0.032036999999999996
KXXRPD-26AUG0919-T1.0399,KXXRPD,fade_no,0.13,0.91,0.08426699999999997
KXXRPD-26AUG0919-T1.0399,KXXRPD,lotto_yes,0.13,0.13,-0.137917
KXXRPD-26AUG0916-T1.0399,KXXRPD,fav_yes,0.91,0.91,0.08426699999999997
KXXRPD-26AUG0913-T1.0399,KXXRPD,fav_yes,0.97,0.97,0.027963000000000026
KXXRPD-26AUG0911-T1.0399,KXXRPD,fade_no,0.11,0.92,-0.9251520000000001
KXXRPD-26AUG0911-T1.0399,KXXRPD,lotto_yes,0.11,0.11,0.883147
KXXRPD-26AUG0908-T1.0399,KXXRPD,fade_no,0.04,0.99,0.009307000000000008
KXXRPD-26AUG0908-T1.0399,KXXRPD,lotto_yes,0.04,0.04,-0.042688000000000004
KXXRPD-26AUG0907-T1.0399,KXXRPD,fade_no,0.03,0.99,0.009307000000000008
KXXRPD-26AUG0907-T1.0399,KXXRPD,lotto_yes,0.03,0.03,-0.032036999999999996
KXDOGED-26AUG0801-T0.0699999,KXDOGED,fav_yes,0.92,0.92,0.07484799999999996
KXDOGED-26AUG0817-T0.0749999,KXDOGED,fade_no,0.03,0.99,0.009307000000000008
KXDOGED-26AUG0817-T0.0749999,KXDOGED,lotto_yes,0.03,0.03,-0.032036999999999996
KXDOGED-26AUG0817-T0.0699999,KXDOGED,fav_yes,0.97,0.97,0.027963000000000026
KXDOGED-26AUG0723-T0.0699999,KXDOGED,fade_no,0.13,0.88,0.112608
KXDOGED-26AUG0723-T0.0699999,KXDOGED,lotto_yes,0.13,0.13,-0.137917
KXDOGED-26AUG0719-T0.0699999,KXDOGED,fade_no,0.03,0.99,0.009307000000000008
KXDOGED-26AUG0719-T0.0699999,KXDOGED,lotto_yes,0.03,0.03,-0.032036999999999996
KXDOGED-26AUG0718-T0.0699999,KXDOGED,fade_no,0.05,0.99,0.009307000000000008
KXDOGED-26AUG0718-T0.0699999,KXDOGED,lotto_yes,0.05,0.05,-0.053325000000000004
KXDOGED-26AUG0716-T0.0699999,KXDOGED,fade_no,0.05,0.99,0.009307000000000008
KXDOGED-26AUG0716-T0.0699999,KXDOGED,lotto_yes,0.05,0.05,-0.053325000000000004
KXDOGED-26AUG0715-T0.0699999,KXDOGED,fade_no,0.04,0.99,0.009307000000000008
KXDOGED-26AUG0715-T0.0699999,KXDOGED,lotto_yes,0.04,0.04,-0.042688000000000004
KXDOGED-26AUG0714-T0.0699999,KXDOGED,fade_no,0.03,0.99,0.009307000000000008
KXDOGED-26AUG0714-T0.0699999,KXDOGED,lotto_yes,0.03,0.03,-0.032036999999999996
KXDOGED-26AUG0710-T0.0699999,KXDOGED,fav_yes,0.8,0.8,-0.8112
KXBTCD-26AUG1404-T63099.99,KXBTCD,fade_no,0.06,0.95,0.04667500000000004
KXBTCD-26AUG1404-T63099.99,KXBTCD,lotto_yes,0.06,0.06,-0.063948
KXBTCD-26AUG1404-T62899.99,KXBTCD,fav_yes,0.86,0.86,-0.868428
KXBTCD-26AUG1403-T63199.99,KXBTCD,fade_no,0.13,0.88,0.112608
KXBTCD-26AUG1403-T63199.99,KXBTCD,lotto_yes,0.13,0.13,-0.137917
KXBTCD-26AUG1402-T63399.99,KXBTCD,fade_no,0.03,0.98,0.018628000000000016
KXBTCD-26AUG1402-T63399.99,KXBTCD,lotto_yes,0.03,0.03,-0.032036999999999996
KXBTCD-26AUG1402-T63099.99,KXBTCD,fav_yes,0.97,0.97,0.027963000000000026
KXBTCD-26AUG1401-T63399.99,KXBTCD,fade_no,0.09,0.92,0.07484799999999996
KXBTCD-26AUG1401-T63399.99,KXBTCD,lotto_yes,0.09,0.09,-0.095733
KXBTCD-26AUG1401-T63199.99,KXBTCD,fav_yes,0.97,0.97,0.027963000000000026
KXBTCD-26AUG1400-T63499.99,KXBTCD,fade_no,0.03,0.98,0.018628000000000016
KXBTCD-26AUG1400-T63499.99,KXBTCD,lotto_yes,0.03,0.03,-0.032036999999999996
KXBTCD-26AUG1400-T63399.99,KXBTCD,fade_no,0.09,0.92,0.07484799999999996
KXBTCD-26AUG1400-T63399.99,KXBTCD,lotto_yes,0.09,0.09,-0.095733
KXBTCD-26AUG1323-T63599.99,KXBTCD,fade_no,0.03,0.98,0.018628000000000016
KXBTCD-26AUG1323-T63599.99,KXBTCD,lotto_yes,0.03,0.03,-0.032036999999999996
KXBTCD-26AUG1323-T63499.99,KXBTCD,fade_no,0.18,0.83,0.16012300000000004
KXBTCD-26AUG1323-T63499.99,KXBTCD,lotto_yes,0.18,0.18,-0.190332
KXBTCD-26AUG1323-T63399.99,KXBTCD,fav_yes,0.87,0.87,0.122083
KXBTCD-26AUG1323-T63299.99,KXBTCD,fav_yes,0.97,0.97,0.027963000000000026
KXBTCD-26AUG1322-T63599.99,KXBTCD,fade_no,0.05,0.96,0.03731200000000003
KXBTCD-26AUG1322-T63599.99,KXBTCD,lotto_yes,0.05,0.05,-0.053325000000000004
KXBTCD-26AUG1322-T63399.99,KXBTCD,fav_yes,0.96,0.96,0.03731200000000003
KXBTCD-26AUG1322-T63199.99,KXBTCD,fav_yes,0.97,0.97,0.027963000000000026
KXBTCD-26AUG1321-T63399.99,KXBTCD,fav_yes,0.88,0.88,0.112608
KXBTCD-26AUG1320-T63299.99,KXBTCD,fav_yes,0.97,0.97,0.027963000000000026
KXBTCD-26AUG1319-T63599.99,KXBTCD,fade_no,0.04,0.97,0.027963000000000026
KXBTCD-26AUG1319-T63599.99,KXBTCD,lotto_yes,0.04,0.04,-0.042688000000000004
KXBTCD-26AUG1319-T63399.99,KXBTCD,fav_yes,0.97,0.97,0.027963000000000026
KXBTCD-26AUG1318-T63499.99,KXBTCD,fade_no,0.06,0.95,0.04667500000000004
KXBTCD-26AUG1318-T63499.99,KXBTCD,lotto_yes,0.06,0.06,-0.063948
KXBTCD-26AUG1318-T63299.99,KXBTCD,fav_yes,0.95,0.95,0.04667500000000004
KXBTCD-26AUG1318-T63199.99,KXBTCD,fav_yes,0.94,0.94,0.056052000000000046
KXBTCD-26AUG1316-T63599.99,KXBTCD,fade_no,0.06,0.95,0.04667500000000004
KXBTCD-26AUG1316-T63599.99,KXBTCD,lotto_yes,0.06,0.06,-0.063948
KXBTCD-26AUG1316-T63499.99,KXBTCD,fade_no,0.03,0.98,0.018628000000000016
KXBTCD-26AUG1316-T63499.99,KXBTCD,lotto_yes,0.03,0.03,-0.032036999999999996
KXBTCD-26AUG1316-T63399.99,KXBTCD,fade_no,0.16,0.85,0.141075
KXBTCD-26AUG1316-T63399.99,KXBTCD,lotto_yes,0.16,0.16,-0.169408
KXBTCD-26AUG1316-T63199.99,KXBTCD,fav_yes,0.87,0.87,0.122083
KXBTCD-26AUG1316-T63099.99,KXBTCD,fav_yes,0.96,0.96,0.03731200000000003
KXBTCD-26AUG1315-T63399.99,KXBTCD,fade_no,0.05,0.96,0.03731200000000003
KXBTCD-26AUG1315-T63399.99,KXBTCD,lotto_yes,0.05,0.05,-0.053325000000000004
KXBTCD-26AUG1315-T63299.99,KXBTCD,fade_no,0.16,0.85,0.141075
KXBTCD-26AUG1315-T63299.99,KXBTCD,lotto_yes,0.16,0.16,-0.169408
KXBTCD-26AUG1315-T63199.99,KXBTCD,fade_no,0.19,0.8200000000000001,-0.8303320000000001
KXBTCD-26AUG1315-T63199.99,KXBTCD,lotto_yes,0.19,0.19,0.799227
KXBTCD-26AUG1315-T62999.99,KXBTCD,fav_yes,0.96,0.96,0.03731200000000003
KXBTCD-26AUG1315-T62899.99,KXBTCD,fav_yes,0.96,0.96,0.03731200000000003
KXBTCD-26AUG1314-T63499.99,KXBTCD,fade_no,0.04,0.97,0.027963000000000026
KXBTCD-26AUG1314-T63499.99,KXBTCD,lotto_yes,0.04,0.04,-0.042688000000000004
KXBTCD-26AUG1314-T63399.99,KXBTCD,fade_no,0.09,0.92,0.07484799999999996
KXBTCD-26AUG1314-T63399.99,KXBTCD,lotto_yes,0.09,0.09,-0.095733
KXBTCD-26AUG1314-T63299.99,KXBTCD,fade_no,0.2,0.81,0.17922699999999994
KXBTCD-26AUG1314-T63299.99,KXBTCD,lotto_yes,0.2,0.2,-0.2112
KXBTCD-26AUG1314-T63099.99,KXBTCD,fav_yes,0.81,0.81,-0.8207730000000001
KXBTCD-26AUG1314-T62999.99,KXBTCD,fav_yes,0.97,0.97,0.027963000000000026
KXBTCD-26AUG1314-T62899.99,KXBTCD,fav_yes,0.91,0.91,0.08426699999999997
KXBTCD-26AUG1314-T62799.99,KXBTCD,fav_yes,0.96,0.96,0.03731200000000003
KXBTCD-26AUG1313-T63699.99,KXBTCD,fade_no,0.07,0.94,0.056052000000000046
KXBTCD-26AUG1313-T63699.99,KXBTCD,lotto_yes,0.07,0.07,-0.07455700000000001
KXBTCD-26AUG1313-T63599.99,KXBTCD,fade_no,0.17,0.84,0.15059200000000003
KXBTCD-26AUG1313-T63599.99,KXBTCD,lotto_yes,0.17,0.17,-0.179877
KXBTCD-26AUG1313-T63299.99,KXBTCD,fade_no,0.03,0.98,0.018628000000000016
KXBTCD-26AUG1313-T63299.99,KXBTCD,lotto_yes,0.03,0.03,-0.032036999999999996
KXBTCD-26AUG1313-T63199.99,KXBTCD,fade_no,0.08,0.9299999999999999,0.06544300000000006
KXBTCD-26AUG1313-T63199.99,KXBTCD,lotto_yes,0.08,0.08,-0.085152
KXBTCD-26AUG1313-T63099.99,KXBTCD,fade_no,0.18,0.83,0.16012300000000004
KXBTCD-26AUG1313-T63099.99,KXBTCD,lotto_yes,0.18,0.18,-0.190332
KXBTCD-26AUG1312-T63999.99,KXBTCD,fade_no,0.05,0.96,0.03731200000000003
KXBTCD-26AUG1312-T63999.99,KXBTCD,lotto_yes,0.05,0.05,-0.053325000000000004
KXBTCD-26AUG1312-T63899.99,KXBTCD,fade_no,0.14,0.87,0.122083
KXBTCD-26AUG1312-T63899.99,KXBTCD,lotto_yes,0.14,0.14,-0.148428
KXBTCD-26AUG1312-T63799.99,KXBTCD,fade_no,0.07,0.94,0.056052000000000046
KXBTCD-26AUG1312-T63799.99,KXBTCD,lotto_yes,0.07,0.07,-0.07455700000000001
KXBTCD-26AUG1312-T63499.99,KXBTCD,fav_yes,0.96,0.96,-0.962688
KXBTCD-26AUG1311-T64199.99,KXBTCD,fade_no,0.03,0.98,0.018628000000000016
KXBTCD-26AUG1311-T64199.99,KXBTCD,lotto_yes,0.03,0.03,-0.032036999999999996
KXBTCD-26AUG1311-T64099.99,KXBTCD,fade_no,0.06,0.95,0.04667500000000004
KXBTCD-26AUG1311-T64099.99,KXBTCD,lotto_yes,0.06,0.06,-0.063948
KXBTCD-26AUG1311-T63999.99,KXBTCD,fade_no,0.13,0.88,0.112608
KXBTCD-26AUG1311-T63999.99,KXBTCD,lotto_yes,0.13,0.13,-0.137917
KXBTCD-26AUG1311-T63799.99,KXBTCD,fav_yes,0.84,0.84,0.15059200000000003
KXBTCD-26AUG1311-T63699.99,KXBTCD,fav_yes,0.97,0.97,0.027963000000000026
KXBTCD-26AUG1311-T63599.99,KXBTCD,fav_yes,0.83,0.83,0.16012300000000004
KXBTCD-26AUG1311-T63499.99,KXBTCD,fav_yes,0.93,0.93,0.06544299999999996
KXBTCD-26AUG1311-T63399.99,KXBTCD,fav_yes,0.97,0.97,0.027963000000000026
KXBTCD-26AUG1310-T64099.99,KXBTCD,fade_no,0.03,0.98,0.018628000000000016
KXBTCD-26AUG1310-T64099.99,KXBTCD,lotto_yes,0.03,0.03,-0.032036999999999996
KXBTCD-26AUG1310-T63999.99,KXBTCD,fade_no,0.04,0.97,0.027963000000000026
KXBTCD-26AUG1310-T63999.99,KXBTCD,lotto_yes,0.04,0.04,-0.042688000000000004
KXBTCD-26AUG1310-T63899.99,KXBTCD,fade_no,0.09,0.9299999999999999,0.06544300000000006
KXBTCD-26AUG1310-T63899.99,KXBTCD,lotto_yes,0.09,0.09,-0.095733
KXBTCD-26AUG1310-T63599.99,KXBTCD,fav_yes,0.88,0.88,0.112608
KXBTCD-26AUG1310-T63399.99,KXBTCD,fav_yes,0.91,0.91,0.08426699999999997
KXBTCD-26AUG1310-T63299.99,KXBTCD,fav_yes,0.97,0.97,0.027963000000000026
KXBTCD-26AUG1309-T63799.99,KXBTCD,fade_no,0.04,0.97,0.027963000000000026
KXBTCD-26AUG1309-T63799.99,KXBTCD,lotto_yes,0.04,0.04,-0.042688000000000004
KXBTCD-26AUG1309-T63699.99,KXBTCD,fade_no,0.03,0.98,0.018628000000000016
KXBTCD-26AUG1309-T63699.99,KXBTCD,lotto_yes,0.03,0.03,-0.032036999999999996
KXBTCD-26AUG1309-T63599.99,KXBTCD,fade_no,0.14,0.87,-0.877917
KXBTCD-26AUG1309-T63599.99,KXBTCD,lotto_yes,0.14,0.14,0.851572
KXBTCD-26AUG1309-T63399.99,KXBTCD,fav_yes,0.95,0.95,0.04667500000000004
KXBTCD-26AUG1308-T63699.99,KXBTCD,fade_no,0.03,0.98,0.018628000000000016
KXBTCD-26AUG1308-T63699.99,KXBTCD,lotto_yes,0.03,0.03,-0.032036999999999996
KXBTCD-26AUG1308-T63499.99,KXBTCD,fade_no,0.04,0.97,0.027963000000000026
KXBTCD-26AUG1308-T63499.99,KXBTCD,lotto_yes,0.04,0.04,-0.042688000000000004
KXBTCD-26AUG1308-T63299.99,KXBTCD,fav_yes,0.94,0.94,0.056052000000000046
KXBTCD-26AUG1307-T63799.99,KXBTCD,fade_no,0.05,0.96,0.03731200000000003
KXBTCD-26AUG1307-T63799.99,KXBTCD,lotto_yes,0.05,0.05,-0.053325000000000004
KXBTCD-26AUG1307-T63499.99,KXBTCD,fav_yes,0.95,0.95,0.04667500000000004
KXBTCD-26AUG1306-T63699.99,KXBTCD,fade_no,0.08,0.9299999999999999,-0.934557
KXBTCD-26AUG1306-T63699.99,KXBTCD,lotto_yes,0.08,0.08,0.914848
KXBTCD-26AUG1306-T63599.99,KXBTCD,fav_yes,0.86,0.86,0.13157200000000002
KXBTCD-26AUG1301-T63699.99,KXBTCD,fade_no,0.09,0.9299999999999999,0.06544300000000006
KXBTCD-26AUG1301-T63699.99,KXBTCD,lotto_yes,0.09,0.09,-0.095733
KXBTC-26AUG1404-B63250,KXBTC,fade_no,0.06,0.98,0.018628000000000016
KXBTC-26AUG1404-B63250,KXBTC,lotto_yes,0.06,0.06,-0.063948
KXBTC-26AUG1404-B63150,KXBTC,fade_no,0.06,0.98,0.018628000000000016
KXBTC-26AUG1404-B63150,KXBTC,lotto_yes,0.06,0.06,-0.063948
KXBTC-26AUG1404-B62850,KXBTC,fade_no,0.09,0.9299999999999999,-0.934557
KXBTC-26AUG1404-B62850,KXBTC,lotto_yes,0.09,0.09,0.904267
KXBTC-26AUG1404-B62750,KXBTC,fade_no,0.03,0.99,0.009307000000000008
KXBTC-26AUG1404-B62750,KXBTC,lotto_yes,0.03,0.03,-0.032036999999999996
KXBTC-26AUG1403-B63450,KXBTC,fade_no,0.06,0.97,0.027963000000000026
KXBTC-26AUG1403-B63450,KXBTC,lotto_yes,0.06,0.06,-0.063948
KXBTC-26AUG1403-B63250,KXBTC,fade_no,0.1,0.94,0.056052000000000046
KXBTC-26AUG1403-B63250,KXBTC,lotto_yes,0.1,0.1,-0.1063
KXBTC-26AUG1402-B63550,KXBTC,fade_no,0.04,0.99,0.009307000000000008
KXBTC-26AUG1402-B63550,KXBTC,lotto_yes,0.04,0.04,-0.042688000000000004
KXBTC-26AUG1402-B63450,KXBTC,fade_no,0.07,0.97,0.027963000000000026
KXBTC-26AUG1402-B63450,KXBTC,lotto_yes,0.07,0.07,-0.07455700000000001
KXBTC-26AUG1402-B63150,KXBTC,fade_no,0.03,0.99,0.009307000000000008
KXBTC-26AUG1402-B63150,KXBTC,lotto_yes,0.03,0.03,-0.032036999999999996
KXBTC-26AUG1402-B63050,KXBTC,fade_no,0.05,0.98,0.018628000000000016
KXBTC-26AUG1402-B63050,KXBTC,lotto_yes,0.05,0.05,-0.053325000000000004
KXBTC-26AUG1401-B63550,KXBTC,fade_no,0.07,0.97,0.027963000000000026
KXBTC-26AUG1401-B63550,KXBTC,lotto_yes,0.07,0.07,-0.07455700000000001
KXBTC-26AUG1401-B63450,KXBTC,fade_no,0.09,0.95,0.04667500000000004
KXBTC-26AUG1401-B63450,KXBTC,lotto_yes,0.09,0.09,-0.095733
KXBTC-26AUG1401-B63250,KXBTC,fade_no,0.2,0.8200000000000001,0.16966799999999993
KXBTC-26AUG1401-B63250,KXBTC,lotto_yes,0.2,0.2,-0.2112
KXBTC-26AUG1401-B63150,KXBTC,fade_no,0.04,0.99,0.009307000000000008
KXBTC-26AUG1401-B63150,KXBTC,lotto_yes,0.04,0.04,-0.042688000000000004
KXBTC-26AUG1400-B63650,KXBTC,fade_no,0.05,0.98,0.018628000000000016
KXBTC-26AUG1400-B63650,KXBTC,lotto_yes,0.05,0.05,-0.053325000000000004
KXBTC-26AUG1400-B63450,KXBTC,fade_no,0.09,0.95,0.04667500000000004
KXBTC-26AUG1400-B63450,KXBTC,lotto_yes,0.09,0.09,-0.095733
KXBTC-26AUG1400-B63150,KXBTC,fade_no,0.03,0.98,0.018628000000000016
KXBTC-26AUG1400-B63150,KXBTC,lotto_yes,0.03,0.03,-0.032036999999999996
KXBTC-26AUG1323-B63750,KXBTC,fade_no,0.03,0.98,0.018628000000000016
KXBTC-26AUG1323-B63750,KXBTC,lotto_yes,0.03,0.03,-0.032036999999999996
KXBTC-26AUG1323-B63650,KXBTC,fade_no,0.08,0.95,0.04667500000000004
KXBTC-26AUG1323-B63650,KXBTC,lotto_yes,0.08,0.08,-0.085152
KXBTC-26AUG1323-B63350,KXBTC,fade_no,0.13,0.91,0.08426699999999997
KXBTC-26AUG1323-B63350,KXBTC,lotto_yes,0.13,0.13,-0.137917
KXBTC-26AUG1323-B63250,KXBTC,fade_no,0.06,0.98,0.018628000000000016
KXBTC-26AUG1323-B63250,KXBTC,lotto_yes,0.06,0.06,-0.063948
KXBTC-26AUG1322-B63750,KXBTC,fade_no,0.03,0.98,0.018628000000000016
KXBTC-26AUG1322-B63750,KXBTC,lotto_yes,0.03,0.03,-0.032036999999999996
KXBTC-26AUG1322-B63650,KXBTC,fade_no,0.04,0.98,0.018628000000000016
KXBTC-26AUG1322-B63650,KXBTC,lotto_yes,0.04,0.04,-0.042688000000000004
KXBTC-26AUG1322-B63350,KXBTC,fade_no,0.05,0.97,0.027963000000000026
KXBTC-26AUG1322-B63350,KXBTC,lotto_yes,0.05,0.05,-0.053325000000000004
KXBTC-26AUG1322-B63250,KXBTC,fade_no,0.12,0.91,0.08426699999999997
KXBTC-26AUG1322-B63250,KXBTC,lotto_yes,0.12,0.12,-0.127392
KXBTC-26AUG1322-B63150,KXBTC,fade_no,0.04,0.99,0.009307000000000008
KXBTC-26AUG1322-B63150,KXBTC,lotto_yes,0.04,0.04,-0.042688000000000004
KXBTC-26AUG1321-B63650,KXBTC,fade_no,0.07,0.97,0.027963000000000026
KXBTC-26AUG1321-B63650,KXBTC,lotto_yes,0.07,0.07,-0.07455700000000001
KXBTC-26AUG1321-B63350,KXBTC,fade_no,0.1,0.94,0.056052000000000046
KXBTC-26AUG1321-B63350,KXBTC,lotto_yes,0.1,0.1,-0.1063
KXBTC-26AUG1321-B63250,KXBTC,fade_no,0.08,0.98,0.018628000000000016
KXBTC-26AUG1321-B63250,KXBTC,lotto_yes,0.08,0.08,-0.085152
KXBTC-26AUG1321-B63150,KXBTC,fade_no,0.04,0.98,0.018628000000000016
KXBTC-26AUG1321-B63150,KXBTC,lotto_yes,0.04,0.04,-0.042688000000000004
KXBTC-26AUG1320-B63650,KXBTC,fade_no,0.03,0.98,0.018628000000000016
KXBTC-26AUG1320-B63650,KXBTC,lotto_yes,0.03,0.03,-0.032036999999999996
KXBTC-26AUG1320-B63550,KXBTC,fade_no,0.04,0.98,0.018628000000000016
KXBTC-26AUG1320-B63550,KXBTC,lotto_yes,0.04,0.04,-0.042688000000000004
KXBTC-26AUG1320-B63250,KXBTC,fade_no,0.1,0.9299999999999999,0.06544300000000006
KXBTC-26AUG1320-B63250,KXBTC,lotto_yes,0.1,0.1,-0.1063
KXBTC-26AUG1319-B63750,KXBTC,fade_no,0.05,0.98,0.018628000000000016
KXBTC-26AUG1319-B63750,KXBTC,lotto_yes,0.05,0.05,-0.053325000000000004
KXBTC-26AUG1319-B63650,KXBTC,fade_no,0.19,0.85,0.141075
KXBTC-26AUG1319-B63650,KXBTC,lotto_yes,0.19,0.19,-0.200773
KXBTC-26AUG1319-B63350,KXBTC,fade_no,0.08,0.94,0.056052000000000046
KXBTC-26AUG1319-B63350,KXBTC,lotto_yes,0.08,0.08,-0.085152
KXBTC-26AUG1319-B63250,KXBTC,fade_no,0.03,0.99,0.009307000000000008
KXBTC-26AUG1319-B63250,KXBTC,lotto_yes,0.03,0.03,-0.032036999999999996
KXBTC-26AUG1318-B63650,KXBTC,fade_no,0.03,0.98,0.018628000000000016
KXBTC-26AUG1318-B63650,KXBTC,lotto_yes,0.03,0.03,-0.032036999999999996
KXBTC-26AUG1318-B63550,KXBTC,fade_no,0.07,0.97,0.027963000000000026
KXBTC-26AUG1318-B63550,KXBTC,lotto_yes,0.07,0.07,-0.07455700000000001
KXBTC-26AUG1318-B63250,KXBTC,fade_no,0.07,0.95,0.04667500000000004
KXBTC-26AUG1318-B63250,KXBTC,lotto_yes,0.07,0.07,-0.07455700000000001
KXBTC-26AUG1318-B63150,KXBTC,fade_no,0.06,0.98,0.018628000000000016
KXBTC-26AUG1318-B63150,KXBTC,lotto_yes,0.06,0.06,-0.063948
KXBTC-26AUG1316-B63750,KXBTC,fade_no,0.04,0.98,0.018628000000000016
KXBTC-26AUG1316-B63750,KXBTC,lotto_yes,0.04,0.04,-0.042688000000000004
KXBTC-26AUG1316-B63650,KXBTC,fade_no,0.05,0.98,0.018628000000000016
KXBTC-26AUG1316-B63650,KXBTC,lotto_yes,0.05,0.05,-0.053325000000000004
KXBTC-26AUG1316-B63550,KXBTC,fade_no,0.1,0.9299999999999999,0.06544300000000006
KXBTC-26AUG1316-B63550,KXBTC,lotto_yes,0.1,0.1,-0.1063
KXBTC-26AUG1316-B63150,KXBTC,fade_no,0.11,0.92,0.07484799999999996
KXBTC-26AUG1316-B63150,KXBTC,lotto_yes,0.11,0.11,-0.116853
KXBTC-26AUG1316-B63050,KXBTC,fade_no,0.04,0.99,0.009307000000000008
KXBTC-26AUG1316-B63050,KXBTC,lotto_yes,0.04,0.04,-0.042688000000000004
KXBTC-26AUG1315-B63550,KXBTC,fade_no,0.04,0.98,0.018628000000000016
KXBTC-26AUG1315-B63550,KXBTC,lotto_yes,0.04,0.04,-0.042688000000000004
KXBTC-26AUG1315-B63450,KXBTC,fade_no,0.04,0.98,0.018628000000000016
KXBTC-26AUG1315-B63450,KXBTC,lotto_yes,0.04,0.04,-0.042688000000000004
KXBTC-26AUG1315-B63350,KXBTC,fade_no,0.11,0.91,0.08426699999999997
KXBTC-26AUG1315-B63350,KXBTC,lotto_yes,0.11,0.11,-0.116853
KXBTC-26AUG1315-B62950,KXBTC,fade_no,0.1,0.9299999999999999,0.06544300000000006
KXBTC-26AUG1315-B62950,KXBTC,lotto_yes,0.1,0.1,-0.1063
KXBTC-26AUG1315-B62850,KXBTC,fade_no,0.04,0.98,0.018628000000000016
KXBTC-26AUG1315-B62850,KXBTC,lotto_yes,0.04,0.04,-0.042688000000000004
KXBTC-26AUG1314-B63450,KXBTC,fade_no,0.05,0.97,0.027963000000000026
KXBTC-26AUG1314-B63450,KXBTC,lotto_yes,0.05,0.05,-0.053325000000000004
KXBTC-26AUG1314-B63350,KXBTC,fade_no,0.13,0.9,0.09369999999999998
KXBTC-26AUG1314-B63350,KXBTC,lotto_yes,0.13,0.13,-0.137917
KXBTC-26AUG1314-B62950,KXBTC,fade_no,0.11,0.9299999999999999,0.06544300000000006
KXBTC-26AUG1314-B62950,KXBTC,lotto_yes,0.11,0.11,-0.116853
KXBTC-26AUG1314-B62850,KXBTC,fade_no,0.06,0.98,0.018628000000000016
KXBTC-26AUG1314-B62850,KXBTC,lotto_yes,0.06,0.06,-0.063948
KXBTC-26AUG1314-B62750,KXBTC,fade_no,0.06,0.98,0.018628000000000016
KXBTC-26AUG1314-B62750,KXBTC,lotto_yes,0.06,0.06,-0.063948
KXBTC-26AUG1314-B62650,KXBTC,fade_no,0.05,0.99,0.009307000000000008
KXBTC-26AUG1314-B62650,KXBTC,lotto_yes,0.05,0.05,-0.053325000000000004
KXBTC-26AUG1313-B63750,KXBTC,fade_no,0.05,0.98,0.018628000000000016
KXBTC-26AUG1313-B63750,KXBTC,lotto_yes,0.05,0.05,-0.053325000000000004
KXBTC-26AUG1313-B63650,KXBTC,fade_no,0.1,0.92,0.07484799999999996
KXBTC-26AUG1313-B63650,KXBTC,lotto_yes,0.1,0.1,-0.1063
KXBTC-26AUG1313-B63450,KXBTC,fade_no,0.06,0.97,0.027963000000000026
KXBTC-26AUG1313-B63450,KXBTC,lotto_yes,0.06,0.06,-0.063948
KXBTC-26AUG1313-B63350,KXBTC,fade_no,0.03,0.99,0.009307000000000008
KXBTC-26AUG1313-B63350,KXBTC,lotto_yes,0.03,0.03,-0.032036999999999996
KXBTC-26AUG1313-B63250,KXBTC,fade_no,0.11,0.9,0.09369999999999998
KXBTC-26AUG1313-B63250,KXBTC,lotto_yes,0.11,0.11,-0.116853
KXBTC-26AUG1313-B63150,KXBTC,fade_no,0.06,0.97,0.027963000000000026
KXBTC-26AUG1313-B63150,KXBTC,lotto_yes,0.06,0.06,-0.063948
KXBTC-26AUG1313-B63050,KXBTC,fade_no,0.05,0.99,-0.990693
KXBTC-26AUG1313-B63050,KXBTC,lotto_yes,0.05,0.05,0.9466749999999999
KXBTC-26AUG1312-B64150,KXBTC,fade_no,0.03,0.98,0.018628000000000016
KXBTC-26AUG1312-B64150,KXBTC,lotto_yes,0.03,0.03,-0.032036999999999996
KXBTC-26AUG1312-B64050,KXBTC,fade_no,0.03,0.98,0.018628000000000016
KXBTC-26AUG1312-B64050,KXBTC,lotto_yes,0.03,0.03,-0.032036999999999996
KXBTC-26AUG1312-B63950,KXBTC,fade_no,0.1,0.92,0.07484799999999996
KXBTC-26AUG1312-B63950,KXBTC,lotto_yes,0.1,0.1,-0.1063
KXBTC-26AUG1312-B63550,KXBTC,fade_no,0.16,0.86,0.13157200000000002
KXBTC-26AUG1312-B63550,KXBTC,lotto_yes,0.16,0.16,-0.169408
KXBTC-26AUG1312-B63450,KXBTC,fade_no,0.07,0.98,0.018628000000000016
KXBTC-26AUG1312-B63450,KXBTC,lotto_yes,0.07,0.07,-0.07455700000000001
KXBTC-26AUG1311-B64150,KXBTC,fade_no,0.06,0.98,0.018628000000000016
KXBTC-26AUG1311-B64150,KXBTC,lotto_yes,0.06,0.06,-0.063948
KXBTC-26AUG1311-B64050,KXBTC,fade_no,0.08,0.95,0.04667500000000004
KXBTC-26AUG1311-B64050,KXBTC,lotto_yes,0.08,0.08,-0.085152
KXBTC-26AUG1311-B63950,KXBTC,fade_no,0.13,0.9,0.09369999999999998
KXBTC-26AUG1311-B63950,KXBTC,lotto_yes,0.13,0.13,-0.137917
KXBTC-26AUG1311-B63750,KXBTC,fade_no,0.16,0.88,0.112608
KXBTC-26AUG1311-B63750,KXBTC,lotto_yes,0.16,0.16,-0.169408
KXBTC-26AUG1311-B63650,KXBTC,fade_no,0.05,0.98,0.018628000000000016
KXBTC-26AUG1311-B63650,KXBTC,lotto_yes,0.05,0.05,-0.053325000000000004
KXBTC-26AUG1311-B63550,KXBTC,fade_no,0.11,0.92,0.07484799999999996
KXBTC-26AUG1311-B63550,KXBTC,lotto_yes,0.11,0.11,-0.116853
KXBTC-26AUG1311-B63450,KXBTC,fade_no,0.05,0.98,0.018628000000000016
KXBTC-26AUG1311-B63450,KXBTC,lotto_yes,0.05,0.05,-0.053325000000000004
KXBTC-26AUG1311-B63350,KXBTC,fade_no,0.03,0.99,0.009307000000000008
KXBTC-26AUG1311-B63350,KXBTC,lotto_yes,0.03,0.03,-0.032036999999999996
KXBTC-26AUG1311-B63250,KXBTC,fade_no,0.05,0.99,0.009307000000000008
KXBTC-26AUG1311-B63250,KXBTC,lotto_yes,0.05,0.05,-0.053325000000000004
KXBTC-26AUG1310-B64050,KXBTC,fade_no,0.03,0.98,0.018628000000000016
KXBTC-26AUG1310-B64050,KXBTC,lotto_yes,0.03,0.03,-0.032036999999999996
KXBTC-26AUG1310-B63950,KXBTC,fade_no,0.08,0.97,0.027963000000000026
KXBTC-26AUG1310-B63950,KXBTC,lotto_yes,0.08,0.08,-0.085152
KXBTC-26AUG1310-B63850,KXBTC,fade_no,0.14,0.91,0.08426699999999997
KXBTC-26AUG1310-B63850,KXBTC,lotto_yes,0.14,0.14,-0.148428
KXBTC-26AUG1310-B63450,KXBTC,fade_no,0.12,0.91,0.08426699999999997
KXBTC-26AUG1310-B63450,KXBTC,lotto_yes,0.12,0.12,-0.127392
KXBTC-26AUG1310-B63350,KXBTC,fade_no,0.08,0.97,0.027963000000000026
KXBTC-26AUG1310-B63350,KXBTC,lotto_yes,0.08,0.08,-0.085152
KXBTC-26AUG1310-B63250,KXBTC,fade_no,0.04,0.99,0.009307000000000008
KXBTC-26AUG1310-B63250,KXBTC,lotto_yes,0.04,0.04,-0.042688000000000004
KXBTC-26AUG1309-B63750,KXBTC,fade_no,0.07,0.96,0.03731200000000003
KXBTC-26AUG1309-B63750,KXBTC,lotto_yes,0.07,0.07,-0.07455700000000001
KXBTC-26AUG1309-B63650,KXBTC,fade_no,0.16,0.87,-0.877917
KXBTC-26AUG1309-B63650,KXBTC,lotto_yes,0.16,0.16,0.830592
KXBTC-26AUG1309-B63350,KXBTC,fade_no,0.14,0.87,0.122083
KXBTC-26AUG1309-B63350,KXBTC,lotto_yes,0.14,0.14,-0.148428
KXBTC-26AUG1309-B63250,KXBTC,fade_no,0.07,0.98,0.018628000000000016
KXBTC-26AUG1309-B63250,KXBTC,lotto_yes,0.07,0.07,-0.07455700000000001
KXBTC-26AUG1309-B63150,KXBTC,fade_no,0.04,0.98,0.018628000000000016
KXBTC-26AUG1309-B63150,KXBTC,lotto_yes,0.04,0.04,-0.042688000000000004
KXBTC-26AUG1308-B63750,KXBTC,fade_no,0.06,0.98,0.018628000000000016
KXBTC-26AUG1308-B63750,KXBTC,lotto_yes,0.06,0.06,-0.063948
KXBTC-26AUG1308-B63550,KXBTC,fade_no,0.04,0.98,0.018628000000000016
KXBTC-26AUG1308-B63550,KXBTC,lotto_yes,0.04,0.04,-0.042688000000000004
KXBTC-26AUG1307-B63850,KXBTC,fade_no,0.04,0.97,0.027963000000000026
KXBTC-26AUG1307-B63850,KXBTC,lotto_yes,0.04,0.04,-0.042688000000000004
KXBTC-26AUG1307-B63750,KXBTC,fade_no,0.14,0.9,0.09369999999999998
KXBTC-26AUG1307-B63750,KXBTC,lotto_yes,0.14,0.14,-0.148428
KXBTC-26AUG1307-B63450,KXBTC,fade_no,0.13,0.9299999999999999,0.06544300000000006
KXBTC-26AUG1307-B63450,KXBTC,lotto_yes,0.13,0.13,-0.137917
KXBTC-26AUG1307-B63350,KXBTC,fade_no,0.08,0.98,0.018628000000000016
KXBTC-26AUG1307-B63350,KXBTC,lotto_yes,0.08,0.08,-0.085152
KXBTC-26AUG1306-B63850,KXBTC,fade_no,0.05,0.98,0.018628000000000016
KXBTC-26AUG1306-B63850,KXBTC,lotto_yes,0.05,0.05,-0.053325000000000004
KXBTC-26AUG1306-B63450,KXBTC,fade_no,0.14,0.91,0.08426699999999997
KXBTC-26AUG1306-B63450,KXBTC,lotto_yes,0.14,0.14,-0.148428
KXBTC-26AUG1301-B63850,KXBTC,fade_no,0.04,0.99,0.009307000000000008
KXBTC-26AUG1301-B63850,KXBTC,lotto_yes,0.04,0.04,-0.042688000000000004
KXBTC-26AUG1301-B63750,KXBTC,fade_no,0.07,0.97,0.027963000000000026
KXBTC-26AUG1301-B63750,KXBTC,lotto_yes,0.07,0.07,-0.07455700000000001
KXBTC-26AUG1301-B63450,KXBTC,fade_no,0.04,0.99,0.009307000000000008
KXBTC-26AUG1301-B63450,KXBTC,lotto_yes,0.04,0.04,-0.042688000000000004
KXBTC-26AUG1301-B63350,KXBTC,fade_no,0.05,0.98,0.018628000000000016
KXBTC-26AUG1301-B63350,KXBTC,lotto_yes,0.05,0.05,-0.053325000000000004
KXBTC-26AUG1317-B64625,KXBTC,fade_no,0.03,0.99,0.009307000000000008
KXBTC-26AUG1317-B64625,KXBTC,lotto_yes,0.03,0.03,-0.032036999999999996
KXBTC-26AUG1317-B64375,KXBTC,fade_no,0.03,0.98,0.018628000000000016
KXBTC-26AUG1317-B64375,KXBTC,lotto_yes,0.03,0.03,-0.032036999999999996
KXBTC-26AUG1317-B64125,KXBTC,fade_no,0.03,0.98,0.018628000000000016
KXBTC-26AUG1317-B64125,KXBTC,lotto_yes,0.03,0.03,-0.032036999999999996
KXBTC-26AUG1317-B63875,KXBTC,fade_no,0.03,0.98,0.018628000000000016
KXBTC-26AUG1317-B63875,KXBTC,lotto_yes,0.03,0.03,-0.032036999999999996
KXBTC-26AUG1317-B63625,KXBTC,fade_no,0.03,0.99,0.009307000000000008
KXBTC-26AUG1317-B63625,KXBTC,lotto_yes,0.03,0.03,-0.032036999999999996
KXBTC-26AUG1317-B63375,KXBTC,fav_yes,0.95,0.95,0.04667500000000004
KXBTC-26AUG1317-B63125,KXBTC,fade_no,0.03,0.98,0.018628000000000016
KXBTC-26AUG1317-B63125,KXBTC,lotto_yes,0.03,0.03,-0.032036999999999996
KXBTC-26AUG1317-B62875,KXBTC,fade_no,0.04,0.99,0.009307000000000008
KXBTC-26AUG1317-B62875,KXBTC,lotto_yes,0.04,0.04,-0.042688000000000004
KXBTC-26AUG1317-B62625,KXBTC,fade_no,0.04,0.99,0.009307000000000008
KXBTC-26AUG1317-B62625,KXBTC,lotto_yes,0.04,0.04,-0.042688000000000004
KXBTC-26AUG1317-B62375,KXBTC,fade_no,0.03,0.99,0.009307000000000008
KXBTC-26AUG1317-B62375,KXBTC,lotto_yes,0.03,0.03,-0.032036999999999996
KXBTC-26AUG1317-B62125,KXBTC,fade_no,0.03,0.99,0.009307000000000008
KXBTC-26AUG1317-B62125,KXBTC,lotto_yes,0.03,0.03,-0.032036999999999996
KXETHD-26AUG1419-T1879.99,KXETHD,fade_no,0.14,0.88,0.112608
KXETHD-26AUG1419-T1879.99,KXETHD,lotto_yes,0.14,0.14,-0.148428
KXETHD-26AUG1418-T1879.99,KXETHD,fade_no,0.19,0.83,0.16012300000000004
KXETHD-26AUG1418-T1879.99,KXETHD,lotto_yes,0.19,0.19,-0.200773
KXETHD-26AUG1418-T1874.99,KXETHD,fav_yes,0.85,0.85,0.141075
KXETHD-26AUG1416-T1874.99,KXETHD,fav_yes,0.9,0.9,0.09369999999999998
KXETHD-26AUG1416-T1864.99,KXETHD,fav_yes,0.97,0.97,0.027963000000000026
KXETHD-26AUG1415-T1879.99,KXETHD,fade_no,0.04,0.98,0.018628000000000016
KXETHD-26AUG1415-T1879.99,KXETHD,lotto_yes,0.04,0.04,-0.042688000000000004
KXETHD-26AUG1414-T1884.99,KXETHD,fade_no,0.05,0.96,0.03731200000000003
KXETHD-26AUG1414-T1884.99,KXETHD,lotto_yes,0.05,0.05,-0.053325000000000004
KXETHD-26AUG1414-T1874.99,KXETHD,fav_yes,0.96,0.96,0.03731200000000003
KXETHD-26AUG1413-T1889.99,KXETHD,fade_no,0.06,0.95,0.04667500000000004
KXETHD-26AUG1413-T1889.99,KXETHD,lotto_yes,0.06,0.06,-0.063948
KXETHD-26AUG1413-T1879.99,KXETHD,fav_yes,0.96,0.96,0.03731200000000003
KXETHD-26AUG1412-T1874.99,KXETHD,fav_yes,0.95,0.95,0.04667500000000004
KXETHD-26AUG1412-T1864.99,KXETHD,fav_yes,0.97,0.97,0.027963000000000026
KXETHD-26AUG1411-T1884.99,KXETHD,fade_no,0.03,0.99,0.009307000000000008
KXETHD-26AUG1411-T1884.99,KXETHD,lotto_yes,0.03,0.03,-0.032036999999999996
KXETHD-26AUG1411-T1879.99,KXETHD,fade_no,0.04,0.97,0.027963000000000026
KXETHD-26AUG1411-T1879.99,KXETHD,lotto_yes,0.04,0.04,-0.042688000000000004
KXETHD-26AUG1411-T1874.99,KXETHD,fade_no,0.11,0.9,0.09369999999999998
KXETHD-26AUG1411-T1874.99,KXETHD,lotto_yes,0.11,0.11,-0.116853
KXETHD-26AUG1411-T1864.99,KXETHD,fav_yes,0.87,0.87,0.122083
KXETHD-26AUG1411-T1854.99,KXETHD,fav_yes,0.93,0.93,0.06544299999999996
KXETHD-26AUG1411-T1849.99,KXETHD,fav_yes,0.97,0.97,0.027963000000000026
KXETHD-26AUG1410-T1879.99,KXETHD,fade_no,0.04,0.97,0.027963000000000026
KXETHD-26AUG1410-T1879.99,KXETHD,lotto_yes,0.04,0.04,-0.042688000000000004
KXETHD-26AUG1410-T1874.99,KXETHD,fade_no,0.08,0.9299999999999999,0.06544300000000006
KXETHD-26AUG1410-T1874.99,KXETHD,lotto_yes,0.08,0.08,-0.085152
KXETHD-26AUG1410-T1859.99,KXETHD,fav_yes,0.96,0.96,0.03731200000000003
KXETHD-26AUG1410-T1854.99,KXETHD,fav_yes,0.96,0.96,0.03731200000000003
KXETHD-26AUG1409-T1884.99,KXETHD,fade_no,0.03,0.98,0.018628000000000016
KXETHD-26AUG1409-T1884.99,KXETHD,lotto_yes,0.03,0.03,-0.032036999999999996
KXETHD-26AUG1409-T1869.99,KXETHD,fav_yes,0.92,0.92,0.07484799999999996
KXETHD-26AUG1408-T1879.99,KXETHD,fade_no,0.12,0.9,0.09369999999999998
KXETHD-26AUG1408-T1879.99,KXETHD,lotto_yes,0.12,0.12,-0.127392
KXETHD-26AUG1408-T1874.99,KXETHD,fav_yes,0.92,0.92,0.07484799999999996
KXETHD-26AUG1406-T1879.99,KXETHD,fade_no,0.07,0.94,0.056052000000000046
KXETHD-26AUG1406-T1879.99,KXETHD,lotto_yes,0.07,0.07,-0.07455700000000001
KXETHD-26AUG1406-T1874.99,KXETHD,fade_no,0.03,0.98,0.018628000000000016
KXETHD-26AUG1406-T1874.99,KXETHD,lotto_yes,0.03,0.03,-0.032036999999999996
KXETHD-26AUG1405-T1879.99,KXETHD,fade_no,0.03,0.98,0.018628000000000016
KXETHD-26AUG1405-T1879.99,KXETHD,lotto_yes,0.03,0.03,-0.032036999999999996
KXETHD-26AUG1405-T1874.99,KXETHD,fade_no,0.09,0.92,-0.9251520000000001
KXETHD-26AUG1405-T1874.99,KXETHD,lotto_yes,0.09,0.09,0.904267
KXETHD-26AUG1404-T1869.99,KXETHD,fav_yes,0.96,0.96,0.03731200000000003
KXETHD-26AUG1403-T1884.99,KXETHD,fade_no,0.04,0.97,0.027963000000000026
KXETHD-26AUG1403-T1884.99,KXETHD,lotto_yes,0.04,0.04,-0.042688000000000004
KXETHD-26AUG1402-T1889.99,KXETHD,fade_no,0.03,0.98,0.018628000000000016
KXETHD-26AUG1402-T1889.99,KXETHD,lotto_yes,0.03,0.03,-0.032036999999999996
KXETHD-26AUG1402-T1884.99,KXETHD,fade_no,0.06,0.96,0.03731200000000003
KXETHD-26AUG1402-T1884.99,KXETHD,lotto_yes,0.06,0.06,-0.063948
KXETHD-26AUG1402-T1879.99,KXETHD,fav_yes,0.93,0.93,0.06544299999999996
KXETHD-26AUG1402-T1874.99,KXETHD,fav_yes,0.93,0.93,0.06544299999999996
KXETHD-26AUG1323-T1894.99,KXETHD,fade_no,0.03,0.98,0.018628000000000016
KXETHD-26AUG1323-T1894.99,KXETHD,lotto_yes,0.03,0.03,-0.032036999999999996
KXETHD-26AUG1323-T1889.99,KXETHD,fade_no,0.06,0.97,0.027963000000000026
KXETHD-26AUG1323-T1889.99,KXETHD,lotto_yes,0.06,0.06,-0.063948
KXETHD-26AUG1323-T1884.99,KXETHD,fav_yes,0.84,0.84,0.15059200000000003
KXETHD-26AUG1322-T1884.99,KXETHD,fav_yes,0.95,0.95,0.04667500000000004
KXETHD-26AUG1321-T1889.99,KXETHD,fade_no,0.18,0.84,0.15059200000000003
KXETHD-26AUG1321-T1889.99,KXETHD,lotto_yes,0.18,0.18,-0.190332
KXETHD-26AUG1321-T1884.99,KXETHD,fav_yes,0.92,0.92,0.07484799999999996
KXSOLD-26AUG1420-T75.4999,KXSOLD,fade_no,0.04,0.99,0.009307000000000008
KXSOLD-26AUG1420-T75.4999,KXSOLD,lotto_yes,0.04,0.04,-0.042688000000000004
KXSOLD-26AUG1419-T75.2499,KXSOLD,fade_no,0.04,0.99,0.009307000000000008
KXSOLD-26AUG1419-T75.2499,KXSOLD,lotto_yes,0.04,0.04,-0.042688000000000004
KXSOLD-26AUG1418-T75.2499,KXSOLD,fade_no,0.08,0.97,0.027963000000000026
KXSOLD-26AUG1418-T75.2499,KXSOLD,lotto_yes,0.08,0.08,-0.085152
KXSOLD-26AUG1418-T74.9999,KXSOLD,fav_yes,0.84,0.84,0.15059200000000003
KXSOLD-26AUG1416-T75.2499,KXSOLD,fade_no,0.03,0.99,0.009307000000000008
KXSOLD-26AUG1416-T75.2499,KXSOLD,lotto_yes,0.03,0.03,-0.032036999999999996
KXSOLD-26AUG1416-T74.7499,KXSOLD,fav_yes,0.97,0.97,0.027963000000000026
KXSOLD-26AUG1416-T74.2499,KXSOLD,fav_yes,0.96,0.96,0.03731200000000003
KXSOLD-26AUG1415-T75.2499,KXSOLD,fade_no,0.1,0.94,0.056052000000000046
KXSOLD-26AUG1415-T75.2499,KXSOLD,lotto_yes,0.1,0.1,-0.1063
KXSOLD-26AUG1414-T75.7499,KXSOLD,fade_no,0.03,0.99,0.009307000000000008
KXSOLD-26AUG1414-T75.7499,KXSOLD,lotto_yes,0.03,0.03,-0.032036999999999996
KXSOLD-26AUG1414-T75.4999,KXSOLD,fade_no,0.19,0.85,0.141075
KXSOLD-26AUG1414-T75.4999,KXSOLD,lotto_yes,0.19,0.19,-0.200773
KXSOLD-26AUG1414-T75.2499,KXSOLD,fav_yes,0.84,0.84,-0.8494079999999999
KXSOLD-26AUG1413-T75.7499,KXSOLD,fade_no,0.05,0.98,0.018628000000000016
KXSOLD-26AUG1413-T75.7499,KXSOLD,lotto_yes,0.05,0.05,-0.053325000000000004
KXSOLD-26AUG1412-T75.7499,KXSOLD,fade_no,0.04,0.98,0.018628000000000016
KXSOLD-26AUG1412-T75.7499,KXSOLD,lotto_yes,0.04,0.04,-0.042688000000000004
KXSOLD-26AUG1412-T75.4999,KXSOLD,fav_yes,0.84,0.84,0.15059200000000003
KXSOLD-26AUG1411-T75.4999,KXSOLD,fade_no,0.09,0.94,0.056052000000000046
KXSOLD-26AUG1411-T75.4999,KXSOLD,lotto_yes,0.09,0.09,-0.095733
KXSOLD-26AUG1411-T74.9999,KXSOLD,fav_yes,0.96,0.96,0.03731200000000003
KXSOLD-26AUG1410-T75.9999,KXSOLD,fade_no,0.03,0.99,0.009307000000000008
KXSOLD-26AUG1410-T75.9999,KXSOLD,lotto_yes,0.03,0.03,-0.032036999999999996
KXSOLD-26AUG1410-T75.7499,KXSOLD,fade_no,0.03,0.99,0.009307000000000008
KXSOLD-26AUG1410-T75.7499,KXSOLD,lotto_yes,0.03,0.03,-0.032036999999999996
KXSOLD-26AUG1410-T75.4999,KXSOLD,fade_no,0.17,0.86,0.13157200000000002
KXSOLD-26AUG1410-T75.4999,KXSOLD,lotto_yes,0.17,0.17,-0.179877
KXSOLD-26AUG1410-T74.9999,KXSOLD,fav_yes,0.95,0.95,0.04667500000000004
KXSOLD-26AUG1410-T74.7499,KXSOLD,fav_yes,0.95,0.95,0.04667500000000004
KXSOLD-26AUG1409-T75.9999,KXSOLD,fade_no,0.03,0.98,0.018628000000000016
KXSOLD-26AUG1409-T75.9999,KXSOLD,lotto_yes,0.03,0.03,-0.032036999999999996
KXSOLD-26AUG1409-T75.4999,KXSOLD,fade_no,0.17,0.84,0.15059200000000003
KXSOLD-26AUG1409-T75.4999,KXSOLD,lotto_yes,0.17,0.17,-0.179877
KXSOLD-26AUG1409-T75.2499,KXSOLD,fav_yes,0.93,0.93,0.06544299999999996
KXSOLD-26AUG1408-T75.7499,KXSOLD,fade_no,0.06,0.96,0.03731200000000003
KXSOLD-26AUG1408-T75.7499,KXSOLD,lotto_yes,0.06,0.06,-0.063948
KXSOLD-26AUG1407-T75.7499,KXSOLD,fade_no,0.07,0.96,0.03731200000000003
KXSOLD-26AUG1407-T75.7499,KXSOLD,lotto_yes,0.07,0.07,-0.07455700000000001
KXSOLD-26AUG1407-T75.2499,KXSOLD,fav_yes,0.91,0.91,0.08426699999999997
KXSOLD-26AUG1406-T75.9999,KXSOLD,fade_no,0.08,0.9299999999999999,0.06544300000000006
KXSOLD-26AUG1406-T75.9999,KXSOLD,lotto_yes,0.08,0.08,-0.085152
KXSOLD-26AUG1406-T75.4999,KXSOLD,fade_no,0.15,0.89,0.10314699999999999
KXSOLD-26AUG1406-T75.4999,KXSOLD,lotto_yes,0.15,0.15,-0.15892499999999998
KXSOLD-26AUG1405-T75.9999,KXSOLD,fade_no,0.03,0.99,0.009307000000000008
KXSOLD-26AUG1405-T75.9999,KXSOLD,lotto_yes,0.03,0.03,-0.032036999999999996
KXSOLD-26AUG1405-T75.7499,KXSOLD,fade_no,0.15,0.89,-0.896853
KXSOLD-26AUG1405-T75.7499,KXSOLD,lotto_yes,0.15,0.15,0.841075
KXSOLD-26AUG1404-T75.7499,KXSOLD,fade_no,0.04,0.99,0.009307000000000008
KXSOLD-26AUG1404-T75.7499,KXSOLD,lotto_yes,0.04,0.04,-0.042688000000000004
KXSOLD-26AUG1403-T75.7499,KXSOLD,fade_no,0.05,0.98,0.018628000000000016
KXSOLD-26AUG1403-T75.7499,KXSOLD,lotto_yes,0.05,0.05,-0.053325000000000004
KXSOLD-26AUG1403-T75.4999,KXSOLD,fav_yes,0.83,0.83,-0.839877
KXSOLD-26AUG1402-T75.9999,KXSOLD,fade_no,0.1,0.9299999999999999,0.06544300000000006
KXSOLD-26AUG1402-T75.9999,KXSOLD,lotto_yes,0.1,0.1,-0.1063
KXSOLD-26AUG1402-T75.7499,KXSOLD,fav_yes,0.91,0.91,0.08426699999999997
KXSOLD-26AUG1401-T76.2499,KXSOLD,fade_no,0.03,0.99,0.009307000000000008
KXSOLD-26AUG1401-T76.2499,KXSOLD,lotto_yes,0.03,0.03,-0.032036999999999996
KXSOLD-26AUG1401-T75.9999,KXSOLD,fade_no,0.09,0.95,0.04667500000000004
KXSOLD-26AUG1401-T75.9999,KXSOLD,lotto_yes,0.09,0.09,-0.095733
KXSOLD-26AUG1401-T75.7499,KXSOLD,fav_yes,0.89,0.89,0.10314699999999999
KXSOLD-26AUG1400-T76.2499,KXSOLD,fade_no,0.06,0.96,0.03731200000000003
KXSOLD-26AUG1400-T76.2499,KXSOLD,lotto_yes,0.06,0.06,-0.063948
KXSOLD-26AUG1400-T75.9999,KXSOLD,fade_no,0.03,0.99,0.009307000000000008
KXSOLD-26AUG1400-T75.9999,KXSOLD,lotto_yes,0.03,0.03,-0.032036999999999996
KXSOLD-26AUG1322-T76.2499,KXSOLD,fade_no,0.06,0.96,0.03731200000000003
KXSOLD-26AUG1322-T76.2499,KXSOLD,lotto_yes,0.06,0.06,-0.063948
KXSOLD-26AUG1322-T75.4999,KXSOLD,fav_yes,0.97,0.97,0.027963000000000026
KXSOLD-26AUG1321-T76.2499,KXSOLD,fade_no,0.1,0.94,0.056052000000000046
KXSOLD-26AUG1321-T76.2499,KXSOLD,lotto_yes,0.1,0.1,-0.1063
KXSOLD-26AUG1321-T75.9999,KXSOLD,fav_yes,0.83,0.83,0.16012300000000004
KXXRPD-26AUG1105-T0.9999,KXXRPD,fav_yes,0.95,0.95,0.04667500000000004
KXXRPD-26AUG1104-T0.9999,KXXRPD,fav_yes,0.96,0.96,0.03731200000000003
KXXRPD-26AUG1117-T1.0199,KXXRPD,fade_no,0.1,0.92,0.07484799999999996
KXXRPD-26AUG1117-T1.0199,KXXRPD,lotto_yes,0.1,0.1,-0.1063
KXXRPD-26AUG1019-T1.0199,KXXRPD,fade_no,0.03,0.99,0.009307000000000008
KXXRPD-26AUG1019-T1.0199,KXXRPD,lotto_yes,0.03,0.03,-0.032036999999999996
KXXRPD-26AUG1016-T1.0199,KXXRPD,fav_yes,0.82,0.82,-0.830332
KXXRPD-26AUG1012-T1.0199,KXXRPD,fav_yes,0.9,0.9,0.09369999999999998
KXXRPD-26AUG1009-T1.0399,KXXRPD,fade_no,0.04,0.99,0.009307000000000008
KXXRPD-26AUG1009-T1.0399,KXXRPD,lotto_yes,0.04,0.04,-0.042688000000000004
KXDOGED-26AUG0904-T0.0699999,KXDOGED,fav_yes,0.97,0.97,0.027963000000000026
KXDOGED-26AUG0902-T0.0699999,KXDOGED,fade_no,0.06,0.98,0.018628000000000016
KXDOGED-26AUG0902-T0.0699999,KXDOGED,lotto_yes,0.06,0.06,-0.063948
KXDOGED-26AUG0917-T0.0749999,KXDOGED,fade_no,0.03,0.99,0.009307000000000008
KXDOGED-26AUG0917-T0.0749999,KXDOGED,lotto_yes,0.03,0.03,-0.032036999999999996
KXDOGED-26AUG0917-T0.0699999,KXDOGED,fav_yes,0.97,0.97,0.027963000000000026
KXBTCD-26AUG1504-T63099.99,KXBTCD,fade_no,0.03,0.98,0.018628000000000016
KXBTCD-26AUG1504-T63099.99,KXBTCD,lotto_yes,0.03,0.03,-0.032036999999999996
KXBTCD-26AUG1503-T63099.99,KXBTCD,fade_no,0.04,0.97,0.027963000000000026
KXBTCD-26AUG1503-T63099.99,KXBTCD,lotto_yes,0.04,0.04,-0.042688000000000004
KXBTCD-26AUG1502-T62999.99,KXBTCD,fav_yes,0.82,0.82,0.16966800000000004
KXBTCD-26AUG1517-T62999.99,KXBTCD,fav_yes,0.91,0.91,0.08426699999999997
KXBTCD-26AUG1500-T63099.99,KXBTCD,fade_no,0.03,0.98,0.018628000000000016
KXBTCD-26AUG1500-T63099.99,KXBTCD,lotto_yes,0.03,0.03,-0.032036999999999996
KXBTCD-26AUG1423-T63099.99,KXBTCD,fade_no,0.12,0.89,0.10314699999999999
KXBTCD-26AUG1423-T63099.99,KXBTCD,lotto_yes,0.12,0.12,-0.127392
KXBTCD-26AUG1423-T62999.99,KXBTCD,fav_yes,0.94,0.94,0.056052000000000046
KXBTCD-26AUG1422-T62999.99,KXBTCD,fade_no,0.16,0.85,0.141075
KXBTCD-26AUG1422-T62999.99,KXBTCD,lotto_yes,0.16,0.16,-0.169408
KXBTCD-26AUG1422-T62899.99,KXBTCD,fav_yes,0.97,0.97,0.027963000000000026
KXBTCD-26AUG1421-T62999.99,KXBTCD,fade_no,0.09,0.92,0.07484799999999996
KXBTCD-26AUG1421-T62999.99,KXBTCD,lotto_yes,0.09,0.09,-0.095733
KXBTCD-26AUG1421-T62899.99,KXBTCD,fav_yes,0.93,0.93,0.06544299999999996
KXBTCD-26AUG1420-T62999.99,KXBTCD,fade_no,0.12,0.89,0.10314699999999999
KXBTCD-26AUG1420-T62999.99,KXBTCD,lotto_yes,0.12,0.12,-0.127392
KXBTCD-26AUG1420-T62899.99,KXBTCD,fav_yes,0.8,0.8,0.18879999999999997
KXBTCD-26AUG1419-T62899.99,KXBTCD,fade_no,0.05,0.97,0.027963000000000026
KXBTCD-26AUG1419-T62899.99,KXBTCD,lotto_yes,0.05,0.05,-0.053325000000000004
KXBTCD-26AUG1418-T62899.99,KXBTCD,fade_no,0.07,0.94,0.056052000000000046
KXBTCD-26AUG1418-T62899.99,KXBTCD,lotto_yes,0.07,0.07,-0.07455700000000001
KXBTCD-26AUG1416-T62999.99,KXBTCD,fade_no,0.08,0.9299999999999999,0.06544300000000006
KXBTCD-26AUG1416-T62999.99,KXBTCD,lotto_yes,0.08,0.08,-0.085152
KXBTCD-26AUG1416-T62799.99,KXBTCD,fav_yes,0.94,0.94,0.056052000000000046
KXBTCD-26AUG1415-T62999.99,KXBTCD,fade_no,0.09,0.92,0.07484799999999996
KXBTCD-26AUG1415-T62999.99,KXBTCD,lotto_yes,0.09,0.09,-0.095733
KXBTCD-26AUG1415-T62799.99,KXBTCD,fav_yes,0.95,0.95,0.04667500000000004
KXBTCD-26AUG1414-T63399.99,KXBTCD,fade_no,0.03,0.98,0.018628000000000016
KXBTCD-26AUG1414-T63399.99,KXBTCD,lotto_yes,0.03,0.03,-0.032036999999999996
KXBTCD-26AUG1414-T63099.99,KXBTCD,fade_no,0.13,0.88,0.112608
KXBTCD-26AUG1414-T63099.99,KXBTCD,lotto_yes,0.13,0.13,-0.137917
KXBTCD-26AUG1414-T62899.99,KXBTCD,fav_yes,0.94,0.94,0.056052000000000046
KXBTCD-26AUG1413-T63299.99,KXBTCD,fade_no,0.04,0.97,0.027963000000000026
KXBTCD-26AUG1413-T63299.99,KXBTCD,lotto_yes,0.04,0.04,-0.042688000000000004
KXBTCD-26AUG1413-T62999.99,KXBTCD,fav_yes,0.95,0.95,0.04667500000000004
KXBTCD-26AUG1413-T62699.99,KXBTCD,fav_yes,0.97,0.97,0.027963000000000026
KXBTCD-26AUG1412-T62999.99,KXBTCD,fade_no,0.18,0.83,0.16012300000000004
KXBTCD-26AUG1412-T62999.99,KXBTCD,lotto_yes,0.18,0.18,-0.190332
KXBTCD-26AUG1412-T62799.99,KXBTCD,fav_yes,0.87,0.87,0.122083
KXBTCD-26AUG1412-T62699.99,KXBTCD,fav_yes,0.96,0.96,0.03731200000000003
KXBTCD-26AUG1412-T62399.99,KXBTCD,fav_yes,0.92,0.92,0.07484799999999996
KXBTCD-26AUG1412-T62299.99,KXBTCD,fav_yes,0.97,0.97,0.027963000000000026
KXBTCD-26AUG1411-T62999.99,KXBTCD,fade_no,0.03,0.98,0.018628000000000016
KXBTCD-26AUG1411-T62999.99,KXBTCD,lotto_yes,0.03,0.03,-0.032036999999999996
KXBTCD-26AUG1411-T62899.99,KXBTCD,fade_no,0.07,0.94,0.056052000000000046
KXBTCD-26AUG1411-T62899.99,KXBTCD,lotto_yes,0.07,0.07,-0.07455700000000001
KXBTCD-26AUG1411-T62799.99,KXBTCD,fade_no,0.13,0.88,0.112608
KXBTCD-26AUG1411-T62799.99,KXBTCD,lotto_yes,0.13,0.13,-0.137917
KXBTCD-26AUG1411-T62599.99,KXBTCD,fav_yes,0.8,0.8,-0.8112
KXBTCD-26AUG1411-T62499.99,KXBTCD,fav_yes,0.94,0.94,0.056052000000000046
KXBTCD-26AUG1411-T62299.99,KXBTCD,fav_yes,0.87,0.87,0.122083
KXBTCD-26AUG1411-T62199.99,KXBTCD,fav_yes,0.94,0.94,0.056052000000000046
KXBTCD-26AUG1411-T62099.99,KXBTCD,fav_yes,0.97,0.97,0.027963000000000026
KXBTCD-26AUG1410-T62999.99,KXBTCD,fade_no,0.03,0.98,0.018628000000000016
KXBTCD-26AUG1410-T62999.99,KXBTCD,lotto_yes,0.03,0.03,-0.032036999999999996
KXBTCD-26AUG1410-T62899.99,KXBTCD,fade_no,0.06,0.95,0.04667500000000004
KXBTCD-26AUG1410-T62899.99,KXBTCD,lotto_yes,0.06,0.06,-0.063948
KXBTCD-26AUG1410-T62799.99,KXBTCD,fade_no,0.12,0.89,0.10314699999999999
KXBTCD-26AUG1410-T62799.99,KXBTCD,lotto_yes,0.12,0.12,-0.127392
KXBTCD-26AUG1410-T62499.99,KXBTCD,fav_yes,0.84,0.84,0.15059200000000003
KXBTCD-26AUG1410-T62399.99,KXBTCD,fav_yes,0.96,0.96,0.03731200000000003
KXBTCD-26AUG1410-T62299.99,KXBTCD,fav_yes,0.93,0.93,0.06544299999999996
KXBTCD-26AUG1410-T62199.99,KXBTCD,fav_yes,0.97,0.97,0.027963000000000026
KXBTCD-26AUG1409-T62999.99,KXBTCD,fade_no,0.08,0.9299999999999999,0.06544300000000006
KXBTCD-26AUG1409-T62999.99,KXBTCD,lotto_yes,0.08,0.08,-0.085152
KXBTCD-26AUG1409-T62899.99,KXBTCD,fade_no,0.03,0.98,0.018628000000000016
KXBTCD-26AUG1409-T62899.99,KXBTCD,lotto_yes,0.03,0.03,-0.032036999999999996
KXBTCD-26AUG1409-T62799.99,KXBTCD,fade_no,0.11,0.9,0.09369999999999998
KXBTCD-26AUG1409-T62799.99,KXBTCD,lotto_yes,0.11,0.11,-0.116853
KXBTCD-26AUG1409-T62599.99,KXBTCD,fav_yes,0.92,0.92,0.07484799999999996
KXBTCD-26AUG1409-T62499.99,KXBTCD,fav_yes,0.97,0.97,0.027963000000000026
KXBTCD-26AUG1408-T62899.99,KXBTCD,fade_no,0.08,0.9299999999999999,0.06544300000000006
KXBTCD-26AUG1408-T62899.99,KXBTCD,lotto_yes,0.08,0.08,-0.085152
KXBTCD-26AUG1408-T62699.99,KXBTCD,fav_yes,0.97,0.97,0.027963000000000026
KXBTCD-26AUG1407-T62899.99,KXBTCD,fade_no,0.07,0.94,0.056052000000000046
KXBTCD-26AUG1407-T62899.99,KXBTCD,lotto_yes,0.07,0.07,-0.07455700000000001
KXBTCD-26AUG1407-T62699.99,KXBTCD,fav_yes,0.95,0.95,0.04667500000000004
KXBTCD-26AUG1406-T62999.99,KXBTCD,fade_no,0.04,0.97,0.027963000000000026
KXBTCD-26AUG1406-T62999.99,KXBTCD,lotto_yes,0.04,0.04,-0.042688000000000004
KXBTCD-26AUG1406-T62799.99,KXBTCD,fade_no,0.07,0.94,0.056052000000000046
KXBTCD-26AUG1406-T62799.99,KXBTCD,lotto_yes,0.07,0.07,-0.07455700000000001
KXBTCD-26AUG1406-T62599.99,KXBTCD,fav_yes,0.91,0.91,0.08426699999999997
KXBTCD-26AUG1405-T63099.99,KXBTCD,fade_no,0.03,0.98,0.018628000000000016
KXBTCD-26AUG1405-T63099.99,KXBTCD,lotto_yes,0.03,0.03,-0.032036999999999996
KXBTCD-26AUG1405-T62899.99,KXBTCD,fade_no,0.05,0.96,0.03731200000000003
KXBTCD-26AUG1405-T62899.99,KXBTCD,lotto_yes,0.05,0.05,-0.053325000000000004
KXBTCD-26AUG1405-T62699.99,KXBTCD,fav_yes,0.85,0.85,0.141075
KXBTC-26AUG1504-B63150,KXBTC,fade_no,0.03,0.98,0.018628000000000016
KXBTC-26AUG1504-B63150,KXBTC,lotto_yes,0.03,0.03,-0.032036999999999996
KXBTC-26AUG1504-B62850,KXBTC,fade_no,0.04,0.99,0.009307000000000008
KXBTC-26AUG1504-B62850,KXBTC,lotto_yes,0.04,0.04,-0.042688000000000004
KXBTC-26AUG1503-B63150,KXBTC,fade_no,0.03,0.99,0.009307000000000008
KXBTC-26AUG1503-B63150,KXBTC,lotto_yes,0.03,0.03,-0.032036999999999996
KXBTC-26AUG1503-B62850,KXBTC,fade_no,0.03,0.99,0.009307000000000008
KXBTC-26AUG1503-B62850,KXBTC,lotto_yes,0.03,0.03,-0.032036999999999996
KXBTC-26AUG1502-B63250,KXBTC,fade_no,0.03,0.98,0.018628000000000016
KXBTC-26AUG1502-B63250,KXBTC,lotto_yes,0.03,0.03,-0.032036999999999996
KXBTC-26AUG1502-B63150,KXBTC,fade_no,0.03,0.98,0.018628000000000016
KXBTC-26AUG1502-B63150,KXBTC,lotto_yes,0.03,0.03,-0.032036999999999996
KXBTC-26AUG1501-B62950,KXBTC,fade_no,0.03,0.98,0.018628000000000016
KXBTC-26AUG1501-B62950,KXBTC,lotto_yes,0.03,0.03,-0.032036999999999996
KXBTC-26AUG1501-B62850,KXBTC,fade_no,0.03,0.99,0.009307000000000008
KXBTC-26AUG1501-B62850,KXBTC,lotto_yes,0.03,0.03,-0.032036999999999996
KXBTC-26AUG1517-B63375,KXBTC,fade_no,0.04,0.99,0.009307000000000008
KXBTC-26AUG1517-B63375,KXBTC,lotto_yes,0.04,0.04,-0.042688000000000004
KXBTC-26AUG1517-B63125,KXBTC,fav_yes,0.88,0.88,0.112608
KXBTC-26AUG1517-B62875,KXBTC,fade_no,0.1,0.9299999999999999,0.06544300000000006
KXBTC-26AUG1517-B62875,KXBTC,lotto_yes,0.1,0.1,-0.1063
KXBTC-26AUG1500-B63250,KXBTC,fade_no,0.03,0.98,0.018628000000000016
KXBTC-26AUG1500-B63250,KXBTC,lotto_yes,0.03,0.03,-0.032036999999999996
KXBTC-26AUG1500-B63150,KXBTC,fade_no,0.03,0.98,0.018628000000000016
KXBTC-26AUG1500-B63150,KXBTC,lotto_yes,0.03,0.03,-0.032036999999999996
KXBTC-26AUG1500-B62850,KXBTC,fade_no,0.03,0.99,0.009307000000000008
KXBTC-26AUG1500-B62850,KXBTC,lotto_yes,0.03,0.03,-0.032036999999999996
KXBTC-26AUG1423-B63150,KXBTC,fade_no,0.1,0.91,0.08426699999999997
KXBTC-26AUG1423-B63150,KXBTC,lotto_yes,0.1,0.1,-0.1063
KXBTC-26AUG1423-B63050,KXBTC,fav_yes,0.84,0.84,0.15059200000000003
KXBTC-26AUG1423-B62950,KXBTC,fade_no,0.07,0.96,0.03731200000000003
KXBTC-26AUG1423-B62950,KXBTC,lotto_yes,0.07,0.07,-0.07455700000000001
KXBTC-26AUG1422-B63150,KXBTC,fade_no,0.03,0.99,0.009307000000000008
KXBTC-26AUG1422-B63150,KXBTC,lotto_yes,0.03,0.03,-0.032036999999999996
KXBTC-26AUG1422-B63050,KXBTC,fade_no,0.17,0.87,0.122083
KXBTC-26AUG1422-B63050,KXBTC,lotto_yes,0.17,0.17,-0.179877
KXBTC-26AUG1422-B62950,KXBTC,fav_yes,0.83,0.83,0.16012300000000004
KXBTC-26AUG1422-B62850,KXBTC,fade_no,0.05,0.98,0.018628000000000016
KXBTC-26AUG1422-B62850,KXBTC,lotto_yes,0.05,0.05,-0.053325000000000004
KXBTC-26AUG1421-B63250,KXBTC,fade_no,0.03,0.99,0.009307000000000008
KXBTC-26AUG1421-B63250,KXBTC,lotto_yes,0.03,0.03,-0.032036999999999996
KXBTC-26AUG1421-B63150,KXBTC,fade_no,0.03,0.98,0.018628000000000016
KXBTC-26AUG1421-B63150,KXBTC,lotto_yes,0.03,0.03,-0.032036999999999996
KXBTC-26AUG1421-B63050,KXBTC,fade_no,0.09,0.9299999999999999,0.06544300000000006
KXBTC-26AUG1421-B63050,KXBTC,lotto_yes,0.09,0.09,-0.095733
KXBTC-26AUG1421-B62950,KXBTC,fav_yes,0.84,0.84,0.15059200000000003
KXBTC-26AUG1421-B62850,KXBTC,fade_no,0.07,0.95,0.04667500000000004
KXBTC-26AUG1421-B62850,KXBTC,lotto_yes,0.07,0.07,-0.07455700000000001
KXBTC-26AUG1421-B62750,KXBTC,fade_no,0.03,0.98,0.018628000000000016
KXBTC-26AUG1421-B62750,KXBTC,lotto_yes,0.03,0.03,-0.032036999999999996
KXBTC-26AUG1420-B63050,KXBTC,fade_no,0.13,0.9,0.09369999999999998
KXBTC-26AUG1420-B63050,KXBTC,lotto_yes,0.13,0.13,-0.137917
KXBTC-26AUG1420-B62750,KXBTC,fade_no,0.04,0.98,0.018628000000000016
KXBTC-26AUG1420-B62750,KXBTC,lotto_yes,0.04,0.04,-0.042688000000000004
KXBTC-26AUG1419-B63350,KXBTC,fade_no,0.04,0.99,0.009307000000000008
KXBTC-26AUG1419-B63350,KXBTC,lotto_yes,0.04,0.04,-0.042688000000000004
KXBTC-26AUG1419-B62950,KXBTC,fade_no,0.04,0.97,0.027963000000000026
KXBTC-26AUG1419-B62950,KXBTC,lotto_yes,0.04,0.04,-0.042688000000000004
KXBTC-26AUG1419-B62650,KXBTC,fade_no,0.03,0.98,0.018628000000000016
KXBTC-26AUG1419-B62650,KXBTC,lotto_yes,0.03,0.03,-0.032036999999999996
KXBTC-26AUG1419-B62550,KXBTC,fade_no,0.03,0.99,0.009307000000000008
KXBTC-26AUG1419-B62550,KXBTC,lotto_yes,0.03,0.03,-0.032036999999999996
KXBTC-26AUG1418-B63050,KXBTC,fade_no,0.03,0.98,0.018628000000000016
KXBTC-26AUG1418-B63050,KXBTC,lotto_yes,0.03,0.03,-0.032036999999999996
KXBTC-26AUG1418-B62950,KXBTC,fade_no,0.07,0.94,0.056052000000000046
KXBTC-26AUG1418-B62950,KXBTC,lotto_yes,0.07,0.07,-0.07455700000000001
KXBTC-26AUG1418-B62650,KXBTC,fade_no,0.03,0.99,0.009307000000000008
KXBTC-26AUG1418-B62650,KXBTC,lotto_yes,0.03,0.03,-0.032036999999999996
KXBTC-26AUG1418-B62450,KXBTC,fade_no,0.06,0.99,0.009307000000000008
KXBTC-26AUG1418-B62450,KXBTC,lotto_yes,0.06,0.06,-0.063948
KXBTC-26AUG1416-B63050,KXBTC,fade_no,0.05,0.98,0.018628000000000016
KXBTC-26AUG1416-B63050,KXBTC,lotto_yes,0.05,0.05,-0.053325000000000004
KXBTC-26AUG1416-B62950,KXBTC,fade_no,0.13,0.89,0.10314699999999999
KXBTC-26AUG1416-B62950,KXBTC,lotto_yes,0.13,0.13,-0.137917
KXBTC-26AUG1416-B62750,KXBTC,fade_no,0.06,0.97,0.027963000000000026
KXBTC-26AUG1416-B62750,KXBTC,lotto_yes,0.06,0.06,-0.063948
KXBTC-26AUG1416-B62650,KXBTC,fade_no,0.13,0.89,0.10314699999999999
KXBTC-26AUG1416-B62650,KXBTC,lotto_yes,0.13,0.13,-0.137917
KXBTC-26AUG1416-B62550,KXBTC,fade_no,0.05,0.98,0.018628000000000016
KXBTC-26AUG1416-B62550,KXBTC,lotto_yes,0.05,0.05,-0.053325000000000004
KXBTC-26AUG1416-B62450,KXBTC,fade_no,0.06,0.99,0.009307000000000008
KXBTC-26AUG1416-B62450,KXBTC,lotto_yes,0.06,0.06,-0.063948
KXBTC-26AUG1416-B62350,KXBTC,fade_no,0.06,0.99,0.009307000000000008
KXBTC-26AUG1416-B62350,KXBTC,lotto_yes,0.06,0.06,-0.063948
KXBTC-26AUG1415-B63250,KXBTC,fade_no,0.03,0.98,0.018628000000000016
KXBTC-26AUG1415-B63250,KXBTC,lotto_yes,0.03,0.03,-0.032036999999999996
KXBTC-26AUG1415-B63150,KXBTC,fade_no,0.1,0.94,0.056052000000000046
KXBTC-26AUG1415-B63150,KXBTC,lotto_yes,0.1,0.1,-0.1063
KXBTC-26AUG1415-B63050,KXBTC,fade_no,0.11,0.9299999999999999,0.06544300000000006
KXBTC-26AUG1415-B63050,KXBTC,lotto_yes,0.11,0.11,-0.116853
KXBTC-26AUG1415-B62850,KXBTC,fade_no,0.14,0.88,-0.887392
KXBTC-26AUG1415-B62850,KXBTC,lotto_yes,0.14,0.14,0.851572
KXBTC-26AUG1415-B62750,KXBTC,fade_no,0.05,0.98,0.018628000000000016
KXBTC-26AUG1415-B62750,KXBTC,lotto_yes,0.05,0.05,-0.053325000000000004
KXBTC-26AUG1415-B62650,KXBTC,fade_no,0.03,0.99,0.009307000000000008
KXBTC-26AUG1415-B62650,KXBTC,lotto_yes,0.03,0.03,-0.032036999999999996
KXBTC-26AUG1414-B63350,KXBTC,fade_no,0.08,0.96,0.03731200000000003
KXBTC-26AUG1414-B63350,KXBTC,lotto_yes,0.08,0.08,-0.085152
KXBTC-26AUG1414-B63150,KXBTC,fade_no,0.11,0.9,0.09369999999999998
KXBTC-26AUG1414-B63150,KXBTC,lotto_yes,0.11,0.11,-0.116853
KXBTC-26AUG1414-B62850,KXBTC,fade_no,0.04,0.98,0.018628000000000016
KXBTC-26AUG1414-B62850,KXBTC,lotto_yes,0.04,0.04,-0.042688000000000004
KXBTC-26AUG1413-B63150,KXBTC,fade_no,0.19,0.8200000000000001,0.16966799999999993
KXBTC-26AUG1413-B63150,KXBTC,lotto_yes,0.19,0.19,-0.200773
KXBTC-26AUG1413-B62950,KXBTC,fade_no,0.08,0.97,0.027963000000000026
KXBTC-26AUG1413-B62950,KXBTC,lotto_yes,0.08,0.08,-0.085152
KXBTC-26AUG1413-B62850,KXBTC,fade_no,0.1,0.9299999999999999,0.06544300000000006
KXBTC-26AUG1413-B62850,KXBTC,lotto_yes,0.1,0.1,-0.1063
KXBTC-26AUG1413-B62750,KXBTC,fade_no,0.05,0.98,0.018628000000000016
KXBTC-26AUG1413-B62750,KXBTC,lotto_yes,0.05,0.05,-0.053325000000000004
KXBTC-26AUG1413-B62650,KXBTC,fade_no,0.05,0.98,0.018628000000000016
KXBTC-26AUG1413-B62650,KXBTC,lotto_yes,0.05,0.05,-0.053325000000000004
KXBTC-26AUG1413-B62550,KXBTC,fade_no,0.05,0.98,0.018628000000000016
KXBTC-26AUG1413-B62550,KXBTC,lotto_yes,0.05,0.05,-0.053325000000000004
KXBTC-26AUG1412-B62950,KXBTC,fade_no,0.05,0.98,-0.981372
KXBTC-26AUG1412-B62950,KXBTC,lotto_yes,0.05,0.05,0.9466749999999999
KXBTC-26AUG1412-B62750,KXBTC,fade_no,0.12,0.91,0.08426699999999997
KXBTC-26AUG1412-B62750,KXBTC,lotto_yes,0.12,0.12,-0.127392
KXBTC-26AUG1412-B62650,KXBTC,fade_no,0.04,0.99,0.009307000000000008
KXBTC-26AUG1412-B62650,KXBTC,lotto_yes,0.04,0.04,-0.042688000000000004
KXBTC-26AUG1412-B62450,KXBTC,fade_no,0.12,0.9,0.09369999999999998
KXBTC-26AUG1412-B62450,KXBTC,lotto_yes,0.12,0.12,-0.127392
KXBTC-26AUG1412-B62350,KXBTC,fade_no,0.06,0.97,0.027963000000000026
KXBTC-26AUG1412-B62350,KXBTC,lotto_yes,0.06,0.06,-0.063948
KXBTC-26AUG1412-B62250,KXBTC,fade_no,0.03,0.98,0.018628000000000016
KXBTC-26AUG1412-B62250,KXBTC,lotto_yes,0.03,0.03,-0.032036999999999996
KXBTC-26AUG1411-B63050,KXBTC,fade_no,0.03,0.98,0.018628000000000016
KXBTC-26AUG1411-B63050,KXBTC,lotto_yes,0.03,0.03,-0.032036999999999996
KXBTC-26AUG1411-B62950,KXBTC,fade_no,0.04,0.98,0.018628000000000016
KXBTC-26AUG1411-B62950,KXBTC,lotto_yes,0.04,0.04,-0.042688000000000004
KXBTC-26AUG1411-B62850,KXBTC,fade_no,0.07,0.95,0.04667500000000004
KXBTC-26AUG1411-B62850,KXBTC,lotto_yes,0.07,0.07,-0.07455700000000001
KXBTC-26AUG1411-B62750,KXBTC,fade_no,0.13,0.9,0.09369999999999998
KXBTC-26AUG1411-B62750,KXBTC,lotto_yes,0.13,0.13,-0.137917
KXBTC-26AUG1411-B62550,KXBTC,fade_no,0.17,0.86,-0.868428
KXBTC-26AUG1411-B62550,KXBTC,lotto_yes,0.17,0.17,0.8201229999999999
KXBTC-26AUG1411-B62450,KXBTC,fade_no,0.17,0.85,0.141075
KXBTC-26AUG1411-B62450,KXBTC,lotto_yes,0.17,0.17,-0.179877
KXBTC-26AUG1411-B62350,KXBTC,fade_no,0.12,0.91,0.08426699999999997
KXBTC-26AUG1411-B62350,KXBTC,lotto_yes,0.12,0.12,-0.127392
KXBTC-26AUG1411-B62250,KXBTC,fade_no,0.08,0.96,0.03731200000000003
KXBTC-26AUG1411-B62250,KXBTC,lotto_yes,0.08,0.08,-0.085152
KXBTC-26AUG1410-B63050,KXBTC,fade_no,0.04,0.98,0.018628000000000016
KXBTC-26AUG1410-B63050,KXBTC,lotto_yes,0.04,0.04,-0.042688000000000004
KXBTC-26AUG1410-B62950,KXBTC,fade_no,0.06,0.97,0.027963000000000026
KXBTC-26AUG1410-B62950,KXBTC,lotto_yes,0.06,0.06,-0.063948
KXBTC-26AUG1410-B62850,KXBTC,fade_no,0.11,0.9299999999999999,0.06544300000000006
KXBTC-26AUG1410-B62850,KXBTC,lotto_yes,0.11,0.11,-0.116853
KXBTC-26AUG1410-B62750,KXBTC,fade_no,0.14,0.87,0.122083
KXBTC-26AUG1410-B62750,KXBTC,lotto_yes,0.14,0.14,-0.148428
KXBTC-26AUG1410-B62450,KXBTC,fade_no,0.16,0.87,0.122083
KXBTC-26AUG1410-B62450,KXBTC,lotto_yes,0.16,0.16,-0.169408
KXBTC-26AUG1410-B62350,KXBTC,fade_no,0.11,0.9299999999999999,0.06544300000000006
KXBTC-26AUG1410-B62350,KXBTC,lotto_yes,0.11,0.11,-0.116853
KXBTC-26AUG1410-B62250,KXBTC,fade_no,0.06,0.98,0.018628000000000016
KXBTC-26AUG1410-B62250,KXBTC,lotto_yes,0.06,0.06,-0.063948
KXBTC-26AUG1410-B62150,KXBTC,fade_no,0.04,0.98,0.018628000000000016
KXBTC-26AUG1410-B62150,KXBTC,lotto_yes,0.04,0.04,-0.042688000000000004
KXBTC-26AUG1409-B63050,KXBTC,fade_no,0.06,0.98,0.018628000000000016
KXBTC-26AUG1409-B63050,KXBTC,lotto_yes,0.06,0.06,-0.063948
KXBTC-26AUG1409-B62950,KXBTC,fade_no,0.14,0.89,0.10314699999999999
KXBTC-26AUG1409-B62950,KXBTC,lotto_yes,0.14,0.14,-0.148428
KXBTC-26AUG1409-B62850,KXBTC,fade_no,0.1,0.94,0.056052000000000046
KXBTC-26AUG1409-B62850,KXBTC,lotto_yes,0.1,0.1,-0.1063
KXBTC-26AUG1409-B62550,KXBTC,fade_no,0.1,0.9299999999999999,0.06544300000000006
KXBTC-26AUG1409-B62550,KXBTC,lotto_yes,0.1,0.1,-0.1063
KXBTC-26AUG1409-B62450,KXBTC,fade_no,0.06,0.98,0.018628000000000016
KXBTC-26AUG1409-B62450,KXBTC,lotto_yes,0.06,0.06,-0.063948
KXBTC-26AUG1408-B63050,KXBTC,fade_no,0.04,0.98,0.018628000000000016
KXBTC-26AUG1408-B63050,KXBTC,lotto_yes,0.04,0.04,-0.042688000000000004
KXBTC-26AUG1408-B62950,KXBTC,fade_no,0.09,0.9299999999999999,0.06544300000000006
KXBTC-26AUG1408-B62950,KXBTC,lotto_yes,0.09,0.09,-0.095733
KXBTC-26AUG1408-B62650,KXBTC,fade_no,0.09,0.94,0.056052000000000046
KXBTC-26AUG1408-B62650,KXBTC,lotto_yes,0.09,0.09,-0.095733
KXBTC-26AUG1408-B62550,KXBTC,fade_no,0.06,0.97,0.027963000000000026
KXBTC-26AUG1408-B62550,KXBTC,lotto_yes,0.06,0.06,-0.063948
KXBTC-26AUG1407-B63050,KXBTC,fade_no,0.03,0.99,0.009307000000000008
KXBTC-26AUG1407-B63050,KXBTC,lotto_yes,0.03,0.03,-0.032036999999999996
KXBTC-26AUG1407-B62950,KXBTC,fade_no,0.18,0.86,0.13157200000000002
KXBTC-26AUG1407-B62950,KXBTC,lotto_yes,0.18,0.18,-0.190332
KXBTC-26AUG1407-B62650,KXBTC,fade_no,0.09,0.94,0.056052000000000046
KXBTC-26AUG1407-B62650,KXBTC,lotto_yes,0.09,0.09,-0.095733
KXBTC-26AUG1407-B62550,KXBTC,fade_no,0.04,0.99,0.009307000000000008
KXBTC-26AUG1407-B62550,KXBTC,lotto_yes,0.04,0.04,-0.042688000000000004
KXBTC-26AUG1406-B63050,KXBTC,fade_no,0.04,0.98,0.018628000000000016
KXBTC-26AUG1406-B63050,KXBTC,lotto_yes,0.04,0.04,-0.042688000000000004
KXBTC-26AUG1406-B62950,KXBTC,fade_no,0.14,0.87,0.122083
KXBTC-26AUG1406-B62950,KXBTC,lotto_yes,0.14,0.14,-0.148428
KXBTC-26AUG1406-B62550,KXBTC,fade_no,0.04,0.99,0.009307000000000008
KXBTC-26AUG1406-B62550,KXBTC,lotto_yes,0.04,0.04,-0.042688000000000004
KXBTC-26AUG1405-B63150,KXBTC,fade_no,0.04,0.99,0.009307000000000008
KXBTC-26AUG1405-B63150,KXBTC,lotto_yes,0.04,0.04,-0.042688000000000004
KXBTC-26AUG1405-B63050,KXBTC,fade_no,0.04,0.98,0.018628000000000016
KXBTC-26AUG1405-B63050,KXBTC,lotto_yes,0.04,0.04,-0.042688000000000004
KXBTC-26AUG1405-B62950,KXBTC,fade_no,0.14,0.9,0.09369999999999998
KXBTC-26AUG1405-B62950,KXBTC,lotto_yes,0.14,0.14,-0.148428
KXBTC-26AUG1405-B62650,KXBTC,fade_no,0.15,0.89,0.10314699999999999
KXBTC-26AUG1405-B62650,KXBTC,lotto_yes,0.15,0.15,-0.15892499999999998
KXBTC-26AUG1405-B62550,KXBTC,fade_no,0.07,0.96,0.03731200000000003
KXBTC-26AUG1405-B62550,KXBTC,lotto_yes,0.07,0.07,-0.07455700000000001
KXETHD-26AUG1520-T1884.99,KXETHD,fade_no,0.03,0.99,0.009307000000000008
KXETHD-26AUG1520-T1884.99,KXETHD,lotto_yes,0.03,0.03,-0.032036999999999996
KXETHD-26AUG1520-T1879.99,KXETHD,fav_yes,0.96,0.96,0.03731200000000003
KXETHD-26AUG1519-T1884.99,KXETHD,fade_no,0.04,0.98,0.018628000000000016
KXETHD-26AUG1519-T1884.99,KXETHD,lotto_yes,0.04,0.04,-0.042688000000000004
KXETHD-26AUG1518-T1884.99,KXETHD,fade_no,0.08,0.94,0.056052000000000046
KXETHD-26AUG1518-T1884.99,KXETHD,lotto_yes,0.08,0.08,-0.085152
KXETHD-26AUG1516-T1884.99,KXETHD,fade_no,0.04,0.97,0.027963000000000026
KXETHD-26AUG1516-T1884.99,KXETHD,lotto_yes,0.04,0.04,-0.042688000000000004
KXETHD-26AUG1515-T1879.99,KXETHD,fav_yes,0.96,0.96,0.03731200000000003
KXETHD-26AUG1514-T1884.99,KXETHD,fade_no,0.03,0.99,0.009307000000000008
KXETHD-26AUG1514-T1884.99,KXETHD,lotto_yes,0.03,0.03,-0.032036999999999996
KXETHD-26AUG1514-T1879.99,KXETHD,fav_yes,0.96,0.96,0.03731200000000003
KXETHD-26AUG1513-T1884.99,KXETHD,fade_no,0.03,0.99,0.009307000000000008
KXETHD-26AUG1513-T1884.99,KXETHD,lotto_yes,0.03,0.03,-0.032036999999999996
KXETHD-26AUG1512-T1884.99,KXETHD,fade_no,0.13,0.9,0.09369999999999998
KXETHD-26AUG1512-T1884.99,KXETHD,lotto_yes,0.13,0.13,-0.137917
KXETHD-26AUG1511-T1879.99,KXETHD,fav_yes,0.9,0.9,0.09369999999999998
KXETHD-26AUG1510-T1884.99,KXETHD,fade_no,0.03,0.99,0.009307000000000008
KXETHD-26AUG1510-T1884.99,KXETHD,lotto_yes,0.03,0.03,-0.032036999999999996
KXETHD-26AUG1510-T1879.99,KXETHD,fav_yes,0.91,0.91,0.08426699999999997
KXETHD-26AUG1509-T1879.99,KXETHD,fade_no,0.05,0.99,-0.990693
KXETHD-26AUG1509-T1879.99,KXETHD,lotto_yes,0.05,0.05,0.9466749999999999
KXETHD-26AUG1509-T1874.99,KXETHD,fav_yes,0.96,0.96,0.03731200000000003
KXETHD-26AUG1508-T1879.99,KXETHD,fade_no,0.04,0.97,0.027963000000000026
KXETHD-26AUG1508-T1879.99,KXETHD,lotto_yes,0.04,0.04,-0.042688000000000004
KXETHD-26AUG1507-T1879.99,KXETHD,fade_no,0.07,0.94,0.056052000000000046
KXETHD-26AUG1507-T1879.99,KXETHD,lotto_yes,0.07,0.07,-0.07455700000000001
KXETHD-26AUG1506-T1879.99,KXETHD,fade_no,0.06,0.96,0.03731200000000003
KXETHD-26AUG1506-T1879.99,KXETHD,lotto_yes,0.06,0.06,-0.063948
KXETHD-26AUG1501-T1884.99,KXETHD,fade_no,0.09,0.9299999999999999,0.06544300000000006
KXETHD-26AUG1501-T1884.99,KXETHD,lotto_yes,0.09,0.09,-0.095733
KXETHD-26AUG1517-T1889.99,KXETHD,fade_no,0.03,0.99,0.009307000000000008
KXETHD-26AUG1517-T1889.99,KXETHD,lotto_yes,0.03,0.03,-0.032036999999999996
KXETHD-26AUG1500-T1879.99,KXETHD,fav_yes,0.95,0.95,0.04667500000000004
KXETHD-26AUG1423-T1884.99,KXETHD,fade_no,0.04,0.97,0.027963000000000026
KXETHD-26AUG1423-T1884.99,KXETHD,lotto_yes,0.04,0.04,-0.042688000000000004
KXETHD-26AUG1422-T1884.99,KXETHD,fade_no,0.03,0.99,0.009307000000000008
KXETHD-26AUG1422-T1884.99,KXETHD,lotto_yes,0.03,0.03,-0.032036999999999996
KXETHD-26AUG1421-T1879.99,KXETHD,fav_yes,0.88,0.88,0.112608
KXSOLD-26AUG1520-T75.7499,KXSOLD,fade_no,0.03,0.99,0.009307000000000008
KXSOLD-26AUG1520-T75.7499,KXSOLD,lotto_yes,0.03,0.03,-0.032036999999999996
KXSOLD-26AUG1520-T75.4999,KXSOLD,fade_no,0.04,0.99,0.009307000000000008
KXSOLD-26AUG1520-T75.4999,KXSOLD,lotto_yes,0.04,0.04,-0.042688000000000004
KXSOLD-26AUG1519-T75.9999,KXSOLD,fade_no,0.03,0.99,0.009307000000000008
KXSOLD-26AUG1519-T75.9999,KXSOLD,lotto_yes,0.03,0.03,-0.032036999999999996
KXSOLD-26AUG1519-T75.7499,KXSOLD,fade_no,0.03,0.99,0.009307000000000008
KXSOLD-26AUG1519-T75.7499,KXSOLD,lotto_yes,0.03,0.03,-0.032036999999999996
KXSOLD-26AUG1518-T75.7499,KXSOLD,fade_no,0.12,0.92,0.07484799999999996
KXSOLD-26AUG1518-T75.7499,KXSOLD,lotto_yes,0.12,0.12,-0.127392
KXSOLD-26AUG1515-T75.7499,KXSOLD,fade_no,0.03,0.99,0.009307000000000008
KXSOLD-26AUG1515-T75.7499,KXSOLD,lotto_yes,0.03,0.03,-0.032036999999999996
KXSOLD-26AUG1515-T75.2499,KXSOLD,fav_yes,0.96,0.96,0.03731200000000003
KXSOLD-26AUG1514-T75.7499,KXSOLD,fade_no,0.04,0.99,0.009307000000000008
KXSOLD-26AUG1514-T75.7499,KXSOLD,lotto_yes,0.04,0.04,-0.042688000000000004
KXSOLD-26AUG1513-T75.7499,KXSOLD,fade_no,0.03,0.99,0.009307000000000008
KXSOLD-26AUG1513-T75.7499,KXSOLD,lotto_yes,0.03,0.03,-0.032036999999999996
KXSOLD-26AUG1513-T75.4999,KXSOLD,fade_no,0.06,0.98,0.018628000000000016
KXSOLD-26AUG1513-T75.4999,KXSOLD,lotto_yes,0.06,0.06,-0.063948
KXSOLD-26AUG1513-T75.2499,KXSOLD,fav_yes,0.97,0.97,0.027963000000000026
KXSOLD-26AUG1512-T75.7499,KXSOLD,fade_no,0.03,0.99,0.009307000000000008
KXSOLD-26AUG1512-T75.7499,KXSOLD,lotto_yes,0.03,0.03,-0.032036999999999996
KXSOLD-26AUG1512-T75.4999,KXSOLD,fade_no,0.19,0.85,0.141075
KXSOLD-26AUG1512-T75.4999,KXSOLD,lotto_yes,0.19,0.19,-0.200773
KXSOLD-26AUG1511-T75.7499,KXSOLD,fade_no,0.04,0.99,0.009307000000000008
KXSOLD-26AUG1511-T75.7499,KXSOLD,lotto_yes,0.04,0.04,-0.042688000000000004
KXSOLD-26AUG1511-T75.4999,KXSOLD,fade_no,0.16,0.88,0.112608
KXSOLD-26AUG1511-T75.4999,KXSOLD,lotto_yes,0.16,0.16,-0.169408
KXSOLD-26AUG1510-T75.7499,KXSOLD,fade_no,0.04,0.99,0.009307000000000008
KXSOLD-26AUG1510-T75.7499,KXSOLD,lotto_yes,0.04,0.04,-0.042688000000000004
KXSOLD-26AUG1509-T75.4999,KXSOLD,fade_no,0.03,0.99,0.009307000000000008
KXSOLD-26AUG1509-T75.4999,KXSOLD,lotto_yes,0.03,0.03,-0.032036999999999996
KXSOLD-26AUG1507-T75.4999,KXSOLD,fade_no,0.04,0.99,0.009307000000000008
KXSOLD-26AUG1507-T75.4999,KXSOLD,lotto_yes,0.04,0.04,-0.042688000000000004
KXSOLD-26AUG1506-T75.2499,KXSOLD,fade_no,0.05,0.98,0.018628000000000016
KXSOLD-26AUG1506-T75.2499,KXSOLD,lotto_yes,0.05,0.05,-0.053325000000000004
KXSOLD-26AUG1506-T74.9999,KXSOLD,fav_yes,0.97,0.97,0.027963000000000026
KXSOLD-26AUG1505-T75.2499,KXSOLD,fade_no,0.04,0.97,0.027963000000000026
KXSOLD-26AUG1505-T75.2499,KXSOLD,lotto_yes,0.04,0.04,-0.042688000000000004
KXSOLD-26AUG1505-T74.9999,KXSOLD,fav_yes,0.93,0.93,0.06544299999999996
KXSOLD-26AUG1504-T75.4999,KXSOLD,fade_no,0.05,0.97,0.027963000000000026
KXSOLD-26AUG1504-T75.4999,KXSOLD,lotto_yes,0.05,0.05,-0.053325000000000004
KXSOLD-26AUG1503-T75.4999,KXSOLD,fade_no,0.04,0.99,0.009307000000000008
KXSOLD-26AUG1503-T75.4999,KXSOLD,lotto_yes,0.04,0.04,-0.042688000000000004
KXSOLD-26AUG1503-T75.2499,KXSOLD,fav_yes,0.81,0.81,0.17922699999999994
KXSOLD-26AUG1502-T75.9999,KXSOLD,fade_no,0.03,0.99,0.009307000000000008
KXSOLD-26AUG1502-T75.9999,KXSOLD,lotto_yes,0.03,0.03,-0.032036999999999996
KXSOLD-26AUG1502-T75.7499,KXSOLD,fade_no,0.03,0.99,0.009307000000000008
KXSOLD-26AUG1502-T75.7499,KXSOLD,lotto_yes,0.03,0.03,-0.032036999999999996
KXSOLD-26AUG1502-T75.4999,KXSOLD,fade_no,0.06,0.98,0.018628000000000016
KXSOLD-26AUG1502-T75.4999,KXSOLD,lotto_yes,0.06,0.06,-0.063948
KXSOLD-26AUG1502-T75.2499,KXSOLD,fav_yes,0.86,0.86,0.13157200000000002
KXSOLD-26AUG1517-T75.9999,KXSOLD,fade_no,0.03,0.99,0.009307000000000008
KXSOLD-26AUG1517-T75.9999,KXSOLD,lotto_yes,0.03,0.03,-0.032036999999999996
KXSOLD-26AUG1500-T75.4999,KXSOLD,fade_no,0.19,0.83,0.16012300000000004
KXSOLD-26AUG1500-T75.4999,KXSOLD,lotto_yes,0.19,0.19,-0.200773
KXSOLD-26AUG1423-T75.7499,KXSOLD,fade_no,0.04,0.99,0.009307000000000008
KXSOLD-26AUG1423-T75.7499,KXSOLD,lotto_yes,0.04,0.04,-0.042688000000000004
KXSOLD-26AUG1423-T75.4999,KXSOLD,fav_yes,0.8,0.8,0.18879999999999997
KXSOLD-26AUG1422-T75.4999,KXSOLD,fade_no,0.06,0.96,0.03731200000000003
KXSOLD-26AUG1422-T75.4999,KXSOLD,lotto_yes,0.06,0.06,-0.063948
KXSOLD-26AUG1422-T75.2499,KXSOLD,fav_yes,0.94,0.94,0.056052000000000046
KXSOLD-26AUG1421-T75.7499,KXSOLD,fade_no,0.03,0.99,0.009307000000000008
KXSOLD-26AUG1421-T75.7499,KXSOLD,lotto_yes,0.03,0.03,-0.032036999999999996
KXSOLD-26AUG1421-T75.4999,KXSOLD,fade_no,0.03,0.99,0.009307000000000008
KXSOLD-26AUG1421-T75.4999,KXSOLD,lotto_yes,0.03,0.03,-0.032036999999999996
KXSOLD-26AUG1421-T75.2499,KXSOLD,fav_yes,0.83,0.83,0.16012300000000004
KXXRPD-26AUG1205-T1.0199,KXXRPD,fade_no,0.07,0.97,0.027963000000000026
KXXRPD-26AUG1205-T1.0199,KXXRPD,lotto_yes,0.07,0.07,-0.07455700000000001
KXXRPD-26AUG1204-T1.0199,KXXRPD,fade_no,0.13,0.91,0.08426699999999997
KXXRPD-26AUG1204-T1.0199,KXXRPD,lotto_yes,0.13,0.13,-0.137917
KXXRPD-26AUG1202-T1.0199,KXXRPD,fav_yes,0.96,0.96,0.03731200000000003
KXXRPD-26AUG1122-T1.0199,KXXRPD,fav_yes,0.91,0.91,0.08426699999999997
KXXRPD-26AUG1121-T1.0199,KXXRPD,fav_yes,0.9,0.9,0.09369999999999998
KXXRPD-26AUG1118-T1.0199,KXXRPD,fav_yes,0.96,0.96,0.03731200000000003
KXXRPD-26AUG1115-T1.0199,KXXRPD,fade_no,0.09,0.94,0.056052000000000046
KXXRPD-26AUG1115-T1.0199,KXXRPD,lotto_yes,0.09,0.09,-0.095733
KXXRPD-26AUG1114-T1.0199,KXXRPD,fade_no,0.05,0.99,0.009307000000000008
KXXRPD-26AUG1114-T1.0199,KXXRPD,lotto_yes,0.05,0.05,-0.053325000000000004
KXXRPD-26AUG1111-T1.0199,KXXRPD,fade_no,0.03,0.99,0.009307000000000008
KXXRPD-26AUG1111-T1.0199,KXXRPD,lotto_yes,0.03,0.03,-0.032036999999999996
KXXRPD-26AUG1106-T0.9999,KXXRPD,fav_yes,0.97,0.97,0.027963000000000026
KXDOGED-26AUG1001-T0.0699999,KXDOGED,fade_no,0.03,0.99,0.009307000000000008
KXDOGED-26AUG1001-T0.0699999,KXDOGED,lotto_yes,0.03,0.03,-0.032036999999999996
KXDOGED-26AUG1017-T0.0699999,KXDOGED,fade_no,0.04,0.99,0.009307000000000008
KXDOGED-26AUG1017-T0.0699999,KXDOGED,lotto_yes,0.04,0.04,-0.042688000000000004
KXDOGED-26AUG1000-T0.0699999,KXDOGED,fade_no,0.03,0.98,0.018628000000000016
KXDOGED-26AUG1000-T0.0699999,KXDOGED,lotto_yes,0.03,0.03,-0.032036999999999996
KXDOGED-26AUG0922-T0.0699999,KXDOGED,fade_no,0.04,0.99,0.009307000000000008
KXDOGED-26AUG0922-T0.0699999,KXDOGED,lotto_yes,0.04,0.04,-0.042688000000000004
KXDOGED-26AUG0920-T0.0699999,KXDOGED,fade_no,0.03,0.99,0.009307000000000008
KXDOGED-26AUG0920-T0.0699999,KXDOGED,lotto_yes,0.03,0.03,-0.032036999999999996
KXDOGED-26AUG0909-T0.0699999,KXDOGED,fav_yes,0.97,0.97,0.027963000000000026
KXDOGED-26AUG0908-T0.0699999,KXDOGED,fav_yes,0.97,0.97,0.027963000000000026
KXBTCD-26AUG1700-T63399.99,KXBTCD,fade_no,0.03,0.98,0.018628000000000016
KXBTCD-26AUG1700-T63399.99,KXBTCD,lotto_yes,0.03,0.03,-0.032036999999999996
KXBTCD-26AUG1700-T63199.99,KXBTCD,fav_yes,0.97,0.97,0.027963000000000026
KXBTCD-26AUG1623-T63399.99,KXBTCD,fade_no,0.04,0.97,0.027963000000000026
KXBTCD-26AUG1623-T63399.99,KXBTCD,lotto_yes,0.04,0.04,-0.042688000000000004
KXBTCD-26AUG1623-T63299.99,KXBTCD,fade_no,0.1,0.91,-0.915733
KXBTCD-26AUG1623-T63299.99,KXBTCD,lotto_yes,0.1,0.1,0.8937
KXBTCD-26AUG1623-T63099.99,KXBTCD,fav_yes,0.92,0.92,0.07484799999999996
KXBTCD-26AUG1622-T63299.99,KXBTCD,fade_no,0.03,0.98,0.018628000000000016
KXBTCD-26AUG1622-T63299.99,KXBTCD,lotto_yes,0.03,0.03,-0.032036999999999996
KXBTCD-26AUG1622-T63199.99,KXBTCD,fade_no,0.17,0.84,0.15059200000000003
KXBTCD-26AUG1622-T63199.99,KXBTCD,lotto_yes,0.17,0.17,-0.179877
KXBTCD-26AUG1622-T62999.99,KXBTCD,fav_yes,0.94,0.94,0.056052000000000046
KXBTCD-26AUG1621-T62899.99,KXBTCD,fade_no,0.17,0.84,0.15059200000000003
KXBTCD-26AUG1621-T62899.99,KXBTCD,lotto_yes,0.17,0.17,-0.179877
KXBTCD-26AUG1621-T62699.99,KXBTCD,fav_yes,0.93,0.93,0.06544299999999996
KXBTCD-26AUG1620-T62899.99,KXBTCD,fade_no,0.13,0.88,0.112608
KXBTCD-26AUG1620-T62899.99,KXBTCD,lotto_yes,0.13,0.13,-0.137917
KXBTCD-26AUG1619-T62799.99,KXBTCD,fade_no,0.1,0.91,-0.915733
KXBTCD-26AUG1619-T62799.99,KXBTCD,lotto_yes,0.1,0.1,0.8937
KXBTCD-26AUG1619-T62599.99,KXBTCD,fav_yes,0.95,0.95,0.04667500000000004
KXBTCD-26AUG1618-T62999.99,KXBTCD,fade_no,0.09,0.92,0.07484799999999996
KXBTCD-26AUG1618-T62999.99,KXBTCD,lotto_yes,0.09,0.09,-0.095733
KXBTCD-26AUG1618-T62799.99,KXBTCD,fav_yes,0.84,0.84,0.15059200000000003
KXBTCD-26AUG1616-T63199.99,KXBTCD,fade_no,0.04,0.97,0.027963000000000026
KXBTCD-26AUG1616-T63199.99,KXBTCD,lotto_yes,0.04,0.04,-0.042688000000000004
KXBTCD-26AUG1614-T62999.99,KXBTCD,fav_yes,0.97,0.97,0.027963000000000026
KXBTCD-26AUG1613-T63299.99,KXBTCD,fade_no,0.07,0.94,0.056052000000000046
KXBTCD-26AUG1613-T63299.99,KXBTCD,lotto_yes,0.07,0.07,-0.07455700000000001
KXBTCD-26AUG1612-T63099.99,KXBTCD,fade_no,0.06,0.96,0.03731200000000003
KXBTCD-26AUG1612-T63099.99,KXBTCD,lotto_yes,0.06,0.06,-0.063948
KXBTCD-26AUG1611-T63099.99,KXBTCD,fade_no,0.03,0.98,0.018628000000000016
KXBTCD-26AUG1611-T63099.99,KXBTCD,lotto_yes,0.03,0.03,-0.032036999999999996
KXBTCD-26AUG1611-T62999.99,KXBTCD,fav_yes,0.92,0.92,0.07484799999999996
KXBTCD-26AUG1609-T62899.99,KXBTCD,fav_yes,0.91,0.91,0.08426699999999997
KXBTCD-26AUG1608-T62999.99,KXBTCD,fade_no,0.03,0.98,0.018628000000000016
KXBTCD-26AUG1608-T62999.99,KXBTCD,lotto_yes,0.03,0.03,-0.032036999999999996
KXBTCD-26AUG1608-T62899.99,KXBTCD,fav_yes,0.91,0.91,0.08426699999999997
KXBTCD-26AUG1607-T62999.99,KXBTCD,fade_no,0.03,0.98,0.018628000000000016
KXBTCD-26AUG1607-T62999.99,KXBTCD,lotto_yes,0.03,0.03,-0.032036999999999996
KXBTCD-26AUG1606-T62999.99,KXBTCD,fade_no,0.08,0.9299999999999999,0.06544300000000006
KXBTCD-26AUG1606-T62999.99,KXBTCD,lotto_yes,0.08,0.08,-0.085152
KXBTCD-26AUG1606-T62899.99,KXBTCD,fav_yes,0.89,0.89,0.10314699999999999
KXBTCD-26AUG1601-T63099.99,KXBTCD,fade_no,0.03,0.99,0.009307000000000008
KXBTCD-26AUG1601-T63099.99,KXBTCD,lotto_yes,0.03,0.03,-0.032036999999999996
KXBTCD-26AUG1600-T63099.99,KXBTCD,fade_no,0.03,0.98,0.018628000000000016
KXBTCD-26AUG1600-T63099.99,KXBTCD,lotto_yes,0.03,0.03,-0.032036999999999996
KXBTCD-26AUG1520-T62999.99,KXBTCD,fav_yes,0.96,0.96,0.03731200000000003
KXBTCD-26AUG1518-T63199.99,KXBTCD,fade_no,0.03,0.98,0.018628000000000016
KXBTCD-26AUG1518-T63199.99,KXBTCD,lotto_yes,0.03,0.03,-0.032036999999999996
KXBTCD-26AUG1516-T63099.99,KXBTCD,fade_no,0.03,0.98,0.018628000000000016
KXBTCD-26AUG1516-T63099.99,KXBTCD,lotto_yes,0.03,0.03,-0.032036999999999996
KXBTCD-26AUG1516-T62999.99,KXBTCD,fav_yes,0.97,0.97,0.027963000000000026
KXBTCD-26AUG1513-T63099.99,KXBTCD,fade_no,0.04,0.97,0.027963000000000026
KXBTCD-26AUG1513-T63099.99,KXBTCD,lotto_yes,0.04,0.04,-0.042688000000000004
KXBTCD-26AUG1513-T62999.99,KXBTCD,fav_yes,0.92,0.92,0.07484799999999996
KXBTCD-26AUG1512-T63099.99,KXBTCD,fade_no,0.04,0.97,0.027963000000000026
KXBTCD-26AUG1512-T63099.99,KXBTCD,lotto_yes,0.04,0.04,-0.042688000000000004
KXBTCD-26AUG1512-T62999.99,KXBTCD,fav_yes,0.95,0.95,0.04667500000000004
KXBTCD-26AUG1511-T62999.99,KXBTCD,fade_no,0.12,0.89,0.10314699999999999
KXBTCD-26AUG1511-T62999.99,KXBTCD,lotto_yes,0.12,0.12,-0.127392
KXBTCD-26AUG1511-T62899.99,KXBTCD,fav_yes,0.97,0.97,0.027963000000000026
KXBTCD-26AUG1510-T62999.99,KXBTCD,fade_no,0.08,0.9299999999999999,0.06544300000000006
KXBTCD-26AUG1510-T62999.99,KXBTCD,lotto_yes,0.08,0.08,-0.085152
KXBTCD-26AUG1508-T62999.99,KXBTCD,fade_no,0.19,0.8200000000000001,0.16966799999999993
KXBTCD-26AUG1508-T62999.99,KXBTCD,lotto_yes,0.19,0.19,-0.200773
KXBTCD-26AUG1507-T62999.99,KXBTCD,fade_no,0.09,0.92,0.07484799999999996
KXBTCD-26AUG1507-T62999.99,KXBTCD,lotto_yes,0.09,0.09,-0.095733
KXBTCD-26AUG1506-T62999.99,KXBTCD,fade_no,0.08,0.9299999999999999,0.06544300000000006
KXBTCD-26AUG1506-T62999.99,KXBTCD,lotto_yes,0.08,0.08,-0.085152
KXBTCD-26AUG1506-T62899.99,KXBTCD,fav_yes,0.94,0.94,0.056052000000000046
KXBTCD-26AUG1505-T62999.99,KXBTCD,fade_no,0.08,0.9299999999999999,0.06544300000000006
KXBTCD-26AUG1505-T62999.99,KXBTCD,lotto_yes,0.08,0.08,-0.085152
KXBTCD-26AUG1505-T62899.99,KXBTCD,fav_yes,0.96,0.96,-0.962688
KXBTC-26AUG1700-B63650,KXBTC,fade_no,0.03,0.98,0.018628000000000016
KXBTC-26AUG1700-B63650,KXBTC,lotto_yes,0.03,0.03,-0.032036999999999996
KXBTC-26AUG1700-B63550,KXBTC,fade_no,0.08,0.94,0.056052000000000046
KXBTC-26AUG1700-B63550,KXBTC,lotto_yes,0.08,0.08,-0.085152
KXBTC-26AUG1700-B63450,KXBTC,fade_no,0.03,0.98,0.018628000000000016
KXBTC-26AUG1700-B63450,KXBTC,lotto_yes,0.03,0.03,-0.032036999999999996
KXBTC-26AUG1700-B63150,KXBTC,fade_no,0.04,0.98,0.018628000000000016
KXBTC-26AUG1700-B63150,KXBTC,lotto_yes,0.04,0.04,-0.042688000000000004
KXBTC-26AUG1700-B63050,KXBTC,fade_no,0.03,0.98,0.018628000000000016
KXBTC-26AUG1700-B63050,KXBTC,lotto_yes,0.03,0.03,-0.032036999999999996
KXBTC-26AUG1623-B63350,KXBTC,fade_no,0.06,0.95,-0.953325
KXBTC-26AUG1623-B63350,KXBTC,lotto_yes,0.06,0.06,0.936052
KXBTC-26AUG1623-B63050,KXBTC,fade_no,0.11,0.92,0.07484799999999996
KXBTC-26AUG1623-B63050,KXBTC,lotto_yes,0.11,0.11,-0.116853
KXBTC-26AUG1623-B62850,KXBTC,fade_no,0.03,0.98,0.018628000000000016
KXBTC-26AUG1623-B62850,KXBTC,lotto_yes,0.03,0.03,-0.032036999999999996
KXBTC-26AUG1623-B62750,KXBTC,fade_no,0.03,0.98,0.018628000000000016
KXBTC-26AUG1623-B62750,KXBTC,lotto_yes,0.03,0.03,-0.032036999999999996
KXBTC-26AUG1623-B62650,KXBTC,fade_no,0.03,0.99,0.009307000000000008
KXBTC-26AUG1623-B62650,KXBTC,lotto_yes,0.03,0.03,-0.032036999999999996
KXBTC-26AUG1622-B63450,KXBTC,fade_no,0.05,0.98,0.018628000000000016
KXBTC-26AUG1622-B63450,KXBTC,lotto_yes,0.05,0.05,-0.053325000000000004
KXBTC-26AUG1622-B63350,KXBTC,fade_no,0.03,0.98,0.018628000000000016
KXBTC-26AUG1622-B63350,KXBTC,lotto_yes,0.03,0.03,-0.032036999999999996
KXBTC-26AUG1622-B63250,KXBTC,fade_no,0.15,0.87,0.122083
KXBTC-26AUG1622-B63250,KXBTC,lotto_yes,0.15,0.15,-0.15892499999999998
KXBTC-26AUG1622-B62950,KXBTC,fade_no,0.06,0.96,0.03731200000000003
KXBTC-26AUG1622-B62950,KXBTC,lotto_yes,0.06,0.06,-0.063948
KXBTC-26AUG1622-B62750,KXBTC,fade_no,0.07,0.96,0.03731200000000003
KXBTC-26AUG1622-B62750,KXBTC,lotto_yes,0.07,0.07,-0.07455700000000001
KXBTC-26AUG1622-B62650,KXBTC,fade_no,0.03,0.99,0.009307000000000008
KXBTC-26AUG1622-B62650,KXBTC,lotto_yes,0.03,0.03,-0.032036999999999996
KXBTC-26AUG1621-B63050,KXBTC,fade_no,0.06,0.97,0.027963000000000026
KXBTC-26AUG1621-B63050,KXBTC,lotto_yes,0.06,0.06,-0.063948
KXBTC-26AUG1621-B62650,KXBTC,fade_no,0.05,0.97,0.027963000000000026
KXBTC-26AUG1621-B62650,KXBTC,lotto_yes,0.05,0.05,-0.053325000000000004
KXBTC-26AUG1621-B62550,KXBTC,fade_no,0.03,0.99,0.009307000000000008
KXBTC-26AUG1621-B62550,KXBTC,lotto_yes,0.03,0.03,-0.032036999999999996
KXBTC-26AUG1620-B63150,KXBTC,fade_no,0.03,0.99,0.009307000000000008
KXBTC-26AUG1620-B63150,KXBTC,lotto_yes,0.03,0.03,-0.032036999999999996
KXBTC-26AUG1620-B62950,KXBTC,fade_no,0.12,0.89,0.10314699999999999
KXBTC-26AUG1620-B62950,KXBTC,lotto_yes,0.12,0.12,-0.127392
KXBTC-26AUG1620-B62650,KXBTC,fade_no,0.03,0.98,0.018628000000000016
KXBTC-26AUG1620-B62650,KXBTC,lotto_yes,0.03,0.03,-0.032036999999999996
KXBTC-26AUG1620-B62550,KXBTC,fade_no,0.03,0.98,0.018628000000000016
KXBTC-26AUG1620-B62550,KXBTC,lotto_yes,0.03,0.03,-0.032036999999999996
KXBTC-26AUG1619-B63150,KXBTC,fade_no,0.03,0.98,0.018628000000000016
KXBTC-26AUG1619-B63150,KXBTC,lotto_yes,0.03,0.03,-0.032036999999999996
KXBTC-26AUG1619-B63050,KXBTC,fade_no,0.09,0.95,0.04667500000000004
KXBTC-26AUG1619-B63050,KXBTC,lotto_yes,0.09,0.09,-0.095733
KXBTC-26AUG1619-B62850,KXBTC,fade_no,0.11,0.92,-0.9251520000000001
KXBTC-26AUG1619-B62850,KXBTC,lotto_yes,0.11,0.11,0.883147
KXBTC-26AUG1619-B62550,KXBTC,fade_no,0.04,0.99,0.009307000000000008
KXBTC-26AUG1619-B62550,KXBTC,lotto_yes,0.04,0.04,-0.042688000000000004
KXBTC-26AUG1618-B63250,KXBTC,fade_no,0.04,0.99,0.009307000000000008
KXBTC-26AUG1618-B63250,KXBTC,lotto_yes,0.04,0.04,-0.042688000000000004
KXBTC-26AUG1618-B63150,KXBTC,fade_no,0.04,0.98,0.018628000000000016
KXBTC-26AUG1618-B63150,KXBTC,lotto_yes,0.04,0.04,-0.042688000000000004
KXBTC-26AUG1618-B63050,KXBTC,fade_no,0.09,0.96,0.03731200000000003
KXBTC-26AUG1618-B63050,KXBTC,lotto_yes,0.09,0.09,-0.095733
KXBTC-26AUG1618-B62750,KXBTC,fade_no,0.16,0.9299999999999999,0.06544300000000006
KXBTC-26AUG1618-B62750,KXBTC,lotto_yes,0.16,0.16,-0.169408
KXBTC-26AUG1616-B63250,KXBTC,fade_no,0.07,0.96,0.03731200000000003
KXBTC-26AUG1616-B63250,KXBTC,lotto_yes,0.07,0.07,-0.07455700000000001
KXBTC-26AUG1616-B62950,KXBTC,fade_no,0.04,0.98,0.018628000000000016
KXBTC-26AUG1616-B62950,KXBTC,lotto_yes,0.04,0.04,-0.042688000000000004
KXBTC-26AUG1615-B63250,KXBTC,fade_no,0.05,0.98,0.018628000000000016
KXBTC-26AUG1615-B63250,KXBTC,lotto_yes,0.05,0.05,-0.053325000000000004
KXBTC-26AUG1615-B62950,KXBTC,fade_no,0.09,0.94,0.056052000000000046
KXBTC-26AUG1615-B62950,KXBTC,lotto_yes,0.09,0.09,-0.095733
KXBTC-26AUG1614-B63350,KXBTC,fade_no,0.03,0.99,0.009307000000000008
KXBTC-26AUG1614-B63350,KXBTC,lotto_yes,0.03,0.03,-0.032036999999999996
KXBTC-26AUG1614-B63250,KXBTC,fade_no,0.03,0.98,0.018628000000000016
KXBTC-26AUG1614-B63250,KXBTC,lotto_yes,0.03,0.03,-0.032036999999999996
KXBTC-26AUG1613-B63350,KXBTC,fade_no,0.06,0.97,0.027963000000000026
KXBTC-26AUG1613-B63350,KXBTC,lotto_yes,0.06,0.06,-0.063948
KXBTC-26AUG1613-B63050,KXBTC,fade_no,0.03,0.99,0.009307000000000008
KXBTC-26AUG1613-B63050,KXBTC,lotto_yes,0.03,0.03,-0.032036999999999996
KXBTC-26AUG1612-B63150,KXBTC,fade_no,0.08,0.98,0.018628000000000016
KXBTC-26AUG1612-B63150,KXBTC,lotto_yes,0.08,0.08,-0.085152
KXBTC-26AUG1612-B63050,KXBTC,fav_yes,0.94,0.94,0.056052000000000046
KXBTC-26AUG1612-B62950,KXBTC,fade_no,0.03,0.98,0.018628000000000016
KXBTC-26AUG1612-B62950,KXBTC,lotto_yes,0.03,0.03,-0.032036999999999996
KXBTC-26AUG1611-B63150,KXBTC,fade_no,0.04,0.99,0.009307000000000008
KXBTC-26AUG1611-B63150,KXBTC,lotto_yes,0.04,0.04,-0.042688000000000004
KXBTC-26AUG1611-B63050,KXBTC,fav_yes,0.89,0.89,0.10314699999999999
KXBTC-26AUG1611-B62950,KXBTC,fade_no,0.14,0.9,0.09369999999999998
KXBTC-26AUG1611-B62950,KXBTC,lotto_yes,0.14,0.14,-0.148428
KXBTC-26AUG1611-B62850,KXBTC,fade_no,0.03,0.99,0.009307000000000008
KXBTC-26AUG1611-B62850,KXBTC,lotto_yes,0.03,0.03,-0.032036999999999996
KXBTC-26AUG1610-B62850,KXBTC,fade_no,0.03,0.98,0.018628000000000016
KXBTC-26AUG1610-B62850,KXBTC,lotto_yes,0.03,0.03,-0.032036999999999996
KXBTC-26AUG1609-B63050,KXBTC,fade_no,0.05,0.98,0.018628000000000016
KXBTC-26AUG1609-B63050,KXBTC,lotto_yes,0.05,0.05,-0.053325000000000004
KXBTC-26AUG1609-B62950,KXBTC,fav_yes,0.9,0.9,0.09369999999999998
KXBTC-26AUG1609-B62850,KXBTC,fade_no,0.07,0.94,0.056052000000000046
KXBTC-26AUG1609-B62850,KXBTC,lotto_yes,0.07,0.07,-0.07455700000000001
KXBTC-26AUG1608-B63050,KXBTC,fade_no,0.03,0.98,0.018628000000000016
KXBTC-26AUG1608-B63050,KXBTC,lotto_yes,0.03,0.03,-0.032036999999999996
KXBTC-26AUG1608-B62950,KXBTC,fav_yes,0.89,0.89,0.10314699999999999
KXBTC-26AUG1608-B62850,KXBTC,fade_no,0.1,0.92,0.07484799999999996
KXBTC-26AUG1608-B62850,KXBTC,lotto_yes,0.1,0.1,-0.1063
KXBTC-26AUG1607-B63050,KXBTC,fade_no,0.06,0.95,0.04667500000000004
KXBTC-26AUG1607-B63050,KXBTC,lotto_yes,0.06,0.06,-0.063948
KXBTC-26AUG1607-B62950,KXBTC,fav_yes,0.91,0.91,0.08426699999999997
KXBTC-26AUG1607-B62850,KXBTC,fade_no,0.04,0.98,0.018628000000000016
KXBTC-26AUG1607-B62850,KXBTC,lotto_yes,0.04,0.04,-0.042688000000000004
KXBTC-26AUG1607-B62750,KXBTC,fade_no,0.03,0.99,0.009307000000000008
KXBTC-26AUG1607-B62750,KXBTC,lotto_yes,0.03,0.03,-0.032036999999999996
KXBTC-26AUG1606-B63150,KXBTC,fade_no,0.03,0.99,0.009307000000000008
KXBTC-26AUG1606-B63150,KXBTC,lotto_yes,0.03,0.03,-0.032036999999999996
KXBTC-26AUG1606-B63050,KXBTC,fade_no,0.09,0.95,0.04667500000000004
KXBTC-26AUG1606-B63050,KXBTC,lotto_yes,0.09,0.09,-0.095733
KXBTC-26AUG1606-B62950,KXBTC,fav_yes,0.81,0.81,0.17922699999999994
KXBTC-26AUG1606-B62850,KXBTC,fade_no,0.14,0.88,0.112608
KXBTC-26AUG1606-B62850,KXBTC,lotto_yes,0.14,0.14,-0.148428
KXBTC-26AUG1605-B63150,KXBTC,fade_no,0.03,0.99,0.009307000000000008
KXBTC-26AUG1605-B63150,KXBTC,lotto_yes,0.03,0.03,-0.032036999999999996
KXBTC-26AUG1605-B62850,KXBTC,fade_no,0.03,0.98,0.018628000000000016
KXBTC-26AUG1605-B62850,KXBTC,lotto_yes,0.03,0.03,-0.032036999999999996
KXBTC-26AUG1604-B63150,KXBTC,fade_no,0.03,0.99,0.009307000000000008
KXBTC-26AUG1604-B63150,KXBTC,lotto_yes,0.03,0.03,-0.032036999999999996
KXBTC-26AUG1604-B62850,KXBTC,fade_no,0.03,0.98,0.018628000000000016
KXBTC-26AUG1604-B62850,KXBTC,lotto_yes,0.03,0.03,-0.032036999999999996
KXBTC-26AUG1603-B63150,KXBTC,fade_no,0.03,0.99,0.009307000000000008
KXBTC-26AUG1603-B63150,KXBTC,lotto_yes,0.03,0.03,-0.032036999999999996
KXBTC-26AUG1602-B63150,KXBTC,fade_no,0.03,0.99,0.009307000000000008
KXBTC-26AUG1602-B63150,KXBTC,lotto_yes,0.03,0.03,-0.032036999999999996
KXBTC-26AUG1601-B63150,KXBTC,fade_no,0.04,0.98,0.018628000000000016
KXBTC-26AUG1601-B63150,KXBTC,lotto_yes,0.04,0.04,-0.042688000000000004
KXBTC-26AUG1601-B62950,KXBTC,fade_no,0.03,0.99,0.009307000000000008
KXBTC-26AUG1601-B62950,KXBTC,lotto_yes,0.03,0.03,-0.032036999999999996
KXBTC-26AUG1617-B63625,KXBTC,fade_no,0.04,0.99,0.009307000000000008
KXBTC-26AUG1617-B63625,KXBTC,lotto_yes,0.04,0.04,-0.042688000000000004
KXBTC-26AUG1617-B63375,KXBTC,fade_no,0.05,0.99,0.009307000000000008
KXBTC-26AUG1617-B63375,KXBTC,lotto_yes,0.05,0.05,-0.053325000000000004
KXBTC-26AUG1617-B62625,KXBTC,fade_no,0.04,0.99,0.009307000000000008
KXBTC-26AUG1617-B62625,KXBTC,lotto_yes,0.04,0.04,-0.042688000000000004
KXBTC-26AUG1600-B63150,KXBTC,fade_no,0.03,0.98,0.018628000000000016
KXBTC-26AUG1600-B63150,KXBTC,lotto_yes,0.03,0.03,-0.032036999999999996
KXBTC-26AUG1600-B63050,KXBTC,fav_yes,0.94,0.94,0.056052000000000046
KXBTC-26AUG1600-B62950,KXBTC,fade_no,0.04,0.99,0.009307000000000008
KXBTC-26AUG1600-B62950,KXBTC,lotto_yes,0.04,0.04,-0.042688000000000004
KXBTC-26AUG1523-B62950,KXBTC,fade_no,0.04,0.98,0.018628000000000016
KXBTC-26AUG1523-B62950,KXBTC,lotto_yes,0.04,0.04,-0.042688000000000004
KXBTC-26AUG1522-B63150,KXBTC,fade_no,0.03,0.99,0.009307000000000008
KXBTC-26AUG1522-B63150,KXBTC,lotto_yes,0.03,0.03,-0.032036999999999996
KXBTC-26AUG1522-B62850,KXBTC,fade_no,0.03,0.99,0.009307000000000008
KXBTC-26AUG1522-B62850,KXBTC,lotto_yes,0.03,0.03,-0.032036999999999996
KXBTC-26AUG1521-B62850,KXBTC,fade_no,0.03,0.98,0.018628000000000016
KXBTC-26AUG1521-B62850,KXBTC,lotto_yes,0.03,0.03,-0.032036999999999996
KXBTC-26AUG1520-B63150,KXBTC,fade_no,0.03,0.99,0.009307000000000008
KXBTC-26AUG1520-B63150,KXBTC,lotto_yes,0.03,0.03,-0.032036999999999996
KXBTC-26AUG1520-B63050,KXBTC,fav_yes,0.96,0.96,0.03731200000000003
KXBTC-26AUG1520-B62950,KXBTC,fade_no,0.05,0.98,0.018628000000000016
KXBTC-26AUG1520-B62950,KXBTC,lotto_yes,0.05,0.05,-0.053325000000000004
KXBTC-26AUG1519-B62950,KXBTC,fade_no,0.03,0.99,0.009307000000000008
KXBTC-26AUG1519-B62950,KXBTC,lotto_yes,0.03,0.03,-0.032036999999999996
KXBTC-26AUG1518-B62950,KXBTC,fade_no,0.04,0.99,0.009307000000000008
KXBTC-26AUG1518-B62950,KXBTC,lotto_yes,0.04,0.04,-0.042688000000000004
KXBTC-26AUG1516-B63150,KXBTC,fade_no,0.05,0.98,0.018628000000000016
KXBTC-26AUG1516-B63150,KXBTC,lotto_yes,0.05,0.05,-0.053325000000000004
KXBTC-26AUG1516-B63050,KXBTC,fav_yes,0.95,0.95,0.04667500000000004
KXBTC-26AUG1516-B62950,KXBTC,fade_no,0.07,0.98,0.018628000000000016
KXBTC-26AUG1516-B62950,KXBTC,lotto_yes,0.07,0.07,-0.07455700000000001
KXBTC-26AUG1515-B63150,KXBTC,fade_no,0.03,0.99,0.009307000000000008
KXBTC-26AUG1515-B63150,KXBTC,lotto_yes,0.03,0.03,-0.032036999999999996
KXBTC-26AUG1515-B63050,KXBTC,fade_no,0.16,0.85,0.141075
KXBTC-26AUG1515-B63050,KXBTC,lotto_yes,0.16,0.16,-0.169408
KXBTC-26AUG1515-B62950,KXBTC,fav_yes,0.82,0.82,0.16966800000000004
KXBTC-26AUG1515-B62850,KXBTC,fade_no,0.04,0.98,0.018628000000000016
KXBTC-26AUG1515-B62850,KXBTC,lotto_yes,0.04,0.04,-0.042688000000000004
KXBTC-26AUG1514-B63150,KXBTC,fade_no,0.03,0.98,0.018628000000000016
KXBTC-26AUG1514-B63150,KXBTC,lotto_yes,0.03,0.03,-0.032036999999999996
KXBTC-26AUG1513-B63150,KXBTC,fade_no,0.03,0.98,0.018628000000000016
KXBTC-26AUG1513-B63150,KXBTC,lotto_yes,0.03,0.03,-0.032036999999999996
KXBTC-26AUG1513-B63050,KXBTC,fav_yes,0.88,0.88,0.112608
KXBTC-26AUG1513-B62950,KXBTC,fade_no,0.09,0.9299999999999999,0.06544300000000006
KXBTC-26AUG1513-B62950,KXBTC,lotto_yes,0.09,0.09,-0.095733
KXBTC-26AUG1512-B63150,KXBTC,fade_no,0.05,0.98,0.018628000000000016
KXBTC-26AUG1512-B63150,KXBTC,lotto_yes,0.05,0.05,-0.053325000000000004
KXBTC-26AUG1512-B63050,KXBTC,fav_yes,0.88,0.88,0.112608
KXBTC-26AUG1512-B62950,KXBTC,fade_no,0.06,0.95,0.04667500000000004
KXBTC-26AUG1512-B62950,KXBTC,lotto_yes,0.06,0.06,-0.063948
KXBTC-26AUG1512-B62850,KXBTC,fade_no,0.07,0.96,0.03731200000000003
KXBTC-26AUG1512-B62850,KXBTC,lotto_yes,0.07,0.07,-0.07455700000000001
KXBTC-26AUG1511-B63150,KXBTC,fade_no,0.04,0.98,0.018628000000000016
KXBTC-26AUG1511-B63150,KXBTC,lotto_yes,0.04,0.04,-0.042688000000000004
KXBTC-26AUG1511-B63050,KXBTC,fade_no,0.11,0.91,0.08426699999999997
KXBTC-26AUG1511-B63050,KXBTC,lotto_yes,0.11,0.11,-0.116853
KXBTC-26AUG1511-B62950,KXBTC,fav_yes,0.86,0.86,0.13157200000000002
KXBTC-26AUG1511-B62850,KXBTC,fade_no,0.04,0.98,0.018628000000000016
KXBTC-26AUG1511-B62850,KXBTC,lotto_yes,0.04,0.04,-0.042688000000000004
KXBTC-26AUG1510-B63250,KXBTC,fade_no,0.03,0.99,0.009307000000000008
KXBTC-26AUG1510-B63250,KXBTC,lotto_yes,0.03,0.03,-0.032036999999999996
KXBTC-26AUG1510-B63150,KXBTC,fade_no,0.05,0.97,0.027963000000000026
KXBTC-26AUG1510-B63150,KXBTC,lotto_yes,0.05,0.05,-0.053325000000000004
KXBTC-26AUG1510-B63050,KXBTC,fade_no,0.08,0.9299999999999999,0.06544300000000006
KXBTC-26AUG1510-B63050,KXBTC,lotto_yes,0.08,0.08,-0.085152
KXBTC-26AUG1510-B62950,KXBTC,fav_yes,0.89,0.89,0.10314699999999999
KXBTC-26AUG1510-B62850,KXBTC,fade_no,0.1,0.94,0.056052000000000046
KXBTC-26AUG1510-B62850,KXBTC,lotto_yes,0.1,0.1,-0.1063
KXBTC-26AUG1509-B63050,KXBTC,fade_no,0.07,0.95,0.04667500000000004
KXBTC-26AUG1509-B63050,KXBTC,lotto_yes,0.07,0.07,-0.07455700000000001
KXBTC-26AUG1508-B63150,KXBTC,fade_no,0.03,0.99,0.009307000000000008
KXBTC-26AUG1508-B63150,KXBTC,lotto_yes,0.03,0.03,-0.032036999999999996
KXBTC-26AUG1508-B63050,KXBTC,fade_no,0.17,0.85,0.141075
KXBTC-26AUG1508-B63050,KXBTC,lotto_yes,0.17,0.17,-0.179877
KXBTC-26AUG1508-B62950,KXBTC,fav_yes,0.81,0.81,0.17922699999999994
KXBTC-26AUG1508-B62850,KXBTC,fade_no,0.07,0.96,0.03731200000000003
KXBTC-26AUG1508-B62850,KXBTC,lotto_yes,0.07,0.07,-0.07455700000000001
KXBTC-26AUG1507-B63150,KXBTC,fade_no,0.03,0.99,0.009307000000000008
KXBTC-26AUG1507-B63150,KXBTC,lotto_yes,0.03,0.03,-0.032036999999999996
KXBTC-26AUG1507-B63050,KXBTC,fade_no,0.08,0.95,0.04667500000000004
KXBTC-26AUG1507-B63050,KXBTC,lotto_yes,0.08,0.08,-0.085152
KXBTC-26AUG1507-B62950,KXBTC,fav_yes,0.92,0.92,0.07484799999999996
KXBTC-26AUG1507-B62850,KXBTC,fade_no,0.06,0.96,0.03731200000000003
KXBTC-26AUG1507-B62850,KXBTC,lotto_yes,0.06,0.06,-0.063948
KXBTC-26AUG1507-B62750,KXBTC,fade_no,0.03,0.99,0.009307000000000008
KXBTC-26AUG1507-B62750,KXBTC,lotto_yes,0.03,0.03,-0.032036999999999996
KXBTC-26AUG1506-B63050,KXBTC,fade_no,0.04,0.97,0.027963000000000026
KXBTC-26AUG1506-B63050,KXBTC,lotto_yes,0.04,0.04,-0.042688000000000004
KXBTC-26AUG1506-B62950,KXBTC,fav_yes,0.88,0.88,0.112608
KXBTC-26AUG1506-B62850,KXBTC,fade_no,0.07,0.96,0.03731200000000003
KXBTC-26AUG1506-B62850,KXBTC,lotto_yes,0.07,0.07,-0.07455700000000001
KXBTC-26AUG1506-B62750,KXBTC,fade_no,0.05,0.97,0.027963000000000026
KXBTC-26AUG1506-B62750,KXBTC,lotto_yes,0.05,0.05,-0.053325000000000004
KXBTC-26AUG1506-B62650,KXBTC,fade_no,0.03,0.98,0.018628000000000016
KXBTC-26AUG1506-B62650,KXBTC,lotto_yes,0.03,0.03,-0.032036999999999996
KXBTC-26AUG1505-B63150,KXBTC,fade_no,0.03,0.98,0.018628000000000016
KXBTC-26AUG1505-B63150,KXBTC,lotto_yes,0.03,0.03,-0.032036999999999996
KXBTC-26AUG1505-B63050,KXBTC,fade_no,0.07,0.94,0.056052000000000046
KXBTC-26AUG1505-B63050,KXBTC,lotto_yes,0.07,0.07,-0.07455700000000001
KXBTC-26AUG1505-B62950,KXBTC,fav_yes,0.89,0.89,-0.896853
KXBTC-26AUG1505-B62850,KXBTC,fade_no,0.06,0.95,-0.953325
KXBTC-26AUG1505-B62850,KXBTC,lotto_yes,0.06,0.06,0.936052
KXETHD-26AUG1700-T1914.99,KXETHD,fade_no,0.03,0.99,0.009307000000000008
KXETHD-26AUG1700-T1914.99,KXETHD,lotto_yes,0.03,0.03,-0.032036999999999996
KXETHD-26AUG1700-T1904.99,KXETHD,fade_no,0.03,0.99,0.009307000000000008
KXETHD-26AUG1700-T1904.99,KXETHD,lotto_yes,0.03,0.03,-0.032036999999999996
KXETHD-26AUG1700-T1894.99,KXETHD,fav_yes,0.96,0.96,0.03731200000000003
KXETHD-26AUG1623-T1899.99,KXETHD,fade_no,0.03,0.99,-0.990693
KXETHD-26AUG1623-T1899.99,KXETHD,lotto_yes,0.03,0.03,0.967963
KXETHD-26AUG1623-T1889.99,KXETHD,fav_yes,0.94,0.94,0.056052000000000046
KXETHD-26AUG1622-T1899.99,KXETHD,fade_no,0.03,0.99,0.009307000000000008
KXETHD-26AUG1622-T1899.99,KXETHD,lotto_yes,0.03,0.03,-0.032036999999999996
KXETHD-26AUG1621-T1879.99,KXETHD,fade_no,0.05,0.97,0.027963000000000026
KXETHD-26AUG1621-T1879.99,KXETHD,lotto_yes,0.05,0.05,-0.053325000000000004
KXETHD-26AUG1620-T1879.99,KXETHD,fade_no,0.03,0.98,0.018628000000000016
KXETHD-26AUG1620-T1879.99,KXETHD,lotto_yes,0.03,0.03,-0.032036999999999996
KXETHD-26AUG1620-T1869.99,KXETHD,fav_yes,0.97,0.97,0.027963000000000026
KXETHD-26AUG1619-T1889.99,KXETHD,fade_no,0.03,0.99,0.009307000000000008
KXETHD-26AUG1619-T1889.99,KXETHD,lotto_yes,0.03,0.03,-0.032036999999999996
KXETHD-26AUG1619-T1879.99,KXETHD,fade_no,0.03,0.99,0.009307000000000008
KXETHD-26AUG1619-T1879.99,KXETHD,lotto_yes,0.03,0.03,-0.032036999999999996
KXETHD-26AUG1619-T1874.99,KXETHD,fade_no,0.1,0.91,0.08426699999999997
KXETHD-26AUG1619-T1874.99,KXETHD,lotto_yes,0.1,0.1,-0.1063
KXETHD-26AUG1618-T1884.99,KXETHD,fade_no,0.04,0.98,0.018628000000000016
KXETHD-26AUG1618-T1884.99,KXETHD,lotto_yes,0.04,0.04,-0.042688000000000004
KXETHD-26AUG1618-T1879.99,KXETHD,fade_no,0.04,0.97,0.027963000000000026
KXETHD-26AUG1618-T1879.99,KXETHD,lotto_yes,0.04,0.04,-0.042688000000000004
KXETHD-26AUG1618-T1874.99,KXETHD,fade_no,0.2,0.81,0.17922699999999994
KXETHD-26AUG1618-T1874.99,KXETHD,lotto_yes,0.2,0.2,-0.2112
KXETHD-26AUG1615-T1884.99,KXETHD,fade_no,0.16,0.85,0.141075
KXETHD-26AUG1615-T1884.99,KXETHD,lotto_yes,0.16,0.16,-0.169408
KXETHD-26AUG1613-T1889.99,KXETHD,fade_no,0.18,0.84,0.15059200000000003
KXETHD-26AUG1613-T1889.99,KXETHD,lotto_yes,0.18,0.18,-0.190332
KXETHD-26AUG1611-T1884.99,KXETHD,fade_no,0.03,0.98,0.018628000000000016
KXETHD-26AUG1611-T1884.99,KXETHD,lotto_yes,0.03,0.03,-0.032036999999999996
KXETHD-26AUG1611-T1879.99,KXETHD,fav_yes,0.88,0.88,0.112608
KXETHD-26AUG1609-T1879.99,KXETHD,fade_no,0.04,0.98,0.018628000000000016
KXETHD-26AUG1609-T1879.99,KXETHD,lotto_yes,0.04,0.04,-0.042688000000000004
KXETHD-26AUG1608-T1879.99,KXETHD,fade_no,0.06,0.95,0.04667500000000004
KXETHD-26AUG1608-T1879.99,KXETHD,lotto_yes,0.06,0.06,-0.063948
KXETHD-26AUG1607-T1879.99,KXETHD,fade_no,0.19,0.83,0.16012300000000004
KXETHD-26AUG1607-T1879.99,KXETHD,lotto_yes,0.19,0.19,-0.200773
KXETHD-26AUG1606-T1884.99,KXETHD,fade_no,0.03,0.99,0.009307000000000008
KXETHD-26AUG1606-T1884.99,KXETHD,lotto_yes,0.03,0.03,-0.032036999999999996
KXETHD-26AUG1606-T1879.99,KXETHD,fade_no,0.13,0.91,0.08426699999999997
KXETHD-26AUG1606-T1879.99,KXETHD,lotto_yes,0.13,0.13,-0.137917
KXETHD-26AUG1605-T1879.99,KXETHD,fade_no,0.07,0.96,0.03731200000000003
KXETHD-26AUG1605-T1879.99,KXETHD,lotto_yes,0.07,0.07,-0.07455700000000001
KXETHD-26AUG1604-T1879.99,KXETHD,fade_no,0.17,0.87,0.122083
KXETHD-26AUG1604-T1879.99,KXETHD,lotto_yes,0.17,0.17,-0.179877
KXETHD-26AUG1603-T1879.99,KXETHD,fade_no,0.08,0.94,0.056052000000000046
KXETHD-26AUG1603-T1879.99,KXETHD,lotto_yes,0.08,0.08,-0.085152
KXETHD-26AUG1602-T1879.99,KXETHD,fade_no,0.14,0.88,0.112608
KXETHD-26AUG1602-T1879.99,KXETHD,lotto_yes,0.14,0.14,-0.148428
KXETHD-26AUG1601-T1884.99,KXETHD,fade_no,0.03,0.99,0.009307000000000008
KXETHD-26AUG1601-T1884.99,KXETHD,lotto_yes,0.03,0.03,-0.032036999999999996
KXETHD-26AUG1601-T1879.99,KXETHD,fav_yes,0.9,0.9,0.09369999999999998
KXETHD-26AUG1600-T1884.99,KXETHD,fade_no,0.03,0.99,0.009307000000000008
KXETHD-26AUG1600-T1884.99,KXETHD,lotto_yes,0.03,0.03,-0.032036999999999996
KXETHD-26AUG1523-T1884.99,KXETHD,fade_no,0.05,0.96,0.03731200000000003
KXETHD-26AUG1523-T1884.99,KXETHD,lotto_yes,0.05,0.05,-0.053325000000000004
KXETHD-26AUG1522-T1884.99,KXETHD,fade_no,0.03,0.99,0.009307000000000008
KXETHD-26AUG1522-T1884.99,KXETHD,lotto_yes,0.03,0.03,-0.032036999999999996
KXETHD-26AUG1522-T1879.99,KXETHD,fade_no,0.19,0.84,0.15059200000000003
KXETHD-26AUG1522-T1879.99,KXETHD,lotto_yes,0.19,0.19,-0.200773
KXETHD-26AUG1521-T1879.99,KXETHD,fav_yes,0.92,0.92,0.07484799999999996
KXSOLD-26AUG1623-T75.2499,KXSOLD,fade_no,0.16,0.88,-0.887392
KXSOLD-26AUG1623-T75.2499,KXSOLD,lotto_yes,0.16,0.16,0.830592
KXSOLD-26AUG1622-T75.2499,KXSOLD,fade_no,0.17,0.86,0.13157200000000002
KXSOLD-26AUG1622-T75.2499,KXSOLD,lotto_yes,0.17,0.17,-0.179877
KXSOLD-26AUG1622-T74.9999,KXSOLD,fav_yes,0.88,0.88,0.112608
KXSOLD-26AUG1621-T74.9999,KXSOLD,fade_no,0.04,0.99,0.009307000000000008
KXSOLD-26AUG1621-T74.9999,KXSOLD,lotto_yes,0.04,0.04,-0.042688000000000004
KXSOLD-26AUG1621-T74.4999,KXSOLD,fav_yes,0.92,0.92,0.07484799999999996
KXSOLD-26AUG1620-T74.9999,KXSOLD,fade_no,0.04,0.99,0.009307000000000008
KXSOLD-26AUG1620-T74.9999,KXSOLD,lotto_yes,0.04,0.04,-0.042688000000000004
KXSOLD-26AUG1620-T74.7499,KXSOLD,fade_no,0.03,0.99,0.009307000000000008
KXSOLD-26AUG1620-T74.7499,KXSOLD,lotto_yes,0.03,0.03,-0.032036999999999996
KXSOLD-26AUG1619-T74.9999,KXSOLD,fade_no,0.03,0.99,0.009307000000000008
KXSOLD-26AUG1619-T74.9999,KXSOLD,lotto_yes,0.03,0.03,-0.032036999999999996
KXSOLD-26AUG1619-T74.7499,KXSOLD,fade_no,0.04,0.99,0.009307000000000008
KXSOLD-26AUG1619-T74.7499,KXSOLD,lotto_yes,0.04,0.04,-0.042688000000000004
KXSOLD-26AUG1619-T74.4999,KXSOLD,fade_no,0.06,0.99,0.009307000000000008
KXSOLD-26AUG1619-T74.4999,KXSOLD,lotto_yes,0.06,0.06,-0.063948
KXSOLD-26AUG1618-T75.4999,KXSOLD,fade_no,0.03,0.99,0.009307000000000008
KXSOLD-26AUG1618-T75.4999,KXSOLD,lotto_yes,0.03,0.03,-0.032036999999999996
KXSOLD-26AUG1618-T75.2499,KXSOLD,fade_no,0.03,0.99,0.009307000000000008
KXSOLD-26AUG1618-T75.2499,KXSOLD,lotto_yes,0.03,0.03,-0.032036999999999996
KXSOLD-26AUG1618-T74.9999,KXSOLD,fade_no,0.05,0.99,0.009307000000000008
KXSOLD-26AUG1618-T74.9999,KXSOLD,lotto_yes,0.05,0.05,-0.053325000000000004
KXSOLD-26AUG1618-T74.7499,KXSOLD,fade_no,0.1,0.9299999999999999,0.06544300000000006
KXSOLD-26AUG1618-T74.7499,KXSOLD,lotto_yes,0.1,0.1,-0.1063
KXSOLD-26AUG1618-T74.2499,KXSOLD,fav_yes,0.95,0.95,0.04667500000000004
KXSOLD-26AUG1616-T75.4999,KXSOLD,fade_no,0.03,0.99,0.009307000000000008
KXSOLD-26AUG1616-T75.4999,KXSOLD,lotto_yes,0.03,0.03,-0.032036999999999996
KXSOLD-26AUG1615-T75.4999,KXSOLD,fade_no,0.03,0.99,0.009307000000000008
KXSOLD-26AUG1615-T75.4999,KXSOLD,lotto_yes,0.03,0.03,-0.032036999999999996
KXSOLD-26AUG1615-T75.2499,KXSOLD,fade_no,0.05,0.99,0.009307000000000008
KXSOLD-26AUG1615-T75.2499,KXSOLD,lotto_yes,0.05,0.05,-0.053325000000000004
KXSOLD-26AUG1614-T75.7499,KXSOLD,fade_no,0.03,0.99,0.009307000000000008
KXSOLD-26AUG1614-T75.7499,KXSOLD,lotto_yes,0.03,0.03,-0.032036999999999996
KXSOLD-26AUG1614-T75.4999,KXSOLD,fade_no,0.03,0.99,0.009307000000000008
KXSOLD-26AUG1614-T75.4999,KXSOLD,lotto_yes,0.03,0.03,-0.032036999999999996
KXSOLD-26AUG1613-T75.7499,KXSOLD,fade_no,0.06,0.99,0.009307000000000008
KXSOLD-26AUG1613-T75.7499,KXSOLD,lotto_yes,0.06,0.06,-0.063948
KXSOLD-26AUG1611-T75.4999,KXSOLD,fade_no,0.05,0.99,0.009307000000000008
KXSOLD-26AUG1611-T75.4999,KXSOLD,lotto_yes,0.05,0.05,-0.053325000000000004
KXSOLD-26AUG1611-T75.2499,KXSOLD,fav_yes,0.83,0.83,0.16012300000000004
KXSOLD-26AUG1610-T75.4999,KXSOLD,fade_no,0.03,0.99,0.009307000000000008
KXSOLD-26AUG1610-T75.4999,KXSOLD,lotto_yes,0.03,0.03,-0.032036999999999996
KXSOLD-26AUG1610-T75.2499,KXSOLD,fav_yes,0.93,0.93,0.06544299999999996
KXSOLD-26AUG1609-T75.2499,KXSOLD,fade_no,0.09,0.95,0.04667500000000004
KXSOLD-26AUG1609-T75.2499,KXSOLD,lotto_yes,0.09,0.09,-0.095733
KXSOLD-26AUG1608-T75.2499,KXSOLD,fade_no,0.17,0.85,0.141075
KXSOLD-26AUG1608-T75.2499,KXSOLD,lotto_yes,0.17,0.17,-0.179877
KXSOLD-26AUG1607-T75.4999,KXSOLD,fade_no,0.04,0.99,0.009307000000000008
KXSOLD-26AUG1607-T75.4999,KXSOLD,lotto_yes,0.04,0.04,-0.042688000000000004
KXSOLD-26AUG1607-T75.2499,KXSOLD,fade_no,0.05,0.96,0.03731200000000003
KXSOLD-26AUG1607-T75.2499,KXSOLD,lotto_yes,0.05,0.05,-0.053325000000000004
KXSOLD-26AUG1606-T75.4999,KXSOLD,fade_no,0.04,0.99,0.009307000000000008
KXSOLD-26AUG1606-T75.4999,KXSOLD,lotto_yes,0.04,0.04,-0.042688000000000004
KXSOLD-26AUG1605-T75.4999,KXSOLD,fade_no,0.05,0.99,0.009307000000000008
KXSOLD-26AUG1605-T75.4999,KXSOLD,lotto_yes,0.05,0.05,-0.053325000000000004
KXSOLD-26AUG1604-T75.4999,KXSOLD,fade_no,0.07,0.96,0.03731200000000003
KXSOLD-26AUG1604-T75.4999,KXSOLD,lotto_yes,0.07,0.07,-0.07455700000000001
KXSOLD-26AUG1603-T75.4999,KXSOLD,fade_no,0.05,0.99,0.009307000000000008
KXSOLD-26AUG1603-T75.4999,KXSOLD,lotto_yes,0.05,0.05,-0.053325000000000004
KXSOLD-26AUG1603-T75.2499,KXSOLD,fav_yes,0.94,0.94,0.056052000000000046
KXSOLD-26AUG1602-T75.4999,KXSOLD,fade_no,0.03,0.99,0.009307000000000008
KXSOLD-26AUG1602-T75.4999,KXSOLD,lotto_yes,0.03,0.03,-0.032036999999999996
KXSOLD-26AUG1602-T75.2499,KXSOLD,fav_yes,0.82,0.82,0.16966800000000004
KXSOLD-26AUG1601-T75.7499,KXSOLD,fade_no,0.04,0.99,0.009307000000000008
KXSOLD-26AUG1601-T75.7499,KXSOLD,lotto_yes,0.04,0.04,-0.042688000000000004
KXSOLD-26AUG1617-T75.9999,KXSOLD,fade_no,0.04,0.99,0.009307000000000008
KXSOLD-26AUG1617-T75.9999,KXSOLD,lotto_yes,0.04,0.04,-0.042688000000000004
KXSOLD-26AUG1617-T74.9999,KXSOLD,fav_yes,0.82,0.82,-0.830332
KXSOLD-26AUG1600-T75.7499,KXSOLD,fade_no,0.04,0.99,0.009307000000000008
KXSOLD-26AUG1600-T75.7499,KXSOLD,lotto_yes,0.04,0.04,-0.042688000000000004
KXSOLD-26AUG1523-T75.7499,KXSOLD,fade_no,0.04,0.99,0.009307000000000008
KXSOLD-26AUG1523-T75.7499,KXSOLD,lotto_yes,0.04,0.04,-0.042688000000000004
KXSOLD-26AUG1523-T75.4999,KXSOLD,fav_yes,0.85,0.85,-0.8589249999999999
KXSOLD-26AUG1522-T75.4999,KXSOLD,fade_no,0.03,0.99,0.009307000000000008
KXSOLD-26AUG1522-T75.4999,KXSOLD,lotto_yes,0.03,0.03,-0.032036999999999996
KXSOLD-26AUG1522-T75.2499,KXSOLD,fav_yes,0.95,0.95,0.04667500000000004
KXSOLD-26AUG1521-T75.4999,KXSOLD,fade_no,0.08,0.95,0.04667500000000004
KXSOLD-26AUG1521-T75.4999,KXSOLD,lotto_yes,0.08,0.08,-0.085152
KXXRPD-26AUG1618-T0.9999,KXXRPD,fade_no,0.04,0.97,0.027963000000000026
KXXRPD-26AUG1618-T0.9999,KXXRPD,lotto_yes,0.04,0.04,-0.042688000000000004
KXXRPD-26AUG1615-T0.9999,KXXRPD,fade_no,0.05,0.98,0.018628000000000016
KXXRPD-26AUG1615-T0.9999,KXXRPD,lotto_yes,0.05,0.05,-0.053325000000000004
KXXRPD-26AUG1614-T0.9999,KXXRPD,fav_yes,0.88,0.88,0.112608
KXXRPD-26AUG1613-T1.0199,KXXRPD,fade_no,0.03,0.99,0.009307000000000008
KXXRPD-26AUG1613-T1.0199,KXXRPD,lotto_yes,0.03,0.03,-0.032036999999999996
KXXRPD-26AUG1612-T0.9999,KXXRPD,fav_yes,0.94,0.94,0.056052000000000046
KXXRPD-26AUG1610-T0.9999,KXXRPD,fade_no,0.16,0.88,0.112608
KXXRPD-26AUG1610-T0.9999,KXXRPD,lotto_yes,0.16,0.16,-0.169408
KXXRPD-26AUG1609-T0.9999,KXXRPD,fade_no,0.07,0.97,0.027963000000000026
KXXRPD-26AUG1609-T0.9999,KXXRPD,lotto_yes,0.07,0.07,-0.07455700000000001
KXXRPD-26AUG1608-T0.9999,KXXRPD,fade_no,0.05,0.99,0.009307000000000008
KXXRPD-26AUG1608-T0.9999,KXXRPD,lotto_yes,0.05,0.05,-0.053325000000000004
KXXRPD-26AUG1607-T0.9999,KXXRPD,fade_no,0.09,0.92,0.07484799999999996
KXXRPD-26AUG1607-T0.9999,KXXRPD,lotto_yes,0.09,0.09,-0.095733
KXXRPD-26AUG1602-T0.9999,KXXRPD,fade_no,0.19,0.84,0.15059200000000003
KXXRPD-26AUG1602-T0.9999,KXXRPD,lotto_yes,0.19,0.19,-0.200773
KXXRPD-26AUG1601-T0.9999,KXXRPD,fav_yes,0.91,0.91,0.08426699999999997
KXXRPD-26AUG1617-T1.0199,KXXRPD,fade_no,0.05,0.99,0.009307000000000008
KXXRPD-26AUG1617-T1.0199,KXXRPD,lotto_yes,0.05,0.05,-0.053325000000000004
KXXRPD-26AUG1617-T0.9999,KXXRPD,fade_no,0.19,0.85,0.141075
KXXRPD-26AUG1617-T0.9999,KXXRPD,lotto_yes,0.19,0.19,-0.200773
KXXRPD-26AUG1515-T0.9999,KXXRPD,fav_yes,0.96,0.96,0.03731200000000003
KXXRPD-26AUG1513-T0.9999,KXXRPD,fav_yes,0.97,0.97,0.027963000000000026
KXXRPD-26AUG1511-T0.9999,KXXRPD,fav_yes,0.81,0.81,0.17922699999999994
KXXRPD-26AUG1510-T0.9999,KXXRPD,fav_yes,0.97,0.97,0.027963000000000026
KXXRPD-26AUG1506-T0.9999,KXXRPD,fav_yes,0.96,0.96,0.03731200000000003
KXXRPD-26AUG1505-T0.9999,KXXRPD,fav_yes,0.92,0.92,0.07484799999999996
KXXRPD-26AUG1517-T1.0399,KXXRPD,fade_no,0.03,0.98,0.018628000000000016
KXXRPD-26AUG1517-T1.0399,KXXRPD,lotto_yes,0.03,0.03,-0.032036999999999996
KXXRPD-26AUG1517-T1.0199,KXXRPD,fade_no,0.04,0.99,0.009307000000000008
KXXRPD-26AUG1517-T1.0199,KXXRPD,lotto_yes,0.04,0.04,-0.042688000000000004
KXXRPD-26AUG1422-T0.9999,KXXRPD,fav_yes,0.89,0.89,0.10314699999999999
KXXRPD-26AUG1421-T0.9999,KXXRPD,fade_no,0.2,0.8200000000000001,-0.8303320000000001
KXXRPD-26AUG1421-T0.9999,KXXRPD,lotto_yes,0.2,0.2,0.7888000000000001
KXXRPD-26AUG1420-T0.9999,KXXRPD,fade_no,0.06,0.97,0.027963000000000026
KXXRPD-26AUG1420-T0.9999,KXXRPD,lotto_yes,0.06,0.06,-0.063948
KXXRPD-26AUG1419-T0.9999,KXXRPD,fade_no,0.03,0.99,0.009307000000000008
KXXRPD-26AUG1419-T0.9999,KXXRPD,lotto_yes,0.03,0.03,-0.032036999999999996
KXXRPD-26AUG1418-T0.9999,KXXRPD,fade_no,0.06,0.99,0.009307000000000008
KXXRPD-26AUG1418-T0.9999,KXXRPD,lotto_yes,0.06,0.06,-0.063948
KXXRPD-26AUG1414-T0.9999,KXXRPD,fav_yes,0.94,0.94,0.056052000000000046
KXXRPD-26AUG1410-T0.9999,KXXRPD,fav_yes,0.94,0.94,0.056052000000000046
KXXRPD-26AUG1407-T0.9999,KXXRPD,fav_yes,0.92,0.92,0.07484799999999996
KXXRPD-26AUG1317-T1.0199,KXXRPD,fade_no,0.03,0.99,0.009307000000000008
KXXRPD-26AUG1317-T1.0199,KXXRPD,lotto_yes,0.03,0.03,-0.032036999999999996
KXXRPD-26AUG1218-T0.9999,KXXRPD,fav_yes,0.94,0.94,0.056052000000000046
KXXRPD-26AUG1211-T1.0199,KXXRPD,fade_no,0.04,0.99,0.009307000000000008
KXXRPD-26AUG1211-T1.0199,KXXRPD,lotto_yes,0.04,0.04,-0.042688000000000004
KXXRPD-26AUG1210-T1.0199,KXXRPD,fade_no,0.03,0.99,0.009307000000000008
KXXRPD-26AUG1210-T1.0199,KXXRPD,lotto_yes,0.03,0.03,-0.032036999999999996
KXXRPD-26AUG1209-T1.0199,KXXRPD,fade_no,0.19,0.8200000000000001,0.16966799999999993
KXXRPD-26AUG1209-T1.0199,KXXRPD,lotto_yes,0.19,0.19,-0.200773
KXXRPD-26AUG1207-T1.0199,KXXRPD,fav_yes,0.85,0.85,0.141075
KXDOGED-26AUG1621-T0.0699999,KXDOGED,fade_no,0.04,0.99,0.009307000000000008
KXDOGED-26AUG1621-T0.0699999,KXDOGED,lotto_yes,0.04,0.04,-0.042688000000000004
KXDOGED-26AUG1620-T0.0699999,KXDOGED,fade_no,0.03,0.99,0.009307000000000008
KXDOGED-26AUG1620-T0.0699999,KXDOGED,lotto_yes,0.03,0.03,-0.032036999999999996
KXDOGED-26AUG1619-T0.0699999,KXDOGED,fade_no,0.03,0.99,0.009307000000000008
KXDOGED-26AUG1619-T0.0699999,KXDOGED,lotto_yes,0.03,0.03,-0.032036999999999996
KXDOGED-26AUG1618-T0.0699999,KXDOGED,fade_no,0.03,0.99,0.009307000000000008
KXDOGED-26AUG1618-T0.0699999,KXDOGED,lotto_yes,0.03,0.03,-0.032036999999999996
KXDOGED-26AUG1616-T0.0699999,KXDOGED,fade_no,0.15,0.86,0.13157200000000002
KXDOGED-26AUG1616-T0.0699999,KXDOGED,lotto_yes,0.15,0.15,-0.15892499999999998
KXDOGED-26AUG1615-T0.0699999,KXDOGED,fade_no,0.12,0.92,0.07484799999999996
KXDOGED-26AUG1615-T0.0699999,KXDOGED,lotto_yes,0.12,0.12,-0.127392
KXDOGED-26AUG1614-T0.0699999,KXDOGED,fade_no,0.14,0.9,0.09369999999999998
KXDOGED-26AUG1614-T0.0699999,KXDOGED,lotto_yes,0.14,0.14,-0.148428
KXDOGED-26AUG1613-T0.0699999,KXDOGED,fade_no,0.19,0.83,0.16012300000000004
KXDOGED-26AUG1613-T0.0699999,KXDOGED,lotto_yes,0.19,0.19,-0.200773
KXDOGED-26AUG1612-T0.0699999,KXDOGED,fade_no,0.13,0.9299999999999999,0.06544300000000006
KXDOGED-26AUG1612-T0.0699999,KXDOGED,lotto_yes,0.13,0.13,-0.137917
KXDOGED-26AUG1610-T0.0699999,KXDOGED,fade_no,0.05,0.99,0.009307000000000008
KXDOGED-26AUG1610-T0.0699999,KXDOGED,lotto_yes,0.05,0.05,-0.053325000000000004
KXDOGED-26AUG1609-T0.0699999,KXDOGED,fade_no,0.03,0.99,0.009307000000000008
KXDOGED-26AUG1609-T0.0699999,KXDOGED,lotto_yes,0.03,0.03,-0.032036999999999996
KXDOGED-26AUG1606-T0.0699999,KXDOGED,fade_no,0.03,0.99,0.009307000000000008
KXDOGED-26AUG1606-T0.0699999,KXDOGED,lotto_yes,0.03,0.03,-0.032036999999999996
KXDOGED-26AUG1605-T0.0699999,KXDOGED,fade_no,0.04,0.99,0.009307000000000008
KXDOGED-26AUG1605-T0.0699999,KXDOGED,lotto_yes,0.04,0.04,-0.042688000000000004
KXDOGED-26AUG1602-T0.0699999,KXDOGED,fade_no,0.04,0.99,0.009307000000000008
KXDOGED-26AUG1602-T0.0699999,KXDOGED,lotto_yes,0.04,0.04,-0.042688000000000004
KXDOGED-26AUG1601-T0.0699999,KXDOGED,fade_no,0.04,0.99,0.009307000000000008
KXDOGED-26AUG1601-T0.0699999,KXDOGED,lotto_yes,0.04,0.04,-0.042688000000000004
KXDOGED-26AUG1617-T0.0699999,KXDOGED,fade_no,0.11,0.9299999999999999,0.06544300000000006
KXDOGED-26AUG1617-T0.0699999,KXDOGED,lotto_yes,0.11,0.11,-0.116853
KXDOGED-26AUG1600-T0.0699999,KXDOGED,fade_no,0.05,0.99,0.009307000000000008
KXDOGED-26AUG1600-T0.0699999,KXDOGED,lotto_yes,0.05,0.05,-0.053325000000000004
KXDOGED-26AUG1523-T0.0699999,KXDOGED,fade_no,0.05,0.98,0.018628000000000016
KXDOGED-26AUG1523-T0.0699999,KXDOGED,lotto_yes,0.05,0.05,-0.053325000000000004
KXDOGED-26AUG1520-T0.0699999,KXDOGED,fade_no,0.03,0.99,0.009307000000000008
KXDOGED-26AUG1520-T0.0699999,KXDOGED,lotto_yes,0.03,0.03,-0.032036999999999996
KXDOGED-26AUG1519-T0.0699999,KXDOGED,fade_no,0.04,0.99,0.009307000000000008
KXDOGED-26AUG1519-T0.0699999,KXDOGED,lotto_yes,0.04,0.04,-0.042688000000000004
KXDOGED-26AUG1516-T0.0699999,KXDOGED,fade_no,0.04,0.99,0.009307000000000008
KXDOGED-26AUG1516-T0.0699999,KXDOGED,lotto_yes,0.04,0.04,-0.042688000000000004
KXDOGED-26AUG1515-T0.0699999,KXDOGED,fade_no,0.03,0.99,0.009307000000000008
KXDOGED-26AUG1515-T0.0699999,KXDOGED,lotto_yes,0.03,0.03,-0.032036999999999996
KXDOGED-26AUG1514-T0.0699999,KXDOGED,fade_no,0.05,0.99,0.009307000000000008
KXDOGED-26AUG1514-T0.0699999,KXDOGED,lotto_yes,0.05,0.05,-0.053325000000000004
KXDOGED-26AUG1513-T0.0699999,KXDOGED,fade_no,0.14,0.89,0.10314699999999999
KXDOGED-26AUG1513-T0.0699999,KXDOGED,lotto_yes,0.14,0.14,-0.148428
KXDOGED-26AUG1511-T0.0699999,KXDOGED,fade_no,0.09,0.94,-0.9439479999999999
KXDOGED-26AUG1511-T0.0699999,KXDOGED,lotto_yes,0.09,0.09,0.904267
KXDOGED-26AUG1510-T0.0699999,KXDOGED,fav_yes,0.82,0.82,0.16966800000000004
KXDOGED-26AUG1509-T0.0699999,KXDOGED,fade_no,0.1,0.92,0.07484799999999996
KXDOGED-26AUG1509-T0.0699999,KXDOGED,lotto_yes,0.1,0.1,-0.1063
KXDOGED-26AUG1507-T0.0699999,KXDOGED,fade_no,0.15,0.88,0.112608
KXDOGED-26AUG1507-T0.0699999,KXDOGED,lotto_yes,0.15,0.15,-0.15892499999999998
KXDOGED-26AUG1505-T0.0699999,KXDOGED,fade_no,0.13,0.9,0.09369999999999998
KXDOGED-26AUG1505-T0.0699999,KXDOGED,lotto_yes,0.13,0.13,-0.137917
KXDOGED-26AUG1503-T0.0699999,KXDOGED,fav_yes,0.84,0.84,0.15059200000000003
KXDOGED-26AUG1517-T0.0699999,KXDOGED,fade_no,0.03,0.99,0.009307000000000008
KXDOGED-26AUG1517-T0.0699999,KXDOGED,lotto_yes,0.03,0.03,-0.032036999999999996
KXDOGED-26AUG1419-T0.0699999,KXDOGED,fade_no,0.03,0.99,0.009307000000000008
KXDOGED-26AUG1419-T0.0699999,KXDOGED,lotto_yes,0.03,0.03,-0.032036999999999996
KXDOGED-26AUG1418-T0.0699999,KXDOGED,fade_no,0.04,0.99,0.009307000000000008
KXDOGED-26AUG1418-T0.0699999,KXDOGED,lotto_yes,0.04,0.04,-0.042688000000000004
KXDOGED-26AUG1416-T0.0699999,KXDOGED,fade_no,0.04,0.99,0.009307000000000008
KXDOGED-26AUG1416-T0.0699999,KXDOGED,lotto_yes,0.04,0.04,-0.042688000000000004
KXDOGED-26AUG1415-T0.0699999,KXDOGED,fade_no,0.04,0.99,0.009307000000000008
KXDOGED-26AUG1415-T0.0699999,KXDOGED,lotto_yes,0.04,0.04,-0.042688000000000004
KXDOGED-26AUG1412-T0.0699999,KXDOGED,fade_no,0.16,0.87,0.122083
KXDOGED-26AUG1412-T0.0699999,KXDOGED,lotto_yes,0.16,0.16,-0.169408
KXDOGED-26AUG1410-T0.0699999,KXDOGED,fade_no,0.04,0.99,0.009307000000000008
KXDOGED-26AUG1410-T0.0699999,KXDOGED,lotto_yes,0.04,0.04,-0.042688000000000004
KXDOGED-26AUG1406-T0.0699999,KXDOGED,fade_no,0.04,0.99,0.009307000000000008
KXDOGED-26AUG1406-T0.0699999,KXDOGED,lotto_yes,0.04,0.04,-0.042688000000000004
KXDOGED-26AUG1405-T0.0699999,KXDOGED,fade_no,0.03,0.98,0.018628000000000016
KXDOGED-26AUG1405-T0.0699999,KXDOGED,lotto_yes,0.03,0.03,-0.032036999999999996
KXDOGED-26AUG1404-T0.0699999,KXDOGED,fade_no,0.05,0.99,0.009307000000000008
KXDOGED-26AUG1404-T0.0699999,KXDOGED,lotto_yes,0.05,0.05,-0.053325000000000004
KXDOGED-26AUG1400-T0.0699999,KXDOGED,fade_no,0.12,0.91,0.08426699999999997
KXDOGED-26AUG1400-T0.0699999,KXDOGED,lotto_yes,0.12,0.12,-0.127392
KXDOGED-26AUG1323-T0.0699999,KXDOGED,fav_yes,0.97,0.97,0.027963000000000026
KXDOGED-26AUG1320-T0.0699999,KXDOGED,fav_yes,0.93,0.93,0.06544299999999996
KXDOGED-26AUG1318-T0.0699999,KXDOGED,fav_yes,0.92,0.92,0.07484799999999996
KXDOGED-26AUG1315-T0.0699999,KXDOGED,fade_no,0.16,0.87,0.122083
KXDOGED-26AUG1315-T0.0699999,KXDOGED,lotto_yes,0.16,0.16,-0.169408
KXDOGED-26AUG1314-T0.0699999,KXDOGED,fade_no,0.2,0.83,0.16012300000000004
KXDOGED-26AUG1314-T0.0699999,KXDOGED,lotto_yes,0.2,0.2,-0.2112
KXDOGED-26AUG1313-T0.0699999,KXDOGED,fade_no,0.05,0.96,0.03731200000000003
KXDOGED-26AUG1313-T0.0699999,KXDOGED,lotto_yes,0.05,0.05,-0.053325000000000004
KXDOGED-26AUG1311-T0.0699999,KXDOGED,fav_yes,0.92,0.92,0.07484799999999996
KXDOGED-26AUG1310-T0.0699999,KXDOGED,fav_yes,0.96,0.96,0.03731200000000003
KXDOGED-26AUG1309-T0.0699999,KXDOGED,fav_yes,0.93,0.93,0.06544299999999996
KXDOGED-26AUG1307-T0.0699999,KXDOGED,fav_yes,0.81,0.81,0.17922699999999994
KXDOGED-26AUG1306-T0.0699999,KXDOGED,fav_yes,0.96,0.96,0.03731200000000003
KXDOGED-26AUG1222-T0.0699999,KXDOGED,fade_no,0.11,0.92,0.07484799999999996
KXDOGED-26AUG1222-T0.0699999,KXDOGED,lotto_yes,0.11,0.11,-0.116853
KXDOGED-26AUG1221-T0.0699999,KXDOGED,fade_no,0.12,0.92,0.07484799999999996
KXDOGED-26AUG1221-T0.0699999,KXDOGED,lotto_yes,0.12,0.12,-0.127392
KXDOGED-26AUG1220-T0.0699999,KXDOGED,fade_no,0.03,0.99,0.009307000000000008
KXDOGED-26AUG1220-T0.0699999,KXDOGED,lotto_yes,0.03,0.03,-0.032036999999999996
KXDOGED-26AUG1219-T0.0699999,KXDOGED,fade_no,0.04,0.99,0.009307000000000008
KXDOGED-26AUG1219-T0.0699999,KXDOGED,lotto_yes,0.04,0.04,-0.042688000000000004
KXDOGED-26AUG1218-T0.0699999,KXDOGED,fade_no,0.12,0.92,0.07484799999999996
KXDOGED-26AUG1218-T0.0699999,KXDOGED,lotto_yes,0.12,0.12,-0.127392
KXDOGED-26AUG1217-T0.0699999,KXDOGED,fav_yes,0.96,0.96,0.03731200000000003
KXDOGED-26AUG1112-T0.0699999,KXDOGED,fav_yes,0.81,0.81,0.17922699999999994
KXDOGED-26AUG1107-T0.0699999,KXDOGED,fav_yes,0.97,0.97,0.027963000000000026
KXDOGED-26AUG1106-T0.0699999,KXDOGED,fav_yes,0.97,0.97,0.027963000000000026
KXDOGED-26AUG1104-T0.0699999,KXDOGED,fav_yes,0.95,0.95,0.04667500000000004
KXDOGED-26AUG1103-T0.0699999,KXDOGED,fav_yes,0.93,0.93,0.06544299999999996
KXDOGED-26AUG1102-T0.0699999,KXDOGED,fav_yes,0.8,0.8,0.18879999999999997
KXDOGED-26AUG1101-T0.0699999,KXDOGED,fade_no,0.12,0.89,0.10314699999999999
KXDOGED-26AUG1101-T0.0699999,KXDOGED,lotto_yes,0.12,0.12,-0.127392
KXDOGED-26AUG1117-T0.0699999,KXDOGED,fav_yes,0.96,0.96,0.03731200000000003
KXDOGED-26AUG1021-T0.0699999,KXDOGED,fade_no,0.04,0.99,0.009307000000000008
KXDOGED-26AUG1021-T0.0699999,KXDOGED,lotto_yes,0.04,0.04,-0.042688000000000004
KXDOGED-26AUG1020-T0.0699999,KXDOGED,fade_no,0.03,0.99,0.009307000000000008
KXDOGED-26AUG1020-T0.0699999,KXDOGED,lotto_yes,0.03,0.03,-0.032036999999999996
KXDOGED-26AUG1019-T0.0699999,KXDOGED,fade_no,0.04,0.99,0.009307000000000008
KXDOGED-26AUG1019-T0.0699999,KXDOGED,lotto_yes,0.04,0.04,-0.042688000000000004
KXDOGED-26AUG1018-T0.0699999,KXDOGED,fade_no,0.03,0.99,0.009307000000000008
KXDOGED-26AUG1018-T0.0699999,KXDOGED,lotto_yes,0.03,0.03,-0.032036999999999996
KXDOGED-26AUG1016-T0.0699999,KXDOGED,fade_no,0.11,0.92,0.07484799999999996
KXDOGED-26AUG1016-T0.0699999,KXDOGED,lotto_yes,0.11,0.11,-0.116853
KXDOGED-26AUG1015-T0.0699999,KXDOGED,fade_no,0.04,0.99,0.009307000000000008
KXDOGED-26AUG1015-T0.0699999,KXDOGED,lotto_yes,0.04,0.04,-0.042688000000000004
KXDOGED-26AUG1014-T0.0699999,KXDOGED,fade_no,0.03,0.99,0.009307000000000008
KXDOGED-26AUG1014-T0.0699999,KXDOGED,lotto_yes,0.03,0.03,-0.032036999999999996
KXDOGED-26AUG1013-T0.0699999,KXDOGED,fade_no,0.04,0.99,0.009307000000000008
KXDOGED-26AUG1013-T0.0699999,KXDOGED,lotto_yes,0.04,0.04,-0.042688000000000004
KXDOGED-26AUG1012-T0.0699999,KXDOGED,fade_no,0.03,0.99,0.009307000000000008
KXDOGED-26AUG1012-T0.0699999,KXDOGED,lotto_yes,0.03,0.03,-0.032036999999999996
KXDOGED-26AUG1010-T0.0699999,KXDOGED,fade_no,0.07,0.96,0.03731200000000003
KXDOGED-26AUG1010-T0.0699999,KXDOGED,lotto_yes,0.07,0.07,-0.07455700000000001
KXDOGED-26AUG1006-T0.0699999,KXDOGED,fade_no,0.14,0.89,0.10314699999999999
KXDOGED-26AUG1006-T0.0699999,KXDOGED,lotto_yes,0.14,0.14,-0.148428
